cod_mpio,year,month,sivigila_intento_suicidio,sivigila_intento_suicidio_confirmados
05001,2021,1,146,146
05001,2021,2,170,170
05001,2021,3,185,185
05001,2021,4,126,126
05001,2021,5,177,177
05001,2021,6,157,157
05001,2021,7,180,180
05001,2021,8,214,214
05001,2021,9,240,240
05001,2021,10,227,227
05001,2021,11,204,204
05001,2021,12,176,176
05001,2022,1,133,133
05001,2022,2,197,197
05001,2022,3,285,285
05001,2022,4,211,211
05001,2022,5,237,237
05001,2022,6,186,186
05001,2022,7,197,197
05001,2022,8,224,224
05001,2022,9,251,251
05001,2022,10,248,248
05001,2022,11,215,215
05001,2022,12,184,184
05001,2023,1,185,185
05001,2023,2,209,209
05001,2023,3,279,279
05001,2023,4,277,277
05001,2023,5,274,274
05001,2023,6,224,224
05001,2023,7,214,214
05001,2023,8,281,281
05001,2023,9,274,274
05001,2023,10,263,263
05001,2023,11,225,225
05001,2023,12,180,180
05001,2024,1,195,195
05001,2024,2,229,229
05001,2024,3,262,262
05001,2024,4,283,283
05001,2024,5,236,236
05001,2024,6,206,206
05001,2024,7,227,227
05001,2024,8,227,227
05001,2024,9,279,279
05001,2024,10,244,244
05001,2024,11,218,218
05001,2024,12,205,205
05002,2021,1,2,2
05002,2021,3,1,1
05002,2021,4,1,1
05002,2021,5,1,1
05002,2021,6,3,3
05002,2021,7,5,5
05002,2021,8,2,2
05002,2021,9,1,1
05002,2021,11,1,1
05002,2021,12,3,3
05002,2022,4,3,3
05002,2022,5,2,2
05002,2022,6,1,1
05002,2022,7,5,5
05002,2022,8,9,9
05002,2022,9,2,2
05002,2022,10,5,5
05002,2022,11,5,5
05002,2022,12,6,6
05002,2023,1,4,4
05002,2023,2,3,3
05002,2023,3,6,6
05002,2023,4,3,3
05002,2023,5,7,7
05002,2023,6,6,6
05002,2023,7,7,7
05002,2023,8,10,10
05002,2023,9,5,5
05002,2023,10,3,3
05002,2023,11,4,4
05002,2023,12,4,4
05002,2024,1,2,2
05002,2024,2,8,8
05002,2024,3,3,3
05002,2024,4,4,4
05002,2024,5,8,8
05002,2024,6,3,3
05002,2024,7,6,6
05002,2024,8,7,7
05002,2024,9,7,7
05002,2024,10,5,5
05002,2024,11,2,2
05002,2024,12,1,1
05004,2021,7,1,1
05004,2021,12,1,1
05004,2022,7,1,1
05004,2023,6,1,1
05004,2024,7,1,1
05004,2024,8,1,1
05021,2021,1,1,1
05021,2021,7,1,1
05021,2021,8,1,1
05021,2022,8,1,1
05021,2022,9,2,2
05021,2023,5,2,2
05021,2023,7,1,1
05021,2024,9,1,1
05021,2024,10,1,1
05030,2021,2,1,1
05030,2021,3,1,1
05030,2021,4,2,2
05030,2021,7,1,1
05030,2021,8,1,1
05030,2021,9,1,1
05030,2021,10,1,1
05030,2021,11,2,2
05030,2021,12,1,1
05030,2022,1,1,1
05030,2022,2,1,1
05030,2022,3,1,1
05030,2022,7,1,1
05030,2022,10,2,2
05030,2023,7,1,1
05030,2023,10,1,1
05030,2024,4,1,1
05030,2024,5,1,1
05030,2024,6,1,1
05030,2024,7,1,1
05030,2024,8,1,1
05030,2024,9,1,1
05030,2024,10,3,3
05030,2024,12,1,1
05031,2021,1,2,2
05031,2021,4,1,1
05031,2021,7,1,1
05031,2021,8,3,3
05031,2021,9,4,4
05031,2021,10,3,3
05031,2021,11,1,1
05031,2021,12,1,1
05031,2022,2,2,2
05031,2022,3,2,2
05031,2022,4,3,3
05031,2022,5,1,1
05031,2022,6,2,2
05031,2022,7,2,2
05031,2022,9,1,1
05031,2022,10,1,1
05031,2022,11,1,1
05031,2022,12,1,1
05031,2023,2,1,1
05031,2023,4,2,2
05031,2023,5,3,3
05031,2023,6,3,3
05031,2023,7,1,1
05031,2023,8,2,2
05031,2023,11,2,2
05031,2023,12,2,2
05031,2024,1,1,1
05031,2024,2,2,2
05031,2024,3,1,1
05031,2024,4,3,3
05031,2024,5,1,1
05031,2024,7,2,2
05031,2024,8,1,1
05031,2024,10,1,1
05031,2024,11,3,3
05031,2024,12,2,2
05034,2021,1,2,2
05034,2021,2,2,2
05034,2021,3,7,7
05034,2021,4,5,5
05034,2021,5,1,1
05034,2021,8,2,2
05034,2021,9,1,1
05034,2021,11,2,2
05034,2021,12,1,1
05034,2022,1,3,3
05034,2022,3,2,2
05034,2022,4,2,2
05034,2022,6,2,2
05034,2022,7,1,1
05034,2022,8,1,1
05034,2022,9,5,5
05034,2022,10,5,5
05034,2022,11,2,2
05034,2023,1,2,2
05034,2023,3,3,3
05034,2023,5,2,2
05034,2023,6,4,4
05034,2023,7,2,2
05034,2023,8,2,2
05034,2023,9,2,2
05034,2023,10,1,1
05034,2023,11,2,2
05034,2024,3,2,2
05034,2024,4,1,1
05034,2024,5,3,3
05034,2024,6,2,2
05034,2024,7,2,2
05034,2024,8,3,3
05034,2024,9,2,2
05034,2024,10,3,3
05034,2024,11,2,2
05034,2024,12,1,1
05036,2021,1,1,1
05036,2021,2,1,1
05036,2021,4,1,1
05036,2022,3,1,1
05036,2022,6,1,1
05036,2022,8,1,1
05036,2022,9,1,1
05036,2023,3,1,1
05036,2023,8,2,2
05036,2024,1,1,1
05036,2024,7,1,1
05036,2024,9,1,1
05036,2024,10,1,1
05038,2021,2,1,1
05038,2021,7,1,1
05038,2021,8,1,1
05038,2021,10,2,2
05038,2021,11,1,1
05038,2022,1,1,1
05038,2022,2,3,3
05038,2022,3,4,4
05038,2022,4,2,2
05038,2022,5,1,1
05038,2022,6,2,2
05038,2022,7,1,1
05038,2023,5,3,3
05038,2023,6,1,1
05038,2023,8,1,1
05038,2023,9,1,1
05038,2024,4,2,2
05038,2024,5,2,2
05038,2024,7,1,1
05038,2024,9,1,1
05038,2024,12,1,1
05040,2021,3,4,4
05040,2022,5,2,2
05040,2022,6,1,1
05040,2022,8,1,1
05040,2022,10,2,2
05040,2022,12,2,2
05040,2023,1,1,1
05040,2023,6,1,1
05040,2024,2,1,1
05040,2024,9,1,1
05042,2021,2,1,1
05042,2021,3,1,1
05042,2021,9,2,2
05042,2021,10,1,1
05042,2021,11,2,2
05042,2021,12,1,1
05042,2022,1,1,1
05042,2022,6,1,1
05042,2022,8,2,2
05042,2022,9,1,1
05042,2022,10,1,1
05042,2022,11,1,1
05042,2022,12,1,1
05042,2023,1,2,2
05042,2023,3,2,2
05042,2023,4,1,1
05042,2023,5,1,1
05042,2023,6,2,2
05042,2023,7,1,1
05042,2023,8,1,1
05042,2023,9,2,2
05042,2023,11,1,1
05042,2024,1,3,3
05042,2024,2,1,1
05042,2024,3,2,2
05042,2024,4,1,1
05042,2024,6,1,1
05042,2024,9,2,2
05042,2024,11,1,1
05044,2021,3,1,1
05044,2021,7,1,1
05044,2021,8,1,1
05044,2021,10,1,1
05044,2021,12,1,1
05044,2022,4,1,1
05044,2022,6,1,1
05044,2023,3,1,1
05044,2023,4,1,1
05044,2023,5,2,2
05044,2023,11,2,2
05044,2024,1,1,1
05044,2024,5,1,1
05044,2024,9,1,1
05044,2024,10,1,1
05044,2024,12,2,2
05045,2021,1,2,2
05045,2021,2,4,4
05045,2021,3,4,4
05045,2021,4,4,4
05045,2021,5,5,5
05045,2021,6,6,6
05045,2021,7,8,8
05045,2021,8,8,8
05045,2021,9,3,3
05045,2021,10,8,8
05045,2021,11,4,4
05045,2021,12,1,1
05045,2022,1,1,1
05045,2022,2,5,5
05045,2022,4,5,5
05045,2022,5,9,9
05045,2022,6,6,6
05045,2022,7,6,6
05045,2022,8,5,5
05045,2022,9,2,2
05045,2022,10,9,9
05045,2022,11,3,3
05045,2022,12,12,12
05045,2023,1,4,4
05045,2023,2,5,5
05045,2023,3,14,14
05045,2023,4,8,8
05045,2023,5,5,5
05045,2023,6,7,7
05045,2023,7,8,8
05045,2023,8,8,8
05045,2023,9,13,13
05045,2023,10,4,4
05045,2023,11,3,3
05045,2023,12,9,9
05045,2024,1,3,3
05045,2024,2,8,8
05045,2024,3,8,8
05045,2024,4,9,9
05045,2024,5,3,3
05045,2024,6,9,9
05045,2024,7,10,10
05045,2024,8,11,11
05045,2024,9,6,6
05045,2024,10,5,5
05045,2024,11,8,8
05045,2024,12,6,6
05051,2021,7,1,1
05051,2021,8,2,2
05051,2021,9,2,2
05051,2021,11,1,1
05051,2021,12,1,1
05051,2022,1,1,1
05051,2022,3,1,1
05051,2022,4,1,1
05051,2022,5,1,1
05051,2022,6,2,2
05051,2022,9,2,2
05051,2022,10,2,2
05051,2022,11,1,1
05051,2022,12,1,1
05051,2023,1,3,3
05051,2023,2,1,1
05051,2023,3,2,2
05051,2023,5,1,1
05051,2023,7,3,3
05051,2023,8,2,2
05051,2023,9,2,2
05051,2023,10,4,4
05051,2023,11,1,1
05051,2023,12,1,1
05051,2024,7,1,1
05051,2024,9,1,1
05051,2024,10,1,1
05051,2024,12,1,1
05055,2021,3,1,1
05055,2021,6,1,1
05055,2021,8,1,1
05055,2022,6,1,1
05055,2022,8,1,1
05055,2022,12,1,1
05055,2023,3,1,1
05055,2023,4,1,1
05055,2023,5,1,1
05055,2023,7,1,1
05055,2023,9,3,3
05055,2023,10,2,2
05055,2024,3,1,1
05055,2024,8,1,1
05055,2024,10,1,1
05059,2021,2,1,1
05059,2021,3,1,1
05059,2021,4,1,1
05059,2022,1,1,1
05059,2022,8,1,1
05059,2023,10,1,1
05059,2023,11,1,1
05059,2024,8,1,1
05059,2024,9,2,2
05059,2024,12,1,1
05079,2021,1,4,4
05079,2021,2,5,5
05079,2021,3,1,1
05079,2021,4,2,2
05079,2021,5,1,1
05079,2021,6,6,6
05079,2021,7,3,3
05079,2021,8,3,3
05079,2021,9,1,1
05079,2021,10,2,2
05079,2021,11,4,4
05079,2022,2,1,1
05079,2022,3,1,1
05079,2022,4,3,3
05079,2022,5,1,1
05079,2022,6,1,1
05079,2022,7,4,4
05079,2022,8,2,2
05079,2022,9,7,7
05079,2022,10,3,3
05079,2022,11,4,4
05079,2022,12,5,5
05079,2023,1,3,3
05079,2023,2,1,1
05079,2023,3,3,3
05079,2023,4,4,4
05079,2023,5,3,3
05079,2023,6,4,4
05079,2023,7,5,5
05079,2023,8,5,5
05079,2023,9,6,6
05079,2023,10,3,3
05079,2023,11,6,6
05079,2023,12,2,2
05079,2024,1,5,5
05079,2024,2,5,5
05079,2024,3,7,7
05079,2024,4,4,4
05079,2024,5,6,6
05079,2024,6,1,1
05079,2024,7,3,3
05079,2024,8,2,2
05079,2024,9,3,3
05079,2024,10,3,3
05079,2024,11,6,6
05079,2024,12,2,2
05086,2021,6,1,1
05086,2022,5,1,1
05086,2022,7,1,1
05086,2023,7,1,1
05086,2023,8,1,1
05088,2021,1,28,28
05088,2021,2,31,31
05088,2021,3,31,31
05088,2021,4,23,23
05088,2021,5,21,21
05088,2021,6,32,32
05088,2021,7,35,35
05088,2021,8,30,30
05088,2021,9,32,32
05088,2021,10,32,32
05088,2021,11,34,34
05088,2021,12,35,35
05088,2022,1,18,18
05088,2022,2,20,20
05088,2022,3,43,43
05088,2022,4,35,35
05088,2022,5,33,33
05088,2022,6,36,36
05088,2022,7,38,38
05088,2022,8,44,44
05088,2022,9,62,62
05088,2022,10,50,50
05088,2022,11,55,55
05088,2022,12,44,44
05088,2023,1,45,45
05088,2023,2,45,45
05088,2023,3,58,58
05088,2023,4,64,64
05088,2023,5,54,54
05088,2023,6,53,53
05088,2023,7,57,57
05088,2023,8,37,37
05088,2023,9,69,69
05088,2023,10,57,57
05088,2023,11,31,31
05088,2023,12,49,49
05088,2024,1,49,49
05088,2024,2,35,35
05088,2024,3,53,53
05088,2024,4,60,60
05088,2024,5,45,45
05088,2024,6,33,33
05088,2024,7,48,48
05088,2024,8,59,59
05088,2024,9,64,64
05088,2024,10,46,46
05088,2024,11,43,43
05088,2024,12,39,39
05091,2021,2,1,1
05091,2022,3,1,1
05091,2022,6,1,1
05091,2022,8,1,1
05091,2023,2,1,1
05091,2023,4,1,1
05091,2023,5,1,1
05091,2024,5,1,1
05091,2024,7,2,2
05091,2024,8,1,1
05093,2021,1,1,1
05093,2021,2,1,1
05093,2021,3,1,1
05093,2021,7,1,1
05093,2021,9,1,1
05093,2021,10,2,2
05093,2021,12,2,2
05093,2022,3,2,2
05093,2022,6,2,2
05093,2022,7,1,1
05093,2022,8,1,1
05093,2022,9,1,1
05093,2022,10,3,3
05093,2022,11,2,2
05093,2022,12,1,1
05093,2023,4,2,2
05093,2023,6,2,2
05093,2023,7,1,1
05093,2023,8,6,6
05093,2023,9,4,4
05093,2023,10,3,3
05093,2023,11,1,1
05093,2024,1,2,2
05093,2024,4,1,1
05093,2024,5,2,2
05093,2024,6,1,1
05093,2024,8,1,1
05093,2024,9,1,1
05093,2024,10,1,1
05093,2024,12,1,1
05101,2021,1,1,1
05101,2021,2,3,3
05101,2021,4,1,1
05101,2021,5,4,4
05101,2021,6,1,1
05101,2021,7,1,1
05101,2021,10,1,1
05101,2021,11,3,3
05101,2021,12,1,1
05101,2022,2,2,2
05101,2022,5,2,2
05101,2022,7,1,1
05101,2022,8,1,1
05101,2022,10,1,1
05101,2022,11,1,1
05101,2022,12,4,4
05101,2023,1,1,1
05101,2023,4,4,4
05101,2023,6,2,2
05101,2023,7,3,3
05101,2023,8,1,1
05101,2023,9,2,2
05101,2023,10,1,1
05101,2023,11,1,1
05101,2023,12,1,1
05101,2024,1,1,1
05101,2024,3,2,2
05101,2024,5,1,1
05101,2024,7,2,2
05101,2024,8,1,1
05101,2024,9,1,1
05101,2024,10,1,1
05101,2024,12,1,1
05107,2021,5,1,1
05107,2021,6,1,1
05107,2021,7,1,1
05107,2021,9,1,1
05107,2022,7,1,1
05107,2022,8,1,1
05107,2022,10,1,1
05107,2022,11,1,1
05107,2023,2,1,1
05107,2023,7,1,1
05107,2023,8,2,2
05107,2023,10,2,2
05107,2024,10,1,1
05113,2021,9,2,2
05113,2022,2,1,1
05113,2022,8,1,1
05113,2022,12,1,1
05113,2023,1,3,3
05113,2023,2,2,2
05113,2023,3,1,1
05113,2023,4,1,1
05113,2023,5,1,1
05113,2023,7,1,1
05113,2023,8,1,1
05120,2021,2,1,1
05120,2021,7,2,2
05120,2021,8,1,1
05120,2021,10,2,2
05120,2021,12,1,1
05120,2022,2,2,2
05120,2022,3,2,2
05120,2022,4,1,1
05120,2022,6,2,2
05120,2022,7,2,2
05120,2022,8,1,1
05120,2022,9,2,2
05120,2022,10,1,1
05120,2022,12,1,1
05120,2023,1,3,3
05120,2023,2,1,1
05120,2023,4,1,1
05120,2023,8,1,1
05120,2023,10,1,1
05120,2023,12,1,1
05120,2024,2,1,1
05120,2024,3,1,1
05120,2024,4,1,1
05120,2024,5,2,2
05120,2024,6,2,2
05120,2024,9,1,1
05120,2024,10,1,1
05120,2024,11,1,1
05120,2024,12,1,1
05125,2021,11,1,1
05125,2021,12,1,1
05125,2022,3,1,1
05125,2022,4,1,1
05125,2022,9,2,2
05125,2022,11,1,1
05125,2022,12,1,1
05125,2023,1,1,1
05125,2023,4,1,1
05125,2023,5,1,1
05125,2024,2,1,1
05125,2024,4,1,1
05125,2024,5,1,1
05125,2024,8,1,1
05129,2021,1,1,1
05129,2021,2,1,1
05129,2021,5,1,1
05129,2021,6,1,1
05129,2021,10,2,2
05129,2021,11,1,1
05129,2022,2,3,3
05129,2022,3,1,1
05129,2022,4,2,2
05129,2022,5,1,1
05129,2022,6,6,6
05129,2022,7,5,5
05129,2022,8,1,1
05129,2022,9,1,1
05129,2022,10,7,7
05129,2022,11,5,5
05129,2022,12,1,1
05129,2023,1,2,2
05129,2023,2,4,4
05129,2023,3,3,3
05129,2023,4,10,10
05129,2023,5,6,6
05129,2023,6,4,4
05129,2023,7,3,3
05129,2023,8,7,7
05129,2023,9,5,5
05129,2023,10,2,2
05129,2023,11,10,10
05129,2023,12,8,8
05129,2024,1,2,2
05129,2024,2,3,3
05129,2024,3,1,1
05129,2024,4,2,2
05129,2024,5,2,2
05129,2024,6,2,2
05129,2024,7,6,6
05129,2024,8,8,8
05129,2024,9,5,5
05129,2024,10,3,3
05129,2024,11,2,2
05129,2024,12,4,4
05134,2021,7,1,1
05134,2021,9,2,2
05134,2021,10,2,2
05134,2022,3,1,1
05134,2022,6,1,1
05134,2022,10,1,1
05134,2022,11,1,1
05134,2023,1,1,1
05134,2023,2,1,1
05134,2023,7,1,1
05134,2023,8,1,1
05134,2023,10,1,1
05134,2023,11,1,1
05134,2024,2,1,1
05134,2024,4,1,1
05134,2024,9,4,4
05138,2021,1,1,1
05138,2021,2,1,1
05138,2021,4,1,1
05138,2021,5,1,1
05138,2021,7,1,1
05138,2021,9,1,1
05138,2022,1,2,2
05138,2022,2,1,1
05138,2022,3,1,1
05138,2022,5,2,2
05138,2022,7,1,1
05138,2022,11,2,2
05138,2022,12,4,4
05138,2023,5,1,1
05138,2023,7,1,1
05138,2023,10,1,1
05138,2023,11,1,1
05138,2023,12,1,1
05138,2024,1,1,1
05138,2024,2,2,2
05138,2024,3,3,3
05138,2024,4,3,3
05138,2024,6,2,2
05138,2024,7,1,1
05138,2024,8,3,3
05138,2024,9,2,2
05138,2024,11,1,1
05142,2021,9,1,1
05142,2022,9,2,2
05142,2023,10,2,2
05142,2023,12,1,1
05142,2024,9,1,1
05145,2022,1,1,1
05145,2022,9,1,1
05145,2023,3,1,1
05145,2023,8,2,2
05145,2023,9,1,1
05145,2023,11,1,1
05145,2024,8,2,2
05145,2024,9,1,1
05145,2024,10,1,1
05147,2021,1,3,3
05147,2021,2,4,4
05147,2021,3,5,5
05147,2021,4,1,1
05147,2021,5,2,2
05147,2021,6,3,3
05147,2021,7,1,1
05147,2021,8,1,1
05147,2021,9,2,2
05147,2021,10,1,1
05147,2021,11,2,2
05147,2021,12,1,1
05147,2022,1,4,4
05147,2022,2,2,2
05147,2022,4,2,2
05147,2022,6,1,1
05147,2022,7,5,5
05147,2022,8,2,2
05147,2022,9,7,7
05147,2022,10,4,4
05147,2022,11,3,3
05147,2022,12,2,2
05147,2023,2,4,4
05147,2023,3,8,8
05147,2023,4,4,4
05147,2023,5,5,5
05147,2023,6,1,1
05147,2023,7,3,3
05147,2023,8,5,5
05147,2023,9,4,4
05147,2023,10,2,2
05147,2023,11,2,2
05147,2023,12,2,2
05147,2024,1,5,5
05147,2024,2,1,1
05147,2024,3,1,1
05147,2024,4,1,1
05147,2024,7,3,3
05147,2024,8,1,1
05147,2024,9,1,1
05147,2024,10,3,3
05147,2024,12,1,1
05148,2021,1,1,1
05148,2021,2,3,3
05148,2021,3,1,1
05148,2021,4,2,2
05148,2021,5,4,4
05148,2021,6,6,6
05148,2021,7,2,2
05148,2021,8,4,4
05148,2021,9,3,3
05148,2021,10,6,6
05148,2021,11,4,4
05148,2021,12,5,5
05148,2022,1,4,4
05148,2022,2,3,3
05148,2022,3,3,3
05148,2022,4,6,6
05148,2022,5,2,2
05148,2022,6,6,6
05148,2022,7,3,3
05148,2022,8,5,5
05148,2022,9,5,5
05148,2022,10,7,7
05148,2022,11,8,8
05148,2022,12,5,5
05148,2023,1,4,4
05148,2023,2,4,4
05148,2023,3,9,9
05148,2023,4,8,8
05148,2023,5,7,7
05148,2023,6,11,11
05148,2023,7,6,6
05148,2023,8,4,4
05148,2023,9,5,5
05148,2023,10,6,6
05148,2023,11,2,2
05148,2023,12,1,1
05148,2024,1,6,6
05148,2024,2,7,7
05148,2024,3,4,4
05148,2024,4,3,3
05148,2024,5,8,8
05148,2024,6,5,5
05148,2024,7,4,4
05148,2024,8,6,6
05148,2024,9,6,6
05148,2024,10,3,3
05148,2024,11,5,5
05148,2024,12,4,4
05150,2022,3,1,1
05150,2022,5,1,1
05150,2022,8,1,1
05150,2023,2,1,1
05150,2023,10,1,1
05150,2023,11,2,2
05150,2024,2,1,1
05150,2024,4,1,1
05150,2024,7,1,1
05150,2024,9,1,1
05150,2024,11,2,2
05154,2021,1,1,1
05154,2021,2,2,2
05154,2021,3,4,4
05154,2021,4,1,1
05154,2021,5,5,5
05154,2021,6,4,4
05154,2021,7,8,8
05154,2021,8,3,3
05154,2021,9,5,5
05154,2021,10,4,4
05154,2021,11,8,8
05154,2021,12,7,7
05154,2022,1,1,1
05154,2022,2,2,2
05154,2022,3,11,11
05154,2022,4,9,9
05154,2022,5,9,9
05154,2022,6,5,5
05154,2022,7,12,12
05154,2022,8,4,4
05154,2022,9,5,5
05154,2022,10,6,6
05154,2022,11,7,7
05154,2022,12,5,5
05154,2023,1,9,9
05154,2023,2,12,12
05154,2023,3,3,3
05154,2023,4,4,4
05154,2023,5,6,6
05154,2023,6,8,8
05154,2023,7,3,3
05154,2023,8,5,5
05154,2023,9,11,11
05154,2023,10,2,2
05154,2023,11,7,7
05154,2023,12,3,3
05154,2024,1,3,3
05154,2024,2,7,7
05154,2024,3,9,9
05154,2024,4,4,4
05154,2024,5,7,7
05154,2024,6,8,8
05154,2024,7,5,5
05154,2024,8,4,4
05154,2024,9,2,2
05154,2024,10,4,4
05154,2024,11,2,2
05154,2024,12,4,4
05172,2021,1,4,4
05172,2021,2,5,5
05172,2021,3,4,4
05172,2021,5,4,4
05172,2021,6,3,3
05172,2021,7,2,2
05172,2021,8,1,1
05172,2021,9,5,5
05172,2021,10,5,5
05172,2021,11,7,7
05172,2021,12,4,4
05172,2022,1,4,4
05172,2022,2,2,2
05172,2022,3,2,2
05172,2022,4,6,6
05172,2022,5,4,4
05172,2022,6,5,5
05172,2022,7,2,2
05172,2022,8,3,3
05172,2022,9,3,3
05172,2022,10,4,4
05172,2022,11,3,3
05172,2022,12,8,8
05172,2023,1,2,2
05172,2023,2,7,7
05172,2023,3,1,1
05172,2023,4,8,8
05172,2023,5,1,1
05172,2023,6,1,1
05172,2023,7,6,6
05172,2023,8,4,4
05172,2023,9,4,4
05172,2023,10,3,3
05172,2023,11,8,8
05172,2023,12,6,6
05172,2024,1,6,6
05172,2024,2,7,7
05172,2024,3,6,6
05172,2024,4,3,3
05172,2024,5,4,4
05172,2024,6,5,5
05172,2024,7,5,5
05172,2024,8,5,5
05172,2024,9,6,6
05172,2024,10,6,6
05172,2024,11,1,1
05172,2024,12,3,3
05190,2021,3,1,1
05190,2021,5,1,1
05190,2021,8,3,3
05190,2021,9,1,1
05190,2021,11,2,2
05190,2022,1,1,1
05190,2022,4,1,1
05190,2022,7,2,2
05190,2022,8,3,3
05190,2022,9,1,1
05190,2022,10,1,1
05190,2022,11,3,3
05190,2023,3,1,1
05190,2023,6,1,1
05190,2023,7,1,1
05190,2023,9,1,1
05190,2023,10,5,5
05190,2024,1,1,1
05190,2024,3,2,2
05190,2024,5,1,1
05190,2024,6,1,1
05190,2024,9,1,1
05197,2021,1,1,1
05197,2021,5,1,1
05197,2021,6,1,1
05197,2021,7,3,3
05197,2021,8,4,4
05197,2022,2,1,1
05197,2022,4,1,1
05197,2022,7,4,4
05197,2022,8,3,3
05197,2023,1,1,1
05197,2023,2,2,2
05197,2023,6,1,1
05197,2023,7,1,1
05197,2023,12,1,1
05197,2024,1,2,2
05197,2024,5,1,1
05197,2024,8,1,1
05197,2024,9,2,2
05197,2024,10,1,1
05206,2022,5,1,1
05206,2022,10,1,1
05206,2022,11,1,1
05206,2022,12,1,1
05206,2023,3,1,1
05206,2023,9,1,1
05206,2024,11,1,1
05209,2021,1,3,3
05209,2021,2,1,1
05209,2021,3,2,2
05209,2021,5,1,1
05209,2021,6,1,1
05209,2021,7,2,2
05209,2021,8,1,1
05209,2021,9,2,2
05209,2021,10,2,2
05209,2022,3,1,1
05209,2022,6,1,1
05209,2022,7,1,1
05209,2022,8,1,1
05209,2022,9,1,1
05209,2022,10,1,1
05209,2022,11,2,2
05209,2022,12,1,1
05209,2023,2,3,3
05209,2023,5,1,1
05209,2023,6,2,2
05209,2023,8,1,1
05209,2023,9,1,1
05209,2023,11,2,2
05209,2024,1,3,3
05209,2024,5,1,1
05209,2024,6,2,2
05209,2024,10,1,1
05212,2021,1,1,1
05212,2021,2,1,1
05212,2021,6,1,1
05212,2021,7,1,1
05212,2021,8,1,1
05212,2021,9,1,1
05212,2021,10,2,2
05212,2021,11,6,6
05212,2021,12,4,4
05212,2022,1,5,5
05212,2022,2,3,3
05212,2022,3,7,7
05212,2022,4,3,3
05212,2022,5,5,5
05212,2022,6,3,3
05212,2022,7,2,2
05212,2022,8,5,5
05212,2022,9,4,4
05212,2022,10,7,7
05212,2022,11,4,4
05212,2022,12,6,6
05212,2023,1,3,3
05212,2023,2,10,10
05212,2023,3,4,4
05212,2023,4,6,6
05212,2023,5,5,5
05212,2023,6,7,7
05212,2023,7,13,13
05212,2023,8,8,8
05212,2023,9,16,16
05212,2023,10,14,14
05212,2023,11,4,4
05212,2023,12,6,6
05212,2024,1,5,5
05212,2024,2,9,9
05212,2024,3,9,9
05212,2024,4,11,11
05212,2024,5,13,13
05212,2024,6,8,8
05212,2024,7,4,4
05212,2024,8,4,4
05212,2024,9,6,6
05212,2024,10,7,7
05212,2024,11,5,5
05212,2024,12,1,1
05234,2021,2,1,1
05234,2022,2,1,1
05234,2022,4,1,1
05234,2022,6,1,1
05234,2022,8,1,1
05234,2022,11,1,1
05234,2022,12,1,1
05234,2023,5,1,1
05234,2023,8,2,2
05234,2023,12,1,1
05237,2021,1,4,4
05237,2021,2,2,2
05237,2021,4,5,5
05237,2021,6,1,1
05237,2021,10,2,2
05237,2021,11,2,2
05237,2021,12,2,2
05237,2022,4,2,2
05237,2022,5,3,3
05237,2022,6,2,2
05237,2022,7,2,2
05237,2022,9,2,2
05237,2022,10,5,5
05237,2022,11,1,1
05237,2022,12,1,1
05237,2023,3,4,4
05237,2023,4,1,1
05237,2023,5,2,2
05237,2023,6,4,4
05237,2023,7,1,1
05237,2023,8,2,2
05237,2023,10,1,1
05237,2024,1,3,3
05237,2024,2,1,1
05237,2024,3,1,1
05237,2024,4,2,2
05237,2024,5,4,4
05237,2024,7,2,2
05237,2024,8,1,1
05237,2024,9,4,4
05237,2024,10,2,2
05237,2024,11,2,2
05237,2024,12,1,1
05240,2021,7,1,1
05240,2021,8,2,2
05240,2022,2,1,1
05240,2022,3,2,2
05240,2022,6,1,1
05240,2022,8,1,1
05240,2022,9,1,1
05240,2023,5,1,1
05240,2023,6,1,1
05240,2023,8,2,2
05240,2023,9,2,2
05240,2024,5,1,1
05250,2021,1,3,3
05250,2021,2,2,2
05250,2021,4,2,2
05250,2021,5,2,2
05250,2021,6,1,1
05250,2021,8,2,2
05250,2021,10,2,2
05250,2021,11,1,1
05250,2021,12,3,3
05250,2022,1,2,2
05250,2022,3,3,3
05250,2022,4,5,5
05250,2022,5,4,4
05250,2022,6,2,2
05250,2022,9,1,1
05250,2022,10,2,2
05250,2022,12,2,2
05250,2023,1,2,2
05250,2023,2,1,1
05250,2023,3,3,3
05250,2023,4,1,1
05250,2023,5,1,1
05250,2023,7,2,2
05250,2023,9,2,2
05250,2023,10,1,1
05250,2024,1,3,3
05250,2024,2,1,1
05250,2024,3,5,5
05250,2024,4,1,1
05250,2024,6,2,2
05250,2024,7,1,1
05250,2024,8,2,2
05250,2024,9,3,3
05250,2024,10,3,3
05250,2024,12,1,1
05264,2021,7,1,1
05264,2021,10,1,1
05264,2022,1,1,1
05264,2022,2,2,2
05264,2022,3,1,1
05264,2022,4,2,2
05264,2022,5,1,1
05264,2022,6,2,2
05264,2022,8,3,3
05264,2022,11,2,2
05264,2022,12,2,2
05264,2023,1,2,2
05264,2023,6,2,2
05264,2023,7,1,1
05264,2023,8,1,1
05264,2024,1,3,3
05264,2024,3,1,1
05264,2024,4,1,1
05264,2024,5,1,1
05264,2024,6,1,1
05264,2024,7,1,1
05264,2024,8,2,2
05264,2024,9,2,2
05266,2021,1,16,16
05266,2021,2,22,22
05266,2021,3,19,19
05266,2021,4,14,14
05266,2021,5,21,21
05266,2021,6,20,20
05266,2021,7,15,15
05266,2021,8,30,30
05266,2021,9,29,29
05266,2021,10,23,23
05266,2021,11,25,25
05266,2021,12,17,17
05266,2022,1,11,11
05266,2022,2,21,21
05266,2022,3,24,24
05266,2022,4,26,26
05266,2022,5,28,28
05266,2022,6,11,11
05266,2022,7,23,23
05266,2022,8,22,22
05266,2022,9,22,22
05266,2022,10,23,23
05266,2022,11,21,21
05266,2022,12,17,17
05266,2023,1,20,20
05266,2023,2,24,24
05266,2023,3,23,23
05266,2023,4,24,24
05266,2023,5,21,21
05266,2023,6,14,14
05266,2023,7,13,13
05266,2023,8,27,27
05266,2023,9,22,22
05266,2023,10,22,22
05266,2023,11,17,17
05266,2023,12,11,11
05266,2024,1,13,13
05266,2024,2,11,11
05266,2024,3,13,13
05266,2024,4,15,15
05266,2024,5,21,21
05266,2024,6,15,15
05266,2024,7,17,17
05266,2024,8,21,21
05266,2024,9,24,24
05266,2024,10,18,18
05266,2024,11,31,31
05266,2024,12,11,11
05282,2021,1,3,3
05282,2021,2,1,1
05282,2021,3,1,1
05282,2021,4,1,1
05282,2021,6,2,2
05282,2021,7,1,1
05282,2021,8,2,2
05282,2021,9,2,2
05282,2021,10,1,1
05282,2021,11,1,1
05282,2021,12,1,1
05282,2022,2,1,1
05282,2022,3,2,2
05282,2022,4,2,2
05282,2022,5,1,1
05282,2022,6,3,3
05282,2022,7,1,1
05282,2022,8,1,1
05282,2022,9,2,2
05282,2022,10,3,3
05282,2022,11,3,3
05282,2022,12,1,1
05282,2023,1,1,1
05282,2023,3,2,2
05282,2023,5,3,3
05282,2023,6,1,1
05282,2023,7,3,3
05282,2023,8,3,3
05282,2023,9,1,1
05282,2023,10,1,1
05282,2023,11,2,2
05282,2023,12,4,4
05282,2024,1,4,4
05282,2024,2,2,2
05282,2024,3,3,3
05282,2024,4,2,2
05282,2024,5,1,1
05282,2024,6,1,1
05282,2024,7,1,1
05282,2024,8,4,4
05282,2024,9,1,1
05284,2021,1,1,1
05284,2021,2,1,1
05284,2021,3,1,1
05284,2021,5,1,1
05284,2021,6,4,4
05284,2021,7,2,2
05284,2021,8,1,1
05284,2021,9,1,1
05284,2021,11,2,2
05284,2022,3,2,2
05284,2022,4,3,3
05284,2022,5,1,1
05284,2022,6,2,2
05284,2022,7,6,6
05284,2022,8,2,2
05284,2022,11,2,2
05284,2022,12,2,2
05284,2023,1,1,1
05284,2023,2,1,1
05284,2023,3,1,1
05284,2023,4,1,1
05284,2023,5,3,3
05284,2023,6,1,1
05284,2023,7,2,2
05284,2023,9,1,1
05284,2023,10,2,2
05284,2024,9,1,1
05306,2021,2,1,1
05306,2021,5,1,1
05306,2021,7,2,2
05306,2021,8,1,1
05306,2021,9,1,1
05306,2022,2,1,1
05306,2022,3,1,1
05306,2022,6,1,1
05306,2022,11,1,1
05306,2023,4,2,2
05306,2023,8,1,1
05308,2021,1,2,2
05308,2021,2,5,5
05308,2021,3,1,1
05308,2021,4,3,3
05308,2021,5,2,2
05308,2021,7,4,4
05308,2021,8,4,4
05308,2021,9,3,3
05308,2021,10,1,1
05308,2021,12,4,4
05308,2022,2,1,1
05308,2022,3,4,4
05308,2022,4,1,1
05308,2022,5,3,3
05308,2022,6,5,5
05308,2022,7,1,1
05308,2022,8,2,2
05308,2022,9,2,2
05308,2022,10,1,1
05308,2022,11,2,2
05308,2022,12,5,5
05308,2023,1,3,3
05308,2023,3,3,3
05308,2023,4,1,1
05308,2023,7,6,6
05308,2023,8,7,7
05308,2023,9,4,4
05308,2023,10,1,1
05308,2023,11,2,2
05308,2023,12,4,4
05308,2024,1,2,2
05308,2024,2,5,5
05308,2024,3,4,4
05308,2024,4,4,4
05308,2024,5,3,3
05308,2024,6,2,2
05308,2024,7,3,3
05308,2024,8,5,5
05308,2024,9,6,6
05308,2024,10,5,5
05308,2024,11,3,3
05308,2024,12,1,1
05310,2021,3,1,1
05310,2021,5,2,2
05310,2021,10,1,1
05310,2021,11,1,1
05310,2022,1,1,1
05310,2022,2,1,1
05310,2022,3,1,1
05310,2022,4,3,3
05310,2022,5,1,1
05310,2022,7,2,2
05310,2022,10,3,3
05310,2022,11,2,2
05310,2023,1,1,1
05310,2023,2,1,1
05310,2023,5,1,1
05310,2023,8,2,2
05310,2024,6,4,4
05310,2024,8,1,1
05310,2024,11,2,2
05310,2024,12,2,2
05313,2021,1,1,1
05313,2021,2,1,1
05313,2021,7,1,1
05313,2021,9,1,1
05313,2022,2,1,1
05313,2022,4,3,3
05313,2022,6,1,1
05313,2022,8,1,1
05313,2022,10,2,2
05313,2023,1,2,2
05313,2023,3,1,1
05313,2023,6,1,1
05313,2023,8,1,1
05313,2023,9,3,3
05313,2023,10,2,2
05313,2024,2,2,2
05313,2024,8,1,1
05313,2024,11,2,2
05315,2021,5,1,1
05315,2022,5,1,1
05318,2021,1,3,3
05318,2021,2,7,7
05318,2021,3,3,3
05318,2021,4,1,1
05318,2021,5,6,6
05318,2021,6,2,2
05318,2021,7,2,2
05318,2021,8,2,2
05318,2021,9,6,6
05318,2021,10,6,6
05318,2021,11,4,4
05318,2021,12,6,6
05318,2022,1,6,6
05318,2022,2,2,2
05318,2022,3,7,7
05318,2022,4,8,8
05318,2022,5,5,5
05318,2022,6,2,2
05318,2022,7,5,5
05318,2022,8,4,4
05318,2022,9,3,3
05318,2022,10,5,5
05318,2022,11,5,5
05318,2022,12,5,5
05318,2023,1,6,6
05318,2023,2,2,2
05318,2023,3,5,5
05318,2023,4,5,5
05318,2023,5,10,10
05318,2023,6,2,2
05318,2023,7,3,3
05318,2023,8,3,3
05318,2023,9,7,7
05318,2023,10,5,5
05318,2023,11,2,2
05318,2023,12,6,6
05318,2024,1,9,9
05318,2024,2,4,4
05318,2024,3,4,4
05318,2024,4,6,6
05318,2024,5,3,3
05318,2024,6,4,4
05318,2024,7,1,1
05318,2024,8,9,9
05318,2024,9,8,8
05318,2024,10,8,8
05318,2024,11,2,2
05318,2024,12,1,1
05321,2021,5,2,2
05321,2021,7,2,2
05321,2021,10,3,3
05321,2021,11,1,1
05321,2022,1,2,2
05321,2022,2,1,1
05321,2022,3,3,3
05321,2022,5,1,1
05321,2022,7,1,1
05321,2022,8,1,1
05321,2022,11,2,2
05321,2022,12,1,1
05321,2023,1,3,3
05321,2023,2,2,2
05321,2023,3,3,3
05321,2023,4,2,2
05321,2023,5,3,3
05321,2023,6,4,4
05321,2023,7,2,2
05321,2023,8,1,1
05321,2023,9,3,3
05321,2023,10,1,1
05321,2023,12,1,1
05321,2024,3,2,2
05321,2024,4,1,1
05321,2024,5,1,1
05321,2024,6,3,3
05321,2024,7,2,2
05321,2024,8,1,1
05321,2024,9,4,4
05321,2024,10,1,1
05321,2024,11,1,1
05321,2024,12,1,1
05347,2022,5,1,1
05347,2022,8,1,1
05347,2023,3,1,1
05347,2023,4,1,1
05347,2023,5,1,1
05347,2023,8,1,1
05347,2023,10,1,1
05347,2023,12,1,1
05347,2024,5,1,1
05347,2024,10,2,2
05353,2021,4,1,1
05353,2021,7,1,1
05353,2021,10,1,1
05353,2022,11,1,1
05353,2022,12,2,2
05353,2023,1,1,1
05353,2023,2,2,2
05353,2023,3,1,1
05353,2023,4,2,2
05353,2023,6,2,2
05353,2023,7,1,1
05353,2023,8,1,1
05353,2023,9,2,2
05353,2023,12,1,1
05353,2024,1,1,1
05353,2024,2,1,1
05353,2024,3,1,1
05353,2024,6,1,1
05360,2021,1,11,11
05360,2021,2,7,7
05360,2021,3,15,15
05360,2021,4,7,7
05360,2021,5,9,9
05360,2021,6,11,11
05360,2021,7,11,11
05360,2021,8,13,13
05360,2021,9,11,11
05360,2021,10,13,13
05360,2021,11,7,7
05360,2021,12,2,2
05360,2022,1,12,12
05360,2022,2,16,16
05360,2022,3,18,18
05360,2022,4,12,12
05360,2022,5,18,18
05360,2022,6,13,13
05360,2022,7,18,18
05360,2022,8,10,10
05360,2022,9,24,24
05360,2022,10,27,27
05360,2022,11,20,20
05360,2022,12,9,9
05360,2023,1,14,14
05360,2023,2,13,13
05360,2023,3,16,16
05360,2023,4,19,19
05360,2023,5,21,21
05360,2023,6,22,22
05360,2023,7,12,12
05360,2023,8,15,15
05360,2023,9,18,18
05360,2023,10,20,20
05360,2023,11,9,9
05360,2023,12,15,15
05360,2024,1,10,10
05360,2024,2,13,13
05360,2024,3,19,19
05360,2024,4,18,18
05360,2024,5,16,16
05360,2024,6,12,12
05360,2024,7,14,14
05360,2024,8,17,17
05360,2024,9,18,18
05360,2024,10,15,15
05360,2024,11,12,12
05360,2024,12,11,11
05361,2021,1,1,1
05361,2021,2,2,2
05361,2021,3,1,1
05361,2021,4,2,2
05361,2021,5,2,2
05361,2021,6,2,2
05361,2021,7,2,2
05361,2021,8,1,1
05361,2021,10,1,1
05361,2021,12,1,1
05361,2022,1,2,2
05361,2022,2,1,1
05361,2022,4,2,2
05361,2022,5,3,3
05361,2022,6,2,2
05361,2022,8,2,2
05361,2022,10,3,3
05361,2022,11,1,1
05361,2023,4,1,1
05361,2023,5,1,1
05361,2023,6,1,1
05361,2023,7,3,3
05361,2023,8,2,2
05361,2023,11,1,1
05361,2023,12,1,1
05361,2024,2,1,1
05361,2024,3,2,2
05361,2024,4,1,1
05361,2024,5,1,1
05361,2024,7,1,1
05361,2024,8,1,1
05361,2024,9,1,1
05364,2021,6,1,1
05364,2021,9,1,1
05364,2021,10,1,1
05364,2021,11,3,3
05364,2021,12,1,1
05364,2022,5,1,1
05364,2022,6,1,1
05364,2022,10,1,1
05364,2023,4,1,1
05364,2023,6,1,1
05364,2023,8,1,1
05364,2024,3,1,1
05364,2024,4,1,1
05364,2024,5,3,3
05364,2024,8,2,2
05364,2024,9,1,1
05364,2024,11,1,1
05364,2024,12,1,1
05368,2021,8,1,1
05368,2021,10,1,1
05368,2022,1,1,1
05368,2022,7,1,1
05368,2023,4,1,1
05368,2023,7,1,1
05368,2023,8,1,1
05368,2023,9,1,1
05368,2023,12,1,1
05368,2024,2,1,1
05368,2024,9,1,1
05376,2021,1,6,6
05376,2021,2,3,3
05376,2021,3,6,6
05376,2021,4,3,3
05376,2021,5,9,9
05376,2021,6,7,7
05376,2021,7,7,7
05376,2021,8,5,5
05376,2021,9,9,9
05376,2021,10,5,5
05376,2021,11,4,4
05376,2021,12,8,8
05376,2022,1,7,7
05376,2022,2,5,5
05376,2022,3,5,5
05376,2022,4,4,4
05376,2022,5,4,4
05376,2022,6,8,8
05376,2022,7,7,7
05376,2022,8,6,6
05376,2022,9,12,12
05376,2022,10,12,12
05376,2022,11,9,9
05376,2022,12,11,11
05376,2023,1,7,7
05376,2023,2,6,6
05376,2023,3,7,7
05376,2023,4,10,10
05376,2023,5,9,9
05376,2023,6,2,2
05376,2023,7,4,4
05376,2023,8,13,13
05376,2023,9,6,6
05376,2023,10,7,7
05376,2023,11,6,6
05376,2023,12,8,8
05376,2024,1,7,7
05376,2024,2,9,9
05376,2024,3,9,9
05376,2024,4,7,7
05376,2024,5,14,14
05376,2024,6,8,8
05376,2024,7,9,9
05376,2024,8,5,5
05376,2024,9,7,7
05376,2024,10,6,6
05376,2024,11,6,6
05376,2024,12,5,5
05380,2021,2,2,2
05380,2021,3,4,4
05380,2021,4,3,3
05380,2021,7,5,5
05380,2021,10,2,2
05380,2021,12,2,2
05380,2022,1,3,3
05380,2022,2,2,2
05380,2022,3,3,3
05380,2022,4,4,4
05380,2022,6,1,1
05380,2022,7,2,2
05380,2022,9,2,2
05380,2022,10,2,2
05380,2022,11,2,2
05380,2022,12,2,2
05380,2023,2,7,7
05380,2023,3,3,3
05380,2023,4,4,4
05380,2023,5,1,1
05380,2023,6,3,3
05380,2023,7,7,7
05380,2023,8,8,8
05380,2023,9,1,1
05380,2023,10,4,4
05380,2023,11,6,6
05380,2023,12,1,1
05380,2024,1,4,4
05380,2024,2,9,9
05380,2024,3,13,13
05380,2024,4,1,1
05380,2024,5,11,11
05380,2024,6,6,6
05380,2024,7,8,8
05380,2024,8,2,2
05380,2024,9,5,5
05380,2024,10,5,5
05380,2024,11,6,6
05380,2024,12,4,4
05390,2021,2,2,2
05390,2021,3,1,1
05390,2021,4,1,1
05390,2021,10,1,1
05390,2022,1,1,1
05390,2022,5,3,3
05390,2022,12,1,1
05390,2023,4,2,2
05390,2023,8,1,1
05390,2023,9,1,1
05390,2023,10,3,3
05390,2023,11,2,2
05390,2023,12,1,1
05390,2024,2,1,1
05390,2024,4,2,2
05390,2024,5,2,2
05390,2024,6,1,1
05390,2024,7,2,2
05390,2024,9,2,2
05400,2021,1,1,1
05400,2021,2,1,1
05400,2021,3,3,3
05400,2021,4,1,1
05400,2021,5,2,2
05400,2021,7,5,5
05400,2021,8,4,4
05400,2021,9,2,2
05400,2021,10,1,1
05400,2021,11,4,4
05400,2021,12,5,5
05400,2022,1,1,1
05400,2022,2,2,2
05400,2022,3,2,2
05400,2022,5,3,3
05400,2022,6,4,4
05400,2022,7,5,5
05400,2022,8,7,7
05400,2022,9,8,8
05400,2022,10,2,2
05400,2022,11,2,2
05400,2022,12,6,6
05400,2023,1,3,3
05400,2023,2,1,1
05400,2023,3,3,3
05400,2023,4,8,8
05400,2023,5,5,5
05400,2023,6,5,5
05400,2023,7,4,4
05400,2023,8,9,9
05400,2023,9,6,6
05400,2023,10,1,1
05400,2023,11,4,4
05400,2023,12,2,2
05400,2024,1,2,2
05400,2024,3,2,2
05400,2024,4,1,1
05400,2024,5,1,1
05400,2024,6,3,3
05400,2024,7,1,1
05400,2024,8,6,6
05400,2024,9,4,4
05400,2024,10,6,6
05400,2024,11,7,7
05400,2024,12,1,1
05411,2021,1,1,1
05411,2021,2,2,2
05411,2021,3,1,1
05411,2021,5,1,1
05411,2021,10,1,1
05411,2021,11,2,2
05411,2021,12,2,2
05411,2022,3,2,2
05411,2022,6,1,1
05411,2022,7,1,1
05411,2022,8,1,1
05411,2022,12,3,3
05411,2023,1,1,1
05411,2023,4,1,1
05411,2023,5,1,1
05411,2023,10,1,1
05411,2024,9,2,2
05425,2022,3,1,1
05425,2022,5,2,2
05425,2022,7,1,1
05425,2022,11,1,1
05425,2022,12,2,2
05425,2023,2,1,1
05425,2023,4,3,3
05425,2023,6,4,4
05425,2023,7,1,1
05425,2023,10,1,1
05425,2023,12,1,1
05425,2024,8,1,1
05425,2024,9,1,1
05425,2024,10,1,1
05425,2024,11,1,1
05425,2024,12,1,1
05440,2021,1,2,2
05440,2021,2,5,5
05440,2021,3,1,1
05440,2021,4,2,2
05440,2021,5,1,1
05440,2021,6,3,3
05440,2021,7,2,2
05440,2021,9,1,1
05440,2021,10,2,2
05440,2021,11,3,3
05440,2021,12,3,3
05440,2022,1,2,2
05440,2022,2,1,1
05440,2022,3,6,6
05440,2022,4,1,1
05440,2022,5,1,1
05440,2022,6,2,2
05440,2022,7,6,6
05440,2022,8,7,7
05440,2022,9,6,6
05440,2022,10,5,5
05440,2022,11,6,6
05440,2022,12,3,3
05440,2023,1,2,2
05440,2023,2,3,3
05440,2023,3,3,3
05440,2023,4,6,6
05440,2023,5,9,9
05440,2023,6,3,3
05440,2023,7,7,7
05440,2023,8,8,8
05440,2023,9,5,5
05440,2023,10,6,6
05440,2023,11,4,4
05440,2023,12,10,10
05440,2024,1,6,6
05440,2024,2,7,7
05440,2024,3,5,5
05440,2024,4,11,11
05440,2024,5,6,6
05440,2024,6,3,3
05440,2024,7,9,9
05440,2024,8,7,7
05440,2024,9,5,5
05440,2024,10,8,8
05440,2024,11,8,8
05440,2024,12,7,7
05467,2021,8,1,1
05467,2021,9,1,1
05467,2021,11,1,1
05467,2022,2,2,2
05467,2024,5,1,1
05475,2021,4,1,1
05475,2024,4,1,1
05475,2024,9,1,1
05475,2024,10,1,1
05475,2024,11,1,1
05480,2022,3,1,1
05480,2022,4,1,1
05480,2022,7,1,1
05480,2022,9,1,1
05480,2022,10,2,2
05480,2022,12,1,1
05480,2023,2,1,1
05480,2023,11,2,2
05480,2023,12,1,1
05480,2024,1,1,1
05480,2024,6,2,2
05480,2024,8,1,1
05480,2024,12,1,1
05483,2021,2,3,3
05483,2021,3,1,1
05483,2021,4,1,1
05483,2021,5,1,1
05483,2021,10,1,1
05483,2022,2,1,1
05483,2022,4,2,2
05483,2022,6,1,1
05483,2022,7,1,1
05483,2022,8,1,1
05483,2022,9,1,1
05483,2022,11,1,1
05483,2023,5,1,1
05483,2023,7,1,1
05483,2023,9,2,2
05483,2023,12,1,1
05483,2024,2,1,1
05483,2024,3,1,1
05483,2024,4,1,1
05483,2024,6,2,2
05483,2024,9,2,2
05483,2024,10,1,1
05483,2024,11,1,1
05490,2021,1,1,1
05490,2021,2,4,4
05490,2021,3,1,1
05490,2021,4,1,1
05490,2021,5,5,5
05490,2021,6,3,3
05490,2021,7,3,3
05490,2021,10,2,2
05490,2021,11,2,2
05490,2021,12,2,2
05490,2022,1,4,4
05490,2022,2,2,2
05490,2022,3,3,3
05490,2022,4,3,3
05490,2022,5,1,1
05490,2022,6,3,3
05490,2022,7,2,2
05490,2022,8,2,2
05490,2022,9,2,2
05490,2022,10,1,1
05490,2022,11,1,1
05490,2022,12,2,2
05490,2023,1,3,3
05490,2023,2,2,2
05490,2023,3,3,3
05490,2023,4,3,3
05490,2023,5,5,5
05490,2023,6,8,8
05490,2023,7,2,2
05490,2023,8,3,3
05490,2023,9,4,4
05490,2023,10,3,3
05490,2023,11,3,3
05490,2023,12,1,1
05490,2024,1,2,2
05490,2024,2,1,1
05490,2024,3,3,3
05490,2024,4,4,4
05490,2024,5,2,2
05490,2024,6,3,3
05490,2024,7,2,2
05490,2024,8,4,4
05490,2024,9,1,1
05490,2024,10,2,2
05490,2024,11,2,2
05490,2024,12,2,2
05495,2021,2,1,1
05495,2021,5,1,1
05495,2021,7,1,1
05495,2021,8,1,1
05495,2021,9,2,2
05495,2021,10,1,1
05495,2022,2,1,1
05495,2022,4,2,2
05495,2022,5,3,3
05495,2022,7,1,1
05495,2022,8,1,1
05495,2022,10,2,2
05495,2022,12,3,3
05495,2023,1,1,1
05495,2023,2,3,3
05495,2023,3,4,4
05495,2023,4,1,1
05495,2023,7,2,2
05495,2023,8,1,1
05495,2023,9,2,2
05495,2023,10,1,1
05495,2023,11,1,1
05495,2023,12,1,1
05495,2024,1,2,2
05495,2024,2,1,1
05495,2024,4,3,3
05495,2024,7,1,1
05495,2024,9,2,2
05495,2024,11,2,2
05495,2024,12,2,2
05501,2021,3,1,1
05501,2021,5,1,1
05501,2022,5,1,1
05501,2022,10,1,1
05501,2022,12,1,1
05501,2023,2,1,1
05501,2023,3,1,1
05501,2024,10,1,1
05541,2021,1,2,2
05541,2021,2,1,1
05541,2021,5,2,2
05541,2021,6,2,2
05541,2021,7,1,1
05541,2021,8,2,2
05541,2021,9,1,1
05541,2021,10,4,4
05541,2021,11,1,1
05541,2022,2,5,5
05541,2022,3,2,2
05541,2022,4,6,6
05541,2022,5,2,2
05541,2022,6,1,1
05541,2022,7,1,1
05541,2022,8,4,4
05541,2022,10,1,1
05541,2022,11,1,1
05541,2022,12,3,3
05541,2023,1,1,1
05541,2023,4,1,1
05541,2023,5,4,4
05541,2023,6,3,3
05541,2023,7,3,3
05541,2023,8,2,2
05541,2023,9,5,5
05541,2023,10,5,5
05541,2023,11,2,2
05541,2023,12,2,2
05541,2024,1,9,9
05541,2024,3,4,4
05541,2024,4,3,3
05541,2024,5,3,3
05541,2024,6,6,6
05541,2024,7,1,1
05541,2024,8,2,2
05541,2024,9,1,1
05541,2024,10,2,2
05541,2024,11,2,2
05541,2024,12,1,1
05543,2021,8,1,1
05543,2021,10,1,1
05543,2021,11,1,1
05543,2021,12,1,1
05543,2022,3,1,1
05543,2022,4,1,1
05543,2022,5,3,3
05543,2022,6,1,1
05543,2022,10,1,1
05543,2022,11,1,1
05543,2023,2,1,1
05543,2023,4,1,1
05543,2023,6,1,1
05543,2023,11,2,2
05543,2024,1,1,1
05543,2024,2,1,1
05543,2024,3,1,1
05543,2024,4,4,4
05543,2024,5,1,1
05543,2024,6,3,3
05543,2024,10,2,2
05576,2021,5,1,1
05576,2022,2,2,2
05576,2022,4,1,1
05576,2022,7,3,3
05576,2022,9,1,1
05576,2023,2,1,1
05576,2023,4,1,1
05576,2023,5,3,3
05576,2023,6,2,2
05576,2023,7,3,3
05576,2023,10,2,2
05576,2023,11,2,2
05576,2023,12,1,1
05576,2024,1,1,1
05576,2024,2,4,4
05576,2024,8,1,1
05576,2024,10,1,1
05576,2024,12,2,2
05579,2021,1,1,1
05579,2021,9,1,1
05579,2021,10,2,2
05579,2021,11,3,3
05579,2022,1,3,3
05579,2022,2,2,2
05579,2022,3,3,3
05579,2022,4,1,1
05579,2022,5,1,1
05579,2022,6,1,1
05579,2022,7,1,1
05579,2022,8,3,3
05579,2022,9,2,2
05579,2022,11,1,1
05579,2022,12,3,3
05579,2023,1,1,1
05579,2023,2,1,1
05579,2023,4,2,2
05579,2023,5,3,3
05579,2023,6,1,1
05579,2023,7,1,1
05579,2023,8,1,1
05579,2023,9,2,2
05579,2023,10,1,1
05579,2024,4,2,2
05579,2024,6,1,1
05579,2024,12,3,3
05585,2021,11,1,1
05585,2022,1,1,1
05585,2022,6,1,1
05585,2022,9,1,1
05585,2022,10,1,1
05585,2022,12,1,1
05585,2023,5,2,2
05585,2023,7,1,1
05585,2023,10,2,2
05585,2023,12,1,1
05585,2024,4,1,1
05585,2024,7,1,1
05585,2024,10,1,1
05591,2021,1,1,1
05591,2021,2,1,1
05591,2021,5,2,2
05591,2021,6,1,1
05591,2021,10,1,1
05591,2021,11,2,2
05591,2021,12,1,1
05591,2022,1,1,1
05591,2022,3,1,1
05591,2022,7,1,1
05591,2022,9,1,1
05591,2022,10,1,1
05591,2023,1,3,3
05591,2023,2,2,2
05591,2023,3,3,3
05591,2023,5,1,1
05591,2023,6,1,1
05591,2023,9,1,1
05591,2023,10,1,1
05591,2023,11,1,1
05591,2024,1,2,2
05591,2024,2,1,1
05591,2024,3,3,3
05591,2024,6,3,3
05591,2024,7,1,1
05591,2024,9,3,3
05591,2024,10,1,1
05591,2024,12,1,1
05604,2021,1,2,2
05604,2021,8,1,1
05604,2021,9,2,2
05604,2021,10,1,1
05604,2021,11,1,1
05604,2021,12,2,2
05604,2022,2,2,2
05604,2022,5,1,1
05604,2022,9,2,2
05604,2022,10,2,2
05604,2022,11,2,2
05604,2022,12,2,2
05604,2023,1,1,1
05604,2023,4,1,1
05604,2023,5,2,2
05604,2023,7,3,3
05604,2023,8,1,1
05604,2023,10,3,3
05604,2024,2,1,1
05604,2024,3,1,1
05604,2024,9,2,2
05604,2024,10,1,1
05604,2024,11,1,1
05604,2024,12,3,3
05607,2021,1,1,1
05607,2021,2,1,1
05607,2021,3,1,1
05607,2021,4,2,2
05607,2021,5,1,1
05607,2021,7,2,2
05607,2021,9,7,7
05607,2021,11,1,1
05607,2022,2,2,2
05607,2022,3,1,1
05607,2022,4,1,1
05607,2022,5,1,1
05607,2022,7,1,1
05607,2022,8,2,2
05607,2022,9,2,2
05607,2022,10,2,2
05607,2022,11,4,4
05607,2022,12,1,1
05607,2023,1,2,2
05607,2023,2,2,2
05607,2023,3,1,1
05607,2023,4,1,1
05607,2023,6,1,1
05607,2023,7,3,3
05607,2023,9,1,1
05607,2023,10,1,1
05607,2023,11,1,1
05607,2023,12,1,1
05607,2024,1,1,1
05607,2024,3,2,2
05607,2024,4,1,1
05607,2024,5,2,2
05607,2024,6,1,1
05607,2024,7,2,2
05607,2024,8,2,2
05607,2024,9,3,3
05607,2024,12,2,2
05615,2021,1,13,13
05615,2021,2,13,13
05615,2021,3,11,11
05615,2021,4,9,9
05615,2021,5,9,9
05615,2021,6,5,5
05615,2021,7,10,10
05615,2021,8,10,10
05615,2021,9,18,18
05615,2021,10,11,11
05615,2021,11,14,14
05615,2021,12,12,12
05615,2022,1,15,15
05615,2022,2,13,13
05615,2022,3,26,26
05615,2022,4,16,16
05615,2022,5,20,20
05615,2022,6,9,9
05615,2022,7,20,20
05615,2022,8,13,13
05615,2022,9,24,24
05615,2022,10,19,19
05615,2022,11,25,25
05615,2022,12,17,17
05615,2023,1,24,24
05615,2023,2,15,15
05615,2023,3,12,12
05615,2023,4,32,32
05615,2023,5,23,23
05615,2023,6,19,19
05615,2023,7,15,15
05615,2023,8,24,24
05615,2023,9,15,15
05615,2023,10,22,22
05615,2023,11,28,28
05615,2023,12,19,19
05615,2024,1,12,12
05615,2024,2,17,17
05615,2024,3,20,20
05615,2024,4,18,18
05615,2024,5,13,13
05615,2024,6,22,22
05615,2024,7,28,28
05615,2024,8,24,24
05615,2024,9,29,29
05615,2024,10,19,19
05615,2024,11,11,11
05615,2024,12,9,9
05628,2021,2,1,1
05628,2021,4,1,1
05628,2022,4,1,1
05628,2023,1,1,1
05628,2023,6,1,1
05628,2023,8,1,1
05628,2023,10,1,1
05628,2023,12,1,1
05628,2024,2,1,1
05631,2021,2,6,6
05631,2021,3,2,2
05631,2021,5,2,2
05631,2021,6,6,6
05631,2021,7,2,2
05631,2021,8,4,4
05631,2021,9,4,4
05631,2021,11,3,3
05631,2021,12,2,2
05631,2022,1,2,2
05631,2022,2,2,2
05631,2022,3,2,2
05631,2022,4,7,7
05631,2022,5,2,2
05631,2022,6,3,3
05631,2022,7,3,3
05631,2022,8,5,5
05631,2022,9,2,2
05631,2022,10,13,13
05631,2022,11,6,6
05631,2022,12,9,9
05631,2023,1,4,4
05631,2023,2,11,11
05631,2023,3,12,12
05631,2023,4,6,6
05631,2023,5,7,7
05631,2023,6,5,5
05631,2023,7,5,5
05631,2023,8,9,9
05631,2023,9,2,2
05631,2023,10,4,4
05631,2023,11,12,12
05631,2023,12,9,9
05631,2024,1,8,8
05631,2024,2,5,5
05631,2024,3,5,5
05631,2024,4,7,7
05631,2024,5,8,8
05631,2024,6,14,14
05631,2024,7,6,6
05631,2024,8,5,5
05631,2024,9,7,7
05631,2024,10,11,11
05631,2024,11,6,6
05631,2024,12,7,7
05642,2021,1,1,1
05642,2021,2,1,1
05642,2021,4,1,1
05642,2021,7,2,2
05642,2021,8,1,1
05642,2021,9,2,2
05642,2021,10,1,1
05642,2021,11,1,1
05642,2022,2,1,1
05642,2022,3,2,2
05642,2022,4,1,1
05642,2022,7,2,2
05642,2022,8,1,1
05642,2022,11,1,1
05642,2023,1,1,1
05642,2023,3,1,1
05642,2023,4,1,1
05642,2023,11,1,1
05642,2023,12,1,1
05642,2024,1,1,1
05642,2024,2,1,1
05642,2024,3,1,1
05642,2024,4,4,4
05642,2024,5,3,3
05642,2024,6,2,2
05642,2024,8,1,1
05642,2024,11,2,2
05642,2024,12,1,1
05647,2021,7,1,1
05647,2021,9,1,1
05647,2022,2,1,1
05647,2022,3,1,1
05647,2023,10,2,2
05647,2024,1,1,1
05647,2024,4,2,2
05647,2024,5,1,1
05647,2024,6,1,1
05647,2024,9,1,1
05649,2021,3,1,1
05649,2021,8,1,1
05649,2022,8,2,2
05649,2022,11,1,1
05649,2023,4,1,1
05649,2023,5,2,2
05649,2023,6,1,1
05649,2023,7,2,2
05649,2023,9,2,2
05649,2023,11,1,1
05649,2024,1,2,2
05649,2024,4,2,2
05649,2024,8,2,2
05649,2024,10,2,2
05649,2024,11,1,1
05652,2021,4,1,1
05652,2021,6,1,1
05652,2021,8,1,1
05652,2022,3,1,1
05652,2022,4,1,1
05652,2022,9,1,1
05652,2022,10,1,1
05652,2023,8,1,1
05652,2023,10,1,1
05652,2023,12,1,1
05652,2024,1,1,1
05652,2024,6,1,1
05652,2024,11,1,1
05656,2021,1,2,2
05656,2021,3,2,2
05656,2021,5,1,1
05656,2021,6,1,1
05656,2021,7,1,1
05656,2021,8,1,1
05656,2021,9,1,1
05656,2021,11,3,3
05656,2021,12,1,1
05656,2022,1,1,1
05656,2022,2,2,2
05656,2022,3,3,3
05656,2022,4,1,1
05656,2022,6,1,1
05656,2022,8,1,1
05656,2022,10,4,4
05656,2022,11,1,1
05656,2023,1,2,2
05656,2023,8,1,1
05656,2023,11,2,2
05656,2024,2,1,1
05656,2024,7,1,1
05656,2024,8,1,1
05656,2024,9,1,1
05656,2024,10,2,2
05656,2024,11,1,1
05656,2024,12,1,1
05658,2022,5,1,1
05658,2022,6,1,1
05658,2022,9,1,1
05658,2022,10,2,2
05658,2023,5,2,2
05658,2024,3,3,3
05658,2024,7,1,1
05658,2024,10,1,1
05658,2024,11,1,1
05658,2024,12,1,1
05659,2021,1,1,1
05659,2021,4,1,1
05659,2021,5,1,1
05659,2021,8,1,1
05659,2021,9,1,1
05659,2021,11,1,1
05659,2022,2,2,2
05659,2022,3,1,1
05659,2022,4,2,2
05659,2022,6,1,1
05659,2022,9,2,2
05659,2022,11,2,2
05659,2022,12,1,1
05659,2023,1,1,1
05659,2023,5,1,1
05659,2023,6,1,1
05659,2023,7,1,1
05659,2024,1,1,1
05659,2024,3,2,2
05659,2024,4,2,2
05659,2024,5,1,1
05659,2024,7,1,1
05659,2024,8,1,1
05659,2024,10,1,1
05659,2024,12,1,1
05660,2021,2,1,1
05660,2021,4,1,1
05660,2021,5,2,2
05660,2021,7,4,4
05660,2021,11,3,3
05660,2021,12,1,1
05660,2022,1,1,1
05660,2022,2,1,1
05660,2022,3,3,3
05660,2022,4,2,2
05660,2022,5,3,3
05660,2022,6,2,2
05660,2022,7,1,1
05660,2022,8,3,3
05660,2022,10,1,1
05660,2022,11,1,1
05660,2022,12,1,1
05660,2023,1,2,2
05660,2023,2,1,1
05660,2023,3,2,2
05660,2023,4,2,2
05660,2023,7,1,1
05660,2023,8,1,1
05660,2023,10,1,1
05660,2023,12,1,1
05660,2024,1,2,2
05660,2024,4,2,2
05660,2024,5,1,1
05660,2024,6,1,1
05660,2024,9,1,1
05664,2021,2,3,3
05664,2021,3,3,3
05664,2021,4,2,2
05664,2021,5,2,2
05664,2021,7,1,1
05664,2021,8,1,1
05664,2021,9,1,1
05664,2021,10,7,7
05664,2021,11,3,3
05664,2021,12,2,2
05664,2022,1,2,2
05664,2022,2,1,1
05664,2022,3,1,1
05664,2022,4,2,2
05664,2022,6,1,1
05664,2022,7,1,1
05664,2022,8,1,1
05664,2022,9,1,1
05664,2023,5,3,3
05664,2023,8,4,4
05664,2023,9,1,1
05664,2023,10,4,4
05664,2023,12,1,1
05664,2024,1,1,1
05664,2024,2,2,2
05664,2024,3,5,5
05664,2024,4,5,5
05664,2024,5,2,2
05664,2024,6,5,5
05664,2024,7,6,6
05664,2024,8,4,4
05664,2024,9,2,2
05664,2024,10,3,3
05664,2024,11,2,2
05664,2024,12,2,2
05665,2021,2,1,1
05665,2021,3,1,1
05665,2021,4,1,1
05665,2021,5,1,1
05665,2021,6,1,1
05665,2021,8,1,1
05665,2021,9,1,1
05665,2022,4,1,1
05665,2022,5,1,1
05665,2022,7,1,1
05665,2022,8,2,2
05665,2022,10,1,1
05665,2022,11,2,2
05665,2022,12,1,1
05665,2023,1,2,2
05665,2023,4,2,2
05665,2023,6,1,1
05665,2023,8,2,2
05665,2023,10,2,2
05665,2024,2,1,1
05665,2024,5,1,1
05665,2024,6,1,1
05665,2024,8,1,1
05665,2024,9,1,1
05665,2024,10,2,2
05665,2024,11,3,3
05667,2021,4,1,1
05667,2021,7,1,1
05667,2021,10,1,1
05667,2022,1,1,1
05667,2022,5,2,2
05667,2022,7,1,1
05667,2022,10,1,1
05667,2022,11,2,2
05667,2022,12,1,1
05667,2023,1,1,1
05667,2023,2,1,1
05667,2023,3,1,1
05667,2023,4,1,1
05667,2023,5,1,1
05667,2023,8,1,1
05667,2024,1,1,1
05667,2024,3,2,2
05667,2024,12,1,1
05670,2021,2,1,1
05670,2021,4,2,2
05670,2021,8,1,1
05670,2021,9,1,1
05670,2021,10,2,2
05670,2021,11,1,1
05670,2021,12,1,1
05670,2022,6,2,2
05670,2022,8,1,1
05670,2022,10,1,1
05670,2022,11,1,1
05670,2022,12,1,1
05670,2023,1,1,1
05670,2023,7,1,1
05670,2023,9,1,1
05670,2023,10,1,1
05670,2023,11,1,1
05670,2023,12,1,1
05670,2024,3,1,1
05670,2024,4,1,1
05670,2024,5,1,1
05670,2024,7,4,4
05670,2024,9,3,3
05670,2024,10,2,2
05670,2024,11,2,2
05674,2021,1,1,1
05674,2021,4,2,2
05674,2021,5,1,1
05674,2021,6,1,1
05674,2021,7,1,1
05674,2021,8,3,3
05674,2021,10,1,1
05674,2021,12,1,1
05674,2022,2,1,1
05674,2022,3,1,1
05674,2022,5,1,1
05674,2022,7,3,3
05674,2022,8,3,3
05674,2022,9,3,3
05674,2022,11,3,3
05674,2022,12,1,1
05674,2023,1,1,1
05674,2023,5,1,1
05674,2023,6,2,2
05674,2023,7,1,1
05674,2023,8,4,4
05674,2023,10,2,2
05674,2023,11,1,1
05674,2023,12,1,1
05674,2024,3,3,3
05674,2024,5,2,2
05674,2024,6,1,1
05674,2024,8,3,3
05674,2024,9,1,1
05674,2024,11,1,1
05674,2024,12,1,1
05679,2021,4,1,1
05679,2021,6,1,1
05679,2021,7,1,1
05679,2021,8,1,1
05679,2021,9,1,1
05679,2021,10,2,2
05679,2021,11,2,2
05679,2022,1,2,2
05679,2022,3,3,3
05679,2022,6,1,1
05679,2022,8,1,1
05679,2022,9,2,2
05679,2022,11,1,1
05679,2023,3,5,5
05679,2023,4,1,1
05679,2023,5,3,3
05679,2023,6,2,2
05679,2023,7,4,4
05679,2023,8,2,2
05679,2023,9,3,3
05679,2023,11,1,1
05679,2024,2,1,1
05679,2024,3,2,2
05679,2024,5,5,5
05679,2024,6,2,2
05679,2024,7,1,1
05679,2024,10,1,1
05679,2024,11,1,1
05679,2024,12,1,1
05686,2021,1,6,6
05686,2021,2,1,1
05686,2021,3,3,3
05686,2021,4,1,1
05686,2021,5,5,5
05686,2021,6,2,2
05686,2021,7,9,9
05686,2021,8,2,2
05686,2021,10,1,1
05686,2022,1,2,2
05686,2022,2,1,1
05686,2022,3,2,2
05686,2022,4,4,4
05686,2022,5,5,5
05686,2022,6,4,4
05686,2022,7,2,2
05686,2022,8,3,3
05686,2022,9,4,4
05686,2022,10,6,6
05686,2022,11,3,3
05686,2022,12,6,6
05686,2023,2,1,1
05686,2023,3,2,2
05686,2023,4,3,3
05686,2023,5,8,8
05686,2023,6,8,8
05686,2023,7,6,6
05686,2023,8,6,6
05686,2023,9,2,2
05686,2023,10,2,2
05686,2023,11,2,2
05686,2024,1,2,2
05686,2024,3,1,1
05686,2024,4,1,1
05686,2024,5,1,1
05686,2024,6,2,2
05686,2024,7,7,7
05686,2024,8,2,2
05686,2024,9,5,5
05686,2024,10,1,1
05686,2024,11,1,1
05686,2024,12,5,5
05690,2021,2,2,2
05690,2021,3,1,1
05690,2021,4,1,1
05690,2021,5,1,1
05690,2021,10,1,1
05690,2021,11,3,3
05690,2021,12,1,1
05690,2022,2,1,1
05690,2022,4,1,1
05690,2022,7,1,1
05690,2022,8,1,1
05690,2022,11,3,3
05690,2023,1,1,1
05690,2023,2,1,1
05690,2023,3,2,2
05690,2023,4,1,1
05690,2023,5,1,1
05690,2023,6,1,1
05690,2023,7,1,1
05690,2023,8,1,1
05690,2023,9,1,1
05690,2023,10,1,1
05690,2024,1,3,3
05690,2024,2,2,2
05690,2024,3,3,3
05690,2024,4,1,1
05690,2024,8,2,2
05690,2024,9,1,1
05690,2024,10,1,1
05690,2024,11,1,1
05697,2021,1,1,1
05697,2021,2,3,3
05697,2021,3,3,3
05697,2021,4,5,5
05697,2021,5,2,2
05697,2021,6,1,1
05697,2021,7,2,2
05697,2021,8,5,5
05697,2021,9,6,6
05697,2021,10,4,4
05697,2021,11,2,2
05697,2021,12,2,2
05697,2022,1,2,2
05697,2022,2,7,7
05697,2022,3,5,5
05697,2022,4,6,6
05697,2022,5,4,4
05697,2022,6,4,4
05697,2022,7,6,6
05697,2022,8,12,12
05697,2022,9,7,7
05697,2022,10,5,5
05697,2022,11,7,7
05697,2022,12,6,6
05697,2023,1,6,6
05697,2023,2,6,6
05697,2023,3,3,3
05697,2023,4,1,1
05697,2023,5,3,3
05697,2023,6,5,5
05697,2023,7,2,2
05697,2023,8,3,3
05697,2023,9,5,5
05697,2023,10,1,1
05697,2023,11,10,10
05697,2024,2,4,4
05697,2024,4,1,1
05697,2024,5,3,3
05697,2024,7,1,1
05697,2024,8,5,5
05697,2024,9,1,1
05697,2024,11,1,1
05697,2024,12,1,1
05736,2021,2,1,1
05736,2021,3,1,1
05736,2021,4,1,1
05736,2021,5,2,2
05736,2021,6,2,2
05736,2021,8,3,3
05736,2021,9,2,2
05736,2021,10,4,4
05736,2021,11,3,3
05736,2021,12,3,3
05736,2022,1,4,4
05736,2022,2,1,1
05736,2022,3,2,2
05736,2022,4,1,1
05736,2022,5,2,2
05736,2022,6,3,3
05736,2022,7,6,6
05736,2022,8,2,2
05736,2022,9,6,6
05736,2022,10,8,8
05736,2022,12,2,2
05736,2023,1,1,1
05736,2023,3,1,1
05736,2023,4,2,2
05736,2023,5,4,4
05736,2023,6,3,3
05736,2023,7,1,1
05736,2023,8,2,2
05736,2023,9,2,2
05736,2023,10,2,2
05736,2023,11,3,3
05736,2023,12,2,2
05736,2024,1,1,1
05736,2024,2,2,2
05736,2024,4,2,2
05736,2024,9,2,2
05736,2024,11,3,3
05736,2024,12,3,3
05756,2021,1,3,3
05756,2021,2,1,1
05756,2021,3,5,5
05756,2021,4,4,4
05756,2021,5,5,5
05756,2021,7,2,2
05756,2021,8,7,7
05756,2021,9,5,5
05756,2021,10,5,5
05756,2021,11,3,3
05756,2021,12,5,5
05756,2022,1,2,2
05756,2022,2,3,3
05756,2022,3,3,3
05756,2022,4,4,4
05756,2022,5,7,7
05756,2022,6,3,3
05756,2022,7,7,7
05756,2022,8,2,2
05756,2022,9,2,2
05756,2022,10,5,5
05756,2022,12,2,2
05756,2023,1,8,8
05756,2023,2,3,3
05756,2023,3,9,9
05756,2023,4,1,1
05756,2023,5,3,3
05756,2023,6,4,4
05756,2023,8,4,4
05756,2023,9,2,2
05756,2023,10,1,1
05756,2023,11,3,3
05756,2023,12,2,2
05756,2024,1,1,1
05756,2024,2,5,5
05756,2024,3,1,1
05756,2024,4,5,5
05756,2024,5,2,2
05756,2024,6,4,4
05756,2024,7,1,1
05756,2024,8,4,4
05756,2024,9,2,2
05756,2024,10,1,1
05756,2024,12,6,6
05761,2021,12,2,2
05761,2022,3,1,1
05761,2022,4,1,1
05761,2022,5,1,1
05761,2022,10,1,1
05761,2022,12,2,2
05761,2023,4,1,1
05761,2023,5,2,2
05761,2023,6,2,2
05761,2023,10,2,2
05761,2023,11,2,2
05761,2023,12,2,2
05761,2024,1,1,1
05761,2024,2,2,2
05761,2024,3,3,3
05761,2024,4,1,1
05761,2024,5,1,1
05761,2024,7,1,1
05761,2024,8,3,3
05761,2024,9,1,1
05761,2024,10,1,1
05761,2024,11,4,4
05761,2024,12,1,1
05789,2021,1,1,1
05789,2021,6,1,1
05789,2021,7,1,1
05789,2021,8,3,3
05789,2021,10,1,1
05789,2022,2,5,5
05789,2022,3,1,1
05789,2022,6,1,1
05789,2022,7,2,2
05789,2022,10,6,6
05789,2022,11,1,1
05789,2023,1,1,1
05789,2023,3,1,1
05789,2023,4,2,2
05789,2023,6,2,2
05789,2023,9,1,1
05789,2023,10,1,1
05789,2024,5,1,1
05789,2024,8,1,1
05789,2024,9,4,4
05790,2021,1,2,2
05790,2021,4,1,1
05790,2021,6,1,1
05790,2021,7,3,3
05790,2021,9,3,3
05790,2021,11,1,1
05790,2022,7,2,2
05790,2022,8,3,3
05790,2022,9,2,2
05790,2022,10,1,1
05790,2022,11,1,1
05790,2022,12,2,2
05790,2023,1,2,2
05790,2023,3,1,1
05790,2023,5,4,4
05790,2023,6,2,2
05790,2023,7,1,1
05790,2023,8,1,1
05790,2023,9,6,6
05790,2023,10,1,1
05790,2023,11,2,2
05790,2023,12,1,1
05790,2024,1,1,1
05790,2024,3,3,3
05790,2024,5,1,1
05790,2024,7,2,2
05790,2024,8,2,2
05790,2024,9,3,3
05790,2024,10,2,2
05790,2024,11,1,1
05792,2021,2,1,1
05792,2021,3,2,2
05792,2021,4,1,1
05792,2021,8,3,3
05792,2022,1,1,1
05792,2022,2,1,1
05792,2022,5,1,1
05792,2022,7,1,1
05792,2022,9,1,1
05792,2022,11,1,1
05792,2023,5,1,1
05792,2023,7,3,3
05792,2023,8,2,2
05792,2023,9,1,1
05792,2024,2,1,1
05792,2024,7,1,1
05792,2024,8,1,1
05792,2024,9,1,1
05792,2024,10,1,1
05792,2024,11,1,1
05809,2021,4,2,2
05809,2021,5,1,1
05809,2021,9,2,2
05809,2022,7,1,1
05809,2022,12,1,1
05809,2023,1,1,1
05809,2023,7,1,1
05809,2023,8,1,1
05809,2023,9,2,2
05809,2023,12,1,1
05809,2024,4,1,1
05809,2024,9,3,3
05809,2024,10,1,1
05809,2024,11,3,3
05809,2024,12,1,1
05819,2021,1,1,1
05819,2021,2,1,1
05819,2021,6,1,1
05819,2021,7,2,2
05819,2021,8,1,1
05819,2022,2,1,1
05819,2022,8,2,2
05819,2023,5,1,1
05819,2023,9,1,1
05819,2023,10,3,3
05819,2024,3,1,1
05819,2024,5,1,1
05819,2024,8,1,1
05837,2021,4,1,1
05837,2021,5,4,4
05837,2021,7,2,2
05837,2021,8,1,1
05837,2021,9,2,2
05837,2021,10,2,2
05837,2021,11,4,4
05837,2021,12,4,4
05837,2022,1,3,3
05837,2022,2,2,2
05837,2022,3,4,4
05837,2022,4,2,2
05837,2022,5,4,4
05837,2022,6,2,2
05837,2022,7,4,4
05837,2022,8,5,5
05837,2022,9,10,10
05837,2022,10,7,7
05837,2022,11,5,5
05837,2022,12,2,2
05837,2023,1,3,3
05837,2023,2,2,2
05837,2023,3,1,1
05837,2023,4,6,6
05837,2023,5,6,6
05837,2023,6,6,6
05837,2023,7,4,4
05837,2023,8,1,1
05837,2023,9,5,5
05837,2023,10,2,2
05837,2023,11,2,2
05837,2023,12,6,6
05837,2024,1,10,10
05837,2024,2,2,2
05837,2024,3,11,11
05837,2024,4,6,6
05837,2024,5,5,5
05837,2024,6,7,7
05837,2024,7,4,4
05837,2024,8,9,9
05837,2024,9,8,8
05837,2024,10,6,6
05837,2024,11,3,3
05837,2024,12,5,5
05842,2021,2,1,1
05842,2024,1,1,1
05842,2024,4,1,1
05847,2021,1,1,1
05847,2021,2,1,1
05847,2021,3,4,4
05847,2021,4,1,1
05847,2021,5,1,1
05847,2021,8,2,2
05847,2021,10,1,1
05847,2021,11,2,2
05847,2022,1,1,1
05847,2022,3,3,3
05847,2022,4,4,4
05847,2022,6,1,1
05847,2022,9,1,1
05847,2022,10,2,2
05847,2023,1,1,1
05847,2023,2,1,1
05847,2023,3,1,1
05847,2023,4,1,1
05847,2023,8,1,1
05847,2023,9,1,1
05847,2023,10,2,2
05847,2024,1,3,3
05847,2024,2,2,2
05847,2024,4,2,2
05847,2024,5,1,1
05847,2024,7,3,3
05847,2024,8,2,2
05847,2024,9,2,2
05847,2024,11,1,1
05854,2021,1,1,1
05854,2021,2,1,1
05854,2021,4,1,1
05854,2021,5,2,2
05854,2021,6,2,2
05854,2021,7,2,2
05854,2021,8,1,1
05854,2021,10,1,1
05854,2021,11,2,2
05854,2021,12,1,1
05854,2022,1,1,1
05854,2022,2,1,1
05854,2022,4,3,3
05854,2022,5,2,2
05854,2022,7,2,2
05854,2022,9,1,1
05854,2022,10,1,1
05854,2022,12,1,1
05854,2023,2,4,4
05854,2023,3,2,2
05854,2023,4,5,5
05854,2023,5,1,1
05854,2023,7,1,1
05854,2023,11,1,1
05854,2024,1,2,2
05854,2024,4,1,1
05854,2024,5,1,1
05854,2024,6,1,1
05854,2024,7,1,1
05854,2024,11,1,1
05854,2024,12,1,1
05856,2021,6,1,1
05856,2021,11,1,1
05856,2022,10,1,1
05856,2022,11,1,1
05856,2022,12,1,1
05856,2023,3,1,1
05856,2023,5,1,1
05856,2023,9,1,1
05856,2024,8,1,1
05858,2021,2,2,2
05858,2021,3,2,2
05858,2021,4,2,2
05858,2021,7,1,1
05858,2022,2,1,1
05858,2022,3,1,1
05858,2022,4,1,1
05858,2022,5,1,1
05858,2022,7,4,4
05858,2022,8,1,1
05858,2022,9,1,1
05858,2022,10,1,1
05858,2022,12,2,2
05858,2023,1,1,1
05858,2023,2,1,1
05858,2023,4,2,2
05858,2023,5,1,1
05858,2023,8,2,2
05858,2023,9,1,1
05858,2023,10,2,2
05858,2023,11,2,2
05858,2023,12,1,1
05858,2024,3,3,3
05858,2024,5,1,1
05858,2024,6,1,1
05858,2024,8,2,2
05858,2024,10,2,2
05858,2024,12,1,1
05861,2021,1,1,1
05861,2021,3,1,1
05861,2021,5,2,2
05861,2021,6,1,1
05861,2021,7,1,1
05861,2022,5,2,2
05861,2023,2,1,1
05861,2023,3,1,1
05861,2023,5,2,2
05861,2023,6,1,1
05861,2023,9,1,1
05861,2023,10,2,2
05861,2023,12,2,2
05861,2024,1,2,2
05861,2024,2,2,2
05861,2024,3,1,1
05861,2024,5,1,1
05861,2024,8,1,1
05861,2024,9,2,2
05873,2023,2,1,1
05885,2021,1,1,1
05885,2021,3,1,1
05885,2021,4,1,1
05885,2021,5,2,2
05885,2021,9,1,1
05885,2021,12,1,1
05885,2022,2,1,1
05885,2022,4,1,1
05885,2022,6,1,1
05885,2022,9,1,1
05885,2023,7,1,1
05885,2023,9,1,1
05885,2023,11,1,1
05885,2024,3,1,1
05885,2024,4,1,1
05885,2024,5,2,2
05887,2021,1,2,2
05887,2021,2,4,4
05887,2021,3,3,3
05887,2021,4,4,4
05887,2021,5,5,5
05887,2021,6,4,4
05887,2021,8,1,1
05887,2021,9,2,2
05887,2021,10,6,6
05887,2021,11,4,4
05887,2021,12,4,4
05887,2022,1,4,4
05887,2022,2,7,7
05887,2022,3,3,3
05887,2022,4,10,10
05887,2022,5,7,7
05887,2022,6,6,6
05887,2022,7,6,6
05887,2022,8,10,10
05887,2022,9,1,1
05887,2022,10,7,7
05887,2022,11,10,10
05887,2022,12,4,4
05887,2023,1,4,4
05887,2023,2,5,5
05887,2023,3,8,8
05887,2023,4,4,4
05887,2023,5,5,5
05887,2023,6,2,2
05887,2023,7,3,3
05887,2023,8,7,7
05887,2023,9,7,7
05887,2023,10,6,6
05887,2023,11,5,5
05887,2023,12,2,2
05887,2024,1,5,5
05887,2024,2,5,5
05887,2024,3,2,2
05887,2024,4,4,4
05887,2024,6,2,2
05887,2024,7,5,5
05887,2024,8,10,10
05887,2024,9,6,6
05887,2024,10,3,3
05887,2024,11,8,8
05887,2024,12,4,4
05890,2021,2,2,2
05890,2021,5,1,1
05890,2021,9,1,1
05890,2021,10,2,2
05890,2021,11,2,2
05890,2022,1,1,1
05890,2022,2,1,1
05890,2022,3,1,1
05890,2022,4,1,1
05890,2022,6,1,1
05890,2022,7,2,2
05890,2022,9,1,1
05890,2022,10,1,1
05890,2023,1,2,2
05890,2023,2,1,1
05890,2023,3,2,2
05890,2023,4,1,1
05890,2023,6,1,1
05890,2023,7,1,1
05890,2023,9,1,1
05890,2023,10,2,2
05890,2023,11,2,2
05890,2024,1,1,1
05890,2024,2,1,1
05890,2024,3,2,2
05890,2024,5,2,2
05890,2024,6,2,2
05890,2024,7,1,1
05890,2024,10,1,1
05890,2024,11,3,3
05893,2021,4,1,1
05893,2021,5,2,2
05893,2021,6,1,1
05893,2021,9,2,2
05893,2022,2,1,1
05893,2022,4,1,1
05893,2022,8,2,2
05893,2022,9,1,1
05893,2022,12,1,1
05893,2023,1,1,1
05893,2023,3,1,1
05893,2023,4,2,2
05893,2023,7,2,2
05893,2023,9,1,1
05893,2023,10,2,2
05893,2023,11,1,1
05893,2024,1,1,1
05893,2024,3,3,3
05893,2024,6,1,1
05893,2024,7,2,2
05893,2024,11,1,1
05895,2021,2,2,2
05895,2021,3,1,1
05895,2021,5,2,2
05895,2021,6,1,1
05895,2021,7,1,1
05895,2021,9,4,4
05895,2021,11,3,3
05895,2021,12,2,2
05895,2022,3,3,3
05895,2022,4,5,5
05895,2022,7,1,1
05895,2022,8,1,1
05895,2022,9,2,2
05895,2023,2,1,1
05895,2023,3,1,1
05895,2023,5,2,2
05895,2023,6,2,2
05895,2023,8,1,1
05895,2023,9,3,3
05895,2023,10,2,2
05895,2023,11,1,1
05895,2023,12,1,1
05895,2024,3,2,2
05895,2024,5,1,1
05895,2024,7,2,2
05895,2024,9,1,1
05895,2024,10,2,2
05895,2024,11,1,1
05895,2024,12,1,1
08001,2021,1,57,57
08001,2021,2,59,59
08001,2021,3,75,75
08001,2021,4,37,37
08001,2021,5,71,71
08001,2021,6,63,63
08001,2021,7,74,74
08001,2021,8,81,81
08001,2021,9,73,73
08001,2021,10,78,78
08001,2021,11,63,63
08001,2021,12,55,55
08001,2022,1,49,49
08001,2022,2,65,65
08001,2022,3,90,90
08001,2022,4,87,87
08001,2022,5,75,75
08001,2022,6,76,76
08001,2022,7,88,88
08001,2022,8,92,92
08001,2022,9,91,91
08001,2022,10,89,89
08001,2022,11,84,84
08001,2022,12,74,74
08001,2023,1,78,78
08001,2023,2,76,76
08001,2023,3,78,78
08001,2023,4,93,93
08001,2023,5,87,87
08001,2023,6,107,107
08001,2023,7,88,88
08001,2023,8,85,85
08001,2023,9,108,108
08001,2023,10,103,103
08001,2023,11,111,111
08001,2023,12,64,64
08001,2024,1,53,53
08001,2024,2,66,66
08001,2024,3,114,114
08001,2024,4,93,93
08001,2024,5,100,100
08001,2024,6,65,65
08001,2024,7,84,84
08001,2024,8,92,92
08001,2024,9,106,106
08001,2024,10,86,86
08001,2024,11,79,79
08001,2024,12,72,72
08078,2021,1,4,4
08078,2021,2,4,4
08078,2021,3,4,4
08078,2021,4,2,2
08078,2021,5,3,3
08078,2021,6,4,4
08078,2021,7,4,4
08078,2021,8,5,5
08078,2021,9,2,2
08078,2021,10,1,1
08078,2021,11,4,4
08078,2021,12,5,5
08078,2022,1,5,5
08078,2022,2,7,7
08078,2022,3,6,6
08078,2022,4,3,3
08078,2022,5,5,5
08078,2022,6,3,3
08078,2022,7,4,4
08078,2022,8,4,4
08078,2022,9,5,5
08078,2022,10,2,2
08078,2022,11,3,3
08078,2022,12,3,3
08078,2023,1,4,4
08078,2023,2,9,9
08078,2023,3,8,8
08078,2023,4,7,7
08078,2023,5,8,8
08078,2023,6,6,6
08078,2023,7,8,8
08078,2023,8,7,7
08078,2023,9,4,4
08078,2023,10,5,5
08078,2023,11,10,10
08078,2023,12,1,1
08078,2024,1,4,4
08078,2024,2,3,3
08078,2024,3,10,10
08078,2024,4,2,2
08078,2024,5,6,6
08078,2024,6,11,11
08078,2024,7,2,2
08078,2024,8,3,3
08078,2024,9,5,5
08078,2024,10,11,11
08078,2024,11,4,4
08078,2024,12,1,1
08137,2021,6,1,1
08137,2021,8,1,1
08137,2021,10,1,1
08137,2021,12,1,1
08137,2022,2,2,2
08137,2022,4,2,2
08137,2022,5,1,1
08137,2022,11,1,1
08137,2024,3,2,2
08137,2024,7,1,1
08137,2024,9,1,1
08137,2024,10,3,3
08137,2024,11,3,3
08137,2024,12,3,3
08141,2021,2,1,1
08141,2021,5,1,1
08141,2021,6,1,1
08141,2021,8,2,2
08141,2021,10,1,1
08141,2021,11,1,1
08141,2022,2,1,1
08141,2022,4,1,1
08141,2022,5,2,2
08141,2022,9,2,2
08141,2023,1,1,1
08141,2023,2,1,1
08141,2023,5,2,2
08141,2023,6,1,1
08141,2023,7,2,2
08141,2023,8,3,3
08141,2023,11,1,1
08141,2023,12,1,1
08141,2024,1,1,1
08141,2024,2,1,1
08141,2024,3,1,1
08141,2024,4,1,1
08296,2021,1,3,3
08296,2021,2,2,2
08296,2021,3,1,1
08296,2021,4,3,3
08296,2021,5,6,6
08296,2021,6,4,4
08296,2021,7,3,3
08296,2021,8,3,3
08296,2021,9,5,5
08296,2021,10,1,1
08296,2021,12,1,1
08296,2022,1,2,2
08296,2022,2,2,2
08296,2022,3,5,5
08296,2022,4,24,24
08296,2022,5,16,16
08296,2022,6,12,12
08296,2022,7,7,7
08296,2022,8,5,5
08296,2022,10,2,2
08296,2022,11,2,2
08296,2022,12,4,4
08296,2023,1,3,3
08296,2023,2,6,6
08296,2023,3,4,4
08296,2023,4,3,3
08296,2023,5,8,8
08296,2023,6,7,7
08296,2023,7,5,5
08296,2023,8,9,9
08296,2023,10,7,7
08296,2023,11,5,5
08296,2023,12,1,1
08296,2024,1,2,2
08296,2024,2,2,2
08296,2024,3,7,7
08296,2024,4,8,8
08296,2024,5,8,8
08296,2024,6,2,2
08296,2024,7,7,7
08296,2024,8,6,6
08296,2024,9,9,9
08296,2024,10,4,4
08296,2024,11,2,2
08296,2024,12,4,4
08372,2021,1,2,2
08372,2021,2,2,2
08372,2021,4,3,3
08372,2021,6,1,1
08372,2021,7,1,1
08372,2021,8,1,1
08372,2021,9,3,3
08372,2021,11,2,2
08372,2022,1,3,3
08372,2022,2,1,1
08372,2022,3,1,1
08372,2022,4,3,3
08372,2022,5,5,5
08372,2022,6,3,3
08372,2022,7,2,2
08372,2022,8,2,2
08372,2022,9,3,3
08372,2022,10,3,3
08372,2022,11,1,1
08372,2022,12,2,2
08372,2023,1,3,3
08372,2023,3,1,1
08372,2023,5,2,2
08372,2023,6,4,4
08372,2023,7,2,2
08372,2023,8,2,2
08372,2023,9,6,6
08372,2023,10,3,3
08372,2023,11,1,1
08372,2023,12,1,1
08372,2024,3,3,3
08372,2024,4,2,2
08372,2024,5,2,2
08372,2024,6,1,1
08372,2024,7,2,2
08372,2024,8,2,2
08372,2024,10,7,7
08372,2024,11,3,3
08372,2024,12,1,1
08421,2021,1,1,1
08421,2021,2,1,1
08421,2021,4,1,1
08421,2021,11,1,1
08421,2022,2,1,1
08421,2022,4,1,1
08421,2022,5,1,1
08421,2022,7,1,1
08421,2022,9,1,1
08421,2022,10,2,2
08421,2022,11,2,2
08421,2023,2,2,2
08421,2023,3,1,1
08421,2023,4,2,2
08421,2023,6,1,1
08421,2024,3,1,1
08421,2024,4,2,2
08421,2024,5,2,2
08421,2024,6,1,1
08421,2024,7,1,1
08421,2024,8,2,2
08421,2024,10,2,2
08421,2024,11,3,3
08421,2024,12,1,1
08433,2021,1,1,1
08433,2021,2,4,4
08433,2021,3,8,8
08433,2021,4,3,3
08433,2021,5,10,10
08433,2021,6,7,7
08433,2021,7,5,5
08433,2021,8,4,4
08433,2021,9,8,8
08433,2021,10,7,7
08433,2021,11,3,3
08433,2021,12,3,3
08433,2022,1,4,4
08433,2022,2,5,5
08433,2022,3,5,5
08433,2022,4,3,3
08433,2022,5,13,13
08433,2022,6,7,7
08433,2022,7,16,16
08433,2022,8,7,7
08433,2022,9,8,8
08433,2022,10,8,8
08433,2022,11,7,7
08433,2022,12,4,4
08433,2023,1,8,8
08433,2023,2,4,4
08433,2023,3,4,4
08433,2023,4,16,16
08433,2023,5,12,12
08433,2023,6,16,16
08433,2023,7,14,14
08433,2023,8,8,8
08433,2023,9,14,14
08433,2023,10,13,13
08433,2023,11,12,12
08433,2023,12,7,7
08433,2024,1,9,9
08433,2024,2,6,6
08433,2024,3,5,5
08433,2024,4,20,20
08433,2024,5,10,10
08433,2024,6,9,9
08433,2024,7,9,9
08433,2024,8,20,20
08433,2024,9,12,12
08433,2024,10,15,15
08433,2024,11,9,9
08433,2024,12,7,7
08436,2021,1,2,2
08436,2021,6,1,1
08436,2021,7,1,1
08436,2021,8,2,2
08436,2021,9,1,1
08436,2021,11,1,1
08436,2021,12,1,1
08436,2022,3,2,2
08436,2022,6,1,1
08436,2022,7,2,2
08436,2023,4,1,1
08436,2023,8,2,2
08436,2023,9,1,1
08436,2024,1,4,4
08436,2024,3,3,3
08436,2024,4,1,1
08436,2024,5,3,3
08436,2024,6,3,3
08436,2024,7,1,1
08436,2024,9,1,1
08436,2024,10,1,1
08436,2024,11,4,4
08436,2024,12,2,2
08520,2021,1,3,3
08520,2021,2,2,2
08520,2021,3,4,4
08520,2021,4,1,1
08520,2021,6,2,2
08520,2021,8,1,1
08520,2021,9,1,1
08520,2021,10,1,1
08520,2021,11,2,2
08520,2021,12,2,2
08520,2022,2,1,1
08520,2022,3,1,1
08520,2022,5,2,2
08520,2022,7,2,2
08520,2022,8,2,2
08520,2022,9,2,2
08520,2022,10,2,2
08520,2022,11,3,3
08520,2022,12,1,1
08520,2023,4,1,1
08520,2023,5,6,6
08520,2023,6,4,4
08520,2023,7,1,1
08520,2023,8,1,1
08520,2023,9,4,4
08520,2023,10,2,2
08520,2023,11,1,1
08520,2023,12,1,1
08520,2024,1,5,5
08520,2024,2,1,1
08520,2024,3,1,1
08520,2024,4,2,2
08520,2024,5,1,1
08520,2024,6,2,2
08520,2024,7,3,3
08520,2024,10,3,3
08520,2024,11,1,1
08520,2024,12,1,1
08549,2021,2,1,1
08549,2021,3,1,1
08549,2021,5,1,1
08549,2022,1,1,1
08549,2022,3,2,2
08549,2022,7,1,1
08549,2022,11,1,1
08549,2023,2,1,1
08549,2023,5,1,1
08549,2023,7,1,1
08549,2024,6,1,1
08549,2024,7,1,1
08558,2021,2,2,2
08558,2021,3,1,1
08558,2021,5,2,2
08558,2021,8,1,1
08558,2021,9,1,1
08558,2021,11,2,2
08558,2021,12,1,1
08558,2022,1,1,1
08558,2022,2,1,1
08558,2022,5,1,1
08558,2022,6,1,1
08558,2022,8,1,1
08558,2022,9,2,2
08558,2023,2,2,2
08558,2023,4,1,1
08558,2023,5,2,2
08558,2023,9,1,1
08558,2023,10,2,2
08558,2023,11,2,2
08558,2024,2,1,1
08558,2024,4,3,3
08558,2024,7,4,4
08558,2024,8,2,2
08560,2021,2,1,1
08560,2021,3,2,2
08560,2021,4,1,1
08560,2021,5,1,1
08560,2021,6,2,2
08560,2021,8,1,1
08560,2021,10,1,1
08560,2021,11,2,2
08560,2021,12,1,1
08560,2022,1,2,2
08560,2022,2,1,1
08560,2022,3,1,1
08560,2022,4,1,1
08560,2022,5,2,2
08560,2022,6,2,2
08560,2022,7,2,2
08560,2022,8,1,1
08560,2022,9,1,1
08560,2022,10,1,1
08560,2022,12,3,3
08560,2023,1,1,1
08560,2023,2,1,1
08560,2023,3,1,1
08560,2023,4,1,1
08560,2023,5,2,2
08560,2023,6,2,2
08560,2023,7,2,2
08560,2023,8,1,1
08560,2023,9,2,2
08560,2023,10,1,1
08560,2023,11,3,3
08560,2023,12,1,1
08560,2024,1,2,2
08560,2024,2,2,2
08560,2024,3,3,3
08560,2024,4,2,2
08560,2024,5,2,2
08560,2024,6,2,2
08560,2024,7,2,2
08560,2024,9,1,1
08560,2024,10,3,3
08560,2024,11,2,2
08573,2021,1,3,3
08573,2021,2,2,2
08573,2021,3,3,3
08573,2021,4,2,2
08573,2021,5,2,2
08573,2021,6,4,4
08573,2021,7,3,3
08573,2021,8,1,1
08573,2021,9,1,1
08573,2021,10,3,3
08573,2021,11,1,1
08573,2021,12,2,2
08573,2022,1,3,3
08573,2022,2,3,3
08573,2022,4,1,1
08573,2022,5,2,2
08573,2022,6,2,2
08573,2022,7,2,2
08573,2022,8,4,4
08573,2022,9,5,5
08573,2022,10,2,2
08573,2022,11,2,2
08573,2022,12,6,6
08573,2023,1,4,4
08573,2023,2,5,5
08573,2023,3,3,3
08573,2023,4,4,4
08573,2023,5,6,6
08573,2023,6,10,10
08573,2023,7,4,4
08573,2023,8,8,8
08573,2023,9,4,4
08573,2023,10,4,4
08573,2023,11,5,5
08573,2023,12,4,4
08573,2024,1,1,1
08573,2024,2,2,2
08573,2024,3,4,4
08573,2024,4,5,5
08573,2024,5,4,4
08573,2024,6,2,2
08573,2024,7,3,3
08573,2024,8,4,4
08573,2024,9,5,5
08573,2024,10,4,4
08573,2024,11,4,4
08573,2024,12,3,3
08606,2021,1,1,1
08606,2021,9,1,1
08606,2021,10,2,2
08606,2021,12,1,1
08606,2022,5,1,1
08606,2022,7,3,3
08606,2022,8,1,1
08606,2022,9,2,2
08606,2022,10,2,2
08606,2023,1,2,2
08606,2023,2,1,1
08606,2023,4,1,1
08606,2023,6,1,1
08606,2023,8,2,2
08606,2023,10,2,2
08606,2024,1,1,1
08606,2024,2,1,1
08606,2024,4,1,1
08606,2024,6,1,1
08606,2024,8,2,2
08606,2024,9,1,1
08634,2021,1,3,3
08634,2021,2,1,1
08634,2021,3,2,2
08634,2021,6,1,1
08634,2021,7,2,2
08634,2021,9,1,1
08634,2021,10,3,3
08634,2021,12,2,2
08634,2022,1,3,3
08634,2022,2,1,1
08634,2022,3,9,9
08634,2022,4,2,2
08634,2022,5,1,1
08634,2022,6,1,1
08634,2022,7,1,1
08634,2022,8,2,2
08634,2022,9,2,2
08634,2022,10,4,4
08634,2022,11,5,5
08634,2022,12,6,6
08634,2023,1,2,2
08634,2023,2,3,3
08634,2023,3,4,4
08634,2023,4,6,6
08634,2023,5,5,5
08634,2023,6,3,3
08634,2023,7,4,4
08634,2023,8,2,2
08634,2023,9,2,2
08634,2023,10,2,2
08634,2023,11,4,4
08634,2023,12,1,1
08634,2024,1,5,5
08634,2024,2,2,2
08634,2024,3,5,5
08634,2024,4,6,6
08634,2024,5,3,3
08634,2024,6,1,1
08634,2024,7,5,5
08634,2024,8,4,4
08634,2024,9,3,3
08634,2024,10,5,5
08634,2024,11,4,4
08634,2024,12,3,3
08638,2021,1,5,5
08638,2021,2,5,5
08638,2021,3,6,6
08638,2021,4,4,4
08638,2021,5,3,3
08638,2021,6,5,5
08638,2021,7,8,8
08638,2021,8,3,3
08638,2021,9,7,7
08638,2021,10,8,8
08638,2021,11,4,4
08638,2021,12,1,1
08638,2022,1,5,5
08638,2022,2,7,7
08638,2022,3,7,7
08638,2022,4,4,4
08638,2022,5,5,5
08638,2022,6,6,6
08638,2022,7,6,6
08638,2022,8,2,2
08638,2022,9,3,3
08638,2022,10,6,6
08638,2022,11,4,4
08638,2022,12,1,1
08638,2023,1,3,3
08638,2023,2,4,4
08638,2023,3,6,6
08638,2023,4,6,6
08638,2023,5,8,8
08638,2023,6,4,4
08638,2023,7,5,5
08638,2023,8,9,9
08638,2023,9,22,22
08638,2023,10,11,11
08638,2023,11,6,6
08638,2023,12,8,8
08638,2024,1,11,11
08638,2024,2,5,5
08638,2024,3,5,5
08638,2024,4,12,12
08638,2024,5,15,15
08638,2024,6,7,7
08638,2024,7,5,5
08638,2024,8,6,6
08638,2024,9,10,10
08638,2024,10,12,12
08638,2024,11,8,8
08638,2024,12,8,8
08675,2021,2,2,2
08675,2021,3,2,2
08675,2021,5,1,1
08675,2021,8,1,1
08675,2022,5,1,1
08675,2023,5,1,1
08675,2023,7,1,1
08675,2023,8,1,1
08675,2023,11,1,1
08675,2023,12,2,2
08675,2024,3,1,1
08675,2024,4,2,2
08675,2024,10,2,2
08675,2024,11,2,2
08685,2021,2,3,3
08685,2021,4,1,1
08685,2021,8,1,1
08685,2021,9,1,1
08685,2021,11,1,1
08685,2021,12,1,1
08685,2022,1,2,2
08685,2022,3,1,1
08685,2022,5,2,2
08685,2022,7,1,1
08685,2022,9,3,3
08685,2022,10,3,3
08685,2022,11,3,3
08685,2023,1,2,2
08685,2023,2,1,1
08685,2023,3,3,3
08685,2023,4,2,2
08685,2023,5,2,2
08685,2023,6,1,1
08685,2023,9,5,5
08685,2023,10,2,2
08685,2023,11,1,1
08685,2023,12,1,1
08685,2024,1,1,1
08685,2024,2,2,2
08685,2024,4,5,5
08685,2024,5,1,1
08685,2024,6,1,1
08685,2024,8,2,2
08685,2024,9,1,1
08685,2024,10,5,5
08685,2024,11,1,1
08685,2024,12,2,2
08758,2021,1,22,22
08758,2021,2,28,28
08758,2021,3,21,21
08758,2021,4,21,21
08758,2021,5,25,25
08758,2021,6,31,31
08758,2021,7,30,30
08758,2021,8,27,27
08758,2021,9,35,35
08758,2021,10,35,35
08758,2021,11,37,37
08758,2021,12,28,28
08758,2022,1,24,24
08758,2022,2,34,34
08758,2022,3,40,40
08758,2022,4,31,31
08758,2022,5,40,40
08758,2022,6,36,36
08758,2022,7,29,29
08758,2022,8,40,40
08758,2022,9,27,27
08758,2022,10,42,42
08758,2022,11,33,33
08758,2022,12,31,31
08758,2023,1,45,45
08758,2023,2,24,24
08758,2023,3,52,52
08758,2023,4,49,49
08758,2023,5,47,47
08758,2023,6,51,51
08758,2023,7,44,44
08758,2023,8,62,62
08758,2023,9,40,40
08758,2023,10,41,41
08758,2023,11,45,45
08758,2023,12,30,30
08758,2024,1,34,34
08758,2024,2,28,28
08758,2024,3,50,50
08758,2024,4,33,33
08758,2024,5,50,50
08758,2024,6,33,33
08758,2024,7,39,39
08758,2024,8,35,35
08758,2024,9,36,36
08758,2024,10,56,56
08758,2024,11,43,43
08758,2024,12,28,28
08770,2021,8,1,1
08770,2021,9,2,2
08770,2021,10,1,1
08770,2021,11,2,2
08770,2022,3,1,1
08770,2022,4,3,3
08770,2022,5,1,1
08770,2022,7,1,1
08770,2022,8,2,2
08770,2022,10,1,1
08770,2022,12,2,2
08770,2023,1,1,1
08770,2023,2,2,2
08770,2023,3,2,2
08770,2023,5,2,2
08770,2023,10,1,1
08770,2023,11,1,1
08770,2024,1,1,1
08770,2024,2,1,1
08770,2024,3,1,1
08770,2024,4,2,2
08770,2024,5,3,3
08770,2024,7,1,1
08770,2024,8,4,4
08770,2024,9,1,1
08770,2024,11,1,1
08770,2024,12,2,2
08832,2021,1,2,2
08832,2021,2,1,1
08832,2021,3,2,2
08832,2021,8,2,2
08832,2021,9,1,1
08832,2021,10,1,1
08832,2022,1,1,1
08832,2022,6,2,2
08832,2022,8,1,1
08832,2022,10,1,1
08832,2022,11,1,1
08832,2023,6,1,1
08832,2023,8,3,3
08832,2023,10,1,1
08832,2024,3,1,1
08832,2024,8,1,1
08832,2024,10,1,1
08849,2021,5,1,1
08849,2022,1,1,1
08849,2022,2,1,1
08849,2022,3,1,1
08849,2022,4,1,1
08849,2022,7,2,2
08849,2022,9,1,1
08849,2022,10,1,1
08849,2023,3,1,1
08849,2023,6,1,1
08849,2023,10,1,1
08849,2023,12,1,1
08849,2024,1,1,1
08849,2024,2,2,2
08849,2024,3,1,1
08849,2024,4,1,1
08849,2024,7,2,2
08849,2024,8,1,1
08849,2024,9,2,2
08849,2024,10,1,1
11001,2021,1,248,248
11001,2021,2,312,312
11001,2021,3,409,409
11001,2021,4,367,367
11001,2021,5,329,329
11001,2021,6,317,317
11001,2021,7,372,372
11001,2021,8,518,518
11001,2021,9,486,486
11001,2021,10,443,443
11001,2021,11,436,436
11001,2021,12,349,349
11001,2022,1,285,285
11001,2022,2,444,444
11001,2022,3,459,459
11001,2022,4,437,437
11001,2022,5,530,530
11001,2022,6,443,443
11001,2022,7,469,469
11001,2022,8,522,522
11001,2022,9,589,589
11001,2022,10,533,533
11001,2022,11,594,594
11001,2022,12,434,434
11001,2023,1,425,425
11001,2023,2,455,455
11001,2023,3,588,588
11001,2023,4,531,531
11001,2023,5,584,584
11001,2023,6,522,522
11001,2023,7,461,461
11001,2023,8,509,509
11001,2023,9,519,519
11001,2023,10,550,550
11001,2023,11,473,473
11001,2023,12,380,380
11001,2024,1,417,417
11001,2024,2,477,477
11001,2024,3,508,508
11001,2024,4,530,530
11001,2024,5,588,588
11001,2024,6,480,480
11001,2024,7,518,518
11001,2024,8,548,548
11001,2024,9,546,546
11001,2024,10,504,504
11001,2024,11,456,456
11001,2024,12,406,406
13001,2021,1,19,19
13001,2021,2,37,37
13001,2021,3,49,49
13001,2021,4,39,39
13001,2021,5,27,27
13001,2021,6,27,27
13001,2021,7,43,43
13001,2021,8,32,32
13001,2021,9,33,33
13001,2021,10,47,47
13001,2021,11,37,37
13001,2021,12,35,35
13001,2022,1,35,35
13001,2022,2,45,45
13001,2022,3,46,46
13001,2022,4,46,46
13001,2022,5,57,57
13001,2022,6,40,40
13001,2022,7,50,50
13001,2022,8,48,48
13001,2022,9,57,57
13001,2022,10,50,50
13001,2022,11,44,44
13001,2022,12,38,38
13001,2023,1,45,45
13001,2023,2,62,62
13001,2023,3,46,46
13001,2023,4,61,61
13001,2023,5,66,66
13001,2023,6,53,53
13001,2023,7,52,52
13001,2023,8,57,57
13001,2023,9,63,63
13001,2023,10,64,64
13001,2023,11,57,57
13001,2023,12,51,51
13001,2024,1,50,50
13001,2024,2,52,52
13001,2024,3,44,44
13001,2024,4,67,67
13001,2024,5,54,54
13001,2024,6,43,43
13001,2024,7,38,38
13001,2024,8,63,63
13001,2024,9,45,45
13001,2024,10,48,48
13001,2024,11,43,43
13001,2024,12,48,48
13006,2021,3,2,2
13006,2021,9,1,1
13006,2022,1,2,2
13006,2022,2,2,2
13006,2022,3,1,1
13006,2022,4,1,1
13006,2022,5,1,1
13006,2022,7,2,2
13006,2022,8,1,1
13006,2022,12,1,1
13006,2023,2,1,1
13006,2023,4,2,2
13006,2023,9,1,1
13006,2023,10,1,1
13006,2024,2,1,1
13006,2024,6,1,1
13006,2024,7,1,1
13006,2024,8,1,1
13030,2021,7,1,1
13030,2022,1,1,1
13030,2022,7,1,1
13030,2022,8,2,2
13030,2022,10,1,1
13030,2022,11,1,1
13030,2023,5,1,1
13030,2023,10,1,1
13030,2023,11,1,1
13030,2024,2,1,1
13030,2024,3,1,1
13030,2024,6,1,1
13030,2024,8,1,1
13030,2024,9,1,1
13042,2021,2,1,1
13042,2021,6,1,1
13042,2022,5,1,1
13042,2022,6,1,1
13042,2022,7,1,1
13042,2022,11,1,1
13042,2023,4,1,1
13042,2023,5,1,1
13042,2023,7,2,2
13042,2023,8,1,1
13042,2023,11,2,2
13042,2024,9,1,1
13042,2024,10,2,2
13042,2024,11,1,1
13052,2021,1,2,2
13052,2021,2,2,2
13052,2021,3,6,6
13052,2021,4,8,8
13052,2021,5,3,3
13052,2021,6,6,6
13052,2021,7,2,2
13052,2021,8,3,3
13052,2021,9,5,5
13052,2021,10,5,5
13052,2021,11,2,2
13052,2021,12,3,3
13052,2022,1,1,1
13052,2022,2,5,5
13052,2022,3,3,3
13052,2022,4,3,3
13052,2022,5,1,1
13052,2022,6,2,2
13052,2022,7,5,5
13052,2022,8,7,7
13052,2022,9,4,4
13052,2022,10,4,4
13052,2022,11,2,2
13052,2022,12,3,3
13052,2023,1,1,1
13052,2023,2,1,1
13052,2023,3,4,4
13052,2023,4,5,5
13052,2023,5,6,6
13052,2023,7,2,2
13052,2023,8,2,2
13052,2023,9,5,5
13052,2023,10,4,4
13052,2023,11,9,9
13052,2023,12,6,6
13052,2024,1,5,5
13052,2024,2,5,5
13052,2024,3,6,6
13052,2024,4,6,6
13052,2024,5,4,4
13052,2024,6,4,4
13052,2024,7,2,2
13052,2024,8,3,3
13052,2024,9,6,6
13052,2024,10,6,6
13052,2024,11,4,4
13052,2024,12,3,3
13062,2021,3,1,1
13062,2022,6,1,1
13074,2021,1,1,1
13074,2021,2,3,3
13074,2021,11,1,1
13074,2022,4,1,1
13074,2022,5,2,2
13074,2022,9,1,1
13074,2022,10,1,1
13074,2023,1,1,1
13074,2023,3,1,1
13074,2023,4,1,1
13074,2023,12,1,1
13074,2024,6,2,2
13074,2024,8,2,2
13074,2024,9,2,2
13074,2024,11,1,1
13074,2024,12,1,1
13140,2021,1,1,1
13140,2021,2,2,2
13140,2021,3,1,1
13140,2021,4,1,1
13140,2021,5,2,2
13140,2021,6,1,1
13140,2021,7,1,1
13140,2021,9,1,1
13140,2021,11,1,1
13140,2021,12,1,1
13140,2022,2,3,3
13140,2022,3,2,2
13140,2022,4,1,1
13140,2022,6,1,1
13140,2022,8,1,1
13140,2022,9,1,1
13140,2022,10,1,1
13140,2022,12,1,1
13140,2023,1,1,1
13140,2023,2,2,2
13140,2023,3,4,4
13140,2023,4,2,2
13140,2023,5,1,1
13140,2023,6,1,1
13140,2023,7,1,1
13140,2023,9,2,2
13140,2023,11,1,1
13140,2023,12,1,1
13140,2024,1,2,2
13140,2024,3,5,5
13140,2024,4,1,1
13140,2024,6,1,1
13140,2024,7,1,1
13140,2024,8,2,2
13140,2024,9,4,4
13140,2024,10,1,1
13140,2024,11,1,1
13160,2021,5,1,1
13160,2021,8,1,1
13160,2021,12,1,1
13160,2022,1,1,1
13160,2022,4,1,1
13160,2022,5,1,1
13160,2022,11,2,2
13160,2022,12,1,1
13160,2023,1,2,2
13160,2023,2,1,1
13160,2023,3,2,2
13160,2023,8,1,1
13160,2024,5,1,1
13160,2024,6,1,1
13160,2024,7,1,1
13160,2024,8,1,1
13160,2024,9,1,1
13160,2024,12,1,1
13188,2021,1,1,1
13188,2021,2,2,2
13188,2021,3,1,1
13188,2021,4,1,1
13188,2021,5,1,1
13188,2021,7,1,1
13188,2021,9,1,1
13188,2021,12,1,1
13188,2022,2,1,1
13188,2022,4,1,1
13188,2022,6,1,1
13188,2022,7,1,1
13188,2022,8,1,1
13188,2022,11,1,1
13188,2022,12,4,4
13188,2023,1,1,1
13188,2023,2,3,3
13188,2023,4,3,3
13188,2023,5,1,1
13188,2023,6,1,1
13188,2023,7,1,1
13188,2023,9,1,1
13188,2023,10,3,3
13188,2023,11,1,1
13188,2023,12,1,1
13188,2024,1,1,1
13188,2024,3,1,1
13188,2024,4,2,2
13188,2024,5,3,3
13188,2024,8,3,3
13188,2024,10,4,4
13212,2021,2,1,1
13212,2021,4,1,1
13212,2021,11,1,1
13212,2022,4,1,1
13212,2022,5,1,1
13212,2022,6,1,1
13212,2022,9,1,1
13212,2023,1,1,1
13212,2023,4,1,1
13212,2023,7,1,1
13212,2024,6,1,1
13212,2024,7,1,1
13212,2024,9,2,2
13212,2024,10,1,1
13212,2024,11,1,1
13222,2021,12,1,1
13222,2022,4,1,1
13222,2022,6,1,1
13222,2022,12,2,2
13222,2023,5,1,1
13222,2023,9,1,1
13222,2023,10,1,1
13222,2023,11,1,1
13222,2023,12,1,1
13222,2024,3,2,2
13222,2024,4,1,1
13222,2024,5,2,2
13222,2024,9,1,1
13222,2024,10,3,3
13222,2024,11,1,1
13222,2024,12,1,1
13244,2021,1,4,4
13244,2021,2,2,2
13244,2021,3,3,3
13244,2021,4,5,5
13244,2021,5,4,4
13244,2021,6,4,4
13244,2021,7,3,3
13244,2021,8,4,4
13244,2021,9,6,6
13244,2021,10,3,3
13244,2021,11,7,7
13244,2021,12,8,8
13244,2022,1,5,5
13244,2022,2,4,4
13244,2022,3,5,5
13244,2022,4,7,7
13244,2022,5,7,7
13244,2022,6,9,9
13244,2022,7,2,2
13244,2022,8,8,8
13244,2022,9,6,6
13244,2022,10,11,11
13244,2022,11,3,3
13244,2022,12,4,4
13244,2023,1,7,7
13244,2023,2,6,6
13244,2023,3,4,4
13244,2023,4,11,11
13244,2023,5,2,2
13244,2023,6,3,3
13244,2023,7,4,4
13244,2023,8,5,5
13244,2023,9,5,5
13244,2023,10,3,3
13244,2023,11,3,3
13244,2023,12,7,7
13244,2024,1,11,11
13244,2024,2,6,6
13244,2024,3,9,9
13244,2024,4,9,9
13244,2024,5,7,7
13244,2024,6,5,5
13244,2024,7,1,1
13244,2024,8,4,4
13244,2024,9,9,9
13244,2024,10,5,5
13244,2024,11,4,4
13244,2024,12,2,2
13248,2021,1,1,1
13248,2021,3,1,1
13248,2021,5,1,1
13248,2022,1,1,1
13248,2022,5,2,2
13248,2022,8,1,1
13248,2023,5,1,1
13248,2023,6,1,1
13248,2023,7,2,2
13248,2023,8,1,1
13248,2023,9,2,2
13248,2024,3,1,1
13248,2024,4,2,2
13248,2024,12,1,1
13268,2021,2,1,1
13268,2021,3,1,1
13268,2021,6,1,1
13268,2021,8,2,2
13268,2021,9,2,2
13268,2022,2,1,1
13268,2022,8,1,1
13268,2022,11,1,1
13268,2023,3,2,2
13268,2023,5,1,1
13268,2023,6,3,3
13268,2023,7,1,1
13268,2023,9,1,1
13268,2023,12,1,1
13268,2024,3,1,1
13268,2024,6,1,1
13268,2024,9,2,2
13268,2024,11,2,2
13300,2021,5,1,1
13300,2021,9,1,1
13300,2022,2,1,1
13300,2022,3,1,1
13300,2022,4,1,1
13300,2022,8,1,1
13300,2023,6,1,1
13300,2024,5,1,1
13300,2024,9,2,2
13430,2021,1,5,5
13430,2021,2,10,10
13430,2021,3,8,8
13430,2021,4,8,8
13430,2021,5,5,5
13430,2021,6,7,7
13430,2021,7,11,11
13430,2021,8,8,8
13430,2021,9,7,7
13430,2021,10,6,6
13430,2021,11,7,7
13430,2021,12,5,5
13430,2022,1,2,2
13430,2022,2,3,3
13430,2022,3,3,3
13430,2022,4,3,3
13430,2022,5,6,6
13430,2022,6,11,11
13430,2022,7,6,6
13430,2022,8,9,9
13430,2022,9,9,9
13430,2022,10,8,8
13430,2022,11,7,7
13430,2022,12,3,3
13430,2023,1,7,7
13430,2023,2,7,7
13430,2023,3,8,8
13430,2023,4,10,10
13430,2023,5,6,6
13430,2023,6,12,12
13430,2023,7,2,2
13430,2023,8,6,6
13430,2023,9,6,6
13430,2023,10,5,5
13430,2023,11,5,5
13430,2023,12,6,6
13430,2024,1,5,5
13430,2024,2,8,8
13430,2024,3,5,5
13430,2024,4,6,6
13430,2024,5,4,4
13430,2024,6,1,1
13430,2024,7,5,5
13430,2024,8,13,13
13430,2024,9,10,10
13430,2024,10,4,4
13430,2024,11,7,7
13430,2024,12,3,3
13433,2021,1,1,1
13433,2021,5,1,1
13433,2021,9,1,1
13433,2021,10,1,1
13433,2022,2,1,1
13433,2022,6,1,1
13433,2022,8,1,1
13433,2022,9,1,1
13433,2022,10,1,1
13433,2023,3,1,1
13433,2023,12,2,2
13433,2024,2,1,1
13433,2024,6,1,1
13433,2024,8,3,3
13433,2024,9,2,2
13440,2022,5,1,1
13440,2023,6,1,1
13440,2023,7,1,1
13440,2023,10,1,1
13442,2021,1,1,1
13442,2021,2,1,1
13442,2021,8,2,2
13442,2021,9,1,1
13442,2021,10,2,2
13442,2021,11,1,1
13442,2022,1,1,1
13442,2022,3,1,1
13442,2022,4,1,1
13442,2022,6,2,2
13442,2022,7,1,1
13442,2022,8,1,1
13442,2022,9,1,1
13442,2022,11,1,1
13442,2023,1,1,1
13442,2023,2,2,2
13442,2023,4,1,1
13442,2023,5,2,2
13442,2023,7,2,2
13442,2023,8,1,1
13442,2023,9,2,2
13442,2024,2,2,2
13442,2024,3,1,1
13442,2024,4,2,2
13442,2024,5,4,4
13442,2024,6,1,1
13442,2024,8,1,1
13442,2024,9,3,3
13442,2024,10,1,1
13442,2024,11,2,2
13442,2024,12,2,2
13458,2021,1,1,1
13458,2021,5,1,1
13458,2021,8,1,1
13458,2022,5,1,1
13458,2022,6,1,1
13458,2022,7,1,1
13458,2022,11,1,1
13458,2023,6,2,2
13458,2023,7,2,2
13458,2023,9,2,2
13458,2024,5,2,2
13458,2024,8,1,1
13468,2021,2,4,4
13468,2021,4,5,5
13468,2021,5,3,3
13468,2021,6,3,3
13468,2021,7,2,2
13468,2021,8,5,5
13468,2021,9,2,2
13468,2021,10,2,2
13468,2021,11,1,1
13468,2022,2,3,3
13468,2022,3,1,1
13468,2022,4,2,2
13468,2022,5,2,2
13468,2022,6,2,2
13468,2022,7,3,3
13468,2022,8,3,3
13468,2022,9,4,4
13468,2022,11,4,4
13468,2022,12,1,1
13468,2023,1,1,1
13468,2023,2,1,1
13468,2023,3,2,2
13468,2023,4,6,6
13468,2023,5,2,2
13468,2023,6,2,2
13468,2023,7,3,3
13468,2023,8,2,2
13468,2023,10,3,3
13468,2023,11,4,4
13468,2024,1,2,2
13468,2024,2,2,2
13468,2024,3,2,2
13468,2024,4,3,3
13468,2024,5,1,1
13468,2024,6,3,3
13468,2024,7,2,2
13468,2024,8,3,3
13468,2024,9,4,4
13468,2024,10,1,1
13468,2024,11,4,4
13473,2021,11,1,1
13473,2022,4,1,1
13473,2022,8,1,1
13473,2022,9,1,1
13473,2022,10,2,2
13473,2022,11,1,1
13473,2022,12,1,1
13473,2023,1,1,1
13473,2023,2,1,1
13473,2023,5,1,1
13473,2023,9,1,1
13473,2023,11,1,1
13473,2024,9,1,1
13490,2021,1,1,1
13490,2023,4,1,1
13490,2023,6,1,1
13549,2021,7,1,1
13549,2021,9,1,1
13549,2022,4,1,1
13549,2022,5,2,2
13549,2022,7,1,1
13549,2022,8,1,1
13549,2022,9,1,1
13549,2023,2,1,1
13549,2023,6,1,1
13549,2023,10,3,3
13549,2023,12,1,1
13549,2024,1,1,1
13549,2024,11,1,1
13580,2021,8,1,1
13580,2021,12,1,1
13580,2022,12,1,1
13580,2023,1,1,1
13580,2023,6,1,1
13580,2024,6,1,1
13580,2024,10,1,1
13600,2021,5,1,1
13600,2021,6,1,1
13600,2023,6,1,1
13600,2023,7,2,2
13600,2023,10,1,1
13600,2023,12,2,2
13600,2024,1,1,1
13600,2024,5,1,1
13600,2024,10,1,1
13620,2021,5,1,1
13620,2023,8,1,1
13620,2023,10,1,1
13620,2024,3,2,2
13620,2024,9,1,1
13620,2024,10,1,1
13647,2021,7,1,1
13647,2021,9,1,1
13647,2021,10,1,1
13647,2021,11,1,1
13647,2021,12,1,1
13647,2022,2,1,1
13647,2022,3,1,1
13647,2022,12,1,1
13647,2023,1,2,2
13647,2023,3,2,2
13647,2023,4,3,3
13647,2023,5,2,2
13647,2024,3,2,2
13647,2024,5,1,1
13647,2024,7,1,1
13647,2024,8,1,1
13647,2024,9,1,1
13647,2024,10,2,2
13647,2024,11,1,1
13647,2024,12,1,1
13650,2021,4,1,1
13650,2021,7,1,1
13650,2021,10,1,1
13650,2022,5,1,1
13650,2022,12,1,1
13650,2023,5,1,1
13650,2023,8,1,1
13650,2023,9,1,1
13650,2023,10,2,2
13650,2024,6,1,1
13650,2024,12,1,1
13654,2021,1,1,1
13654,2021,3,3,3
13654,2021,5,3,3
13654,2021,7,2,2
13654,2021,12,2,2
13654,2022,1,3,3
13654,2022,3,1,1
13654,2022,4,4,4
13654,2022,5,2,2
13654,2022,6,3,3
13654,2022,7,2,2
13654,2022,8,2,2
13654,2022,9,3,3
13654,2022,10,1,1
13654,2022,11,1,1
13654,2022,12,1,1
13654,2023,1,2,2
13654,2023,2,1,1
13654,2023,3,2,2
13654,2023,4,1,1
13654,2023,5,1,1
13654,2023,6,1,1
13654,2023,7,1,1
13654,2023,8,1,1
13654,2023,9,1,1
13654,2023,10,1,1
13654,2023,11,2,2
13654,2023,12,2,2
13654,2024,2,4,4
13654,2024,3,3,3
13654,2024,4,3,3
13654,2024,5,7,7
13654,2024,6,3,3
13654,2024,7,4,4
13654,2024,8,1,1
13654,2024,9,6,6
13654,2024,11,2,2
13654,2024,12,2,2
13655,2021,3,1,1
13655,2022,4,1,1
13655,2022,7,2,2
13655,2022,10,2,2
13655,2023,9,1,1
13655,2024,1,1,1
13655,2024,3,1,1
13655,2024,4,1,1
13655,2024,8,1,1
13655,2024,11,1,1
13657,2021,4,2,2
13657,2021,5,1,1
13657,2021,6,1,1
13657,2021,7,4,4
13657,2021,10,4,4
13657,2021,11,2,2
13657,2021,12,2,2
13657,2022,1,2,2
13657,2022,3,3,3
13657,2022,4,5,5
13657,2022,5,6,6
13657,2022,6,3,3
13657,2022,7,7,7
13657,2022,8,5,5
13657,2022,9,3,3
13657,2022,10,1,1
13657,2022,11,3,3
13657,2022,12,1,1
13657,2023,1,2,2
13657,2023,2,5,5
13657,2023,3,3,3
13657,2023,4,4,4
13657,2023,5,1,1
13657,2023,6,2,2
13657,2023,7,1,1
13657,2023,8,1,1
13657,2023,9,6,6
13657,2023,10,7,7
13657,2023,11,1,1
13657,2023,12,5,5
13657,2024,2,4,4
13657,2024,3,2,2
13657,2024,4,3,3
13657,2024,5,1,1
13657,2024,6,4,4
13657,2024,7,4,4
13657,2024,9,4,4
13657,2024,11,3,3
13657,2024,12,1,1
13667,2021,1,1,1
13667,2021,5,1,1
13667,2021,7,1,1
13667,2022,3,1,1
13667,2022,6,2,2
13667,2022,9,1,1
13667,2022,12,1,1
13667,2023,3,1,1
13667,2023,4,1,1
13667,2023,5,2,2
13667,2023,7,1,1
13667,2024,5,2,2
13667,2024,8,1,1
13667,2024,9,2,2
13667,2024,10,1,1
13670,2021,1,2,2
13670,2021,3,1,1
13670,2021,4,1,1
13670,2021,5,2,2
13670,2021,9,3,3
13670,2021,12,1,1
13670,2022,2,3,3
13670,2022,4,3,3
13670,2022,5,3,3
13670,2022,6,2,2
13670,2022,7,3,3
13670,2022,8,1,1
13670,2022,9,2,2
13670,2022,10,5,5
13670,2022,11,1,1
13670,2022,12,3,3
13670,2023,1,1,1
13670,2023,2,1,1
13670,2023,3,2,2
13670,2023,4,3,3
13670,2023,5,3,3
13670,2023,7,1,1
13670,2023,9,1,1
13670,2023,10,3,3
13670,2023,11,1,1
13670,2024,1,1,1
13670,2024,3,1,1
13670,2024,4,1,1
13670,2024,5,4,4
13670,2024,6,1,1
13670,2024,7,3,3
13670,2024,8,1,1
13670,2024,9,1,1
13670,2024,11,2,2
13670,2024,12,2,2
13673,2021,1,1,1
13673,2021,8,1,1
13673,2021,10,1,1
13673,2021,11,2,2
13673,2022,3,1,1
13673,2022,5,1,1
13673,2022,6,1,1
13673,2022,7,1,1
13673,2022,9,1,1
13673,2023,3,1,1
13673,2023,6,1,1
13673,2023,10,1,1
13673,2024,9,1,1
13673,2024,10,1,1
13683,2021,1,1,1
13683,2021,2,2,2
13683,2021,3,1,1
13683,2021,4,4,4
13683,2021,7,3,3
13683,2021,8,1,1
13683,2021,9,2,2
13683,2021,10,2,2
13683,2021,12,2,2
13683,2022,1,1,1
13683,2022,3,4,4
13683,2022,4,1,1
13683,2022,5,1,1
13683,2022,7,3,3
13683,2022,8,1,1
13683,2022,9,2,2
13683,2022,10,2,2
13683,2022,11,1,1
13683,2022,12,1,1
13683,2023,3,2,2
13683,2023,4,3,3
13683,2023,5,1,1
13683,2023,6,2,2
13683,2023,7,2,2
13683,2023,8,1,1
13683,2023,10,3,3
13683,2023,11,1,1
13683,2024,1,3,3
13683,2024,3,1,1
13683,2024,4,2,2
13683,2024,5,7,7
13683,2024,6,3,3
13683,2024,8,1,1
13683,2024,10,4,4
13683,2024,12,3,3
13688,2021,2,1,1
13688,2021,3,3,3
13688,2021,4,2,2
13688,2021,5,4,4
13688,2021,8,3,3
13688,2021,9,1,1
13688,2021,10,1,1
13688,2021,11,1,1
13688,2022,1,2,2
13688,2022,2,2,2
13688,2022,3,3,3
13688,2022,4,1,1
13688,2022,5,2,2
13688,2022,6,2,2
13688,2022,7,2,2
13688,2022,8,2,2
13688,2022,10,1,1
13688,2022,12,3,3
13688,2023,1,2,2
13688,2023,2,1,1
13688,2023,3,2,2
13688,2023,4,1,1
13688,2023,5,5,5
13688,2023,6,1,1
13688,2023,7,2,2
13688,2023,8,1,1
13688,2023,9,1,1
13688,2023,11,3,3
13688,2023,12,3,3
13688,2024,1,1,1
13688,2024,2,3,3
13688,2024,3,3,3
13688,2024,4,3,3
13688,2024,5,3,3
13688,2024,7,2,2
13688,2024,9,8,8
13688,2024,10,2,2
13744,2021,8,2,2
13744,2022,5,1,1
13744,2022,10,2,2
13744,2023,1,1,1
13744,2023,3,1,1
13744,2023,9,1,1
13744,2024,3,2,2
13744,2024,6,1,1
13744,2024,7,2,2
13744,2024,8,1,1
13744,2024,9,1,1
13760,2021,2,1,1
13760,2021,11,1,1
13760,2023,4,1,1
13760,2023,5,1,1
13760,2023,7,2,2
13760,2023,9,2,2
13760,2023,11,3,3
13760,2023,12,1,1
13760,2024,4,1,1
13760,2024,6,2,2
13760,2024,7,1,1
13760,2024,8,3,3
13780,2021,2,1,1
13780,2021,7,2,2
13780,2022,6,1,1
13780,2023,1,1,1
13780,2023,3,1,1
13780,2023,8,1,1
13780,2023,10,2,2
13780,2023,11,1,1
13780,2024,2,1,1
13780,2024,4,1,1
13780,2024,6,1,1
13780,2024,7,1,1
13780,2024,10,1,1
13810,2021,4,1,1
13810,2021,9,2,2
13810,2021,10,1,1
13810,2021,11,1,1
13810,2022,4,1,1
13810,2022,5,1,1
13810,2022,6,1,1
13810,2023,1,2,2
13810,2023,3,1,1
13810,2023,5,1,1
13810,2023,8,1,1
13810,2023,9,1,1
13810,2024,2,1,1
13810,2024,3,1,1
13810,2024,5,1,1
13810,2024,8,1,1
13810,2024,9,2,2
13810,2024,10,1,1
13810,2024,11,1,1
13810,2024,12,1,1
13836,2021,1,1,1
13836,2021,2,6,6
13836,2021,3,2,2
13836,2021,4,4,4
13836,2021,5,5,5
13836,2021,6,5,5
13836,2021,7,4,4
13836,2021,8,5,5
13836,2021,9,4,4
13836,2021,10,5,5
13836,2021,11,9,9
13836,2021,12,5,5
13836,2022,1,2,2
13836,2022,2,5,5
13836,2022,3,6,6
13836,2022,4,7,7
13836,2022,5,3,3
13836,2022,6,6,6
13836,2022,7,8,8
13836,2022,8,5,5
13836,2022,9,8,8
13836,2022,10,3,3
13836,2022,11,7,7
13836,2022,12,4,4
13836,2023,1,6,6
13836,2023,2,5,5
13836,2023,3,8,8
13836,2023,4,9,9
13836,2023,5,6,6
13836,2023,6,8,8
13836,2023,7,7,7
13836,2023,8,7,7
13836,2023,9,3,3
13836,2023,10,7,7
13836,2023,11,5,5
13836,2023,12,4,4
13836,2024,1,4,4
13836,2024,2,11,11
13836,2024,3,11,11
13836,2024,4,13,13
13836,2024,5,10,10
13836,2024,6,7,7
13836,2024,7,6,6
13836,2024,8,7,7
13836,2024,9,10,10
13836,2024,10,3,3
13836,2024,11,6,6
13836,2024,12,5,5
13838,2022,6,1,1
13838,2022,7,1,1
13838,2022,9,3,3
13838,2022,10,1,1
13838,2023,5,2,2
13838,2023,8,3,3
13838,2023,11,1,1
13838,2024,3,1,1
13838,2024,4,1,1
13838,2024,8,1,1
13838,2024,10,1,1
13873,2021,1,3,3
13873,2021,2,1,1
13873,2021,4,2,2
13873,2021,5,1,1
13873,2021,9,2,2
13873,2022,1,1,1
13873,2022,2,1,1
13873,2022,3,3,3
13873,2022,5,3,3
13873,2022,6,3,3
13873,2022,8,2,2
13873,2022,9,2,2
13873,2023,1,1,1
13873,2023,2,2,2
13873,2023,4,1,1
13873,2023,5,1,1
13873,2023,6,1,1
13873,2023,7,1,1
13873,2023,9,2,2
13873,2023,10,3,3
13873,2024,4,2,2
13873,2024,5,1,1
13873,2024,7,1,1
13873,2024,8,4,4
13873,2024,9,3,3
13873,2024,10,2,2
13873,2024,11,1,1
13894,2021,2,1,1
13894,2021,6,1,1
13894,2021,8,1,1
13894,2021,9,1,1
13894,2021,10,1,1
13894,2021,12,1,1
13894,2022,1,3,3
13894,2022,3,2,2
13894,2022,4,1,1
13894,2022,5,1,1
13894,2022,10,1,1
13894,2023,4,1,1
13894,2023,5,1,1
13894,2023,12,1,1
13894,2024,1,1,1
13894,2024,4,1,1
13894,2024,8,1,1
13894,2024,10,1,1
15001,2021,1,6,6
15001,2021,2,10,10
15001,2021,3,13,13
15001,2021,4,21,21
15001,2021,5,10,10
15001,2021,6,11,11
15001,2021,7,10,10
15001,2021,8,7,7
15001,2021,9,13,13
15001,2021,10,22,22
15001,2021,11,13,13
15001,2021,12,24,24
15001,2022,1,7,7
15001,2022,2,13,13
15001,2022,3,22,22
15001,2022,4,19,19
15001,2022,5,21,21
15001,2022,6,13,13
15001,2022,7,14,14
15001,2022,8,33,33
15001,2022,9,32,32
15001,2022,10,31,31
15001,2022,11,33,33
15001,2022,12,20,20
15001,2023,1,27,27
15001,2023,2,14,14
15001,2023,3,44,44
15001,2023,4,29,29
15001,2023,5,38,38
15001,2023,6,29,29
15001,2023,7,23,23
15001,2023,8,34,34
15001,2023,9,43,43
15001,2023,10,34,34
15001,2023,11,36,36
15001,2023,12,23,23
15001,2024,1,28,28
15001,2024,2,35,35
15001,2024,3,21,21
15001,2024,4,31,31
15001,2024,5,26,26
15001,2024,6,26,26
15001,2024,7,28,28
15001,2024,8,31,31
15001,2024,9,24,24
15001,2024,10,38,38
15001,2024,11,30,30
15001,2024,12,21,21
15022,2022,6,1,1
15022,2022,8,1,1
15022,2022,10,1,1
15022,2023,4,1,1
15022,2024,11,1,1
15047,2021,1,1,1
15047,2021,2,1,1
15047,2021,3,1,1
15047,2021,5,1,1
15047,2022,1,1,1
15047,2022,2,1,1
15047,2022,4,2,2
15047,2022,6,2,2
15047,2022,12,1,1
15047,2023,3,1,1
15047,2023,5,3,3
15047,2023,7,3,3
15047,2023,10,2,2
15047,2024,1,2,2
15047,2024,2,1,1
15047,2024,4,3,3
15047,2024,5,1,1
15047,2024,6,1,1
15047,2024,7,2,2
15047,2024,8,1,1
15047,2024,10,3,3
15047,2024,11,1,1
15047,2024,12,2,2
15051,2021,8,1,1
15051,2021,9,1,1
15051,2022,8,1,1
15051,2022,10,1,1
15051,2022,12,2,2
15051,2023,2,1,1
15051,2023,3,1,1
15051,2023,4,2,2
15051,2023,6,1,1
15051,2023,7,1,1
15051,2023,8,1,1
15051,2023,9,3,3
15051,2023,11,1,1
15051,2024,3,1,1
15051,2024,5,3,3
15051,2024,7,1,1
15051,2024,8,1,1
15051,2024,9,2,2
15051,2024,11,1,1
15087,2021,2,1,1
15087,2021,4,1,1
15087,2021,5,1,1
15087,2021,6,1,1
15087,2021,8,1,1
15087,2021,9,3,3
15087,2021,11,1,1
15087,2022,8,1,1
15087,2022,10,1,1
15087,2023,4,1,1
15087,2023,6,1,1
15087,2023,8,3,3
15087,2023,9,3,3
15087,2023,10,2,2
15087,2023,12,3,3
15087,2024,3,1,1
15087,2024,5,1,1
15087,2024,6,1,1
15087,2024,8,1,1
15087,2024,9,1,1
15087,2024,10,1,1
15087,2024,11,1,1
15090,2023,1,1,1
15092,2022,11,1,1
15097,2021,10,1,1
15097,2022,4,2,2
15097,2022,5,1,1
15097,2022,7,1,1
15097,2022,8,1,1
15097,2022,9,1,1
15097,2022,11,1,1
15097,2023,5,1,1
15097,2023,9,1,1
15097,2023,11,1,1
15097,2024,3,1,1
15097,2024,5,1,1
15097,2024,8,1,1
15097,2024,11,1,1
15104,2021,2,1,1
15104,2021,3,1,1
15104,2021,4,1,1
15104,2021,5,1,1
15104,2021,8,1,1
15104,2022,5,3,3
15104,2022,9,2,2
15104,2023,1,1,1
15104,2023,5,1,1
15104,2024,1,1,1
15104,2024,5,1,1
15104,2024,8,1,1
15104,2024,9,1,1
15104,2024,10,3,3
15104,2024,12,1,1
15106,2023,3,1,1
15106,2024,10,1,1
15109,2021,4,1,1
15109,2021,9,1,1
15109,2022,6,2,2
15109,2023,3,3,3
15109,2023,4,1,1
15109,2023,6,1,1
15109,2023,12,1,1
15109,2024,2,1,1
15109,2024,4,1,1
15109,2024,6,1,1
15109,2024,7,1,1
15114,2021,11,1,1
15114,2023,10,1,1
15131,2022,9,1,1
15131,2023,1,1,1
15131,2023,3,1,1
15131,2023,12,1,1
15131,2024,3,1,1
15135,2021,11,1,1
15135,2021,12,2,2
15135,2022,2,1,1
15135,2022,3,1,1
15135,2022,9,1,1
15135,2022,10,1,1
15135,2023,7,1,1
15135,2024,12,1,1
15162,2021,1,2,2
15162,2021,7,1,1
15162,2022,6,1,1
15162,2023,2,1,1
15162,2023,8,1,1
15162,2023,9,1,1
15162,2024,7,1,1
15172,2022,11,1,1
15172,2023,6,1,1
15176,2021,2,3,3
15176,2021,3,2,2
15176,2021,4,6,6
15176,2021,5,3,3
15176,2021,7,1,1
15176,2021,8,1,1
15176,2021,9,5,5
15176,2021,10,1,1
15176,2021,11,3,3
15176,2021,12,6,6
15176,2022,1,5,5
15176,2022,2,1,1
15176,2022,3,7,7
15176,2022,4,5,5
15176,2022,5,5,5
15176,2022,6,2,2
15176,2022,7,3,3
15176,2022,8,8,8
15176,2022,9,5,5
15176,2022,10,5,5
15176,2022,11,6,6
15176,2022,12,4,4
15176,2023,1,6,6
15176,2023,2,4,4
15176,2023,3,8,8
15176,2023,4,4,4
15176,2023,5,1,1
15176,2023,6,1,1
15176,2023,7,4,4
15176,2023,8,4,4
15176,2023,9,2,2
15176,2023,10,8,8
15176,2023,11,1,1
15176,2023,12,3,3
15176,2024,1,3,3
15176,2024,2,3,3
15176,2024,3,2,2
15176,2024,4,2,2
15176,2024,5,3,3
15176,2024,6,3,3
15176,2024,7,1,1
15176,2024,8,6,6
15176,2024,9,3,3
15176,2024,10,5,5
15176,2024,11,5,5
15176,2024,12,3,3
15180,2021,8,1,1
15180,2022,9,1,1
15180,2022,10,1,1
15180,2023,1,1,1
15180,2023,5,1,1
15180,2023,6,1,1
15180,2023,11,1,1
15180,2024,3,1,1
15180,2024,9,2,2
15183,2021,3,2,2
15183,2021,4,1,1
15183,2021,5,1,1
15183,2021,7,2,2
15183,2021,8,1,1
15183,2021,9,2,2
15183,2021,10,1,1
15183,2021,12,1,1
15183,2022,4,2,2
15183,2022,5,1,1
15183,2022,8,3,3
15183,2022,10,1,1
15183,2022,12,2,2
15183,2023,3,1,1
15183,2023,6,1,1
15183,2023,10,2,2
15183,2023,11,2,2
15183,2024,7,1,1
15183,2024,11,2,2
15185,2021,1,1,1
15185,2021,5,1,1
15185,2021,8,1,1
15185,2021,10,1,1
15185,2022,1,1,1
15185,2022,3,1,1
15185,2022,4,3,3
15185,2022,5,1,1
15185,2022,6,1,1
15185,2022,7,2,2
15185,2022,8,1,1
15185,2022,9,1,1
15185,2023,8,1,1
15185,2023,9,1,1
15185,2024,8,1,1
15187,2021,11,1,1
15187,2022,6,1,1
15187,2023,1,1,1
15187,2023,6,1,1
15187,2023,8,1,1
15187,2023,10,1,1
15187,2024,1,1,1
15187,2024,2,2,2
15187,2024,8,1,1
15187,2024,9,1,1
15187,2024,12,1,1
15189,2022,1,1,1
15189,2023,3,1,1
15189,2023,5,1,1
15204,2021,6,2,2
15204,2021,7,1,1
15204,2021,8,1,1
15204,2021,9,2,2
15204,2021,10,1,1
15204,2021,11,1,1
15204,2022,5,2,2
15204,2022,6,1,1
15204,2022,7,1,1
15204,2022,10,3,3
15204,2022,11,1,1
15204,2022,12,3,3
15204,2023,1,1,1
15204,2023,2,2,2
15204,2023,3,1,1
15204,2023,4,3,3
15204,2023,5,5,5
15204,2023,6,3,3
15204,2023,7,3,3
15204,2023,8,5,5
15204,2023,9,2,2
15204,2023,10,2,2
15204,2023,11,2,2
15204,2023,12,2,2
15204,2024,1,1,1
15204,2024,2,1,1
15204,2024,3,1,1
15204,2024,4,3,3
15204,2024,6,1,1
15204,2024,7,1,1
15204,2024,8,3,3
15204,2024,10,1,1
15212,2021,9,1,1
15212,2022,11,1,1
15212,2024,4,1,1
15212,2024,5,1,1
15215,2021,9,1,1
15215,2022,5,1,1
15215,2022,8,1,1
15215,2024,6,1,1
15218,2021,1,1,1
15218,2021,5,1,1
15218,2023,2,1,1
15218,2024,4,1,1
15218,2024,5,1,1
15218,2024,7,1,1
15218,2024,11,1,1
15223,2021,1,2,2
15223,2021,3,1,1
15223,2021,4,2,2
15223,2021,5,2,2
15223,2021,12,1,1
15223,2022,3,3,3
15223,2022,7,2,2
15223,2022,11,1,1
15223,2023,2,1,1
15223,2023,4,2,2
15223,2023,7,1,1
15223,2023,8,1,1
15223,2023,9,3,3
15223,2023,12,2,2
15223,2024,1,2,2
15223,2024,2,2,2
15223,2024,3,1,1
15223,2024,4,1,1
15223,2024,6,1,1
15223,2024,10,1,1
15223,2024,11,1,1
15223,2024,12,1,1
15224,2021,9,1,1
15224,2022,3,1,1
15224,2022,9,2,2
15224,2023,6,1,1
15224,2023,9,1,1
15224,2023,10,1,1
15224,2024,1,1,1
15224,2024,7,1,1
15224,2024,10,2,2
15226,2022,5,1,1
15226,2022,9,1,1
15226,2023,9,1,1
15226,2023,12,1,1
15232,2021,7,1,1
15232,2022,4,1,1
15232,2023,8,1,1
15232,2024,9,1,1
15232,2024,10,1,1
15238,2021,1,2,2
15238,2021,2,7,7
15238,2021,3,11,11
15238,2021,4,11,11
15238,2021,5,4,4
15238,2021,6,4,4
15238,2021,7,5,5
15238,2021,8,8,8
15238,2021,9,12,12
15238,2021,10,12,12
15238,2021,11,9,9
15238,2021,12,13,13
15238,2022,1,11,11
15238,2022,2,12,12
15238,2022,3,13,13
15238,2022,4,14,14
15238,2022,5,8,8
15238,2022,6,7,7
15238,2022,7,19,19
15238,2022,8,23,23
15238,2022,9,15,15
15238,2022,10,8,8
15238,2022,11,12,12
15238,2022,12,9,9
15238,2023,1,10,10
15238,2023,2,8,8
15238,2023,3,14,14
15238,2023,4,16,16
15238,2023,5,13,13
15238,2023,6,5,5
15238,2023,7,8,8
15238,2023,8,11,11
15238,2023,9,7,7
15238,2023,10,10,10
15238,2023,11,9,9
15238,2023,12,10,10
15238,2024,1,9,9
15238,2024,2,10,10
15238,2024,3,8,8
15238,2024,4,7,7
15238,2024,5,13,13
15238,2024,6,9,9
15238,2024,7,9,9
15238,2024,8,3,3
15238,2024,9,12,12
15238,2024,10,14,14
15238,2024,11,11,11
15238,2024,12,6,6
15244,2022,9,1,1
15244,2022,10,1,1
15244,2023,1,1,1
15244,2024,5,4,4
15248,2022,1,1,1
15248,2022,9,3,3
15248,2022,12,1,1
15248,2024,1,1,1
15248,2024,5,1,1
15248,2024,6,1,1
15248,2024,8,1,1
15272,2021,1,1,1
15272,2021,6,1,1
15272,2021,8,1,1
15272,2021,12,1,1
15272,2022,1,1,1
15272,2022,5,1,1
15272,2022,8,1,1
15272,2022,9,1,1
15272,2023,10,2,2
15272,2023,11,2,2
15272,2024,8,1,1
15272,2024,10,1,1
15276,2021,11,2,2
15276,2022,7,1,1
15276,2022,8,1,1
15276,2022,9,1,1
15276,2023,1,1,1
15276,2023,5,1,1
15276,2023,6,1,1
15276,2023,7,2,2
15276,2024,4,1,1
15276,2024,11,1,1
15276,2024,12,1,1
15293,2022,1,1,1
15293,2022,2,2,2
15293,2022,8,1,1
15293,2022,9,1,1
15293,2023,3,1,1
15293,2024,8,1,1
15296,2021,8,1,1
15296,2022,3,1,1
15296,2022,7,1,1
15296,2023,8,1,1
15296,2023,12,1,1
15296,2024,8,1,1
15299,2021,1,1,1
15299,2021,5,2,2
15299,2021,6,1,1
15299,2021,12,1,1
15299,2022,7,1,1
15299,2022,10,1,1
15299,2022,12,1,1
15299,2023,2,1,1
15299,2023,5,1,1
15299,2023,6,1,1
15299,2023,8,1,1
15299,2023,9,1,1
15299,2023,10,1,1
15299,2023,12,1,1
15299,2024,2,1,1
15299,2024,4,2,2
15299,2024,6,2,2
15317,2022,3,1,1
15317,2022,11,1,1
15317,2023,9,1,1
15317,2024,5,1,1
15317,2024,7,1,1
15322,2021,3,1,1
15322,2021,7,1,1
15322,2021,8,1,1
15322,2021,10,1,1
15322,2022,1,1,1
15322,2022,4,1,1
15322,2022,8,1,1
15322,2022,10,1,1
15322,2022,11,3,3
15322,2022,12,1,1
15322,2023,3,1,1
15322,2023,4,1,1
15322,2023,6,1,1
15322,2023,10,2,2
15322,2023,11,2,2
15322,2024,1,1,1
15322,2024,4,1,1
15322,2024,5,2,2
15322,2024,6,1,1
15322,2024,7,1,1
15322,2024,8,1,1
15322,2024,9,1,1
15322,2024,11,1,1
15325,2022,2,1,1
15325,2022,4,2,2
15325,2022,5,1,1
15325,2022,10,1,1
15325,2023,11,1,1
15332,2021,3,1,1
15332,2021,4,1,1
15332,2021,10,1,1
15332,2021,11,1,1
15332,2022,10,1,1
15332,2022,11,1,1
15332,2023,5,1,1
15332,2023,7,1,1
15332,2023,10,2,2
15332,2024,5,2,2
15332,2024,7,1,1
15332,2024,8,2,2
15332,2024,9,1,1
15362,2022,3,1,1
15362,2022,7,1,1
15362,2022,9,1,1
15362,2023,2,1,1
15362,2023,3,2,2
15362,2023,4,1,1
15362,2023,12,2,2
15362,2024,3,1,1
15362,2024,9,1,1
15367,2021,10,1,1
15367,2021,12,1,1
15367,2022,4,1,1
15367,2022,6,1,1
15367,2022,10,2,2
15367,2023,1,1,1
15367,2023,2,1,1
15367,2023,6,1,1
15367,2023,7,1,1
15367,2024,2,1,1
15367,2024,4,1,1
15367,2024,7,1,1
15367,2024,8,1,1
15367,2024,10,3,3
15367,2024,11,1,1
15368,2022,2,1,1
15368,2023,10,1,1
15368,2024,5,1,1
15368,2024,7,1,1
15377,2022,3,1,1
15377,2023,2,1,1
15377,2024,6,1,1
15380,2024,5,1,1
15380,2024,7,1,1
15401,2022,6,1,1
15403,2021,5,1,1
15403,2021,11,1,1
15403,2022,3,1,1
15403,2022,8,1,1
15403,2024,10,1,1
15407,2021,2,2,2
15407,2021,4,1,1
15407,2021,5,2,2
15407,2021,8,1,1
15407,2021,10,2,2
15407,2022,3,2,2
15407,2022,5,1,1
15407,2022,6,1,1
15407,2022,7,1,1
15407,2022,10,1,1
15407,2022,11,2,2
15407,2023,1,1,1
15407,2023,4,1,1
15407,2023,5,4,4
15407,2023,6,5,5
15407,2023,7,2,2
15407,2023,8,2,2
15407,2023,9,2,2
15407,2023,12,1,1
15407,2024,2,2,2
15407,2024,3,1,1
15407,2024,4,3,3
15407,2024,5,2,2
15407,2024,6,1,1
15407,2024,7,1,1
15407,2024,8,1,1
15407,2024,11,1,1
15407,2024,12,1,1
15425,2021,4,1,1
15425,2021,8,1,1
15425,2023,8,1,1
15425,2023,10,1,1
15425,2023,11,1,1
15425,2024,1,1,1
15425,2024,9,1,1
15442,2021,6,1,1
15442,2021,7,1,1
15442,2022,1,1,1
15442,2022,5,1,1
15442,2022,6,1,1
15442,2022,7,2,2
15442,2022,8,2,2
15442,2022,9,1,1
15442,2023,7,2,2
15442,2023,10,1,1
15442,2023,11,2,2
15442,2023,12,1,1
15455,2021,4,2,2
15455,2021,12,1,1
15455,2022,1,1,1
15455,2022,3,2,2
15455,2022,7,1,1
15455,2023,1,1,1
15455,2023,8,2,2
15455,2023,9,1,1
15455,2024,1,1,1
15455,2024,11,1,1
15464,2022,5,1,1
15464,2023,9,1,1
15464,2024,5,1,1
15464,2024,12,1,1
15466,2021,2,1,1
15466,2021,9,1,1
15466,2021,11,1,1
15466,2022,4,1,1
15466,2023,3,1,1
15466,2023,10,3,3
15466,2024,6,1,1
15466,2024,11,1,1
15469,2021,3,1,1
15469,2021,6,1,1
15469,2021,8,2,2
15469,2021,9,1,1
15469,2021,11,4,4
15469,2022,2,2,2
15469,2022,4,3,3
15469,2022,5,1,1
15469,2022,6,1,1
15469,2022,7,3,3
15469,2022,8,2,2
15469,2022,9,3,3
15469,2022,10,1,1
15469,2022,11,2,2
15469,2022,12,2,2
15469,2023,1,1,1
15469,2023,2,5,5
15469,2023,4,1,1
15469,2023,5,4,4
15469,2023,6,3,3
15469,2023,7,2,2
15469,2023,8,3,3
15469,2023,9,2,2
15469,2023,10,1,1
15469,2023,11,1,1
15469,2023,12,1,1
15469,2024,2,2,2
15469,2024,3,3,3
15469,2024,4,1,1
15469,2024,5,1,1
15469,2024,6,1,1
15469,2024,7,2,2
15469,2024,8,1,1
15469,2024,9,3,3
15469,2024,10,1,1
15469,2024,11,1,1
15469,2024,12,3,3
15476,2021,1,1,1
15476,2021,10,2,2
15476,2022,2,1,1
15476,2022,9,1,1
15476,2022,12,2,2
15476,2023,3,1,1
15476,2023,10,1,1
15476,2023,11,3,3
15476,2023,12,1,1
15476,2024,12,1,1
15480,2021,1,1,1
15480,2021,5,1,1
15480,2021,6,1,1
15480,2021,7,1,1
15480,2021,9,1,1
15480,2021,10,2,2
15480,2021,12,2,2
15480,2022,6,2,2
15480,2022,7,1,1
15480,2022,8,1,1
15480,2022,12,1,1
15480,2023,1,1,1
15480,2023,7,1,1
15480,2023,11,1,1
15480,2024,3,2,2
15480,2024,5,3,3
15480,2024,9,1,1
15491,2021,4,1,1
15491,2021,6,1,1
15491,2021,7,1,1
15491,2021,8,2,2
15491,2021,9,2,2
15491,2021,10,2,2
15491,2021,11,3,3
15491,2021,12,2,2
15491,2022,1,2,2
15491,2022,2,2,2
15491,2022,5,1,1
15491,2022,6,2,2
15491,2022,7,2,2
15491,2022,8,2,2
15491,2022,9,2,2
15491,2022,10,1,1
15491,2022,11,1,1
15491,2022,12,3,3
15491,2023,1,1,1
15491,2023,2,1,1
15491,2023,3,1,1
15491,2023,4,2,2
15491,2023,5,2,2
15491,2023,6,3,3
15491,2023,7,1,1
15491,2023,9,2,2
15491,2023,11,4,4
15491,2024,3,3,3
15491,2024,6,1,1
15491,2024,9,2,2
15494,2021,3,1,1
15494,2021,11,1,1
15494,2021,12,1,1
15494,2022,3,1,1
15494,2022,4,1,1
15494,2022,5,1,1
15494,2022,10,1,1
15494,2023,2,1,1
15494,2023,6,1,1
15494,2023,10,1,1
15494,2024,1,1,1
15494,2024,11,1,1
15500,2023,3,1,1
15500,2024,2,2,2
15500,2024,4,1,1
15500,2024,12,1,1
15507,2022,1,1,1
15507,2022,2,1,1
15507,2022,3,2,2
15507,2022,4,1,1
15507,2022,6,2,2
15507,2022,8,1,1
15507,2022,9,1,1
15507,2023,3,1,1
15507,2023,6,2,2
15507,2023,7,1,1
15507,2023,10,2,2
15507,2024,3,2,2
15507,2024,8,2,2
15507,2024,10,1,1
15511,2021,10,1,1
15511,2022,5,1,1
15514,2021,4,1,1
15514,2021,7,2,2
15514,2022,3,1,1
15514,2022,4,1,1
15516,2021,2,1,1
15516,2021,3,1,1
15516,2021,4,3,3
15516,2021,5,4,4
15516,2021,6,1,1
15516,2021,7,1,1
15516,2021,9,3,3
15516,2021,10,3,3
15516,2021,12,4,4
15516,2022,1,4,4
15516,2022,2,3,3
15516,2022,3,4,4
15516,2022,4,3,3
15516,2022,5,2,2
15516,2022,7,2,2
15516,2022,8,8,8
15516,2022,9,3,3
15516,2022,10,4,4
15516,2022,11,1,1
15516,2022,12,6,6
15516,2023,1,3,3
15516,2023,2,5,5
15516,2023,3,4,4
15516,2023,4,3,3
15516,2023,5,1,1
15516,2023,7,2,2
15516,2023,8,6,6
15516,2023,9,1,1
15516,2023,10,2,2
15516,2023,11,4,4
15516,2023,12,3,3
15516,2024,1,2,2
15516,2024,2,5,5
15516,2024,3,2,2
15516,2024,4,1,1
15516,2024,5,3,3
15516,2024,6,1,1
15516,2024,7,1,1
15516,2024,8,5,5
15516,2024,9,3,3
15516,2024,10,3,3
15516,2024,11,4,4
15516,2024,12,3,3
15518,2022,8,2,2
15518,2023,2,1,1
15518,2023,4,1,1
15518,2024,1,1,1
15518,2024,3,1,1
15522,2021,6,1,1
15522,2021,12,1,1
15522,2022,4,1,1
15522,2022,9,1,1
15531,2021,7,1,1
15531,2022,4,1,1
15531,2022,5,2,2
15531,2022,10,2,2
15531,2023,1,1,1
15531,2023,4,1,1
15531,2023,10,1,1
15531,2024,1,1,1
15531,2024,5,1,1
15531,2024,6,1,1
15531,2024,9,2,2
15533,2021,11,1,1
15533,2022,5,1,1
15533,2023,6,1,1
15537,2021,10,1,1
15537,2023,12,1,1
15537,2024,2,1,1
15537,2024,3,1,1
15537,2024,6,1,1
15542,2021,1,1,1
15542,2021,5,1,1
15542,2021,10,1,1
15542,2022,3,2,2
15542,2022,5,1,1
15542,2022,9,1,1
15542,2022,10,1,1
15542,2022,11,1,1
15542,2023,1,1,1
15542,2023,2,1,1
15542,2023,4,2,2
15542,2023,5,1,1
15542,2023,8,1,1
15542,2024,1,1,1
15542,2024,5,1,1
15542,2024,8,1,1
15542,2024,9,1,1
15542,2024,10,1,1
15550,2022,7,1,1
15550,2022,10,1,1
15550,2024,3,1,1
15572,2021,1,4,4
15572,2021,2,1,1
15572,2021,3,3,3
15572,2021,4,3,3
15572,2021,5,1,1
15572,2021,6,1,1
15572,2021,7,3,3
15572,2021,8,3,3
15572,2021,9,1,1
15572,2021,10,2,2
15572,2021,11,3,3
15572,2021,12,3,3
15572,2022,2,5,5
15572,2022,3,2,2
15572,2022,4,6,6
15572,2022,5,10,10
15572,2022,6,5,5
15572,2022,7,3,3
15572,2022,8,1,1
15572,2022,9,3,3
15572,2022,10,3,3
15572,2022,11,5,5
15572,2022,12,5,5
15572,2023,1,8,8
15572,2023,2,4,4
15572,2023,3,4,4
15572,2023,4,2,2
15572,2023,5,5,5
15572,2023,6,7,7
15572,2023,7,2,2
15572,2023,8,2,2
15572,2023,9,4,4
15572,2023,10,8,8
15572,2023,11,1,1
15572,2023,12,6,6
15572,2024,1,1,1
15572,2024,2,3,3
15572,2024,3,1,1
15572,2024,4,6,6
15572,2024,5,2,2
15572,2024,6,5,5
15572,2024,7,6,6
15572,2024,8,3,3
15572,2024,9,6,6
15572,2024,10,5,5
15572,2024,11,8,8
15572,2024,12,10,10
15580,2021,5,2,2
15580,2021,9,2,2
15580,2021,12,1,1
15580,2022,5,1,1
15580,2022,6,1,1
15580,2023,2,1,1
15580,2024,9,1,1
15599,2021,2,1,1
15599,2021,5,1,1
15599,2021,6,2,2
15599,2021,9,1,1
15599,2021,12,1,1
15599,2022,1,1,1
15599,2022,4,2,2
15599,2022,6,1,1
15599,2022,10,1,1
15599,2022,12,1,1
15599,2023,6,1,1
15599,2024,3,2,2
15599,2024,5,1,1
15599,2024,10,2,2
15600,2021,2,1,1
15600,2022,3,1,1
15600,2023,3,1,1
15600,2023,6,2,2
15600,2023,8,1,1
15600,2023,11,4,4
15600,2024,3,1,1
15600,2024,5,1,1
15621,2021,10,1,1
15621,2022,1,2,2
15621,2022,2,1,1
15621,2022,5,1,1
15621,2022,6,1,1
15621,2022,8,1,1
15621,2023,4,1,1
15621,2023,5,1,1
15621,2024,3,1,1
15632,2021,1,2,2
15632,2021,7,1,1
15632,2021,9,1,1
15632,2021,12,3,3
15632,2022,2,1,1
15632,2022,6,1,1
15632,2022,7,1,1
15632,2022,10,2,2
15632,2022,11,2,2
15632,2023,5,3,3
15632,2023,8,1,1
15632,2024,1,1,1
15632,2024,2,3,3
15632,2024,12,1,1
15638,2023,2,2,2
15638,2023,7,1,1
15638,2023,9,1,1
15638,2024,1,1,1
15638,2024,4,1,1
15638,2024,9,2,2
15638,2024,11,2,2
15638,2024,12,1,1
15646,2021,8,1,1
15646,2021,9,1,1
15646,2021,10,1,1
15646,2021,11,1,1
15646,2021,12,2,2
15646,2022,4,1,1
15646,2022,5,1,1
15646,2022,6,3,3
15646,2022,8,1,1
15646,2022,9,3,3
15646,2022,10,2,2
15646,2023,2,1,1
15646,2023,3,3,3
15646,2023,5,1,1
15646,2023,6,2,2
15646,2023,7,1,1
15646,2023,8,1,1
15646,2023,10,1,1
15646,2024,1,1,1
15646,2024,2,2,2
15646,2024,6,1,1
15646,2024,7,1,1
15646,2024,8,1,1
15646,2024,9,1,1
15646,2024,11,1,1
15646,2024,12,1,1
15660,2021,4,1,1
15660,2021,6,1,1
15660,2024,1,1,1
15664,2021,8,1,1
15664,2022,7,1,1
15664,2022,8,1,1
15664,2022,9,2,2
15664,2022,10,2,2
15664,2023,1,2,2
15664,2023,4,1,1
15664,2023,6,2,2
15664,2023,8,1,1
15664,2023,9,1,1
15664,2023,12,1,1
15664,2024,2,1,1
15667,2021,4,2,2
15667,2021,8,1,1
15667,2021,11,1,1
15667,2022,10,1,1
15667,2023,5,1,1
15667,2023,7,1,1
15667,2023,11,1,1
15667,2024,8,1,1
15673,2021,2,1,1
15673,2021,3,1,1
15673,2021,11,1,1
15673,2021,12,1,1
15673,2022,1,1,1
15673,2022,6,1,1
15673,2023,5,1,1
15673,2023,11,1,1
15673,2023,12,1,1
15673,2024,3,1,1
15676,2021,6,1,1
15676,2021,11,1,1
15676,2021,12,2,2
15676,2022,3,1,1
15676,2022,9,1,1
15676,2022,11,2,2
15676,2023,3,1,1
15676,2023,4,1,1
15676,2024,2,1,1
15676,2024,4,2,2
15676,2024,8,2,2
15676,2024,11,1,1
15681,2021,1,1,1
15681,2021,2,1,1
15681,2021,4,1,1
15681,2021,5,1,1
15681,2021,6,1,1
15681,2021,12,1,1
15681,2022,9,1,1
15681,2023,2,1,1
15681,2023,3,1,1
15681,2023,9,1,1
15681,2024,4,1,1
15681,2024,11,1,1
15686,2021,2,3,3
15686,2021,3,1,1
15686,2022,2,1,1
15686,2022,3,1,1
15686,2022,4,2,2
15686,2022,10,1,1
15686,2022,11,1,1
15686,2022,12,1,1
15686,2023,5,1,1
15686,2023,6,1,1
15686,2023,8,1,1
15686,2023,11,1,1
15686,2023,12,1,1
15686,2024,1,1,1
15686,2024,2,1,1
15686,2024,8,1,1
15690,2021,2,1,1
15690,2021,4,1,1
15690,2021,6,1,1
15690,2022,10,1,1
15690,2023,2,2,2
15690,2023,3,1,1
15690,2023,9,1,1
15690,2024,1,1,1
15690,2024,8,1,1
15690,2024,9,1,1
15693,2021,3,1,1
15693,2021,5,2,2
15693,2021,6,1,1
15693,2021,8,1,1
15693,2021,9,1,1
15693,2021,10,1,1
15693,2021,11,2,2
15693,2022,1,2,2
15693,2022,2,2,2
15693,2022,4,2,2
15693,2022,5,2,2
15693,2022,7,1,1
15693,2022,9,1,1
15693,2022,10,5,5
15693,2022,12,4,4
15693,2023,1,1,1
15693,2023,2,2,2
15693,2023,3,1,1
15693,2023,4,2,2
15693,2023,6,1,1
15693,2023,7,2,2
15693,2023,8,1,1
15693,2023,10,2,2
15693,2023,11,1,1
15693,2024,1,2,2
15693,2024,2,3,3
15693,2024,4,1,1
15693,2024,6,1,1
15693,2024,8,3,3
15693,2024,10,1,1
15693,2024,11,1,1
15696,2021,10,1,1
15696,2022,11,1,1
15696,2023,4,1,1
15696,2023,5,1,1
15696,2023,7,1,1
15696,2023,8,1,1
15696,2023,11,1,1
15696,2024,2,2,2
15696,2024,5,1,1
15696,2024,6,1,1
15720,2021,6,1,1
15720,2022,10,1,1
15720,2023,3,1,1
15720,2024,2,1,1
15720,2024,3,1,1
15723,2022,10,1,1
15723,2024,8,1,1
15723,2024,12,1,1
15740,2021,1,1,1
15740,2021,3,1,1
15740,2021,4,1,1
15740,2021,7,1,1
15740,2021,12,1,1
15740,2022,2,1,1
15740,2022,6,1,1
15740,2022,7,1,1
15740,2022,8,1,1
15740,2023,3,1,1
15740,2023,6,1,1
15740,2023,10,2,2
15740,2024,2,1,1
15740,2024,3,3,3
15740,2024,9,1,1
15740,2024,10,2,2
15740,2024,12,1,1
15753,2021,9,3,3
15753,2022,2,1,1
15753,2022,3,1,1
15753,2022,5,1,1
15753,2023,7,1,1
15753,2023,11,2,2
15753,2023,12,4,4
15753,2024,4,1,1
15753,2024,7,1,1
15753,2024,8,1,1
15753,2024,11,2,2
15753,2024,12,1,1
15755,2021,1,2,2
15755,2021,4,1,1
15755,2021,5,2,2
15755,2021,9,1,1
15755,2022,1,1,1
15755,2022,2,1,1
15755,2022,3,1,1
15755,2022,5,1,1
15755,2022,6,1,1
15755,2022,8,1,1
15755,2023,3,1,1
15755,2023,9,1,1
15755,2024,11,4,4
15755,2024,12,2,2
15757,2021,1,1,1
15757,2021,3,2,2
15757,2021,7,1,1
15757,2021,11,1,1
15757,2021,12,1,1
15757,2022,1,1,1
15757,2022,5,1,1
15757,2022,8,2,2
15757,2022,11,3,3
15757,2022,12,2,2
15757,2023,3,1,1
15757,2023,4,1,1
15757,2023,5,2,2
15757,2023,8,1,1
15757,2023,9,2,2
15757,2024,2,1,1
15757,2024,5,1,1
15757,2024,6,2,2
15757,2024,7,3,3
15757,2024,12,2,2
15759,2021,1,3,3
15759,2021,2,10,10
15759,2021,3,6,6
15759,2021,4,9,9
15759,2021,5,12,12
15759,2021,6,8,8
15759,2021,7,11,11
15759,2021,8,13,13
15759,2021,9,25,25
15759,2021,10,16,16
15759,2021,11,12,12
15759,2021,12,11,11
15759,2022,1,6,6
15759,2022,2,9,9
15759,2022,3,9,9
15759,2022,4,14,14
15759,2022,5,17,17
15759,2022,6,18,18
15759,2022,7,11,11
15759,2022,8,10,10
15759,2022,9,22,22
15759,2022,10,18,18
15759,2022,11,18,18
15759,2022,12,12,12
15759,2023,1,12,12
15759,2023,2,15,15
15759,2023,3,31,31
15759,2023,4,7,7
15759,2023,5,18,18
15759,2023,6,18,18
15759,2023,7,13,13
15759,2023,8,17,17
15759,2023,9,19,19
15759,2023,10,24,24
15759,2023,11,22,22
15759,2023,12,19,19
15759,2024,1,6,6
15759,2024,2,14,14
15759,2024,3,10,10
15759,2024,4,15,15
15759,2024,5,25,25
15759,2024,6,19,19
15759,2024,7,10,10
15759,2024,8,9,9
15759,2024,9,18,18
15759,2024,10,12,12
15759,2024,11,13,13
15759,2024,12,11,11
15761,2021,3,1,1
15761,2021,8,1,1
15761,2021,10,1,1
15761,2021,11,3,3
15761,2022,6,1,1
15761,2022,10,2,2
15761,2022,11,1,1
15761,2023,2,1,1
15761,2023,4,1,1
15761,2023,9,1,1
15761,2024,5,1,1
15762,2021,5,2,2
15762,2021,9,1,1
15762,2022,5,1,1
15762,2023,5,1,1
15762,2023,8,1,1
15762,2024,8,1,1
15763,2021,2,1,1
15763,2021,7,1,1
15763,2021,9,1,1
15763,2022,2,1,1
15763,2022,7,1,1
15763,2022,8,1,1
15763,2023,2,1,1
15763,2023,3,2,2
15763,2023,4,1,1
15763,2023,8,3,3
15763,2023,9,1,1
15763,2023,10,1,1
15763,2023,11,1,1
15763,2024,2,1,1
15763,2024,4,2,2
15763,2024,5,1,1
15763,2024,9,1,1
15763,2024,10,1,1
15763,2024,11,1,1
15764,2021,4,1,1
15764,2021,5,1,1
15764,2021,8,1,1
15764,2021,10,1,1
15764,2022,3,1,1
15764,2022,10,1,1
15764,2022,11,1,1
15764,2023,8,1,1
15764,2024,6,1,1
15764,2024,11,1,1
15774,2021,11,1,1
15774,2024,3,1,1
15774,2024,4,1,1
15774,2024,12,1,1
15776,2021,2,1,1
15776,2021,5,1,1
15776,2022,1,1,1
15776,2022,2,1,1
15776,2022,3,1,1
15776,2022,4,1,1
15776,2022,8,1,1
15776,2022,10,1,1
15776,2023,4,1,1
15776,2023,5,2,2
15776,2023,9,1,1
15776,2024,1,1,1
15776,2024,3,1,1
15776,2024,5,1,1
15776,2024,6,1,1
15776,2024,9,2,2
15776,2024,10,1,1
15778,2021,8,1,1
15778,2021,10,1,1
15778,2023,3,1,1
15778,2023,5,1,1
15778,2023,11,1,1
15778,2024,1,1,1
15778,2024,4,1,1
15790,2021,5,1,1
15790,2021,7,1,1
15790,2021,8,1,1
15790,2021,9,2,2
15790,2021,11,1,1
15790,2021,12,2,2
15790,2022,2,1,1
15790,2022,3,1,1
15790,2022,4,2,2
15790,2022,5,1,1
15790,2022,9,1,1
15790,2023,1,1,1
15790,2023,2,3,3
15790,2023,4,3,3
15790,2023,6,2,2
15790,2023,7,2,2
15790,2023,8,1,1
15790,2023,11,2,2
15790,2024,1,1,1
15790,2024,3,1,1
15798,2022,5,2,2
15798,2022,8,1,1
15798,2024,10,1,1
15804,2021,3,1,1
15804,2021,5,1,1
15804,2021,6,1,1
15804,2021,12,1,1
15804,2022,1,1,1
15804,2022,2,1,1
15804,2022,3,2,2
15804,2022,8,1,1
15804,2022,9,1,1
15804,2022,11,2,2
15804,2023,1,1,1
15804,2023,3,1,1
15804,2023,6,1,1
15804,2023,7,1,1
15804,2023,9,1,1
15804,2023,11,1,1
15804,2023,12,1,1
15804,2024,1,1,1
15804,2024,3,1,1
15804,2024,8,2,2
15806,2021,3,1,1
15806,2021,11,2,2
15806,2022,3,4,4
15806,2022,5,2,2
15806,2022,8,2,2
15806,2022,9,1,1
15806,2023,1,1,1
15806,2023,4,2,2
15806,2023,5,1,1
15806,2023,6,1,1
15806,2023,7,1,1
15806,2023,8,1,1
15806,2023,10,1,1
15806,2023,11,1,1
15806,2023,12,1,1
15806,2024,3,1,1
15806,2024,5,3,3
15806,2024,6,1,1
15806,2024,7,1,1
15806,2024,8,2,2
15806,2024,9,1,1
15806,2024,10,1,1
15806,2024,12,1,1
15808,2022,1,1,1
15808,2023,1,1,1
15808,2023,10,2,2
15808,2023,11,1,1
15808,2024,4,1,1
15808,2024,9,1,1
15808,2024,11,1,1
15810,2024,3,1,1
15810,2024,7,1,1
15810,2024,9,2,2
15814,2021,5,1,1
15814,2021,8,2,2
15814,2021,11,1,1
15814,2021,12,1,1
15814,2022,2,1,1
15814,2022,5,1,1
15814,2022,7,1,1
15814,2022,8,1,1
15814,2022,9,1,1
15814,2022,11,1,1
15814,2023,2,2,2
15814,2023,4,2,2
15814,2023,5,1,1
15814,2023,8,1,1
15814,2023,9,1,1
15814,2023,10,2,2
15814,2023,11,1,1
15814,2024,8,1,1
15814,2024,10,1,1
15814,2024,11,1,1
15816,2021,3,1,1
15816,2021,10,1,1
15816,2021,12,1,1
15816,2022,2,1,1
15816,2022,3,1,1
15816,2022,5,1,1
15816,2023,6,1,1
15816,2023,9,1,1
15816,2023,11,2,2
15816,2024,4,1,1
15820,2021,9,1,1
15820,2021,10,2,2
15820,2022,2,2,2
15820,2022,3,1,1
15820,2022,5,1,1
15820,2022,7,1,1
15820,2022,9,1,1
15820,2023,2,1,1
15820,2023,11,2,2
15820,2023,12,1,1
15820,2024,3,2,2
15820,2024,9,2,2
15822,2021,8,1,1
15822,2022,2,1,1
15822,2022,3,5,5
15822,2022,4,1,1
15822,2022,5,1,1
15822,2022,6,1,1
15822,2022,8,1,1
15822,2023,6,2,2
15822,2024,4,1,1
15822,2024,5,2,2
15822,2024,7,2,2
15822,2024,8,1,1
15832,2021,3,1,1
15832,2022,12,1,1
15835,2021,4,1,1
15835,2022,2,2,2
15835,2022,4,1,1
15835,2022,9,1,1
15835,2022,10,3,3
15835,2022,12,1,1
15835,2023,2,1,1
15835,2023,3,1,1
15835,2023,5,1,1
15835,2023,6,1,1
15835,2023,8,1,1
15837,2021,1,1,1
15837,2021,3,1,1
15837,2021,10,1,1
15837,2022,3,1,1
15837,2022,5,2,2
15837,2022,7,1,1
15837,2022,8,2,2
15837,2023,2,1,1
15837,2023,5,1,1
15837,2023,6,1,1
15837,2023,9,1,1
15837,2023,10,1,1
15837,2024,3,1,1
15837,2024,6,1,1
15837,2024,7,2,2
15837,2024,8,2,2
15837,2024,9,1,1
15839,2023,9,1,1
15839,2024,2,1,1
15839,2024,8,1,1
15842,2021,9,1,1
15842,2022,3,2,2
15842,2022,5,1,1
15842,2022,6,1,1
15842,2022,7,1,1
15842,2022,9,1,1
15842,2023,5,2,2
15842,2023,8,3,3
15842,2023,9,1,1
15842,2023,11,1,1
15842,2024,2,1,1
15842,2024,9,4,4
15861,2021,2,1,1
15861,2021,5,1,1
15861,2022,2,2,2
15861,2022,10,2,2
15861,2022,11,1,1
15861,2023,1,1,1
15861,2023,5,1,1
15861,2023,7,2,2
15861,2023,10,2,2
15861,2024,1,1,1
15861,2024,4,2,2
15861,2024,5,2,2
15861,2024,6,1,1
15861,2024,7,4,4
15861,2024,8,1,1
15861,2024,12,1,1
15879,2021,5,1,1
15879,2021,9,1,1
15879,2021,10,1,1
15879,2023,4,1,1
15897,2021,8,1,1
15897,2021,9,1,1
15897,2021,10,1,1
15897,2021,11,2,2
15897,2021,12,2,2
15897,2022,4,1,1
15897,2022,8,1,1
15897,2022,9,2,2
15897,2022,12,1,1
15897,2023,5,1,1
15897,2023,10,1,1
15897,2023,12,1,1
15897,2024,2,1,1
15897,2024,3,1,1
15897,2024,11,1,1
17001,2021,1,41,41
17001,2021,2,36,36
17001,2021,3,55,55
17001,2021,4,39,39
17001,2021,5,48,48
17001,2021,6,38,38
17001,2021,7,44,44
17001,2021,8,52,52
17001,2021,9,51,51
17001,2021,10,50,50
17001,2021,11,47,47
17001,2021,12,48,48
17001,2022,1,46,46
17001,2022,2,39,39
17001,2022,3,50,50
17001,2022,4,38,38
17001,2022,5,57,57
17001,2022,6,49,49
17001,2022,7,48,48
17001,2022,8,54,54
17001,2022,9,67,67
17001,2022,10,78,78
17001,2022,11,60,60
17001,2022,12,37,37
17001,2023,1,45,45
17001,2023,2,45,45
17001,2023,3,63,63
17001,2023,4,84,84
17001,2023,5,82,82
17001,2023,6,52,52
17001,2023,7,64,64
17001,2023,8,57,57
17001,2023,9,53,53
17001,2023,10,59,59
17001,2023,11,58,58
17001,2023,12,50,50
17001,2024,1,51,51
17001,2024,2,54,54
17001,2024,3,44,44
17001,2024,4,66,66
17001,2024,5,59,59
17001,2024,6,54,54
17001,2024,7,45,45
17001,2024,8,64,64
17001,2024,9,53,53
17001,2024,10,41,41
17001,2024,11,40,40
17001,2024,12,32,32
17013,2021,1,1,1
17013,2021,2,1,1
17013,2021,3,1,1
17013,2021,4,2,2
17013,2021,5,2,2
17013,2021,6,1,1
17013,2021,7,1,1
17013,2021,8,3,3
17013,2021,9,2,2
17013,2021,10,1,1
17013,2021,11,2,2
17013,2021,12,2,2
17013,2022,1,1,1
17013,2022,3,1,1
17013,2022,4,2,2
17013,2022,6,3,3
17013,2022,7,1,1
17013,2022,8,3,3
17013,2022,9,2,2
17013,2022,10,4,4
17013,2022,11,4,4
17013,2022,12,3,3
17013,2023,1,1,1
17013,2023,2,3,3
17013,2023,3,2,2
17013,2023,4,3,3
17013,2023,5,3,3
17013,2023,6,1,1
17013,2023,9,2,2
17013,2023,10,4,4
17013,2023,11,2,2
17013,2023,12,3,3
17013,2024,1,2,2
17013,2024,2,2,2
17013,2024,4,1,1
17013,2024,5,2,2
17013,2024,6,2,2
17013,2024,7,5,5
17013,2024,8,5,5
17013,2024,9,1,1
17013,2024,10,2,2
17013,2024,11,3,3
17013,2024,12,1,1
17042,2021,1,2,2
17042,2021,2,2,2
17042,2021,3,4,4
17042,2021,4,4,4
17042,2021,5,4,4
17042,2021,6,2,2
17042,2021,7,1,1
17042,2021,8,2,2
17042,2021,9,3,3
17042,2021,10,1,1
17042,2021,11,2,2
17042,2021,12,2,2
17042,2022,1,1,1
17042,2022,2,3,3
17042,2022,4,6,6
17042,2022,5,5,5
17042,2022,6,3,3
17042,2022,7,3,3
17042,2022,8,1,1
17042,2022,9,3,3
17042,2022,10,3,3
17042,2022,11,4,4
17042,2022,12,4,4
17042,2023,1,8,8
17042,2023,2,5,5
17042,2023,3,6,6
17042,2023,4,6,6
17042,2023,5,7,7
17042,2023,6,3,3
17042,2023,8,3,3
17042,2023,10,2,2
17042,2023,11,4,4
17042,2023,12,2,2
17042,2024,1,2,2
17042,2024,2,4,4
17042,2024,3,2,2
17042,2024,4,4,4
17042,2024,5,5,5
17042,2024,6,2,2
17042,2024,7,5,5
17042,2024,8,3,3
17042,2024,9,2,2
17042,2024,10,4,4
17042,2024,11,5,5
17042,2024,12,1,1
17050,2021,1,1,1
17050,2021,2,1,1
17050,2021,4,1,1
17050,2021,5,4,4
17050,2021,7,2,2
17050,2021,9,2,2
17050,2021,10,1,1
17050,2021,11,1,1
17050,2022,2,5,5
17050,2022,3,1,1
17050,2022,5,2,2
17050,2022,6,2,2
17050,2022,7,1,1
17050,2022,8,1,1
17050,2022,9,2,2
17050,2022,10,1,1
17050,2022,12,1,1
17050,2023,3,2,2
17050,2023,5,2,2
17050,2023,6,1,1
17050,2023,7,1,1
17050,2023,9,3,3
17050,2023,12,3,3
17050,2024,1,1,1
17050,2024,3,2,2
17050,2024,4,4,4
17050,2024,5,2,2
17050,2024,7,2,2
17050,2024,8,1,1
17050,2024,12,1,1
17088,2021,1,1,1
17088,2021,2,1,1
17088,2021,3,2,2
17088,2021,7,2,2
17088,2021,8,1,1
17088,2021,9,1,1
17088,2021,11,1,1
17088,2022,3,2,2
17088,2022,4,3,3
17088,2022,5,1,1
17088,2022,6,3,3
17088,2022,8,2,2
17088,2022,9,1,1
17088,2023,1,2,2
17088,2023,2,1,1
17088,2023,3,2,2
17088,2023,4,1,1
17088,2023,5,1,1
17088,2023,8,5,5
17088,2023,9,1,1
17088,2023,10,1,1
17088,2023,11,2,2
17088,2023,12,2,2
17088,2024,1,1,1
17088,2024,2,1,1
17088,2024,5,1,1
17088,2024,6,1,1
17088,2024,8,1,1
17088,2024,9,1,1
17088,2024,10,1,1
17174,2021,1,7,7
17174,2021,2,4,4
17174,2021,3,6,6
17174,2021,4,7,7
17174,2021,5,4,4
17174,2021,6,2,2
17174,2021,7,5,5
17174,2021,8,6,6
17174,2021,9,4,4
17174,2021,10,10,10
17174,2021,11,6,6
17174,2021,12,5,5
17174,2022,1,2,2
17174,2022,2,2,2
17174,2022,3,10,10
17174,2022,4,8,8
17174,2022,5,2,2
17174,2022,6,6,6
17174,2022,7,6,6
17174,2022,8,7,7
17174,2022,9,6,6
17174,2022,10,7,7
17174,2022,11,7,7
17174,2022,12,7,7
17174,2023,1,8,8
17174,2023,2,3,3
17174,2023,3,11,11
17174,2023,4,9,9
17174,2023,5,9,9
17174,2023,6,8,8
17174,2023,7,11,11
17174,2023,8,8,8
17174,2023,9,7,7
17174,2023,10,7,7
17174,2023,11,5,5
17174,2023,12,6,6
17174,2024,1,7,7
17174,2024,2,2,2
17174,2024,3,6,6
17174,2024,4,4,4
17174,2024,5,4,4
17174,2024,6,4,4
17174,2024,7,7,7
17174,2024,8,6,6
17174,2024,9,6,6
17174,2024,10,4,4
17174,2024,12,2,2
17272,2021,1,2,2
17272,2021,2,1,1
17272,2021,8,1,1
17272,2021,9,3,3
17272,2021,11,1,1
17272,2022,2,1,1
17272,2022,3,2,2
17272,2022,4,1,1
17272,2022,5,1,1
17272,2022,6,2,2
17272,2022,8,1,1
17272,2022,9,1,1
17272,2022,12,1,1
17272,2023,2,1,1
17272,2023,4,2,2
17272,2023,7,1,1
17272,2023,8,3,3
17272,2023,10,2,2
17272,2023,11,1,1
17272,2023,12,3,3
17272,2024,1,1,1
17272,2024,3,2,2
17272,2024,4,1,1
17272,2024,5,1,1
17272,2024,7,2,2
17272,2024,9,3,3
17272,2024,11,1,1
17380,2021,1,5,5
17380,2021,2,3,3
17380,2021,3,5,5
17380,2021,4,7,7
17380,2021,5,10,10
17380,2021,6,8,8
17380,2021,7,4,4
17380,2021,8,7,7
17380,2021,9,9,9
17380,2021,10,3,3
17380,2021,11,5,5
17380,2021,12,3,3
17380,2022,1,3,3
17380,2022,2,3,3
17380,2022,3,7,7
17380,2022,4,5,5
17380,2022,5,10,10
17380,2022,6,7,7
17380,2022,7,5,5
17380,2022,8,5,5
17380,2022,9,5,5
17380,2022,10,14,14
17380,2022,11,6,6
17380,2022,12,6,6
17380,2023,1,6,6
17380,2023,2,6,6
17380,2023,3,4,4
17380,2023,4,10,10
17380,2023,5,10,10
17380,2023,6,14,14
17380,2023,7,7,7
17380,2023,8,9,9
17380,2023,9,5,5
17380,2023,10,7,7
17380,2023,11,4,4
17380,2023,12,10,10
17380,2024,1,8,8
17380,2024,2,6,6
17380,2024,3,10,10
17380,2024,4,6,6
17380,2024,5,10,10
17380,2024,6,12,12
17380,2024,7,5,5
17380,2024,8,9,9
17380,2024,9,12,12
17380,2024,10,14,14
17380,2024,11,16,16
17380,2024,12,20,20
17388,2021,1,1,1
17388,2021,3,2,2
17388,2021,5,1,1
17388,2021,7,1,1
17388,2021,9,1,1
17388,2021,10,1,1
17388,2021,12,1,1
17388,2022,2,3,3
17388,2022,10,1,1
17388,2022,11,1,1
17388,2023,4,1,1
17388,2023,6,1,1
17388,2023,9,1,1
17388,2024,3,2,2
17388,2024,6,1,1
17388,2024,12,1,1
17433,2021,1,1,1
17433,2021,2,2,2
17433,2021,4,1,1
17433,2021,5,3,3
17433,2021,6,1,1
17433,2021,7,1,1
17433,2021,10,2,2
17433,2021,12,1,1
17433,2022,2,1,1
17433,2022,3,2,2
17433,2022,4,4,4
17433,2022,5,4,4
17433,2022,6,5,5
17433,2022,7,2,2
17433,2022,9,1,1
17433,2022,10,3,3
17433,2022,11,2,2
17433,2022,12,2,2
17433,2023,1,1,1
17433,2023,2,3,3
17433,2023,3,4,4
17433,2023,4,2,2
17433,2023,5,1,1
17433,2023,7,1,1
17433,2023,9,2,2
17433,2023,10,1,1
17433,2023,11,1,1
17433,2024,1,5,5
17433,2024,2,2,2
17433,2024,3,3,3
17433,2024,4,3,3
17433,2024,7,2,2
17433,2024,8,2,2
17433,2024,9,2,2
17433,2024,11,2,2
17442,2021,4,1,1
17442,2021,7,2,2
17442,2022,1,1,1
17442,2022,2,2,2
17442,2022,3,2,2
17442,2022,8,1,1
17442,2022,9,1,1
17442,2022,10,1,1
17442,2022,11,1,1
17442,2023,2,1,1
17442,2023,3,1,1
17442,2023,4,2,2
17442,2023,5,2,2
17442,2023,7,1,1
17442,2023,8,3,3
17442,2023,10,1,1
17442,2023,11,2,2
17442,2024,2,1,1
17442,2024,4,1,1
17442,2024,5,1,1
17442,2024,6,1,1
17442,2024,7,3,3
17442,2024,10,1,1
17442,2024,12,1,1
17444,2021,2,1,1
17444,2021,3,5,5
17444,2021,4,1,1
17444,2021,6,1,1
17444,2021,8,2,2
17444,2021,9,4,4
17444,2021,10,7,7
17444,2021,11,2,2
17444,2021,12,1,1
17444,2022,2,2,2
17444,2022,4,1,1
17444,2022,5,1,1
17444,2022,6,4,4
17444,2022,8,3,3
17444,2022,9,1,1
17444,2022,10,1,1
17444,2022,11,2,2
17444,2022,12,1,1
17444,2023,1,2,2
17444,2023,2,1,1
17444,2023,4,1,1
17444,2023,6,1,1
17444,2023,7,1,1
17444,2023,8,1,1
17444,2023,10,1,1
17444,2023,11,2,2
17444,2023,12,1,1
17444,2024,2,1,1
17444,2024,3,1,1
17444,2024,5,2,2
17444,2024,7,2,2
17444,2024,8,2,2
17444,2024,9,1,1
17444,2024,10,4,4
17444,2024,11,2,2
17444,2024,12,2,2
17446,2021,2,1,1
17446,2021,10,1,1
17446,2021,11,1,1
17446,2023,11,1,1
17446,2024,9,1,1
17486,2021,1,2,2
17486,2021,2,1,1
17486,2021,3,1,1
17486,2021,4,1,1
17486,2021,5,3,3
17486,2021,6,2,2
17486,2021,9,2,2
17486,2021,10,3,3
17486,2021,11,2,2
17486,2021,12,2,2
17486,2022,2,3,3
17486,2022,3,2,2
17486,2022,4,2,2
17486,2022,5,2,2
17486,2022,6,2,2
17486,2022,8,1,1
17486,2022,9,2,2
17486,2022,10,1,1
17486,2022,11,1,1
17486,2022,12,3,3
17486,2023,1,3,3
17486,2023,2,2,2
17486,2023,4,6,6
17486,2023,5,1,1
17486,2023,7,1,1
17486,2023,8,3,3
17486,2023,9,5,5
17486,2023,10,4,4
17486,2023,11,1,1
17486,2023,12,3,3
17486,2024,1,3,3
17486,2024,2,2,2
17486,2024,3,4,4
17486,2024,4,3,3
17486,2024,5,8,8
17486,2024,6,3,3
17486,2024,7,4,4
17486,2024,8,3,3
17486,2024,9,3,3
17486,2024,10,1,1
17486,2024,11,2,2
17486,2024,12,1,1
17495,2021,3,1,1
17495,2021,4,1,1
17495,2022,1,1,1
17495,2022,5,2,2
17495,2022,6,3,3
17495,2022,7,1,1
17495,2023,4,1,1
17495,2023,5,2,2
17495,2023,9,1,1
17495,2024,1,2,2
17495,2024,2,2,2
17495,2024,8,1,1
17513,2021,3,2,2
17513,2021,5,1,1
17513,2021,6,1,1
17513,2021,11,2,2
17513,2021,12,1,1
17513,2022,3,4,4
17513,2022,4,2,2
17513,2022,7,1,1
17513,2022,8,1,1
17513,2022,9,4,4
17513,2022,10,3,3
17513,2022,11,2,2
17513,2022,12,2,2
17513,2023,2,2,2
17513,2023,3,5,5
17513,2023,4,2,2
17513,2023,5,5,5
17513,2023,6,2,2
17513,2023,8,1,1
17513,2023,9,1,1
17513,2023,10,2,2
17513,2024,3,3,3
17513,2024,4,1,1
17513,2024,5,2,2
17513,2024,6,2,2
17513,2024,7,3,3
17513,2024,8,1,1
17513,2024,10,1,1
17513,2024,11,1,1
17524,2021,1,1,1
17524,2021,2,2,2
17524,2021,4,1,1
17524,2021,7,1,1
17524,2021,8,1,1
17524,2021,9,1,1
17524,2021,10,1,1
17524,2021,12,1,1
17524,2022,2,3,3
17524,2022,3,1,1
17524,2022,5,1,1
17524,2022,7,1,1
17524,2022,8,1,1
17524,2022,9,1,1
17524,2022,10,1,1
17524,2022,11,3,3
17524,2023,1,1,1
17524,2023,3,1,1
17524,2023,5,2,2
17524,2023,7,3,3
17524,2023,8,1,1
17524,2023,9,2,2
17524,2023,10,2,2
17524,2023,11,2,2
17524,2023,12,1,1
17524,2024,2,1,1
17524,2024,3,1,1
17524,2024,4,1,1
17524,2024,5,5,5
17524,2024,6,1,1
17524,2024,7,1,1
17524,2024,8,1,1
17524,2024,9,5,5
17524,2024,10,1,1
17524,2024,11,2,2
17524,2024,12,4,4
17541,2021,1,1,1
17541,2021,2,1,1
17541,2021,3,2,2
17541,2021,4,1,1
17541,2021,6,2,2
17541,2021,7,1,1
17541,2021,11,1,1
17541,2021,12,2,2
17541,2022,4,1,1
17541,2022,5,3,3
17541,2022,6,2,2
17541,2022,7,2,2
17541,2022,11,1,1
17541,2022,12,1,1
17541,2023,1,2,2
17541,2023,3,1,1
17541,2023,5,1,1
17541,2023,7,3,3
17541,2023,8,1,1
17541,2023,9,2,2
17541,2023,10,1,1
17541,2023,12,2,2
17541,2024,2,3,3
17541,2024,4,2,2
17541,2024,6,1,1
17541,2024,7,2,2
17541,2024,8,3,3
17541,2024,9,1,1
17541,2024,10,1,1
17614,2021,1,1,1
17614,2021,2,6,6
17614,2021,3,3,3
17614,2021,4,8,8
17614,2021,5,2,2
17614,2021,6,3,3
17614,2021,7,8,8
17614,2021,8,2,2
17614,2021,9,3,3
17614,2021,10,3,3
17614,2021,11,5,5
17614,2021,12,5,5
17614,2022,1,6,6
17614,2022,2,6,6
17614,2022,3,12,12
17614,2022,4,18,18
17614,2022,5,7,7
17614,2022,6,14,14
17614,2022,7,15,15
17614,2022,8,5,5
17614,2022,9,11,11
17614,2022,10,8,8
17614,2022,11,8,8
17614,2022,12,9,9
17614,2023,1,13,13
17614,2023,2,6,6
17614,2023,3,15,15
17614,2023,4,10,10
17614,2023,5,10,10
17614,2023,6,7,7
17614,2023,7,8,8
17614,2023,8,4,4
17614,2023,10,3,3
17614,2023,11,3,3
17614,2023,12,2,2
17614,2024,1,3,3
17614,2024,2,4,4
17614,2024,3,7,7
17614,2024,4,4,4
17614,2024,5,4,4
17614,2024,6,4,4
17614,2024,7,2,2
17614,2024,8,4,4
17614,2024,9,5,5
17614,2024,10,12,12
17614,2024,11,12,12
17614,2024,12,2,2
17616,2021,2,1,1
17616,2021,3,1,1
17616,2021,6,2,2
17616,2021,7,1,1
17616,2021,11,1,1
17616,2021,12,2,2
17616,2022,2,1,1
17616,2022,3,1,1
17616,2022,4,1,1
17616,2022,5,1,1
17616,2022,7,1,1
17616,2022,8,1,1
17616,2022,9,1,1
17616,2022,12,2,2
17616,2023,1,1,1
17616,2023,4,2,2
17616,2023,7,2,2
17616,2023,8,2,2
17616,2023,9,1,1
17616,2023,10,1,1
17616,2023,12,1,1
17616,2024,3,1,1
17616,2024,6,1,1
17616,2024,7,1,1
17616,2024,8,1,1
17616,2024,12,1,1
17653,2021,2,1,1
17653,2021,5,1,1
17653,2021,6,1,1
17653,2021,7,1,1
17653,2021,9,1,1
17653,2021,10,1,1
17653,2021,11,2,2
17653,2021,12,4,4
17653,2022,1,1,1
17653,2022,2,2,2
17653,2022,6,1,1
17653,2022,8,3,3
17653,2022,9,3,3
17653,2022,10,1,1
17653,2022,12,1,1
17653,2023,1,1,1
17653,2023,2,3,3
17653,2023,3,2,2
17653,2023,6,1,1
17653,2023,8,2,2
17653,2023,9,3,3
17653,2023,10,1,1
17653,2023,11,2,2
17653,2024,1,4,4
17653,2024,2,2,2
17653,2024,3,1,1
17653,2024,4,2,2
17653,2024,5,2,2
17653,2024,6,1,1
17653,2024,7,1,1
17653,2024,8,3,3
17653,2024,9,2,2
17653,2024,10,1,1
17662,2021,2,2,2
17662,2021,3,2,2
17662,2021,4,1,1
17662,2021,6,1,1
17662,2021,7,1,1
17662,2021,8,1,1
17662,2021,9,2,2
17662,2021,10,3,3
17662,2022,2,2,2
17662,2022,3,4,4
17662,2022,5,1,1
17662,2022,6,1,1
17662,2022,8,1,1
17662,2022,9,2,2
17662,2022,10,1,1
17662,2022,12,1,1
17662,2023,1,2,2
17662,2023,2,2,2
17662,2023,3,1,1
17662,2023,4,1,1
17662,2023,7,1,1
17662,2023,8,2,2
17662,2023,10,5,5
17662,2023,11,1,1
17662,2023,12,1,1
17662,2024,2,1,1
17662,2024,5,2,2
17662,2024,6,1,1
17662,2024,9,1,1
17662,2024,10,1,1
17662,2024,11,1,1
17662,2024,12,2,2
17665,2021,1,1,1
17665,2021,4,1,1
17665,2021,6,1,1
17665,2021,7,1,1
17665,2022,3,1,1
17665,2022,4,1,1
17665,2022,9,1,1
17665,2024,1,2,2
17665,2024,2,1,1
17665,2024,3,1,1
17665,2024,4,2,2
17665,2024,5,1,1
17777,2021,2,2,2
17777,2021,4,3,3
17777,2021,5,1,1
17777,2021,7,1,1
17777,2021,8,2,2
17777,2021,9,1,1
17777,2021,10,5,5
17777,2021,11,3,3
17777,2022,1,1,1
17777,2022,3,2,2
17777,2022,5,1,1
17777,2022,6,1,1
17777,2022,7,1,1
17777,2022,8,3,3
17777,2022,9,1,1
17777,2022,10,3,3
17777,2022,11,5,5
17777,2022,12,2,2
17777,2023,1,2,2
17777,2023,2,4,4
17777,2023,3,3,3
17777,2023,4,3,3
17777,2023,5,5,5
17777,2023,6,4,4
17777,2023,7,3,3
17777,2023,8,5,5
17777,2023,9,4,4
17777,2023,10,3,3
17777,2023,11,2,2
17777,2023,12,3,3
17777,2024,1,1,1
17777,2024,2,1,1
17777,2024,3,4,4
17777,2024,4,3,3
17777,2024,5,1,1
17777,2024,6,3,3
17777,2024,7,3,3
17777,2024,9,2,2
17777,2024,10,1,1
17777,2024,11,6,6
17777,2024,12,1,1
17867,2021,1,1,1
17867,2021,2,1,1
17867,2021,5,1,1
17867,2021,6,1,1
17867,2021,9,1,1
17867,2022,5,1,1
17867,2022,7,1,1
17867,2022,11,1,1
17867,2023,1,1,1
17867,2023,2,1,1
17867,2023,4,1,1
17867,2023,5,4,4
17867,2023,6,3,3
17867,2023,7,1,1
17867,2023,8,1,1
17867,2023,11,2,2
17867,2024,1,1,1
17867,2024,6,1,1
17867,2024,7,1,1
17867,2024,11,1,1
17873,2021,1,5,5
17873,2021,2,6,6
17873,2021,3,4,4
17873,2021,4,5,5
17873,2021,5,6,6
17873,2021,6,5,5
17873,2021,7,8,8
17873,2021,8,5,5
17873,2021,9,6,6
17873,2021,10,8,8
17873,2021,11,8,8
17873,2021,12,6,6
17873,2022,1,2,2
17873,2022,2,5,5
17873,2022,3,6,6
17873,2022,4,6,6
17873,2022,5,6,6
17873,2022,6,8,8
17873,2022,7,6,6
17873,2022,8,7,7
17873,2022,9,6,6
17873,2022,10,5,5
17873,2022,11,5,5
17873,2022,12,3,3
17873,2023,1,7,7
17873,2023,2,3,3
17873,2023,3,4,4
17873,2023,4,6,6
17873,2023,5,6,6
17873,2023,6,6,6
17873,2023,7,7,7
17873,2023,8,5,5
17873,2023,9,6,6
17873,2023,10,6,6
17873,2023,11,7,7
17873,2023,12,6,6
17873,2024,1,8,8
17873,2024,2,1,1
17873,2024,3,1,1
17873,2024,4,3,3
17873,2024,5,3,3
17873,2024,6,11,11
17873,2024,7,11,11
17873,2024,8,7,7
17873,2024,9,9,9
17873,2024,10,4,4
17873,2024,11,6,6
17873,2024,12,5,5
17877,2021,2,2,2
17877,2021,3,1,1
17877,2021,4,1,1
17877,2021,5,1,1
17877,2021,6,4,4
17877,2021,7,1,1
17877,2021,8,3,3
17877,2021,9,1,1
17877,2021,10,4,4
17877,2021,11,3,3
17877,2021,12,1,1
17877,2022,1,3,3
17877,2022,2,4,4
17877,2022,3,3,3
17877,2022,4,2,2
17877,2022,5,1,1
17877,2022,7,4,4
17877,2022,9,3,3
17877,2022,10,3,3
17877,2022,11,1,1
17877,2022,12,1,1
17877,2023,1,1,1
17877,2023,2,3,3
17877,2023,3,5,5
17877,2023,6,2,2
17877,2023,7,3,3
17877,2023,9,2,2
17877,2023,10,1,1
17877,2023,12,1,1
17877,2024,1,3,3
17877,2024,2,3,3
17877,2024,4,2,2
17877,2024,5,2,2
17877,2024,6,1,1
17877,2024,10,3,3
17877,2024,12,1,1
18001,2021,1,13,13
18001,2021,2,5,5
18001,2021,3,20,20
18001,2021,4,12,12
18001,2021,5,7,7
18001,2021,6,12,12
18001,2021,7,7,7
18001,2021,8,14,14
18001,2021,9,11,11
18001,2021,10,11,11
18001,2021,11,13,13
18001,2021,12,7,7
18001,2022,1,13,13
18001,2022,2,12,12
18001,2022,3,16,16
18001,2022,4,11,11
18001,2022,5,8,8
18001,2022,6,5,5
18001,2022,7,13,13
18001,2022,8,9,9
18001,2022,9,20,20
18001,2022,10,12,12
18001,2022,11,19,19
18001,2022,12,4,4
18001,2023,1,8,8
18001,2023,2,13,13
18001,2023,3,14,14
18001,2023,4,9,9
18001,2023,5,15,15
18001,2023,6,15,15
18001,2023,7,15,15
18001,2023,8,9,9
18001,2023,9,17,17
18001,2023,10,13,13
18001,2023,11,10,10
18001,2023,12,6,6
18001,2024,1,6,6
18001,2024,2,3,3
18001,2024,3,6,6
18001,2024,4,10,10
18001,2024,5,10,10
18001,2024,6,14,14
18001,2024,7,11,11
18001,2024,8,8,8
18001,2024,9,13,13
18001,2024,10,10,10
18001,2024,11,7,7
18001,2024,12,11,11
18029,2021,1,1,1
18029,2021,4,1,1
18029,2021,6,1,1
18029,2022,5,1,1
18029,2022,6,1,1
18029,2022,11,1,1
18029,2023,12,1,1
18029,2024,1,1,1
18029,2024,8,1,1
18094,2021,2,1,1
18094,2021,5,2,2
18094,2021,9,1,1
18094,2021,10,1,1
18094,2022,1,1,1
18094,2022,3,1,1
18094,2022,4,1,1
18094,2022,12,2,2
18094,2023,1,1,1
18094,2023,3,1,1
18094,2023,5,1,1
18094,2023,7,1,1
18094,2023,8,3,3
18094,2023,9,1,1
18094,2023,10,4,4
18094,2024,1,1,1
18094,2024,2,1,1
18094,2024,3,1,1
18094,2024,4,1,1
18094,2024,5,1,1
18094,2024,9,1,1
18094,2024,10,3,3
18150,2021,2,2,2
18150,2021,3,1,1
18150,2021,4,1,1
18150,2021,5,1,1
18150,2021,6,1,1
18150,2021,7,2,2
18150,2021,8,2,2
18150,2021,9,2,2
18150,2021,10,1,1
18150,2021,11,2,2
18150,2022,3,1,1
18150,2022,4,2,2
18150,2022,6,2,2
18150,2022,7,1,1
18150,2022,8,3,3
18150,2022,9,1,1
18150,2022,10,1,1
18150,2023,2,3,3
18150,2023,3,1,1
18150,2023,5,1,1
18150,2023,7,3,3
18150,2023,8,2,2
18150,2023,9,3,3
18150,2023,10,1,1
18150,2023,11,1,1
18150,2024,1,1,1
18150,2024,3,1,1
18150,2024,4,1,1
18150,2024,5,2,2
18150,2024,6,4,4
18150,2024,8,2,2
18150,2024,9,2,2
18150,2024,10,1,1
18150,2024,11,1,1
18205,2021,11,1,1
18205,2022,1,1,1
18205,2022,8,2,2
18205,2022,9,1,1
18205,2022,10,1,1
18205,2022,11,1,1
18205,2023,1,2,2
18205,2023,4,2,2
18205,2023,11,1,1
18205,2024,2,1,1
18205,2024,5,1,1
18205,2024,8,1,1
18205,2024,9,1,1
18205,2024,12,1,1
18247,2021,3,1,1
18247,2021,5,1,1
18247,2021,6,2,2
18247,2021,7,1,1
18247,2021,8,2,2
18247,2021,10,1,1
18247,2021,11,1,1
18247,2021,12,2,2
18247,2022,2,4,4
18247,2022,3,1,1
18247,2022,5,1,1
18247,2022,6,1,1
18247,2022,8,2,2
18247,2022,10,1,1
18247,2022,11,1,1
18247,2022,12,1,1
18247,2023,3,3,3
18247,2023,4,1,1
18247,2023,5,1,1
18247,2023,6,1,1
18247,2023,7,4,4
18247,2023,8,1,1
18247,2023,9,3,3
18247,2023,10,1,1
18247,2024,1,1,1
18247,2024,2,1,1
18247,2024,6,1,1
18247,2024,8,1,1
18247,2024,9,2,2
18247,2024,12,1,1
18256,2021,1,1,1
18256,2021,2,1,1
18256,2021,6,1,1
18256,2021,9,1,1
18256,2021,10,1,1
18256,2021,12,3,3
18256,2022,4,1,1
18256,2022,5,3,3
18256,2022,6,1,1
18256,2022,8,2,2
18256,2022,10,1,1
18256,2022,11,1,1
18256,2023,3,1,1
18256,2023,5,4,4
18256,2023,6,3,3
18256,2023,9,1,1
18256,2023,10,1,1
18256,2024,5,1,1
18410,2021,6,1,1
18410,2021,11,1,1
18410,2021,12,2,2
18410,2022,1,1,1
18410,2022,4,4,4
18410,2022,5,1,1
18410,2022,9,1,1
18410,2022,11,2,2
18410,2023,3,1,1
18410,2023,5,1,1
18410,2023,7,1,1
18410,2023,11,1,1
18410,2024,1,1,1
18410,2024,3,1,1
18410,2024,7,1,1
18410,2024,9,1,1
18410,2024,11,1,1
18460,2021,8,1,1
18460,2021,12,1,1
18460,2022,4,1,1
18460,2022,10,1,1
18460,2022,12,1,1
18460,2023,2,1,1
18460,2023,8,2,2
18460,2023,11,1,1
18460,2024,1,1,1
18460,2024,4,1,1
18460,2024,7,1,1
18460,2024,8,1,1
18460,2024,9,1,1
18460,2024,12,2,2
18479,2021,1,1,1
18479,2023,4,1,1
18479,2023,12,1,1
18479,2024,3,1,1
18479,2024,8,1,1
18479,2024,11,1,1
18592,2021,1,1,1
18592,2021,2,1,1
18592,2021,3,1,1
18592,2021,4,2,2
18592,2021,5,2,2
18592,2021,7,2,2
18592,2021,8,2,2
18592,2021,10,1,1
18592,2021,11,1,1
18592,2021,12,2,2
18592,2022,1,1,1
18592,2022,3,1,1
18592,2022,4,1,1
18592,2022,5,1,1
18592,2022,6,4,4
18592,2022,7,1,1
18592,2022,8,1,1
18592,2022,9,3,3
18592,2022,10,3,3
18592,2022,11,1,1
18592,2023,2,2,2
18592,2023,3,3,3
18592,2023,4,3,3
18592,2023,6,1,1
18592,2023,7,2,2
18592,2023,8,2,2
18592,2023,9,4,4
18592,2023,10,1,1
18592,2023,12,1,1
18592,2024,3,2,2
18592,2024,4,1,1
18592,2024,5,1,1
18592,2024,6,1,1
18592,2024,7,1,1
18592,2024,8,3,3
18592,2024,10,2,2
18592,2024,12,1,1
18610,2021,2,1,1
18610,2021,3,2,2
18610,2021,4,1,1
18610,2021,5,2,2
18610,2021,8,3,3
18610,2021,10,2,2
18610,2022,1,1,1
18610,2022,2,1,1
18610,2022,5,1,1
18610,2022,7,3,3
18610,2022,8,1,1
18610,2022,10,1,1
18610,2022,12,2,2
18610,2023,4,2,2
18610,2023,10,2,2
18610,2024,1,1,1
18610,2024,3,1,1
18610,2024,4,1,1
18610,2024,7,1,1
18610,2024,9,1,1
18753,2021,1,4,4
18753,2021,2,3,3
18753,2021,3,5,5
18753,2021,4,4,4
18753,2021,6,2,2
18753,2021,7,2,2
18753,2021,8,1,1
18753,2021,9,2,2
18753,2021,10,3,3
18753,2021,11,9,9
18753,2021,12,4,4
18753,2022,1,2,2
18753,2022,2,1,1
18753,2022,3,6,6
18753,2022,4,5,5
18753,2022,5,2,2
18753,2022,6,3,3
18753,2022,7,2,2
18753,2022,8,1,1
18753,2022,9,3,3
18753,2022,11,1,1
18753,2022,12,6,6
18753,2023,1,4,4
18753,2023,2,1,1
18753,2023,3,5,5
18753,2023,4,6,6
18753,2023,5,2,2
18753,2023,6,4,4
18753,2023,7,1,1
18753,2023,8,6,6
18753,2023,9,3,3
18753,2023,10,2,2
18753,2023,11,3,3
18753,2023,12,6,6
18753,2024,1,3,3
18753,2024,2,4,4
18753,2024,3,3,3
18753,2024,4,5,5
18753,2024,5,3,3
18753,2024,6,5,5
18753,2024,7,4,4
18753,2024,8,1,1
18753,2024,9,1,1
18753,2024,10,1,1
18753,2024,11,2,2
18756,2021,6,1,1
18756,2021,9,1,1
18756,2021,12,2,2
18756,2022,3,1,1
18756,2022,4,2,2
18756,2022,10,1,1
18756,2023,2,1,1
18756,2023,3,1,1
18756,2023,5,3,3
18756,2023,6,1,1
18756,2023,7,1,1
18756,2023,8,1,1
18756,2023,11,1,1
18756,2024,1,1,1
18756,2024,2,2,2
18756,2024,3,1,1
18756,2024,9,1,1
18756,2024,12,1,1
18785,2021,3,1,1
18785,2021,7,1,1
18785,2021,11,1,1
18785,2022,4,3,3
18785,2022,6,1,1
18785,2022,7,1,1
18785,2022,9,2,2
18785,2022,11,1,1
18785,2022,12,1,1
18785,2023,2,1,1
18785,2023,4,1,1
18785,2023,5,1,1
18785,2023,9,1,1
18785,2023,10,1,1
18785,2023,12,1,1
18785,2024,2,1,1
18785,2024,5,1,1
18785,2024,12,1,1
18860,2021,2,1,1
18860,2021,4,1,1
18860,2021,11,1,1
18860,2022,1,1,1
18860,2022,6,1,1
18860,2022,7,1,1
18860,2022,8,1,1
18860,2022,10,1,1
18860,2023,7,1,1
18860,2023,9,2,2
18860,2024,6,1,1
18860,2024,12,1,1
19001,2021,1,17,17
19001,2021,2,14,14
19001,2021,3,19,19
19001,2021,4,13,13
19001,2021,5,15,15
19001,2021,6,17,17
19001,2021,7,16,16
19001,2021,8,20,20
19001,2021,9,17,17
19001,2021,10,20,20
19001,2021,11,16,16
19001,2021,12,13,13
19001,2022,1,17,17
19001,2022,2,14,14
19001,2022,3,21,21
19001,2022,4,22,22
19001,2022,5,18,18
19001,2022,6,23,23
19001,2022,7,28,28
19001,2022,8,30,30
19001,2022,9,37,37
19001,2022,10,39,39
19001,2022,11,34,34
19001,2022,12,34,34
19001,2023,1,31,31
19001,2023,2,48,48
19001,2023,3,48,48
19001,2023,4,37,37
19001,2023,5,58,58
19001,2023,6,34,34
19001,2023,7,32,32
19001,2023,8,30,30
19001,2023,9,52,52
19001,2023,10,42,42
19001,2023,11,41,41
19001,2023,12,36,36
19001,2024,1,26,26
19001,2024,2,42,42
19001,2024,3,43,43
19001,2024,4,39,39
19001,2024,5,43,43
19001,2024,6,33,33
19001,2024,7,41,41
19001,2024,8,25,25
19001,2024,9,33,33
19001,2024,10,32,32
19001,2024,11,43,43
19001,2024,12,33,33
19022,2021,1,1,1
19022,2021,3,1,1
19022,2021,12,1,1
19022,2022,5,1,1
19022,2022,6,1,1
19022,2022,7,1,1
19022,2022,8,2,2
19022,2022,9,2,2
19022,2023,2,1,1
19022,2023,3,2,2
19022,2023,5,1,1
19022,2023,6,2,2
19022,2023,8,1,1
19022,2023,11,2,2
19022,2024,1,1,1
19022,2024,2,1,1
19022,2024,4,1,1
19022,2024,8,1,1
19022,2024,9,2,2
19022,2024,12,1,1
19050,2021,1,2,2
19050,2021,2,1,1
19050,2021,3,4,4
19050,2021,5,1,1
19050,2021,8,1,1
19050,2021,9,2,2
19050,2021,10,1,1
19050,2021,11,1,1
19050,2022,2,2,2
19050,2022,4,1,1
19050,2022,5,1,1
19050,2022,6,1,1
19050,2022,7,3,3
19050,2022,8,5,5
19050,2022,9,2,2
19050,2022,10,4,4
19050,2022,11,5,5
19050,2023,1,3,3
19050,2023,2,1,1
19050,2023,3,2,2
19050,2023,4,3,3
19050,2023,5,2,2
19050,2023,6,1,1
19050,2023,7,4,4
19050,2023,8,3,3
19050,2023,9,1,1
19050,2023,10,1,1
19050,2024,1,3,3
19050,2024,2,1,1
19050,2024,3,2,2
19050,2024,5,1,1
19050,2024,7,1,1
19050,2024,8,2,2
19050,2024,9,1,1
19050,2024,10,3,3
19050,2024,11,2,2
19075,2021,1,1,1
19075,2021,2,2,2
19075,2021,5,2,2
19075,2021,7,1,1
19075,2021,9,2,2
19075,2021,10,2,2
19075,2021,11,1,1
19075,2021,12,2,2
19075,2022,1,3,3
19075,2022,4,1,1
19075,2022,5,2,2
19075,2022,6,1,1
19075,2022,7,1,1
19075,2022,8,2,2
19075,2022,9,4,4
19075,2022,10,2,2
19075,2022,11,1,1
19075,2022,12,2,2
19075,2023,3,1,1
19075,2023,4,4,4
19075,2023,6,3,3
19075,2023,11,1,1
19075,2024,1,2,2
19075,2024,2,3,3
19075,2024,3,4,4
19075,2024,4,1,1
19075,2024,6,1,1
19075,2024,7,1,1
19075,2024,8,1,1
19075,2024,9,1,1
19075,2024,10,1,1
19075,2024,11,1,1
19100,2021,1,3,3
19100,2021,2,1,1
19100,2021,4,1,1
19100,2021,7,2,2
19100,2021,8,1,1
19100,2022,1,2,2
19100,2022,4,1,1
19100,2022,5,1,1
19100,2022,6,1,1
19100,2022,8,2,2
19100,2022,9,1,1
19100,2022,10,1,1
19100,2022,11,1,1
19100,2022,12,1,1
19100,2023,3,1,1
19100,2023,5,2,2
19100,2023,6,1,1
19100,2023,7,1,1
19100,2023,9,1,1
19100,2023,10,2,2
19100,2023,12,1,1
19100,2024,1,1,1
19100,2024,2,1,1
19100,2024,3,3,3
19100,2024,4,2,2
19100,2024,5,2,2
19100,2024,8,1,1
19100,2024,9,2,2
19100,2024,11,2,2
19100,2024,12,1,1
19110,2021,1,1,1
19110,2021,2,1,1
19110,2021,3,2,2
19110,2021,4,1,1
19110,2021,6,1,1
19110,2021,7,1,1
19110,2022,1,2,2
19110,2022,3,1,1
19110,2022,4,1,1
19110,2022,11,1,1
19110,2022,12,1,1
19110,2023,2,1,1
19110,2023,3,2,2
19110,2023,9,1,1
19110,2023,12,1,1
19110,2024,5,3,3
19110,2024,6,2,2
19110,2024,9,3,3
19130,2021,1,1,1
19130,2021,3,2,2
19130,2021,4,1,1
19130,2021,6,2,2
19130,2021,7,1,1
19130,2021,8,2,2
19130,2021,9,2,2
19130,2021,11,1,1
19130,2021,12,2,2
19130,2022,1,1,1
19130,2022,2,2,2
19130,2022,3,2,2
19130,2022,8,3,3
19130,2022,9,1,1
19130,2022,11,1,1
19130,2022,12,3,3
19130,2023,1,1,1
19130,2023,2,3,3
19130,2023,3,2,2
19130,2023,6,2,2
19130,2023,7,2,2
19130,2023,8,1,1
19130,2023,9,5,5
19130,2023,10,2,2
19130,2023,11,1,1
19130,2023,12,2,2
19130,2024,1,2,2
19130,2024,3,3,3
19130,2024,4,1,1
19130,2024,5,1,1
19130,2024,6,1,1
19130,2024,7,2,2
19130,2024,10,2,2
19130,2024,12,1,1
19137,2021,1,2,2
19137,2021,3,1,1
19137,2021,4,1,1
19137,2021,5,1,1
19137,2021,6,3,3
19137,2021,7,3,3
19137,2021,8,3,3
19137,2021,9,3,3
19137,2021,10,1,1
19137,2021,11,2,2
19137,2021,12,4,4
19137,2022,1,4,4
19137,2022,2,3,3
19137,2022,3,2,2
19137,2022,4,3,3
19137,2022,5,2,2
19137,2022,6,3,3
19137,2022,7,2,2
19137,2022,8,1,1
19137,2022,9,3,3
19137,2022,10,2,2
19137,2022,11,3,3
19137,2022,12,2,2
19137,2023,1,3,3
19137,2023,2,1,1
19137,2023,3,2,2
19137,2023,4,3,3
19137,2023,5,2,2
19137,2023,6,3,3
19137,2023,7,2,2
19137,2023,8,2,2
19137,2023,9,1,1
19137,2023,10,1,1
19137,2023,11,1,1
19137,2023,12,5,5
19137,2024,1,3,3
19137,2024,2,2,2
19137,2024,3,2,2
19137,2024,4,2,2
19137,2024,5,2,2
19137,2024,6,1,1
19137,2024,7,2,2
19137,2024,8,4,4
19137,2024,9,4,4
19137,2024,10,3,3
19137,2024,11,1,1
19142,2021,1,2,2
19142,2021,2,1,1
19142,2021,3,3,3
19142,2021,11,3,3
19142,2022,1,1,1
19142,2022,2,1,1
19142,2022,3,5,5
19142,2022,4,1,1
19142,2022,6,1,1
19142,2022,8,1,1
19142,2022,9,1,1
19142,2022,10,1,1
19142,2022,11,1,1
19142,2022,12,2,2
19142,2023,3,1,1
19142,2023,4,1,1
19142,2023,5,1,1
19142,2023,6,2,2
19142,2023,8,1,1
19142,2023,9,1,1
19142,2023,11,1,1
19142,2024,1,1,1
19142,2024,2,2,2
19142,2024,5,2,2
19142,2024,6,1,1
19142,2024,7,8,8
19142,2024,10,1,1
19142,2024,11,1,1
19142,2024,12,3,3
19212,2021,1,1,1
19212,2021,2,1,1
19212,2021,4,2,2
19212,2021,5,2,2
19212,2021,7,1,1
19212,2021,10,1,1
19212,2021,11,1,1
19212,2021,12,1,1
19212,2022,1,1,1
19212,2022,2,4,4
19212,2022,3,3,3
19212,2022,4,2,2
19212,2022,5,1,1
19212,2022,6,1,1
19212,2022,7,7,7
19212,2022,8,3,3
19212,2022,9,4,4
19212,2022,10,1,1
19212,2022,11,4,4
19212,2022,12,1,1
19212,2023,1,1,1
19212,2023,2,1,1
19212,2023,3,3,3
19212,2023,4,4,4
19212,2023,6,2,2
19212,2023,7,2,2
19212,2023,8,3,3
19212,2023,9,2,2
19212,2023,10,3,3
19212,2023,11,1,1
19212,2023,12,2,2
19212,2024,1,2,2
19212,2024,2,4,4
19212,2024,3,1,1
19212,2024,4,1,1
19212,2024,5,1,1
19212,2024,6,1,1
19212,2024,7,2,2
19212,2024,8,2,2
19212,2024,10,1,1
19212,2024,12,2,2
19256,2021,1,3,3
19256,2021,2,2,2
19256,2021,3,1,1
19256,2021,5,2,2
19256,2021,6,3,3
19256,2021,8,1,1
19256,2021,9,2,2
19256,2021,10,1,1
19256,2022,3,1,1
19256,2022,5,2,2
19256,2022,6,3,3
19256,2022,7,2,2
19256,2022,8,1,1
19256,2022,9,1,1
19256,2022,11,3,3
19256,2022,12,4,4
19256,2023,1,1,1
19256,2023,4,3,3
19256,2023,5,4,4
19256,2023,6,1,1
19256,2023,7,2,2
19256,2023,8,1,1
19256,2023,9,2,2
19256,2023,10,5,5
19256,2023,11,4,4
19256,2023,12,2,2
19256,2024,1,2,2
19256,2024,2,7,7
19256,2024,3,2,2
19256,2024,4,1,1
19256,2024,8,1,1
19256,2024,9,3,3
19256,2024,10,1,1
19256,2024,11,4,4
19256,2024,12,3,3
19290,2021,1,1,1
19290,2021,7,1,1
19290,2021,8,1,1
19290,2021,11,1,1
19290,2021,12,1,1
19290,2022,1,1,1
19290,2022,2,1,1
19290,2022,3,2,2
19290,2022,4,2,2
19290,2022,6,1,1
19290,2023,1,1,1
19290,2023,6,1,1
19290,2023,7,1,1
19290,2023,8,1,1
19290,2023,9,3,3
19290,2023,11,2,2
19290,2024,2,1,1
19290,2024,3,1,1
19290,2024,8,1,1
19290,2024,9,4,4
19300,2021,1,1,1
19300,2021,2,1,1
19300,2021,4,1,1
19300,2022,11,1,1
19300,2022,12,1,1
19300,2023,5,1,1
19300,2023,9,1,1
19300,2023,11,2,2
19300,2024,4,1,1
19300,2024,7,1,1
19300,2024,8,1,1
19300,2024,10,1,1
19318,2021,3,2,2
19318,2021,5,2,2
19318,2021,6,2,2
19318,2021,12,1,1
19318,2022,1,1,1
19318,2022,2,1,1
19318,2022,7,3,3
19318,2022,11,1,1
19318,2022,12,1,1
19318,2023,2,1,1
19318,2023,3,3,3
19318,2023,4,3,3
19318,2023,6,2,2
19318,2023,8,1,1
19318,2023,9,1,1
19318,2023,10,1,1
19318,2023,11,1,1
19318,2024,5,1,1
19318,2024,6,1,1
19318,2024,7,2,2
19318,2024,10,1,1
19318,2024,11,1,1
19355,2021,1,4,4
19355,2021,2,1,1
19355,2021,3,2,2
19355,2021,4,2,2
19355,2021,5,1,1
19355,2021,6,1,1
19355,2021,8,3,3
19355,2021,10,1,1
19355,2021,11,1,1
19355,2021,12,1,1
19355,2022,1,1,1
19355,2022,3,1,1
19355,2022,5,1,1
19355,2022,7,2,2
19355,2022,8,1,1
19355,2022,9,2,2
19355,2022,10,1,1
19355,2022,11,1,1
19355,2022,12,1,1
19355,2023,2,2,2
19355,2023,3,2,2
19355,2023,4,6,6
19355,2023,5,2,2
19355,2023,6,2,2
19355,2023,7,1,1
19355,2023,8,1,1
19355,2023,9,3,3
19355,2023,11,3,3
19355,2023,12,1,1
19355,2024,2,3,3
19355,2024,3,1,1
19355,2024,4,4,4
19355,2024,6,1,1
19355,2024,7,1,1
19355,2024,8,4,4
19355,2024,9,3,3
19355,2024,10,6,6
19355,2024,11,2,2
19355,2024,12,1,1
19364,2021,1,1,1
19364,2021,3,1,1
19364,2021,4,1,1
19364,2021,5,2,2
19364,2021,6,2,2
19364,2021,8,2,2
19364,2021,9,2,2
19364,2021,10,2,2
19364,2021,11,1,1
19364,2022,1,1,1
19364,2022,3,1,1
19364,2022,4,3,3
19364,2022,5,2,2
19364,2022,6,1,1
19364,2022,9,2,2
19364,2022,10,2,2
19364,2023,1,2,2
19364,2023,2,1,1
19364,2023,5,1,1
19364,2023,6,1,1
19364,2023,8,1,1
19364,2023,10,3,3
19364,2023,12,3,3
19364,2024,3,1,1
19364,2024,4,3,3
19364,2024,5,1,1
19364,2024,7,4,4
19364,2024,8,3,3
19364,2024,11,1,1
19364,2024,12,1,1
19392,2021,2,1,1
19392,2022,2,1,1
19392,2022,3,1,1
19392,2022,8,2,2
19392,2022,9,1,1
19392,2023,4,1,1
19392,2023,5,1,1
19392,2023,6,4,4
19392,2023,10,1,1
19392,2023,11,1,1
19392,2024,2,1,1
19392,2024,5,1,1
19392,2024,7,1,1
19392,2024,8,1,1
19392,2024,10,1,1
19392,2024,11,2,2
19397,2021,2,1,1
19397,2022,9,1,1
19397,2023,2,1,1
19397,2023,4,1,1
19397,2023,5,3,3
19397,2024,6,1,1
19397,2024,7,1,1
19397,2024,11,1,1
19418,2021,1,1,1
19418,2021,2,1,1
19418,2021,6,1,1
19418,2022,2,1,1
19418,2022,9,1,1
19418,2022,11,1,1
19418,2022,12,1,1
19418,2023,11,1,1
19418,2023,12,1,1
19418,2024,2,1,1
19450,2021,2,1,1
19450,2021,3,1,1
19450,2021,5,1,1
19450,2021,9,1,1
19450,2021,11,1,1
19450,2022,2,1,1
19450,2022,4,1,1
19450,2022,7,1,1
19450,2022,8,1,1
19450,2023,2,1,1
19450,2023,3,2,2
19450,2023,4,1,1
19450,2023,5,1,1
19450,2023,6,2,2
19450,2023,11,2,2
19450,2023,12,1,1
19450,2024,5,1,1
19450,2024,6,1,1
19450,2024,7,1,1
19450,2024,9,1,1
19455,2021,1,2,2
19455,2021,2,1,1
19455,2021,3,2,2
19455,2021,4,2,2
19455,2021,5,2,2
19455,2021,7,1,1
19455,2021,8,2,2
19455,2021,9,3,3
19455,2021,10,3,3
19455,2021,11,1,1
19455,2021,12,1,1
19455,2022,1,1,1
19455,2022,2,2,2
19455,2022,3,4,4
19455,2022,4,3,3
19455,2022,5,2,2
19455,2022,7,2,2
19455,2022,8,2,2
19455,2022,9,3,3
19455,2022,10,1,1
19455,2022,11,1,1
19455,2022,12,4,4
19455,2023,1,1,1
19455,2023,2,2,2
19455,2023,4,1,1
19455,2023,7,3,3
19455,2023,9,1,1
19455,2023,12,1,1
19455,2024,2,1,1
19455,2024,3,1,1
19455,2024,5,2,2
19455,2024,6,1,1
19455,2024,7,3,3
19455,2024,8,3,3
19455,2024,9,1,1
19455,2024,10,1,1
19455,2024,11,1,1
19455,2024,12,1,1
19473,2021,1,2,2
19473,2021,4,1,1
19473,2021,5,1,1
19473,2021,7,3,3
19473,2021,8,1,1
19473,2021,9,1,1
19473,2021,11,1,1
19473,2022,1,1,1
19473,2022,2,1,1
19473,2022,6,1,1
19473,2022,7,1,1
19473,2022,8,3,3
19473,2022,9,2,2
19473,2022,12,1,1
19473,2023,2,2,2
19473,2023,3,2,2
19473,2023,4,1,1
19473,2023,9,1,1
19473,2023,10,2,2
19473,2023,11,3,3
19473,2023,12,1,1
19473,2024,1,3,3
19473,2024,2,1,1
19473,2024,3,1,1
19473,2024,5,2,2
19473,2024,6,1,1
19473,2024,7,2,2
19473,2024,8,1,1
19473,2024,9,2,2
19473,2024,10,1,1
19473,2024,11,1,1
19473,2024,12,1,1
19513,2021,4,1,1
19513,2021,5,1,1
19513,2021,6,2,2
19513,2021,7,1,1
19513,2021,10,2,2
19513,2021,12,1,1
19513,2022,2,2,2
19513,2022,5,1,1
19513,2022,8,1,1
19513,2022,11,2,2
19513,2023,1,1,1
19513,2023,2,1,1
19513,2023,5,1,1
19513,2023,7,1,1
19513,2023,10,1,1
19513,2024,2,2,2
19513,2024,9,1,1
19513,2024,10,1,1
19513,2024,11,2,2
19513,2024,12,1,1
19517,2021,1,4,4
19517,2021,3,1,1
19517,2021,5,3,3
19517,2021,6,1,1
19517,2021,7,1,1
19517,2021,8,4,4
19517,2021,10,4,4
19517,2021,11,9,9
19517,2021,12,4,4
19517,2022,1,3,3
19517,2022,2,2,2
19517,2022,3,4,4
19517,2022,4,6,6
19517,2022,5,2,2
19517,2022,6,1,1
19517,2022,7,2,2
19517,2022,8,3,3
19517,2022,9,4,4
19517,2022,10,3,3
19517,2022,11,4,4
19517,2022,12,6,6
19517,2023,1,5,5
19517,2023,2,2,2
19517,2023,3,16,16
19517,2023,4,8,8
19517,2023,5,7,7
19517,2023,6,2,2
19517,2023,7,1,1
19517,2023,8,3,3
19517,2023,9,5,5
19517,2023,10,3,3
19517,2023,11,2,2
19517,2023,12,1,1
19517,2024,2,2,2
19517,2024,3,4,4
19517,2024,4,8,8
19517,2024,5,7,7
19517,2024,6,3,3
19517,2024,7,6,6
19517,2024,8,6,6
19517,2024,9,9,9
19517,2024,10,3,3
19517,2024,11,7,7
19517,2024,12,3,3
19532,2021,2,2,2
19532,2021,4,1,1
19532,2021,5,1,1
19532,2021,6,2,2
19532,2021,8,4,4
19532,2021,10,1,1
19532,2021,12,1,1
19532,2022,1,2,2
19532,2022,4,1,1
19532,2022,5,1,1
19532,2022,6,1,1
19532,2022,12,1,1
19532,2023,1,1,1
19532,2023,2,1,1
19532,2023,3,1,1
19532,2023,4,1,1
19532,2023,5,2,2
19532,2023,7,1,1
19532,2023,8,1,1
19532,2023,10,3,3
19532,2024,3,3,3
19532,2024,4,1,1
19532,2024,8,2,2
19532,2024,9,2,2
19532,2024,10,2,2
19532,2024,11,1,1
19533,2021,2,1,1
19533,2021,3,1,1
19533,2021,5,1,1
19533,2021,6,1,1
19533,2022,2,1,1
19533,2022,4,1,1
19533,2022,7,3,3
19533,2023,2,1,1
19533,2023,6,1,1
19533,2023,9,2,2
19533,2023,10,2,2
19533,2023,11,1,1
19533,2024,2,1,1
19533,2024,5,1,1
19533,2024,8,1,1
19533,2024,9,1,1
19533,2024,10,1,1
19548,2021,2,1,1
19548,2021,3,2,2
19548,2021,4,2,2
19548,2021,9,1,1
19548,2021,12,1,1
19548,2022,1,1,1
19548,2022,2,2,2
19548,2022,3,1,1
19548,2022,4,3,3
19548,2022,6,4,4
19548,2022,7,1,1
19548,2022,8,1,1
19548,2022,10,2,2
19548,2022,11,1,1
19548,2022,12,1,1
19548,2023,1,1,1
19548,2023,2,3,3
19548,2023,3,2,2
19548,2023,4,2,2
19548,2023,6,3,3
19548,2023,7,2,2
19548,2023,8,2,2
19548,2023,9,1,1
19548,2023,10,2,2
19548,2023,12,1,1
19548,2024,1,3,3
19548,2024,2,1,1
19548,2024,3,3,3
19548,2024,4,4,4
19548,2024,5,1,1
19548,2024,6,1,1
19548,2024,7,1,1
19548,2024,8,3,3
19548,2024,9,2,2
19548,2024,11,1,1
19548,2024,12,2,2
19573,2021,4,1,1
19573,2021,6,3,3
19573,2021,8,1,1
19573,2021,10,2,2
19573,2021,11,1,1
19573,2022,1,1,1
19573,2022,3,2,2
19573,2022,4,1,1
19573,2022,5,1,1
19573,2022,6,1,1
19573,2022,7,1,1
19573,2022,9,1,1
19573,2022,10,1,1
19573,2023,1,1,1
19573,2023,4,3,3
19573,2023,5,1,1
19573,2023,7,1,1
19573,2023,8,1,1
19573,2023,9,2,2
19573,2024,2,2,2
19573,2024,3,2,2
19573,2024,4,1,1
19573,2024,6,1,1
19573,2024,7,2,2
19573,2024,8,3,3
19573,2024,9,3,3
19573,2024,10,2,2
19573,2024,11,2,2
19573,2024,12,3,3
19585,2021,5,1,1
19585,2021,7,1,1
19585,2021,8,1,1
19585,2021,10,1,1
19585,2021,11,1,1
19585,2021,12,1,1
19585,2022,1,1,1
19585,2022,4,1,1
19585,2022,5,3,3
19585,2022,6,1,1
19585,2022,8,2,2
19585,2022,11,2,2
19585,2022,12,1,1
19585,2023,7,2,2
19585,2023,10,1,1
19585,2023,12,2,2
19585,2024,1,1,1
19585,2024,4,1,1
19585,2024,7,1,1
19585,2024,8,1,1
19585,2024,9,1,1
19585,2024,12,1,1
19622,2021,2,1,1
19622,2021,5,1,1
19622,2021,7,1,1
19622,2021,8,1,1
19622,2022,8,1,1
19622,2023,5,1,1
19622,2023,9,1,1
19622,2023,11,1,1
19622,2024,4,1,1
19622,2024,7,1,1
19622,2024,9,2,2
19622,2024,11,1,1
19693,2023,9,1,1
19693,2024,1,1,1
19693,2024,2,1,1
19693,2024,8,1,1
19698,2021,1,4,4
19698,2021,2,6,6
19698,2021,3,8,8
19698,2021,4,4,4
19698,2021,5,4,4
19698,2021,6,4,4
19698,2021,7,5,5
19698,2021,8,10,10
19698,2021,9,5,5
19698,2021,10,8,8
19698,2021,11,1,1
19698,2021,12,7,7
19698,2022,1,8,8
19698,2022,2,2,2
19698,2022,3,8,8
19698,2022,4,6,6
19698,2022,5,2,2
19698,2022,6,4,4
19698,2022,7,2,2
19698,2022,8,7,7
19698,2022,9,8,8
19698,2022,10,6,6
19698,2022,11,11,11
19698,2022,12,2,2
19698,2023,1,4,4
19698,2023,2,4,4
19698,2023,3,4,4
19698,2023,4,8,8
19698,2023,5,7,7
19698,2023,6,5,5
19698,2023,7,6,6
19698,2023,8,8,8
19698,2023,9,9,9
19698,2023,10,5,5
19698,2023,11,4,4
19698,2023,12,6,6
19698,2024,1,3,3
19698,2024,2,2,2
19698,2024,3,1,1
19698,2024,4,4,4
19698,2024,5,3,3
19698,2024,6,7,7
19698,2024,7,3,3
19698,2024,8,3,3
19698,2024,9,4,4
19698,2024,10,6,6
19698,2024,11,1,1
19698,2024,12,6,6
19701,2021,7,1,1
19701,2021,8,2,2
19701,2022,4,1,1
19701,2023,6,1,1
19701,2023,7,1,1
19701,2024,1,1,1
19701,2024,2,1,1
19701,2024,9,1,1
19743,2021,2,1,1
19743,2021,4,1,1
19743,2021,6,3,3
19743,2021,8,2,2
19743,2021,11,1,1
19743,2021,12,1,1
19743,2022,1,1,1
19743,2022,2,1,1
19743,2022,3,3,3
19743,2022,4,1,1
19743,2022,5,1,1
19743,2022,9,2,2
19743,2022,10,1,1
19743,2022,11,2,2
19743,2022,12,3,3
19743,2023,1,2,2
19743,2023,2,1,1
19743,2023,3,1,1
19743,2023,4,2,2
19743,2023,5,3,3
19743,2023,6,1,1
19743,2023,7,2,2
19743,2023,9,2,2
19743,2023,11,6,6
19743,2023,12,1,1
19743,2024,1,3,3
19743,2024,3,3,3
19743,2024,4,2,2
19743,2024,5,2,2
19743,2024,6,1,1
19743,2024,8,2,2
19743,2024,11,1,1
19760,2021,3,1,1
19760,2022,3,1,1
19760,2022,4,1,1
19760,2023,2,1,1
19760,2023,3,1,1
19760,2023,4,2,2
19760,2023,7,1,1
19760,2023,10,1,1
19760,2023,11,1,1
19760,2024,4,1,1
19760,2024,7,1,1
19760,2024,8,1,1
19760,2024,9,1,1
19760,2024,12,1,1
19780,2021,1,1,1
19780,2021,2,1,1
19780,2021,3,2,2
19780,2021,5,2,2
19780,2021,7,2,2
19780,2021,8,1,1
19780,2021,9,1,1
19780,2021,10,2,2
19780,2021,11,3,3
19780,2022,2,1,1
19780,2022,3,1,1
19780,2022,7,2,2
19780,2022,8,4,4
19780,2022,10,1,1
19780,2022,11,3,3
19780,2022,12,3,3
19780,2023,1,1,1
19780,2023,2,1,1
19780,2023,6,1,1
19780,2023,7,1,1
19780,2023,8,1,1
19780,2023,9,2,2
19780,2024,3,1,1
19780,2024,5,1,1
19780,2024,7,2,2
19780,2024,9,1,1
19780,2024,10,1,1
19780,2024,11,1,1
19780,2024,12,1,1
19785,2021,1,1,1
19785,2021,3,1,1
19785,2021,4,1,1
19785,2021,5,1,1
19785,2021,9,1,1
19785,2022,2,1,1
19785,2022,5,1,1
19785,2022,6,2,2
19785,2022,9,2,2
19785,2023,11,1,1
19785,2024,1,1,1
19785,2024,3,1,1
19785,2024,5,1,1
19785,2024,6,1,1
19785,2024,8,1,1
19807,2021,2,1,1
19807,2021,3,1,1
19807,2021,4,5,5
19807,2021,6,1,1
19807,2021,7,2,2
19807,2021,8,1,1
19807,2021,9,2,2
19807,2021,10,1,1
19807,2021,11,1,1
19807,2021,12,1,1
19807,2022,1,1,1
19807,2022,3,2,2
19807,2022,5,2,2
19807,2022,7,1,1
19807,2022,8,3,3
19807,2022,9,2,2
19807,2022,10,2,2
19807,2022,11,7,7
19807,2022,12,4,4
19807,2023,1,2,2
19807,2023,2,3,3
19807,2023,3,3,3
19807,2023,4,4,4
19807,2023,6,2,2
19807,2023,7,1,1
19807,2023,8,3,3
19807,2023,9,1,1
19807,2023,10,1,1
19807,2023,11,3,3
19807,2023,12,1,1
19807,2024,1,2,2
19807,2024,2,3,3
19807,2024,3,5,5
19807,2024,4,1,1
19807,2024,5,3,3
19807,2024,6,2,2
19807,2024,7,2,2
19807,2024,8,1,1
19807,2024,9,5,5
19807,2024,10,2,2
19807,2024,11,2,2
19807,2024,12,2,2
19809,2021,3,1,1
19809,2021,6,1,1
19809,2021,8,1,1
19809,2021,10,1,1
19809,2021,12,2,2
19809,2022,2,1,1
19809,2022,3,1,1
19809,2022,4,2,2
19809,2022,6,1,1
19809,2022,10,1,1
19809,2022,11,1,1
19809,2023,2,2,2
19809,2023,8,1,1
19809,2024,1,1,1
19809,2024,7,1,1
19809,2024,12,1,1
19821,2021,1,1,1
19821,2021,2,1,1
19821,2021,3,3,3
19821,2021,4,2,2
19821,2021,5,5,5
19821,2021,6,3,3
19821,2021,7,4,4
19821,2021,8,5,5
19821,2021,9,3,3
19821,2021,10,5,5
19821,2021,11,3,3
19821,2021,12,2,2
19821,2022,1,4,4
19821,2022,2,4,4
19821,2022,3,2,2
19821,2022,4,6,6
19821,2022,5,4,4
19821,2022,6,3,3
19821,2022,7,3,3
19821,2022,8,6,6
19821,2022,9,5,5
19821,2022,10,3,3
19821,2022,11,1,1
19821,2022,12,6,6
19821,2023,1,4,4
19821,2023,2,3,3
19821,2023,3,1,1
19821,2023,4,2,2
19821,2023,5,2,2
19821,2023,6,2,2
19821,2023,7,3,3
19821,2023,8,4,4
19821,2023,9,5,5
19821,2023,10,6,6
19821,2023,11,1,1
19821,2023,12,1,1
19821,2024,1,3,3
19821,2024,2,2,2
19821,2024,3,1,1
19821,2024,5,2,2
19821,2024,6,5,5
19821,2024,7,2,2
19821,2024,8,4,4
19821,2024,9,1,1
19821,2024,11,1,1
19821,2024,12,3,3
19824,2021,1,2,2
19824,2021,2,1,1
19824,2021,4,1,1
19824,2021,8,1,1
19824,2021,9,1,1
19824,2021,10,1,1
19824,2022,1,1,1
19824,2022,5,1,1
19824,2022,10,2,2
19824,2022,11,1,1
19824,2023,2,2,2
19824,2023,8,1,1
19824,2023,9,2,2
19824,2023,10,2,2
19824,2023,12,3,3
19824,2024,3,1,1
19824,2024,4,1,1
19824,2024,6,1,1
19824,2024,8,1,1
19824,2024,10,1,1
19824,2024,11,3,3
19845,2021,1,1,1
19845,2021,3,2,2
19845,2021,4,1,1
19845,2021,5,2,2
19845,2021,8,1,1
19845,2022,4,1,1
19845,2022,6,1,1
19845,2023,11,1,1
19845,2024,8,1,1
19845,2024,9,1,1
20001,2021,1,12,12
20001,2021,2,30,30
20001,2021,3,23,23
20001,2021,4,18,18
20001,2021,5,11,11
20001,2021,6,17,17
20001,2021,7,13,13
20001,2021,8,19,19
20001,2021,9,22,22
20001,2021,10,18,18
20001,2021,11,11,11
20001,2021,12,11,11
20001,2022,1,16,16
20001,2022,2,18,18
20001,2022,3,20,20
20001,2022,4,13,13
20001,2022,5,18,18
20001,2022,6,18,18
20001,2022,7,17,17
20001,2022,8,23,23
20001,2022,9,21,21
20001,2022,10,25,25
20001,2022,11,23,23
20001,2022,12,19,19
20001,2023,1,25,25
20001,2023,2,16,16
20001,2023,3,25,25
20001,2023,4,25,25
20001,2023,5,23,23
20001,2023,6,22,22
20001,2023,7,19,19
20001,2023,8,32,32
20001,2023,9,20,20
20001,2023,10,31,31
20001,2023,11,22,22
20001,2023,12,19,19
20001,2024,1,22,22
20001,2024,2,24,24
20001,2024,3,18,18
20001,2024,4,28,28
20001,2024,5,39,39
20001,2024,6,25,25
20001,2024,7,19,19
20001,2024,8,21,21
20001,2024,9,22,22
20001,2024,10,28,28
20001,2024,11,30,30
20001,2024,12,20,20
20011,2021,1,5,5
20011,2021,2,3,3
20011,2021,3,3,3
20011,2021,4,8,8
20011,2021,5,3,3
20011,2021,6,6,6
20011,2021,7,3,3
20011,2021,8,3,3
20011,2021,9,2,2
20011,2021,10,6,6
20011,2021,11,4,4
20011,2021,12,9,9
20011,2022,1,8,8
20011,2022,2,8,8
20011,2022,3,6,6
20011,2022,5,7,7
20011,2022,6,5,5
20011,2022,7,3,3
20011,2022,8,5,5
20011,2022,9,4,4
20011,2022,10,4,4
20011,2022,11,1,1
20011,2022,12,4,4
20011,2023,1,6,6
20011,2023,2,1,1
20011,2023,3,7,7
20011,2023,4,4,4
20011,2023,5,4,4
20011,2023,6,4,4
20011,2023,7,5,5
20011,2023,8,8,8
20011,2023,9,5,5
20011,2023,10,6,6
20011,2023,11,9,9
20011,2023,12,3,3
20011,2024,1,3,3
20011,2024,2,6,6
20011,2024,3,17,17
20011,2024,4,10,10
20011,2024,5,9,9
20011,2024,6,8,8
20011,2024,7,5,5
20011,2024,8,8,8
20011,2024,9,4,4
20011,2024,10,3,3
20011,2024,11,2,2
20011,2024,12,4,4
20013,2021,1,3,3
20013,2021,3,4,4
20013,2021,4,2,2
20013,2021,5,1,1
20013,2021,6,2,2
20013,2021,7,2,2
20013,2021,8,2,2
20013,2021,9,1,1
20013,2021,10,1,1
20013,2021,12,2,2
20013,2022,1,1,1
20013,2022,4,2,2
20013,2022,5,1,1
20013,2022,6,3,3
20013,2022,7,4,4
20013,2022,8,2,2
20013,2022,9,1,1
20013,2022,10,2,2
20013,2022,11,3,3
20013,2022,12,6,6
20013,2023,1,1,1
20013,2023,2,4,4
20013,2023,3,2,2
20013,2023,4,4,4
20013,2023,5,2,2
20013,2023,6,1,1
20013,2023,7,2,2
20013,2023,8,2,2
20013,2023,11,1,1
20013,2024,1,1,1
20013,2024,3,3,3
20013,2024,4,2,2
20013,2024,5,4,4
20013,2024,7,3,3
20013,2024,8,3,3
20013,2024,9,2,2
20013,2024,10,1,1
20013,2024,11,4,4
20013,2024,12,4,4
20032,2021,2,1,1
20032,2021,3,2,2
20032,2021,9,1,1
20032,2021,10,1,1
20032,2021,11,1,1
20032,2021,12,1,1
20032,2022,1,1,1
20032,2022,9,2,2
20032,2022,12,1,1
20032,2023,2,1,1
20032,2023,6,1,1
20032,2023,8,1,1
20032,2024,3,1,1
20032,2024,4,1,1
20032,2024,5,3,3
20032,2024,11,2,2
20032,2024,12,1,1
20045,2021,2,2,2
20045,2021,3,1,1
20045,2021,4,1,1
20045,2021,5,1,1
20045,2021,9,3,3
20045,2021,10,1,1
20045,2021,11,1,1
20045,2022,1,1,1
20045,2022,2,1,1
20045,2022,3,2,2
20045,2022,4,1,1
20045,2022,5,2,2
20045,2022,6,1,1
20045,2022,7,2,2
20045,2022,8,2,2
20045,2022,9,2,2
20045,2022,10,1,1
20045,2022,12,1,1
20045,2023,1,3,3
20045,2023,3,2,2
20045,2023,7,1,1
20045,2023,8,3,3
20045,2023,9,2,2
20045,2023,11,1,1
20045,2023,12,1,1
20045,2024,1,3,3
20045,2024,2,1,1
20045,2024,4,1,1
20045,2024,9,1,1
20045,2024,10,3,3
20045,2024,11,3,3
20060,2021,1,1,1
20060,2021,3,1,1
20060,2021,4,2,2
20060,2021,5,1,1
20060,2021,6,1,1
20060,2021,8,5,5
20060,2022,1,1,1
20060,2022,2,1,1
20060,2022,3,2,2
20060,2022,4,3,3
20060,2022,5,2,2
20060,2022,8,1,1
20060,2022,9,2,2
20060,2022,10,1,1
20060,2022,11,1,1
20060,2022,12,4,4
20060,2023,1,1,1
20060,2023,2,2,2
20060,2023,3,2,2
20060,2023,4,1,1
20060,2023,6,2,2
20060,2023,7,3,3
20060,2023,8,3,3
20060,2023,9,3,3
20060,2023,10,3,3
20060,2023,11,2,2
20060,2023,12,1,1
20060,2024,1,1,1
20060,2024,2,4,4
20060,2024,3,2,2
20060,2024,4,2,2
20060,2024,5,1,1
20060,2024,8,1,1
20060,2024,9,1,1
20060,2024,10,2,2
20060,2024,11,1,1
20175,2021,5,1,1
20175,2021,6,2,2
20175,2021,8,1,1
20175,2021,11,2,2
20175,2022,1,1,1
20175,2022,3,1,1
20175,2022,5,1,1
20175,2022,9,3,3
20175,2022,10,2,2
20175,2022,11,1,1
20175,2023,2,1,1
20175,2023,3,3,3
20175,2023,4,3,3
20175,2023,6,3,3
20175,2023,11,1,1
20175,2023,12,2,2
20175,2024,4,1,1
20175,2024,5,1,1
20175,2024,7,1,1
20175,2024,9,3,3
20175,2024,11,1,1
20178,2021,1,1,1
20178,2021,2,3,3
20178,2021,4,1,1
20178,2021,5,1,1
20178,2021,7,1,1
20178,2021,8,2,2
20178,2021,10,3,3
20178,2021,11,2,2
20178,2022,1,2,2
20178,2022,5,1,1
20178,2022,8,1,1
20178,2022,9,2,2
20178,2022,11,1,1
20178,2023,1,1,1
20178,2023,2,1,1
20178,2023,3,2,2
20178,2023,4,1,1
20178,2023,6,1,1
20178,2023,8,4,4
20178,2023,9,2,2
20178,2023,10,1,1
20178,2023,11,1,1
20178,2024,1,1,1
20178,2024,4,3,3
20178,2024,5,1,1
20178,2024,7,1,1
20178,2024,8,2,2
20178,2024,10,1,1
20178,2024,11,1,1
20178,2024,12,4,4
20228,2021,1,3,3
20228,2021,2,3,3
20228,2021,3,1,1
20228,2021,4,1,1
20228,2021,7,2,2
20228,2021,8,2,2
20228,2021,9,1,1
20228,2021,10,1,1
20228,2021,12,1,1
20228,2022,1,3,3
20228,2022,2,1,1
20228,2022,3,3,3
20228,2022,4,4,4
20228,2022,5,2,2
20228,2022,6,3,3
20228,2022,7,3,3
20228,2022,9,4,4
20228,2022,10,4,4
20228,2022,11,2,2
20228,2022,12,2,2
20228,2023,1,2,2
20228,2023,2,4,4
20228,2023,3,4,4
20228,2023,4,3,3
20228,2023,5,3,3
20228,2023,6,2,2
20228,2023,7,1,1
20228,2023,8,2,2
20228,2023,10,3,3
20228,2023,11,1,1
20228,2023,12,1,1
20228,2024,1,2,2
20228,2024,2,1,1
20228,2024,3,1,1
20228,2024,4,5,5
20228,2024,7,2,2
20228,2024,10,2,2
20228,2024,11,1,1
20228,2024,12,1,1
20238,2021,1,1,1
20238,2021,2,7,7
20238,2021,4,2,2
20238,2021,5,1,1
20238,2021,6,1,1
20238,2021,8,1,1
20238,2021,9,1,1
20238,2021,10,2,2
20238,2021,12,2,2
20238,2022,2,3,3
20238,2022,3,1,1
20238,2022,4,2,2
20238,2022,8,3,3
20238,2022,9,1,1
20238,2022,11,2,2
20238,2022,12,2,2
20238,2023,1,3,3
20238,2023,2,3,3
20238,2023,3,3,3
20238,2023,5,1,1
20238,2023,6,2,2
20238,2023,7,1,1
20238,2023,8,2,2
20238,2023,10,1,1
20238,2023,11,1,1
20238,2023,12,1,1
20238,2024,1,1,1
20238,2024,2,2,2
20238,2024,3,2,2
20238,2024,4,1,1
20238,2024,5,3,3
20238,2024,6,2,2
20238,2024,7,2,2
20238,2024,8,3,3
20238,2024,9,2,2
20238,2024,10,3,3
20250,2021,3,2,2
20250,2021,4,1,1
20250,2021,5,2,2
20250,2021,7,1,1
20250,2021,8,1,1
20250,2021,9,3,3
20250,2021,10,1,1
20250,2021,12,2,2
20250,2022,1,1,1
20250,2022,2,1,1
20250,2022,3,2,2
20250,2022,4,2,2
20250,2022,5,1,1
20250,2022,6,1,1
20250,2022,7,2,2
20250,2022,8,1,1
20250,2022,11,1,1
20250,2022,12,5,5
20250,2023,2,3,3
20250,2023,4,3,3
20250,2023,6,1,1
20250,2023,8,2,2
20250,2023,9,3,3
20250,2023,11,2,2
20250,2023,12,5,5
20250,2024,1,2,2
20250,2024,2,1,1
20250,2024,3,4,4
20250,2024,4,2,2
20250,2024,5,3,3
20250,2024,7,1,1
20250,2024,9,1,1
20250,2024,10,4,4
20250,2024,11,2,2
20295,2022,12,1,1
20295,2023,1,2,2
20295,2023,5,1,1
20295,2023,6,1,1
20295,2023,10,1,1
20295,2024,2,1,1
20295,2024,3,1,1
20295,2024,9,1,1
20310,2021,3,1,1
20310,2022,2,1,1
20310,2022,3,1,1
20310,2022,5,1,1
20310,2022,11,1,1
20310,2023,1,1,1
20310,2023,3,1,1
20310,2023,5,1,1
20310,2023,10,1,1
20310,2023,12,1,1
20310,2024,1,1,1
20310,2024,5,1,1
20310,2024,11,1,1
20383,2021,2,1,1
20383,2021,3,1,1
20383,2021,4,1,1
20383,2021,5,1,1
20383,2021,10,1,1
20383,2021,11,1,1
20383,2022,3,1,1
20383,2022,12,2,2
20383,2023,6,2,2
20383,2023,9,1,1
20383,2024,2,1,1
20383,2024,4,2,2
20383,2024,6,1,1
20383,2024,7,1,1
20383,2024,9,1,1
20383,2024,12,1,1
20400,2021,1,2,2
20400,2021,2,3,3
20400,2021,3,4,4
20400,2021,4,1,1
20400,2021,6,1,1
20400,2021,7,1,1
20400,2021,11,1,1
20400,2021,12,3,3
20400,2022,2,1,1
20400,2022,4,1,1
20400,2022,5,6,6
20400,2022,6,2,2
20400,2022,7,4,4
20400,2022,8,2,2
20400,2022,9,8,8
20400,2022,10,2,2
20400,2022,11,2,2
20400,2022,12,2,2
20400,2023,1,3,3
20400,2023,2,2,2
20400,2023,3,2,2
20400,2023,4,7,7
20400,2023,5,2,2
20400,2023,6,1,1
20400,2023,8,3,3
20400,2023,9,3,3
20400,2023,10,3,3
20400,2024,1,3,3
20400,2024,2,4,4
20400,2024,3,2,2
20400,2024,4,2,2
20400,2024,5,2,2
20400,2024,6,2,2
20400,2024,7,4,4
20400,2024,8,7,7
20400,2024,9,3,3
20400,2024,10,4,4
20400,2024,12,2,2
20443,2021,1,1,1
20443,2021,2,2,2
20443,2021,3,1,1
20443,2021,5,2,2
20443,2021,7,1,1
20443,2021,9,1,1
20443,2022,9,1,1
20443,2022,10,1,1
20443,2022,11,1,1
20443,2023,1,1,1
20443,2023,4,1,1
20443,2023,7,1,1
20443,2023,8,1,1
20443,2023,9,1,1
20443,2023,10,1,1
20443,2024,1,1,1
20443,2024,5,1,1
20443,2024,8,1,1
20443,2024,9,1,1
20443,2024,12,2,2
20517,2021,1,1,1
20517,2021,2,1,1
20517,2021,4,2,2
20517,2021,6,1,1
20517,2021,8,1,1
20517,2021,11,1,1
20517,2021,12,2,2
20517,2022,1,1,1
20517,2022,3,1,1
20517,2022,5,1,1
20517,2022,7,3,3
20517,2022,8,3,3
20517,2022,10,2,2
20517,2022,11,2,2
20517,2023,2,2,2
20517,2023,3,1,1
20517,2023,8,1,1
20517,2023,10,1,1
20517,2024,1,1,1
20517,2024,2,2,2
20517,2024,8,1,1
20517,2024,9,1,1
20517,2024,10,2,2
20517,2024,11,1,1
20517,2024,12,5,5
20550,2021,1,2,2
20550,2021,2,2,2
20550,2021,3,1,1
20550,2021,5,1,1
20550,2021,6,1,1
20550,2021,7,3,3
20550,2021,8,2,2
20550,2021,9,3,3
20550,2021,10,2,2
20550,2021,12,2,2
20550,2022,1,1,1
20550,2022,3,1,1
20550,2022,4,2,2
20550,2022,5,2,2
20550,2022,6,1,1
20550,2022,8,3,3
20550,2022,9,1,1
20550,2022,10,5,5
20550,2022,11,1,1
20550,2023,1,1,1
20550,2023,3,3,3
20550,2023,4,1,1
20550,2023,5,1,1
20550,2023,7,1,1
20550,2023,8,2,2
20550,2023,10,1,1
20550,2023,11,1,1
20550,2024,2,3,3
20550,2024,3,3,3
20550,2024,4,5,5
20550,2024,5,1,1
20550,2024,6,1,1
20550,2024,7,1,1
20550,2024,10,1,1
20550,2024,12,2,2
20570,2021,6,2,2
20570,2021,9,2,2
20570,2021,10,1,1
20570,2021,12,3,3
20570,2022,5,1,1
20570,2022,6,2,2
20570,2022,8,1,1
20570,2022,9,2,2
20570,2022,10,1,1
20570,2022,11,2,2
20570,2022,12,2,2
20570,2023,1,3,3
20570,2023,2,1,1
20570,2023,3,3,3
20570,2023,4,2,2
20570,2023,6,2,2
20570,2023,7,1,1
20570,2023,8,3,3
20570,2023,9,1,1
20570,2023,11,2,2
20570,2023,12,5,5
20570,2024,1,3,3
20570,2024,2,1,1
20570,2024,3,1,1
20570,2024,4,3,3
20570,2024,7,1,1
20570,2024,8,1,1
20570,2024,9,4,4
20570,2024,10,1,1
20570,2024,11,2,2
20570,2024,12,1,1
20614,2021,1,1,1
20614,2021,3,2,2
20614,2021,4,2,2
20614,2021,10,1,1
20614,2021,11,1,1
20614,2022,2,1,1
20614,2022,3,1,1
20614,2022,6,3,3
20614,2022,7,1,1
20614,2022,12,1,1
20614,2023,2,1,1
20614,2023,3,1,1
20614,2023,4,3,3
20614,2023,5,2,2
20614,2023,9,1,1
20614,2024,1,1,1
20614,2024,3,1,1
20614,2024,4,2,2
20614,2024,6,1,1
20614,2024,9,2,2
20614,2024,12,2,2
20621,2021,1,2,2
20621,2021,2,4,4
20621,2021,3,2,2
20621,2021,4,2,2
20621,2021,6,2,2
20621,2021,7,1,1
20621,2021,9,1,1
20621,2021,10,1,1
20621,2021,12,2,2
20621,2022,1,1,1
20621,2022,3,3,3
20621,2022,4,2,2
20621,2022,5,2,2
20621,2022,7,1,1
20621,2022,9,3,3
20621,2022,12,1,1
20621,2023,1,1,1
20621,2023,2,2,2
20621,2023,3,1,1
20621,2023,4,2,2
20621,2023,7,4,4
20621,2023,8,2,2
20621,2023,9,4,4
20621,2023,12,1,1
20621,2024,1,1,1
20621,2024,2,1,1
20621,2024,3,1,1
20621,2024,5,1,1
20621,2024,6,3,3
20621,2024,7,1,1
20621,2024,8,4,4
20621,2024,9,1,1
20621,2024,10,1,1
20621,2024,12,1,1
20710,2021,1,2,2
20710,2021,2,1,1
20710,2021,6,2,2
20710,2021,7,2,2
20710,2021,8,3,3
20710,2021,10,3,3
20710,2021,11,1,1
20710,2021,12,2,2
20710,2022,3,2,2
20710,2022,5,2,2
20710,2022,6,4,4
20710,2022,7,1,1
20710,2022,10,4,4
20710,2022,11,2,2
20710,2022,12,3,3
20710,2023,1,2,2
20710,2023,2,1,1
20710,2023,3,2,2
20710,2023,5,2,2
20710,2023,7,2,2
20710,2023,8,1,1
20710,2023,9,2,2
20710,2023,10,2,2
20710,2023,11,1,1
20710,2023,12,1,1
20710,2024,1,2,2
20710,2024,2,4,4
20710,2024,5,1,1
20710,2024,6,1,1
20710,2024,7,3,3
20710,2024,8,1,1
20710,2024,9,3,3
20710,2024,10,1,1
20750,2021,1,3,3
20750,2021,5,1,1
20750,2021,6,2,2
20750,2021,8,1,1
20750,2021,9,1,1
20750,2021,10,2,2
20750,2021,11,1,1
20750,2021,12,1,1
20750,2022,2,3,3
20750,2022,10,2,2
20750,2022,11,1,1
20750,2023,3,1,1
20750,2023,4,1,1
20750,2023,6,1,1
20750,2023,7,1,1
20750,2023,9,1,1
20750,2023,10,1,1
20750,2023,12,1,1
20750,2024,1,1,1
20750,2024,2,2,2
20750,2024,6,1,1
20750,2024,7,1,1
20750,2024,8,1,1
20750,2024,10,1,1
20750,2024,11,3,3
20750,2024,12,2,2
20770,2021,1,1,1
20770,2021,2,2,2
20770,2021,3,1,1
20770,2021,4,3,3
20770,2021,7,3,3
20770,2021,8,2,2
20770,2021,9,2,2
20770,2021,11,2,2
20770,2021,12,1,1
20770,2022,2,1,1
20770,2022,7,2,2
20770,2022,8,2,2
20770,2022,9,2,2
20770,2022,10,2,2
20770,2022,11,1,1
20770,2022,12,1,1
20770,2023,1,2,2
20770,2023,2,2,2
20770,2023,3,3,3
20770,2023,4,1,1
20770,2023,7,1,1
20770,2023,8,2,2
20770,2023,10,2,2
20770,2023,11,1,1
20770,2023,12,4,4
20770,2024,1,2,2
20770,2024,3,1,1
20770,2024,4,3,3
20770,2024,6,1,1
20770,2024,7,1,1
20787,2021,3,1,1
20787,2021,4,2,2
20787,2022,1,1,1
20787,2022,7,1,1
20787,2022,9,1,1
20787,2023,2,1,1
20787,2023,6,1,1
20787,2023,7,1,1
20787,2023,9,2,2
20787,2023,10,1,1
20787,2024,1,1,1
20787,2024,8,1,1
20787,2024,9,1,1
20787,2024,10,1,1
20787,2024,11,1,1
23001,2021,1,32,32
23001,2021,2,32,32
23001,2021,3,31,31
23001,2021,4,30,30
23001,2021,5,34,34
23001,2021,6,35,35
23001,2021,7,30,30
23001,2021,8,37,37
23001,2021,9,38,38
23001,2021,10,29,29
23001,2021,11,39,39
23001,2021,12,33,33
23001,2022,1,31,31
23001,2022,2,35,35
23001,2022,3,43,43
23001,2022,4,55,55
23001,2022,5,51,51
23001,2022,6,36,36
23001,2022,7,35,35
23001,2022,8,49,49
23001,2022,9,56,56
23001,2022,10,48,48
23001,2022,11,45,45
23001,2022,12,43,43
23001,2023,1,27,27
23001,2023,2,44,44
23001,2023,3,48,48
23001,2023,4,39,39
23001,2023,5,57,57
23001,2023,6,45,45
23001,2023,7,41,41
23001,2023,8,40,40
23001,2023,9,45,45
23001,2023,10,29,29
23001,2023,11,43,43
23001,2023,12,22,22
23001,2024,1,36,36
23001,2024,2,39,39
23001,2024,3,45,45
23001,2024,4,46,46
23001,2024,5,40,40
23001,2024,6,31,31
23001,2024,7,45,45
23001,2024,8,53,53
23001,2024,9,43,43
23001,2024,10,33,33
23001,2024,11,32,32
23001,2024,12,31,31
23068,2021,2,1,1
23068,2021,4,3,3
23068,2021,6,2,2
23068,2021,8,1,1
23068,2021,9,1,1
23068,2021,10,1,1
23068,2021,11,2,2
23068,2021,12,1,1
23068,2022,2,1,1
23068,2022,3,1,1
23068,2022,4,1,1
23068,2022,5,1,1
23068,2022,7,1,1
23068,2022,8,2,2
23068,2022,9,2,2
23068,2022,10,2,2
23068,2022,11,2,2
23068,2023,1,1,1
23068,2023,2,2,2
23068,2023,3,3,3
23068,2023,4,4,4
23068,2023,6,2,2
23068,2023,8,5,5
23068,2023,9,1,1
23068,2023,11,1,1
23068,2023,12,2,2
23068,2024,1,1,1
23068,2024,2,2,2
23068,2024,3,4,4
23068,2024,4,4,4
23068,2024,5,1,1
23068,2024,7,3,3
23068,2024,8,1,1
23068,2024,10,1,1
23068,2024,11,1,1
23068,2024,12,1,1
23079,2021,3,1,1
23079,2021,5,1,1
23079,2021,6,1,1
23079,2021,12,1,1
23079,2022,1,2,2
23079,2022,3,1,1
23079,2022,4,2,2
23079,2022,5,1,1
23079,2022,9,1,1
23079,2022,10,1,1
23079,2023,5,1,1
23079,2023,6,1,1
23079,2023,7,2,2
23079,2023,8,1,1
23079,2023,10,1,1
23079,2024,1,1,1
23079,2024,2,1,1
23079,2024,4,1,1
23079,2024,5,1,1
23079,2024,8,1,1
23079,2024,9,1,1
23079,2024,10,2,2
23079,2024,11,1,1
23090,2021,5,1,1
23090,2021,6,1,1
23090,2021,7,1,1
23090,2021,9,1,1
23090,2021,10,2,2
23090,2021,11,1,1
23090,2022,2,1,1
23090,2022,3,1,1
23090,2022,5,1,1
23090,2022,7,1,1
23090,2022,10,1,1
23090,2022,11,1,1
23090,2022,12,1,1
23090,2023,1,1,1
23090,2023,4,1,1
23090,2023,5,1,1
23090,2023,7,2,2
23090,2023,8,1,1
23090,2023,9,2,2
23090,2023,11,2,2
23090,2024,1,1,1
23090,2024,2,2,2
23090,2024,4,4,4
23090,2024,6,1,1
23090,2024,7,2,2
23090,2024,8,1,1
23090,2024,9,1,1
23090,2024,10,1,1
23090,2024,12,4,4
23162,2021,1,1,1
23162,2021,2,4,4
23162,2021,3,7,7
23162,2021,4,3,3
23162,2021,5,6,6
23162,2021,6,4,4
23162,2021,7,5,5
23162,2021,8,8,8
23162,2021,9,6,6
23162,2021,10,6,6
23162,2021,11,5,5
23162,2021,12,6,6
23162,2022,1,3,3
23162,2022,2,6,6
23162,2022,3,3,3
23162,2022,4,4,4
23162,2022,5,9,9
23162,2022,6,4,4
23162,2022,7,2,2
23162,2022,8,21,21
23162,2022,9,8,8
23162,2022,10,10,10
23162,2022,11,12,12
23162,2022,12,9,9
23162,2023,1,4,4
23162,2023,2,5,5
23162,2023,3,3,3
23162,2023,4,7,7
23162,2023,5,6,6
23162,2023,6,9,9
23162,2023,7,2,2
23162,2023,8,13,13
23162,2023,9,14,14
23162,2023,10,7,7
23162,2023,11,2,2
23162,2023,12,5,5
23162,2024,1,5,5
23162,2024,2,6,6
23162,2024,3,8,8
23162,2024,4,6,6
23162,2024,5,7,7
23162,2024,6,5,5
23162,2024,7,10,10
23162,2024,8,10,10
23162,2024,9,14,14
23162,2024,10,8,8
23162,2024,11,9,9
23162,2024,12,11,11
23168,2021,2,1,1
23168,2021,10,3,3
23168,2021,11,1,1
23168,2022,1,2,2
23168,2022,2,3,3
23168,2022,3,1,1
23168,2022,4,1,1
23168,2022,8,1,1
23168,2023,4,2,2
23168,2023,5,1,1
23168,2023,6,1,1
23168,2023,7,2,2
23168,2023,9,1,1
23168,2024,2,1,1
23168,2024,4,1,1
23168,2024,5,2,2
23168,2024,9,1,1
23168,2024,10,1,1
23168,2024,11,1,1
23182,2021,1,2,2
23182,2021,2,2,2
23182,2021,3,1,1
23182,2021,4,5,5
23182,2021,5,5,5
23182,2021,6,2,2
23182,2021,7,3,3
23182,2021,8,3,3
23182,2021,9,1,1
23182,2021,10,2,2
23182,2021,11,1,1
23182,2021,12,3,3
23182,2022,2,1,1
23182,2022,3,1,1
23182,2022,4,4,4
23182,2022,5,2,2
23182,2022,7,1,1
23182,2022,8,2,2
23182,2022,9,4,4
23182,2022,11,1,1
23182,2022,12,2,2
23182,2023,1,4,4
23182,2023,2,2,2
23182,2023,3,4,4
23182,2023,4,2,2
23182,2023,5,3,3
23182,2023,7,4,4
23182,2023,9,4,4
23182,2023,10,3,3
23182,2023,11,1,1
23182,2023,12,2,2
23182,2024,2,5,5
23182,2024,3,2,2
23182,2024,4,3,3
23182,2024,5,3,3
23182,2024,6,2,2
23182,2024,7,3,3
23182,2024,8,8,8
23182,2024,9,3,3
23182,2024,10,4,4
23182,2024,11,2,2
23182,2024,12,2,2
23189,2021,1,2,2
23189,2021,2,1,1
23189,2021,3,3,3
23189,2021,4,6,6
23189,2021,5,2,2
23189,2021,6,1,1
23189,2021,7,5,5
23189,2021,8,1,1
23189,2021,9,1,1
23189,2021,10,5,5
23189,2021,11,2,2
23189,2021,12,2,2
23189,2022,1,3,3
23189,2022,2,3,3
23189,2022,3,4,4
23189,2022,4,2,2
23189,2022,5,2,2
23189,2022,6,3,3
23189,2022,7,8,8
23189,2022,8,5,5
23189,2022,9,5,5
23189,2022,10,5,5
23189,2022,11,3,3
23189,2022,12,4,4
23189,2023,1,3,3
23189,2023,2,4,4
23189,2023,3,5,5
23189,2023,4,5,5
23189,2023,5,4,4
23189,2023,6,6,6
23189,2023,7,3,3
23189,2023,8,5,5
23189,2023,9,4,4
23189,2023,10,2,2
23189,2023,11,1,1
23189,2023,12,3,3
23189,2024,1,2,2
23189,2024,2,3,3
23189,2024,3,10,10
23189,2024,4,7,7
23189,2024,5,4,4
23189,2024,6,3,3
23189,2024,7,2,2
23189,2024,8,4,4
23189,2024,9,6,6
23189,2024,10,1,1
23189,2024,11,7,7
23189,2024,12,3,3
23300,2021,1,1,1
23300,2021,2,1,1
23300,2021,3,1,1
23300,2021,4,2,2
23300,2021,6,4,4
23300,2021,7,1,1
23300,2021,10,1,1
23300,2021,12,1,1
23300,2022,1,1,1
23300,2022,8,3,3
23300,2022,9,1,1
23300,2022,10,2,2
23300,2022,12,1,1
23300,2023,1,1,1
23300,2023,3,1,1
23300,2023,4,1,1
23300,2023,5,2,2
23300,2023,8,1,1
23300,2023,10,1,1
23300,2023,12,1,1
23300,2024,2,1,1
23300,2024,3,3,3
23300,2024,8,2,2
23300,2024,9,2,2
23300,2024,10,3,3
23300,2024,11,2,2
23300,2024,12,2,2
23350,2021,7,1,1
23350,2021,8,1,1
23350,2022,11,1,1
23350,2023,3,1,1
23350,2023,5,1,1
23350,2023,7,1,1
23350,2024,2,2,2
23350,2024,7,1,1
23350,2024,12,1,1
23417,2021,1,1,1
23417,2021,2,6,6
23417,2021,3,7,7
23417,2021,4,1,1
23417,2021,5,3,3
23417,2021,6,5,5
23417,2021,7,2,2
23417,2021,8,5,5
23417,2021,9,8,8
23417,2021,10,7,7
23417,2021,11,1,1
23417,2021,12,7,7
23417,2022,1,1,1
23417,2022,2,4,4
23417,2022,3,5,5
23417,2022,4,4,4
23417,2022,5,7,7
23417,2022,6,4,4
23417,2022,7,8,8
23417,2022,8,4,4
23417,2022,9,1,1
23417,2022,10,9,9
23417,2022,11,6,6
23417,2022,12,3,3
23417,2023,1,4,4
23417,2023,2,5,5
23417,2023,3,5,5
23417,2023,4,5,5
23417,2023,5,6,6
23417,2023,6,1,1
23417,2023,7,4,4
23417,2023,8,6,6
23417,2023,9,4,4
23417,2023,10,5,5
23417,2023,11,7,7
23417,2023,12,7,7
23417,2024,1,2,2
23417,2024,2,5,5
23417,2024,3,5,5
23417,2024,4,5,5
23417,2024,5,1,1
23417,2024,7,3,3
23417,2024,8,5,5
23417,2024,9,8,8
23417,2024,10,9,9
23417,2024,11,7,7
23417,2024,12,4,4
23419,2021,2,1,1
23419,2021,3,1,1
23419,2022,4,1,1
23419,2022,6,1,1
23419,2022,8,2,2
23419,2023,7,1,1
23419,2023,8,2,2
23419,2023,12,1,1
23419,2024,3,2,2
23419,2024,5,3,3
23464,2021,3,2,2
23464,2021,4,2,2
23464,2021,6,1,1
23464,2021,9,1,1
23464,2021,10,1,1
23464,2021,11,1,1
23464,2021,12,1,1
23464,2022,1,1,1
23464,2022,5,2,2
23464,2022,8,1,1
23464,2022,10,2,2
23464,2023,1,1,1
23464,2023,11,2,2
23464,2023,12,1,1
23464,2024,1,1,1
23464,2024,2,2,2
23464,2024,4,1,1
23464,2024,6,1,1
23464,2024,7,1,1
23464,2024,8,1,1
23464,2024,10,1,1
23464,2024,11,2,2
23466,2021,2,1,1
23466,2021,4,1,1
23466,2021,5,5,5
23466,2021,6,4,4
23466,2021,7,3,3
23466,2021,8,3,3
23466,2021,9,1,1
23466,2021,10,5,5
23466,2021,11,5,5
23466,2021,12,4,4
23466,2022,1,2,2
23466,2022,3,6,6
23466,2022,4,2,2
23466,2022,5,5,5
23466,2022,6,5,5
23466,2022,7,5,5
23466,2022,8,2,2
23466,2022,9,1,1
23466,2022,10,3,3
23466,2022,11,2,2
23466,2022,12,2,2
23466,2023,1,1,1
23466,2023,3,3,3
23466,2023,4,5,5
23466,2023,5,3,3
23466,2023,6,2,2
23466,2023,7,4,4
23466,2023,9,3,3
23466,2023,10,4,4
23466,2023,12,1,1
23466,2024,2,1,1
23466,2024,3,3,3
23466,2024,4,5,5
23466,2024,5,2,2
23466,2024,6,8,8
23466,2024,7,2,2
23466,2024,8,3,3
23466,2024,9,9,9
23466,2024,10,5,5
23466,2024,11,5,5
23466,2024,12,6,6
23500,2021,1,1,1
23500,2021,2,1,1
23500,2021,5,1,1
23500,2021,6,1,1
23500,2021,7,1,1
23500,2021,9,1,1
23500,2021,11,1,1
23500,2021,12,2,2
23500,2022,2,1,1
23500,2022,3,3,3
23500,2022,7,1,1
23500,2022,8,1,1
23500,2022,9,1,1
23500,2022,10,2,2
23500,2023,2,2,2
23500,2023,3,1,1
23500,2023,5,1,1
23500,2023,6,1,1
23500,2023,7,2,2
23500,2023,10,3,3
23500,2024,3,2,2
23500,2024,4,1,1
23500,2024,6,2,2
23500,2024,7,2,2
23500,2024,8,1,1
23500,2024,9,1,1
23555,2021,1,4,4
23555,2021,2,3,3
23555,2021,3,2,2
23555,2021,4,3,3
23555,2021,5,1,1
23555,2021,6,1,1
23555,2021,7,1,1
23555,2021,8,5,5
23555,2021,9,2,2
23555,2021,10,4,4
23555,2021,11,3,3
23555,2021,12,3,3
23555,2022,1,3,3
23555,2022,2,4,4
23555,2022,3,1,1
23555,2022,4,3,3
23555,2022,5,1,1
23555,2022,6,1,1
23555,2022,7,3,3
23555,2022,8,8,8
23555,2022,9,5,5
23555,2022,10,2,2
23555,2022,11,4,4
23555,2022,12,3,3
23555,2023,1,2,2
23555,2023,2,5,5
23555,2023,3,1,1
23555,2023,4,3,3
23555,2023,5,7,7
23555,2023,6,2,2
23555,2023,8,3,3
23555,2023,9,3,3
23555,2023,10,5,5
23555,2023,11,6,6
23555,2023,12,3,3
23555,2024,1,3,3
23555,2024,2,3,3
23555,2024,3,2,2
23555,2024,4,5,5
23555,2024,7,4,4
23555,2024,8,6,6
23555,2024,9,4,4
23555,2024,10,6,6
23555,2024,11,1,1
23555,2024,12,4,4
23570,2021,1,2,2
23570,2021,2,2,2
23570,2021,3,2,2
23570,2021,4,2,2
23570,2021,7,1,1
23570,2021,8,2,2
23570,2021,9,2,2
23570,2021,12,2,2
23570,2022,3,1,1
23570,2022,5,1,1
23570,2022,8,1,1
23570,2022,9,3,3
23570,2022,10,1,1
23570,2022,11,2,2
23570,2022,12,2,2
23570,2023,1,3,3
23570,2023,2,2,2
23570,2023,3,2,2
23570,2023,7,1,1
23570,2023,8,3,3
23570,2023,9,2,2
23570,2023,10,1,1
23570,2023,11,1,1
23570,2023,12,1,1
23570,2024,2,2,2
23570,2024,3,1,1
23570,2024,4,1,1
23570,2024,7,2,2
23570,2024,9,1,1
23570,2024,12,1,1
23574,2021,5,1,1
23574,2021,6,1,1
23574,2021,7,3,3
23574,2021,8,1,1
23574,2021,10,1,1
23574,2021,11,2,2
23574,2021,12,1,1
23574,2022,5,1,1
23574,2022,9,1,1
23574,2022,10,1,1
23574,2022,11,1,1
23574,2022,12,2,2
23574,2023,5,1,1
23574,2023,6,2,2
23574,2023,8,1,1
23574,2023,10,1,1
23574,2023,11,1,1
23574,2024,1,1,1
23574,2024,3,1,1
23574,2024,5,2,2
23574,2024,6,1,1
23574,2024,8,3,3
23574,2024,9,3,3
23574,2024,11,3,3
23574,2024,12,1,1
23580,2021,1,1,1
23580,2021,3,1,1
23580,2021,4,2,2
23580,2021,5,3,3
23580,2021,6,3,3
23580,2021,9,1,1
23580,2021,10,1,1
23580,2021,12,3,3
23580,2022,1,2,2
23580,2022,4,2,2
23580,2022,5,1,1
23580,2022,6,1,1
23580,2022,7,2,2
23580,2022,8,4,4
23580,2022,9,3,3
23580,2022,10,3,3
23580,2022,11,1,1
23580,2022,12,1,1
23580,2023,3,1,1
23580,2023,4,1,1
23580,2023,5,3,3
23580,2023,6,1,1
23580,2023,7,1,1
23580,2023,12,2,2
23580,2024,1,1,1
23580,2024,2,1,1
23580,2024,3,2,2
23580,2024,4,3,3
23580,2024,5,1,1
23580,2024,6,1,1
23580,2024,7,2,2
23580,2024,8,4,4
23580,2024,9,1,1
23580,2024,10,1,1
23580,2024,11,1,1
23586,2021,6,1,1
23586,2021,8,2,2
23586,2021,10,1,1
23586,2021,11,1,1
23586,2022,4,1,1
23586,2022,7,1,1
23586,2022,8,1,1
23586,2023,1,2,2
23586,2023,3,1,1
23586,2023,6,2,2
23586,2023,7,2,2
23586,2023,8,1,1
23586,2023,11,1,1
23586,2023,12,1,1
23586,2024,1,2,2
23586,2024,2,1,1
23586,2024,7,1,1
23586,2024,11,2,2
23660,2021,1,4,4
23660,2021,2,4,4
23660,2021,3,5,5
23660,2021,4,4,4
23660,2021,5,4,4
23660,2021,6,3,3
23660,2021,7,3,3
23660,2021,8,6,6
23660,2021,9,5,5
23660,2021,10,7,7
23660,2021,11,5,5
23660,2021,12,5,5
23660,2022,1,3,3
23660,2022,2,6,6
23660,2022,3,5,5
23660,2022,4,4,4
23660,2022,5,2,2
23660,2022,6,5,5
23660,2022,7,6,6
23660,2022,8,7,7
23660,2022,9,1,1
23660,2022,10,2,2
23660,2022,11,4,4
23660,2022,12,4,4
23660,2023,1,2,2
23660,2023,2,1,1
23660,2023,3,5,5
23660,2023,4,8,8
23660,2023,5,7,7
23660,2023,6,10,10
23660,2023,7,8,8
23660,2023,8,14,14
23660,2023,9,11,11
23660,2023,10,5,5
23660,2023,11,5,5
23660,2023,12,6,6
23660,2024,1,6,6
23660,2024,2,1,1
23660,2024,3,4,4
23660,2024,4,7,7
23660,2024,5,8,8
23660,2024,6,6,6
23660,2024,7,6,6
23660,2024,8,3,3
23660,2024,9,8,8
23660,2024,10,7,7
23660,2024,11,4,4
23660,2024,12,1,1
23670,2021,4,1,1
23670,2021,5,1,1
23670,2021,6,1,1
23670,2021,7,1,1
23670,2021,8,1,1
23670,2021,9,1,1
23670,2021,11,1,1
23670,2021,12,1,1
23670,2022,3,1,1
23670,2022,4,2,2
23670,2022,5,1,1
23670,2022,10,1,1
23670,2022,11,1,1
23670,2023,1,1,1
23670,2023,2,2,2
23670,2023,3,3,3
23670,2023,4,1,1
23670,2023,5,4,4
23670,2023,7,1,1
23670,2023,8,2,2
23670,2023,9,4,4
23670,2023,11,4,4
23670,2024,1,3,3
23670,2024,2,2,2
23670,2024,3,8,8
23670,2024,4,2,2
23670,2024,6,1,1
23670,2024,7,1,1
23670,2024,9,2,2
23670,2024,10,1,1
23670,2024,12,1,1
23672,2021,1,1,1
23672,2021,3,1,1
23672,2021,4,1,1
23672,2021,5,2,2
23672,2021,6,2,2
23672,2021,7,3,3
23672,2021,9,5,5
23672,2021,10,2,2
23672,2021,11,1,1
23672,2022,1,1,1
23672,2022,2,3,3
23672,2022,3,3,3
23672,2022,4,2,2
23672,2022,5,1,1
23672,2022,6,2,2
23672,2022,8,1,1
23672,2022,9,3,3
23672,2022,11,1,1
23672,2022,12,2,2
23672,2023,1,1,1
23672,2023,3,1,1
23672,2023,4,3,3
23672,2023,5,5,5
23672,2023,8,3,3
23672,2023,10,4,4
23672,2023,11,4,4
23672,2023,12,2,2
23672,2024,2,1,1
23672,2024,3,2,2
23672,2024,6,1,1
23672,2024,8,3,3
23672,2024,9,2,2
23672,2024,10,4,4
23672,2024,11,1,1
23675,2021,1,2,2
23675,2021,2,3,3
23675,2021,4,3,3
23675,2021,5,3,3
23675,2021,6,2,2
23675,2021,7,1,1
23675,2021,8,1,1
23675,2021,9,3,3
23675,2021,11,3,3
23675,2021,12,3,3
23675,2022,1,2,2
23675,2022,2,1,1
23675,2022,5,3,3
23675,2022,6,1,1
23675,2022,8,2,2
23675,2022,10,1,1
23675,2022,11,3,3
23675,2023,1,1,1
23675,2023,3,1,1
23675,2023,4,6,6
23675,2023,5,1,1
23675,2023,9,1,1
23675,2023,10,2,2
23675,2023,12,5,5
23675,2024,1,1,1
23675,2024,2,1,1
23675,2024,3,1,1
23675,2024,5,1,1
23675,2024,7,2,2
23675,2024,8,3,3
23675,2024,9,1,1
23675,2024,11,3,3
23678,2021,1,3,3
23678,2021,3,1,1
23678,2021,5,1,1
23678,2021,6,1,1
23678,2021,7,2,2
23678,2021,9,1,1
23678,2021,10,1,1
23678,2021,11,1,1
23678,2021,12,1,1
23678,2022,3,3,3
23678,2022,4,1,1
23678,2022,5,2,2
23678,2022,6,1,1
23678,2022,8,1,1
23678,2022,9,1,1
23678,2022,11,1,1
23678,2023,2,3,3
23678,2023,3,1,1
23678,2023,5,1,1
23678,2023,12,2,2
23678,2024,3,1,1
23678,2024,4,1,1
23678,2024,5,1,1
23678,2024,7,1,1
23678,2024,8,1,1
23678,2024,9,2,2
23678,2024,10,1,1
23678,2024,11,2,2
23682,2021,1,1,1
23682,2021,4,1,1
23682,2021,9,1,1
23682,2022,4,1,1
23682,2022,7,1,1
23682,2023,7,1,1
23682,2024,3,1,1
23682,2024,11,1,1
23686,2021,2,2,2
23686,2021,3,1,1
23686,2021,4,2,2
23686,2021,5,1,1
23686,2021,8,2,2
23686,2021,9,1,1
23686,2021,11,1,1
23686,2021,12,2,2
23686,2022,6,1,1
23686,2022,7,2,2
23686,2022,9,1,1
23686,2022,10,1,1
23686,2022,11,1,1
23686,2022,12,3,3
23686,2023,1,1,1
23686,2023,3,3,3
23686,2023,4,2,2
23686,2023,5,7,7
23686,2023,6,2,2
23686,2023,7,2,2
23686,2023,8,5,5
23686,2023,9,3,3
23686,2023,11,2,2
23686,2023,12,1,1
23686,2024,1,1,1
23686,2024,2,3,3
23686,2024,3,7,7
23686,2024,4,3,3
23686,2024,5,3,3
23686,2024,6,1,1
23686,2024,7,2,2
23686,2024,8,1,1
23686,2024,9,3,3
23686,2024,10,2,2
23686,2024,12,1,1
23807,2021,1,4,4
23807,2021,3,1,1
23807,2021,4,1,1
23807,2021,6,1,1
23807,2021,7,3,3
23807,2021,8,7,7
23807,2021,9,2,2
23807,2021,10,6,6
23807,2021,11,4,4
23807,2021,12,7,7
23807,2022,1,2,2
23807,2022,2,2,2
23807,2022,3,3,3
23807,2022,4,1,1
23807,2022,5,4,4
23807,2022,6,5,5
23807,2022,7,8,8
23807,2022,8,3,3
23807,2022,9,7,7
23807,2022,11,2,2
23807,2023,1,5,5
23807,2023,2,8,8
23807,2023,3,1,1
23807,2023,4,2,2
23807,2023,5,10,10
23807,2023,6,4,4
23807,2023,7,6,6
23807,2023,8,5,5
23807,2023,9,10,10
23807,2023,10,7,7
23807,2023,11,7,7
23807,2023,12,3,3
23807,2024,1,8,8
23807,2024,3,2,2
23807,2024,4,2,2
23807,2024,5,8,8
23807,2024,6,2,2
23807,2024,7,5,5
23807,2024,8,6,6
23807,2024,9,17,17
23807,2024,10,12,12
23807,2024,11,13,13
23807,2024,12,2,2
23815,2021,1,2,2
23815,2021,4,1,1
23815,2021,8,1,1
23815,2021,11,1,1
23815,2021,12,1,1
23815,2022,1,1,1
23815,2022,2,2,2
23815,2022,3,1,1
23815,2022,4,1,1
23815,2022,5,1,1
23815,2022,6,1,1
23815,2022,9,2,2
23815,2022,10,1,1
23815,2022,12,2,2
23815,2023,1,4,4
23815,2023,2,2,2
23815,2023,4,1,1
23815,2023,6,2,2
23815,2023,8,3,3
23815,2023,10,1,1
23815,2023,11,1,1
23815,2024,2,2,2
23815,2024,5,1,1
23815,2024,7,1,1
23815,2024,8,1,1
23815,2024,9,2,2
23815,2024,11,1,1
23855,2021,3,3,3
23855,2021,4,1,1
23855,2021,5,2,2
23855,2021,6,4,4
23855,2021,7,4,4
23855,2021,10,1,1
23855,2022,2,1,1
23855,2022,3,6,6
23855,2022,4,3,3
23855,2022,5,5,5
23855,2022,6,2,2
23855,2022,7,3,3
23855,2022,9,3,3
23855,2022,11,1,1
23855,2022,12,1,1
23855,2023,1,1,1
23855,2023,2,3,3
23855,2023,3,1,1
23855,2023,5,1,1
23855,2023,6,2,2
23855,2023,7,1,1
23855,2023,8,2,2
23855,2023,12,1,1
23855,2024,1,2,2
23855,2024,5,2,2
23855,2024,6,2,2
23855,2024,7,2,2
23855,2024,8,5,5
23855,2024,9,3,3
23855,2024,10,2,2
23855,2024,12,4,4
25001,2021,1,2,2
25001,2021,2,3,3
25001,2021,3,1,1
25001,2021,7,2,2
25001,2021,8,2,2
25001,2021,9,3,3
25001,2021,10,1,1
25001,2021,11,4,4
25001,2021,12,2,2
25001,2022,1,1,1
25001,2022,2,1,1
25001,2022,5,1,1
25001,2022,6,1,1
25001,2022,7,4,4
25001,2022,9,1,1
25001,2022,10,3,3
25001,2022,11,3,3
25001,2023,1,2,2
25001,2023,3,5,5
25001,2023,4,1,1
25001,2023,5,1,1
25001,2023,6,1,1
25001,2023,7,3,3
25001,2023,8,2,2
25001,2023,9,2,2
25001,2023,10,3,3
25001,2023,12,1,1
25001,2024,3,2,2
25001,2024,5,1,1
25001,2024,7,1,1
25001,2024,8,1,1
25001,2024,9,1,1
25001,2024,11,1,1
25001,2024,12,2,2
25019,2021,2,1,1
25019,2021,7,1,1
25019,2022,2,1,1
25019,2022,9,1,1
25019,2022,11,1,1
25019,2022,12,2,2
25019,2023,4,1,1
25019,2023,6,1,1
25019,2024,1,1,1
25019,2024,2,1,1
25019,2024,3,1,1
25019,2024,4,2,2
25019,2024,6,3,3
25019,2024,7,3,3
25019,2024,9,1,1
25019,2024,11,1,1
25035,2021,4,1,1
25035,2021,6,1,1
25035,2021,8,1,1
25035,2021,10,1,1
25035,2022,1,1,1
25035,2022,3,1,1
25035,2022,6,1,1
25035,2022,7,3,3
25035,2022,8,5,5
25035,2022,9,2,2
25035,2022,12,1,1
25035,2023,4,3,3
25035,2023,6,1,1
25035,2023,7,1,1
25035,2023,8,1,1
25035,2023,9,1,1
25035,2023,12,1,1
25035,2024,2,1,1
25035,2024,3,1,1
25035,2024,4,1,1
25035,2024,6,1,1
25035,2024,8,3,3
25035,2024,11,1,1
25035,2024,12,2,2
25040,2021,1,2,2
25040,2021,3,1,1
25040,2021,4,2,2
25040,2021,5,1,1
25040,2021,8,1,1
25040,2021,11,1,1
25040,2021,12,1,1
25040,2022,3,1,1
25040,2022,4,1,1
25040,2022,7,2,2
25040,2022,8,1,1
25040,2022,9,1,1
25040,2022,11,1,1
25040,2023,3,1,1
25040,2023,4,1,1
25040,2023,7,2,2
25040,2023,11,1,1
25040,2023,12,2,2
25040,2024,3,1,1
25040,2024,6,1,1
25040,2024,8,2,2
25040,2024,9,1,1
25040,2024,12,1,1
25053,2021,3,1,1
25053,2021,4,1,1
25053,2021,5,1,1
25053,2021,7,1,1
25053,2021,8,1,1
25053,2021,11,1,1
25053,2022,1,1,1
25053,2022,9,1,1
25053,2022,10,1,1
25053,2022,12,3,3
25053,2023,1,1,1
25053,2023,7,1,1
25053,2023,8,1,1
25053,2023,9,2,2
25053,2023,10,1,1
25053,2023,11,2,2
25053,2023,12,1,1
25053,2024,1,1,1
25053,2024,3,3,3
25053,2024,5,1,1
25053,2024,6,1,1
25053,2024,7,1,1
25053,2024,8,1,1
25086,2021,1,1,1
25086,2022,6,4,4
25086,2022,8,1,1
25086,2023,9,1,1
25095,2021,6,1,1
25095,2022,5,1,1
25099,2021,1,1,1
25099,2021,5,1,1
25099,2021,6,1,1
25099,2021,11,1,1
25099,2021,12,1,1
25099,2022,3,1,1
25099,2022,5,2,2
25099,2022,7,1,1
25099,2022,9,1,1
25099,2022,10,1,1
25099,2022,11,1,1
25099,2022,12,1,1
25099,2023,2,2,2
25099,2023,5,2,2
25099,2023,7,1,1
25099,2023,9,2,2
25099,2023,11,1,1
25099,2024,2,2,2
25099,2024,3,1,1
25099,2024,4,1,1
25099,2024,8,1,1
25099,2024,9,1,1
25099,2024,12,2,2
25120,2021,4,3,3
25120,2021,5,2,2
25120,2021,7,2,2
25120,2021,9,3,3
25120,2021,10,2,2
25120,2022,9,2,2
25120,2023,1,1,1
25120,2024,7,1,1
25123,2021,1,1,1
25123,2021,3,1,1
25123,2021,4,3,3
25123,2021,5,2,2
25123,2021,7,1,1
25123,2021,10,1,1
25123,2022,1,1,1
25123,2022,2,1,1
25123,2022,4,1,1
25123,2022,5,1,1
25123,2022,6,1,1
25123,2022,7,2,2
25123,2022,8,2,2
25123,2022,9,2,2
25123,2022,11,1,1
25123,2023,1,1,1
25123,2023,2,2,2
25123,2023,5,2,2
25123,2023,6,5,5
25123,2023,9,2,2
25123,2023,10,1,1
25123,2023,12,2,2
25123,2024,3,2,2
25123,2024,7,4,4
25123,2024,8,2,2
25123,2024,10,1,1
25123,2024,11,1,1
25123,2024,12,1,1
25126,2021,1,2,2
25126,2021,2,5,5
25126,2021,3,9,9
25126,2021,4,5,5
25126,2021,5,3,3
25126,2021,6,2,2
25126,2021,7,6,6
25126,2021,8,1,1
25126,2021,9,4,4
25126,2021,10,8,8
25126,2021,11,3,3
25126,2021,12,2,2
25126,2022,1,2,2
25126,2022,2,6,6
25126,2022,3,7,7
25126,2022,4,3,3
25126,2022,5,10,10
25126,2022,6,6,6
25126,2022,7,7,7
25126,2022,8,6,6
25126,2022,9,9,9
25126,2022,10,7,7
25126,2022,11,12,12
25126,2022,12,4,4
25126,2023,1,2,2
25126,2023,2,6,6
25126,2023,3,8,8
25126,2023,4,6,6
25126,2023,5,5,5
25126,2023,6,14,14
25126,2023,7,9,9
25126,2023,8,6,6
25126,2023,9,11,11
25126,2023,10,1,1
25126,2023,11,10,10
25126,2023,12,5,5
25126,2024,1,3,3
25126,2024,2,7,7
25126,2024,3,8,8
25126,2024,4,8,8
25126,2024,5,9,9
25126,2024,6,10,10
25126,2024,7,10,10
25126,2024,8,7,7
25126,2024,9,7,7
25126,2024,10,3,3
25126,2024,11,9,9
25126,2024,12,13,13
25148,2021,1,1,1
25148,2021,2,1,1
25148,2021,4,1,1
25148,2021,9,2,2
25148,2021,10,1,1
25148,2021,11,1,1
25148,2022,2,1,1
25148,2022,4,2,2
25148,2022,5,1,1
25148,2022,7,1,1
25148,2022,9,1,1
25148,2022,10,1,1
25148,2022,11,1,1
25148,2023,5,1,1
25148,2023,6,2,2
25148,2023,7,1,1
25148,2023,8,4,4
25148,2023,9,1,1
25148,2023,11,2,2
25148,2023,12,1,1
25148,2024,1,1,1
25148,2024,3,1,1
25148,2024,4,3,3
25148,2024,8,1,1
25148,2024,11,1,1
25151,2021,1,1,1
25151,2021,2,3,3
25151,2021,3,2,2
25151,2021,5,2,2
25151,2021,7,1,1
25151,2021,8,3,3
25151,2021,9,1,1
25151,2021,10,1,1
25151,2021,11,3,3
25151,2021,12,1,1
25151,2022,1,1,1
25151,2022,4,3,3
25151,2022,5,2,2
25151,2022,6,1,1
25151,2022,7,2,2
25151,2022,8,3,3
25151,2022,9,1,1
25151,2022,10,1,1
25151,2022,11,2,2
25151,2022,12,1,1
25151,2023,1,1,1
25151,2023,2,3,3
25151,2023,3,2,2
25151,2023,4,2,2
25151,2023,5,1,1
25151,2023,8,3,3
25151,2023,9,2,2
25151,2023,10,1,1
25151,2023,12,1,1
25151,2024,1,1,1
25151,2024,2,1,1
25151,2024,4,2,2
25151,2024,5,1,1
25151,2024,7,2,2
25151,2024,9,1,1
25151,2024,12,2,2
25154,2021,3,1,1
25154,2021,6,1,1
25154,2021,7,1,1
25154,2021,8,1,1
25154,2021,9,1,1
25154,2023,6,1,1
25154,2023,9,1,1
25154,2023,10,1,1
25154,2024,6,1,1
25154,2024,7,1,1
25154,2024,9,1,1
25168,2021,1,2,2
25168,2021,6,1,1
25168,2021,7,1,1
25168,2021,8,1,1
25168,2021,12,1,1
25168,2022,5,1,1
25168,2023,12,1,1
25175,2021,1,4,4
25175,2021,2,6,6
25175,2021,3,7,7
25175,2021,4,4,4
25175,2021,5,7,7
25175,2021,6,5,5
25175,2021,7,7,7
25175,2021,8,13,13
25175,2021,9,14,14
25175,2021,10,9,9
25175,2021,11,6,6
25175,2021,12,8,8
25175,2022,1,7,7
25175,2022,2,10,10
25175,2022,3,20,20
25175,2022,4,16,16
25175,2022,5,15,15
25175,2022,6,10,10
25175,2022,7,16,16
25175,2022,8,15,15
25175,2022,9,21,21
25175,2022,10,9,9
25175,2022,11,13,13
25175,2022,12,14,14
25175,2023,1,13,13
25175,2023,2,13,13
25175,2023,3,18,18
25175,2023,4,16,16
25175,2023,5,17,17
25175,2023,6,16,16
25175,2023,7,13,13
25175,2023,8,15,15
25175,2023,9,19,19
25175,2023,10,20,20
25175,2023,11,11,11
25175,2023,12,6,6
25175,2024,1,12,12
25175,2024,2,3,3
25175,2024,3,10,10
25175,2024,4,6,6
25175,2024,5,6,6
25175,2024,6,17,17
25175,2024,7,9,9
25175,2024,8,13,13
25175,2024,9,8,8
25175,2024,10,14,14
25175,2024,11,13,13
25175,2024,12,8,8
25178,2021,3,1,1
25178,2021,7,1,1
25178,2021,10,2,2
25178,2021,11,2,2
25178,2021,12,1,1
25178,2022,1,1,1
25178,2022,8,2,2
25178,2022,9,1,1
25178,2022,11,1,1
25178,2023,2,1,1
25178,2023,4,3,3
25178,2023,9,1,1
25178,2023,11,1,1
25178,2024,1,1,1
25178,2024,3,1,1
25178,2024,4,2,2
25178,2024,5,1,1
25178,2024,8,2,2
25178,2024,12,1,1
25181,2021,1,1,1
25181,2021,3,2,2
25181,2021,4,1,1
25181,2021,5,1,1
25181,2021,6,3,3
25181,2021,9,1,1
25181,2021,11,1,1
25181,2022,1,1,1
25181,2022,6,2,2
25181,2022,7,1,1
25181,2022,8,1,1
25181,2022,10,1,1
25181,2022,11,2,2
25181,2023,1,1,1
25181,2023,3,1,1
25181,2023,4,3,3
25181,2023,5,1,1
25181,2023,6,2,2
25181,2023,7,1,1
25181,2023,8,1,1
25181,2023,9,2,2
25181,2024,2,2,2
25181,2024,3,1,1
25181,2024,6,1,1
25181,2024,8,1,1
25181,2024,11,2,2
25183,2021,2,2,2
25183,2021,3,1,1
25183,2021,8,1,1
25183,2021,9,1,1
25183,2021,10,1,1
25183,2021,12,1,1
25183,2022,1,1,1
25183,2022,6,3,3
25183,2022,7,4,4
25183,2022,10,3,3
25183,2022,11,3,3
25183,2023,1,2,2
25183,2023,2,1,1
25183,2023,5,1,1
25183,2023,7,1,1
25183,2023,8,4,4
25183,2024,1,1,1
25183,2024,3,2,2
25183,2024,4,2,2
25183,2024,5,1,1
25183,2024,6,1,1
25183,2024,9,2,2
25183,2024,10,1,1
25183,2024,11,1,1
25183,2024,12,1,1
25200,2021,11,2,2
25200,2022,2,1,1
25200,2022,3,3,3
25200,2022,6,2,2
25200,2022,7,2,2
25200,2022,8,1,1
25200,2022,9,1,1
25200,2022,12,1,1
25200,2023,1,1,1
25200,2023,2,1,1
25200,2023,3,3,3
25200,2023,5,1,1
25200,2023,6,1,1
25200,2023,8,2,2
25200,2023,9,1,1
25200,2024,1,2,2
25200,2024,2,1,1
25200,2024,3,1,1
25200,2024,4,3,3
25200,2024,5,2,2
25200,2024,7,1,1
25200,2024,8,3,3
25200,2024,9,4,4
25200,2024,10,3,3
25200,2024,12,1,1
25214,2021,1,1,1
25214,2021,3,2,2
25214,2021,4,1,1
25214,2021,5,1,1
25214,2021,6,1,1
25214,2021,7,2,2
25214,2021,8,1,1
25214,2021,10,1,1
25214,2021,11,3,3
25214,2021,12,2,2
25214,2022,2,1,1
25214,2022,3,1,1
25214,2022,4,1,1
25214,2022,5,3,3
25214,2022,6,3,3
25214,2022,8,4,4
25214,2022,9,4,4
25214,2022,10,5,5
25214,2022,11,3,3
25214,2022,12,2,2
25214,2023,1,2,2
25214,2023,2,4,4
25214,2023,3,4,4
25214,2023,4,2,2
25214,2023,5,1,1
25214,2023,6,2,2
25214,2023,7,6,6
25214,2023,8,7,7
25214,2023,9,2,2
25214,2023,10,3,3
25214,2023,11,2,2
25214,2023,12,3,3
25214,2024,1,1,1
25214,2024,2,4,4
25214,2024,3,5,5
25214,2024,4,2,2
25214,2024,5,2,2
25214,2024,6,3,3
25214,2024,7,3,3
25214,2024,8,3,3
25214,2024,9,2,2
25214,2024,10,2,2
25214,2024,11,1,1
25214,2024,12,2,2
25224,2021,8,1,1
25224,2021,9,1,1
25224,2021,10,1,1
25224,2022,4,1,1
25224,2023,11,1,1
25224,2024,3,1,1
25224,2024,10,1,1
25245,2021,3,2,2
25245,2021,4,3,3
25245,2021,5,1,1
25245,2021,6,1,1
25245,2021,9,2,2
25245,2021,12,1,1
25245,2022,1,2,2
25245,2022,3,2,2
25245,2022,4,1,1
25245,2022,5,1,1
25245,2022,7,1,1
25245,2022,8,4,4
25245,2022,9,4,4
25245,2022,10,1,1
25245,2022,11,1,1
25245,2022,12,2,2
25245,2023,2,3,3
25245,2023,3,2,2
25245,2023,4,1,1
25245,2023,5,3,3
25245,2023,6,1,1
25245,2023,7,1,1
25245,2023,8,2,2
25245,2023,9,2,2
25245,2023,10,2,2
25245,2023,12,2,2
25245,2024,1,1,1
25245,2024,2,1,1
25245,2024,3,1,1
25245,2024,4,1,1
25245,2024,6,1,1
25245,2024,7,1,1
25245,2024,8,2,2
25245,2024,9,5,5
25245,2024,10,2,2
25245,2024,11,2,2
25258,2021,2,1,1
25258,2021,3,2,2
25258,2022,2,1,1
25258,2022,3,1,1
25258,2022,7,1,1
25258,2022,8,1,1
25258,2022,9,1,1
25258,2023,2,1,1
25258,2023,6,1,1
25258,2023,7,1,1
25258,2023,8,1,1
25258,2023,10,1,1
25258,2023,11,1,1
25258,2024,1,1,1
25258,2024,2,2,2
25258,2024,5,1,1
25258,2024,6,1,1
25258,2024,11,1,1
25260,2021,3,2,2
25260,2021,5,3,3
25260,2021,7,1,1
25260,2021,8,3,3
25260,2021,9,1,1
25260,2021,10,2,2
25260,2021,11,3,3
25260,2022,2,3,3
25260,2022,3,4,4
25260,2022,4,4,4
25260,2022,5,5,5
25260,2022,6,3,3
25260,2022,7,2,2
25260,2022,8,3,3
25260,2022,9,2,2
25260,2022,10,1,1
25260,2022,11,5,5
25260,2022,12,2,2
25260,2023,2,4,4
25260,2023,3,2,2
25260,2023,4,7,7
25260,2023,5,1,1
25260,2023,6,6,6
25260,2023,7,2,2
25260,2023,8,2,2
25260,2023,9,1,1
25260,2023,10,3,3
25260,2023,11,4,4
25260,2023,12,2,2
25260,2024,1,1,1
25260,2024,2,3,3
25260,2024,3,4,4
25260,2024,4,3,3
25260,2024,5,2,2
25260,2024,7,1,1
25260,2024,8,1,1
25260,2024,10,1,1
25260,2024,12,3,3
25269,2021,1,2,2
25269,2021,2,3,3
25269,2021,3,10,10
25269,2021,4,10,10
25269,2021,5,4,4
25269,2021,6,3,3
25269,2021,7,2,2
25269,2021,8,6,6
25269,2021,9,14,14
25269,2021,10,16,16
25269,2021,11,7,7
25269,2021,12,11,11
25269,2022,1,5,5
25269,2022,2,4,4
25269,2022,3,8,8
25269,2022,4,7,7
25269,2022,5,4,4
25269,2022,6,9,9
25269,2022,7,13,13
25269,2022,8,10,10
25269,2022,9,9,9
25269,2022,10,9,9
25269,2022,11,15,15
25269,2022,12,9,9
25269,2023,1,3,3
25269,2023,2,9,9
25269,2023,3,10,10
25269,2023,4,11,11
25269,2023,5,13,13
25269,2023,6,12,12
25269,2023,7,10,10
25269,2023,8,6,6
25269,2023,9,16,16
25269,2023,10,21,21
25269,2023,11,9,9
25269,2023,12,8,8
25269,2024,1,10,10
25269,2024,2,8,8
25269,2024,3,18,18
25269,2024,4,19,19
25269,2024,5,18,18
25269,2024,6,12,12
25269,2024,7,19,19
25269,2024,8,13,13
25269,2024,9,15,15
25269,2024,10,21,21
25269,2024,11,10,10
25269,2024,12,11,11
25279,2021,2,1,1
25279,2021,6,1,1
25279,2021,7,2,2
25279,2021,8,3,3
25279,2022,5,1,1
25279,2022,7,1,1
25279,2022,10,1,1
25279,2022,11,2,2
25279,2023,10,1,1
25279,2024,2,1,1
25279,2024,6,2,2
25279,2024,12,1,1
25281,2021,6,1,1
25281,2021,9,2,2
25281,2022,1,1,1
25281,2022,6,1,1
25281,2022,12,4,4
25281,2023,1,2,2
25281,2023,2,1,1
25281,2023,3,1,1
25281,2023,4,3,3
25281,2023,5,2,2
25281,2023,7,1,1
25281,2023,8,1,1
25281,2024,1,1,1
25281,2024,2,1,1
25281,2024,9,3,3
25281,2024,11,3,3
25286,2021,1,3,3
25286,2021,3,3,3
25286,2021,4,5,5
25286,2021,5,4,4
25286,2021,6,3,3
25286,2021,7,6,6
25286,2021,8,1,1
25286,2021,9,8,8
25286,2021,10,2,2
25286,2021,11,11,11
25286,2021,12,2,2
25286,2022,1,4,4
25286,2022,2,4,4
25286,2022,3,10,10
25286,2022,4,5,5
25286,2022,5,12,12
25286,2022,6,9,9
25286,2022,7,7,7
25286,2022,8,7,7
25286,2022,9,6,6
25286,2022,10,11,11
25286,2022,11,8,8
25286,2022,12,3,3
25286,2023,1,3,3
25286,2023,2,6,6
25286,2023,3,11,11
25286,2023,4,10,10
25286,2023,5,20,20
25286,2023,6,9,9
25286,2023,7,12,12
25286,2023,8,9,9
25286,2023,9,9,9
25286,2023,10,7,7
25286,2023,11,11,11
25286,2023,12,8,8
25286,2024,1,7,7
25286,2024,2,3,3
25286,2024,3,5,5
25286,2024,4,2,2
25286,2024,5,3,3
25286,2024,6,7,7
25286,2024,7,11,11
25286,2024,8,5,5
25286,2024,9,5,5
25286,2024,10,11,11
25286,2024,11,12,12
25286,2024,12,3,3
25288,2021,3,1,1
25288,2021,7,1,1
25288,2021,8,1,1
25288,2021,9,1,1
25288,2022,4,1,1
25288,2022,7,1,1
25288,2023,2,2,2
25288,2024,5,1,1
25288,2024,10,1,1
25290,2021,1,2,2
25290,2021,2,8,8
25290,2021,3,15,15
25290,2021,4,5,5
25290,2021,5,3,3
25290,2021,6,5,5
25290,2021,7,3,3
25290,2021,8,10,10
25290,2021,9,10,10
25290,2021,10,12,12
25290,2021,11,5,5
25290,2021,12,6,6
25290,2022,1,3,3
25290,2022,2,14,14
25290,2022,3,5,5
25290,2022,4,13,13
25290,2022,5,13,13
25290,2022,6,13,13
25290,2022,7,12,12
25290,2022,8,11,11
25290,2022,9,23,23
25290,2022,10,14,14
25290,2022,11,6,6
25290,2022,12,7,7
25290,2023,1,10,10
25290,2023,2,10,10
25290,2023,3,13,13
25290,2023,4,11,11
25290,2023,5,15,15
25290,2023,6,13,13
25290,2023,7,4,4
25290,2023,8,11,11
25290,2023,9,21,21
25290,2023,10,15,15
25290,2023,11,14,14
25290,2023,12,9,9
25290,2024,1,9,9
25290,2024,2,16,16
25290,2024,3,12,12
25290,2024,4,17,17
25290,2024,5,11,11
25290,2024,6,6,6
25290,2024,7,8,8
25290,2024,8,18,18
25290,2024,9,8,8
25290,2024,10,11,11
25290,2024,11,5,5
25290,2024,12,6,6
25293,2023,6,1,1
25295,2021,1,1,1
25295,2021,3,1,1
25295,2021,5,1,1
25295,2021,7,1,1
25295,2021,9,2,2
25295,2022,1,2,2
25295,2022,2,3,3
25295,2022,3,3,3
25295,2022,4,1,1
25295,2022,5,1,1
25295,2022,6,1,1
25295,2022,8,2,2
25295,2022,11,3,3
25295,2022,12,1,1
25295,2023,2,3,3
25295,2023,3,2,2
25295,2023,4,1,1
25295,2023,5,2,2
25295,2023,6,1,1
25295,2023,7,1,1
25295,2023,9,2,2
25295,2023,10,1,1
25295,2023,11,2,2
25295,2024,1,1,1
25295,2024,5,2,2
25295,2024,8,1,1
25295,2024,9,1,1
25295,2024,10,2,2
25295,2024,11,1,1
25297,2021,10,1,1
25297,2022,9,1,1
25297,2022,10,2,2
25297,2023,4,1,1
25297,2023,7,1,1
25297,2023,10,1,1
25297,2023,11,2,2
25297,2024,3,2,2
25297,2024,4,1,1
25299,2022,6,1,1
25299,2023,6,1,1
25299,2023,11,1,1
25307,2021,1,5,5
25307,2021,2,7,7
25307,2021,3,8,8
25307,2021,4,7,7
25307,2021,5,7,7
25307,2021,6,2,2
25307,2021,7,2,2
25307,2021,8,12,12
25307,2021,9,8,8
25307,2021,10,6,6
25307,2021,11,8,8
25307,2021,12,5,5
25307,2022,1,4,4
25307,2022,2,4,4
25307,2022,3,13,13
25307,2022,4,8,8
25307,2022,5,8,8
25307,2022,6,4,4
25307,2022,7,8,8
25307,2022,8,7,7
25307,2022,9,5,5
25307,2022,10,10,10
25307,2022,11,9,9
25307,2022,12,6,6
25307,2023,1,6,6
25307,2023,2,6,6
25307,2023,3,9,9
25307,2023,4,3,3
25307,2023,5,5,5
25307,2023,6,7,7
25307,2023,7,5,5
25307,2023,8,5,5
25307,2023,9,3,3
25307,2023,10,15,15
25307,2023,11,5,5
25307,2023,12,5,5
25307,2024,1,7,7
25307,2024,2,8,8
25307,2024,3,7,7
25307,2024,4,6,6
25307,2024,5,9,9
25307,2024,6,7,7
25307,2024,7,5,5
25307,2024,8,15,15
25307,2024,9,8,8
25307,2024,10,10,10
25307,2024,11,7,7
25307,2024,12,12,12
25312,2021,2,1,1
25312,2021,6,1,1
25312,2021,7,1,1
25312,2022,4,1,1
25312,2022,6,1,1
25312,2022,8,1,1
25312,2022,10,2,2
25312,2023,4,1,1
25312,2023,5,1,1
25312,2023,9,1,1
25312,2024,7,1,1
25312,2024,12,1,1
25317,2021,3,2,2
25317,2021,4,1,1
25317,2021,5,1,1
25317,2021,7,3,3
25317,2021,8,2,2
25317,2021,9,2,2
25317,2021,12,1,1
25317,2022,6,1,1
25317,2022,8,1,1
25317,2022,10,1,1
25317,2022,12,1,1
25317,2023,1,1,1
25317,2023,2,1,1
25317,2023,4,1,1
25317,2023,7,1,1
25317,2023,10,1,1
25317,2024,10,1,1
25317,2024,12,2,2
25320,2021,1,1,1
25320,2021,2,3,3
25320,2021,3,6,6
25320,2021,4,3,3
25320,2021,5,1,1
25320,2021,6,5,5
25320,2021,7,4,4
25320,2021,8,1,1
25320,2021,9,4,4
25320,2021,10,2,2
25320,2021,11,2,2
25320,2022,1,5,5
25320,2022,2,3,3
25320,2022,3,1,1
25320,2022,4,4,4
25320,2022,5,7,7
25320,2022,6,3,3
25320,2022,7,2,2
25320,2022,8,4,4
25320,2022,9,3,3
25320,2022,10,3,3
25320,2022,11,2,2
25320,2022,12,5,5
25320,2023,1,4,4
25320,2023,2,2,2
25320,2023,3,2,2
25320,2023,4,3,3
25320,2023,5,2,2
25320,2023,6,4,4
25320,2023,7,3,3
25320,2023,8,1,1
25320,2023,9,3,3
25320,2023,10,5,5
25320,2023,12,2,2
25320,2024,1,3,3
25320,2024,2,3,3
25320,2024,3,3,3
25320,2024,4,4,4
25320,2024,5,6,6
25320,2024,6,5,5
25320,2024,7,5,5
25320,2024,8,2,2
25320,2024,9,11,11
25320,2024,10,2,2
25320,2024,11,5,5
25320,2024,12,4,4
25322,2021,1,1,1
25322,2021,5,1,1
25322,2021,6,2,2
25322,2021,9,1,1
25322,2021,10,2,2
25322,2021,11,1,1
25322,2021,12,2,2
25322,2022,3,4,4
25322,2022,5,1,1
25322,2022,7,1,1
25322,2022,10,1,1
25322,2022,11,1,1
25322,2022,12,2,2
25322,2023,2,1,1
25322,2023,3,1,1
25322,2023,4,1,1
25322,2023,5,1,1
25322,2023,6,1,1
25322,2023,7,2,2
25322,2023,9,2,2
25322,2023,11,1,1
25322,2024,1,2,2
25322,2024,2,1,1
25322,2024,3,1,1
25322,2024,4,2,2
25322,2024,5,4,4
25322,2024,6,1,1
25322,2024,11,1,1
25322,2024,12,2,2
25324,2022,7,1,1
25324,2023,11,1,1
25324,2024,11,1,1
25326,2021,4,1,1
25326,2021,12,1,1
25326,2023,2,1,1
25326,2023,3,1,1
25326,2023,6,1,1
25326,2023,7,1,1
25326,2023,9,1,1
25326,2024,3,1,1
25326,2024,9,2,2
25326,2024,10,1,1
25328,2022,2,1,1
25328,2024,1,1,1
25328,2024,4,1,1
25335,2021,1,1,1
25335,2021,4,2,2
25335,2021,5,1,1
25335,2021,6,2,2
25335,2021,8,1,1
25335,2021,9,4,4
25335,2021,10,1,1
25335,2021,12,1,1
25335,2022,3,3,3
25335,2022,5,1,1
25335,2022,7,3,3
25335,2022,8,1,1
25335,2022,10,2,2
25335,2022,11,1,1
25335,2023,1,2,2
25335,2023,2,1,1
25335,2023,3,1,1
25335,2024,3,1,1
25335,2024,6,4,4
25335,2024,9,2,2
25335,2024,11,1,1
25339,2021,5,1,1
25339,2021,7,1,1
25339,2021,9,1,1
25339,2021,10,1,1
25339,2021,12,1,1
25339,2022,2,1,1
25339,2022,4,1,1
25339,2022,9,1,1
25339,2022,10,1,1
25339,2022,11,1,1
25339,2023,4,1,1
25339,2023,6,1,1
25339,2023,8,1,1
25339,2024,11,1,1
25339,2024,12,1,1
25368,2021,1,1,1
25368,2022,6,1,1
25368,2022,9,1,1
25368,2024,7,1,1
25372,2021,4,1,1
25372,2021,10,1,1
25372,2022,7,1,1
25372,2022,10,1,1
25372,2022,11,1,1
25372,2023,8,1,1
25372,2023,10,2,2
25372,2024,6,1,1
25377,2021,5,1,1
25377,2021,6,1,1
25377,2021,8,1,1
25377,2021,9,1,1
25377,2021,10,1,1
25377,2021,11,1,1
25377,2022,1,1,1
25377,2022,2,1,1
25377,2022,3,4,4
25377,2022,7,2,2
25377,2022,8,4,4
25377,2022,9,1,1
25377,2022,11,1,1
25377,2022,12,1,1
25377,2023,1,2,2
25377,2023,2,1,1
25377,2023,4,1,1
25377,2023,5,2,2
25377,2023,6,1,1
25377,2023,7,2,2
25377,2023,8,3,3
25377,2023,9,2,2
25377,2023,11,1,1
25377,2023,12,5,5
25377,2024,1,3,3
25377,2024,2,2,2
25377,2024,3,1,1
25377,2024,4,2,2
25377,2024,5,2,2
25377,2024,6,2,2
25377,2024,7,3,3
25377,2024,9,3,3
25377,2024,10,2,2
25377,2024,11,1,1
25386,2021,2,2,2
25386,2021,3,2,2
25386,2021,5,1,1
25386,2021,6,2,2
25386,2021,7,1,1
25386,2021,9,1,1
25386,2021,12,1,1
25386,2022,2,1,1
25386,2022,4,1,1
25386,2022,5,1,1
25386,2022,6,1,1
25386,2022,7,2,2
25386,2022,9,2,2
25386,2022,11,1,1
25386,2022,12,2,2
25386,2023,1,1,1
25386,2023,2,2,2
25386,2023,3,1,1
25386,2023,5,1,1
25386,2023,6,1,1
25386,2023,7,2,2
25386,2023,8,2,2
25386,2023,9,1,1
25386,2023,10,2,2
25386,2023,11,1,1
25386,2023,12,3,3
25386,2024,1,1,1
25386,2024,2,1,1
25386,2024,3,1,1
25386,2024,4,4,4
25386,2024,5,2,2
25386,2024,6,2,2
25386,2024,7,2,2
25386,2024,8,5,5
25386,2024,9,2,2
25386,2024,10,1,1
25386,2024,11,2,2
25386,2024,12,1,1
25394,2021,2,1,1
25394,2021,11,1,1
25394,2022,4,1,1
25394,2022,5,2,2
25394,2022,10,2,2
25394,2022,12,1,1
25394,2023,6,2,2
25394,2023,11,1,1
25394,2024,8,1,1
25394,2024,9,2,2
25394,2024,10,1,1
25394,2024,12,1,1
25398,2021,2,1,1
25398,2021,5,1,1
25398,2021,6,1,1
25398,2021,7,1,1
25398,2022,8,1,1
25398,2023,4,2,2
25398,2023,5,3,3
25398,2023,7,1,1
25398,2024,4,1,1
25398,2024,6,1,1
25398,2024,8,1,1
25402,2021,2,1,1
25402,2021,5,1,1
25402,2021,6,1,1
25402,2021,7,1,1
25402,2021,9,3,3
25402,2021,10,1,1
25402,2021,11,1,1
25402,2021,12,2,2
25402,2022,2,1,1
25402,2022,3,1,1
25402,2022,4,2,2
25402,2022,5,1,1
25402,2022,6,1,1
25402,2022,8,4,4
25402,2022,9,1,1
25402,2022,10,1,1
25402,2022,11,1,1
25402,2022,12,1,1
25402,2023,1,3,3
25402,2023,3,2,2
25402,2023,4,3,3
25402,2023,5,2,2
25402,2023,7,1,1
25402,2023,8,1,1
25402,2023,9,5,5
25402,2023,12,1,1
25402,2024,3,2,2
25402,2024,5,1,1
25402,2024,6,1,1
25402,2024,8,1,1
25402,2024,9,3,3
25402,2024,10,1,1
25402,2024,12,1,1
25407,2021,3,1,1
25407,2021,10,1,1
25407,2022,3,1,1
25407,2022,6,2,2
25407,2022,8,1,1
25407,2022,10,1,1
25407,2022,12,1,1
25407,2023,3,1,1
25407,2023,8,1,1
25407,2023,9,1,1
25407,2023,10,1,1
25407,2024,6,1,1
25407,2024,9,1,1
25407,2024,11,1,1
25407,2024,12,1,1
25426,2021,3,1,1
25426,2021,10,1,1
25426,2021,12,1,1
25426,2022,3,1,1
25426,2022,8,1,1
25426,2022,11,1,1
25426,2023,3,1,1
25426,2023,4,1,1
25426,2023,9,1,1
25426,2024,9,1,1
25430,2021,1,9,9
25430,2021,2,9,9
25430,2021,3,8,8
25430,2021,4,5,5
25430,2021,5,8,8
25430,2021,6,6,6
25430,2021,7,6,6
25430,2021,8,9,9
25430,2021,9,2,2
25430,2021,10,9,9
25430,2021,11,5,5
25430,2021,12,7,7
25430,2022,1,3,3
25430,2022,2,8,8
25430,2022,3,11,11
25430,2022,4,7,7
25430,2022,5,5,5
25430,2022,6,9,9
25430,2022,7,7,7
25430,2022,8,9,9
25430,2022,9,11,11
25430,2022,10,10,10
25430,2022,11,7,7
25430,2023,1,11,11
25430,2023,2,6,6
25430,2023,3,7,7
25430,2023,4,4,4
25430,2023,5,4,4
25430,2023,6,7,7
25430,2023,7,12,12
25430,2023,8,13,13
25430,2023,9,8,8
25430,2023,10,2,2
25430,2023,11,4,4
25430,2023,12,6,6
25430,2024,1,7,7
25430,2024,2,5,5
25430,2024,3,1,1
25430,2024,4,6,6
25430,2024,5,7,7
25430,2024,6,6,6
25430,2024,7,5,5
25430,2024,8,16,16
25430,2024,9,9,9
25430,2024,10,6,6
25430,2024,11,10,10
25430,2024,12,11,11
25436,2021,1,1,1
25436,2021,8,1,1
25436,2022,7,1,1
25436,2022,9,1,1
25436,2022,11,1,1
25436,2024,9,1,1
25438,2021,2,1,1
25438,2021,5,1,1
25438,2021,10,1,1
25438,2021,11,1,1
25438,2022,1,2,2
25438,2022,2,1,1
25438,2022,7,1,1
25438,2022,8,1,1
25438,2022,9,1,1
25438,2023,3,1,1
25438,2023,8,2,2
25438,2023,11,2,2
25438,2024,2,1,1
25438,2024,8,1,1
25473,2021,2,3,3
25473,2021,3,9,9
25473,2021,4,1,1
25473,2021,5,6,6
25473,2021,6,3,3
25473,2021,7,1,1
25473,2021,8,4,4
25473,2021,9,5,5
25473,2021,10,1,1
25473,2021,11,3,3
25473,2021,12,4,4
25473,2022,1,2,2
25473,2022,2,5,5
25473,2022,3,6,6
25473,2022,4,7,7
25473,2022,5,11,11
25473,2022,6,5,5
25473,2022,7,1,1
25473,2022,8,15,15
25473,2022,9,10,10
25473,2022,10,7,7
25473,2022,11,9,9
25473,2022,12,8,8
25473,2023,1,5,5
25473,2023,2,4,4
25473,2023,3,8,8
25473,2023,4,5,5
25473,2023,5,17,17
25473,2023,6,5,5
25473,2023,7,6,6
25473,2023,8,6,6
25473,2023,9,5,5
25473,2023,10,2,2
25473,2023,11,11,11
25473,2023,12,2,2
25473,2024,1,11,11
25473,2024,2,4,4
25473,2024,3,12,12
25473,2024,4,5,5
25473,2024,5,11,11
25473,2024,6,2,2
25473,2024,7,6,6
25473,2024,8,7,7
25473,2024,9,4,4
25473,2024,10,13,13
25473,2024,11,9,9
25473,2024,12,2,2
25483,2022,11,1,1
25483,2023,6,1,1
25483,2024,7,1,1
25483,2024,8,1,1
25483,2024,10,1,1
25486,2021,4,1,1
25486,2021,6,1,1
25486,2021,8,1,1
25486,2021,11,1,1
25486,2022,1,1,1
25486,2022,3,2,2
25486,2022,5,2,2
25486,2022,6,2,2
25486,2022,7,1,1
25486,2022,8,2,2
25486,2022,9,1,1
25486,2022,11,1,1
25486,2023,3,1,1
25486,2023,4,1,1
25486,2023,5,1,1
25486,2023,6,3,3
25486,2023,7,1,1
25486,2023,8,1,1
25486,2023,9,1,1
25486,2023,10,1,1
25486,2023,12,2,2
25486,2024,1,2,2
25486,2024,3,1,1
25486,2024,4,1,1
25486,2024,5,2,2
25486,2024,7,3,3
25486,2024,8,4,4
25486,2024,10,4,4
25486,2024,11,1,1
25486,2024,12,1,1
25488,2021,3,1,1
25488,2021,7,1,1
25488,2021,9,1,1
25488,2021,10,2,2
25488,2021,11,1,1
25488,2021,12,1,1
25488,2022,1,2,2
25488,2022,7,1,1
25488,2022,9,3,3
25488,2022,10,1,1
25488,2023,1,1,1
25488,2023,3,1,1
25488,2023,6,1,1
25488,2023,8,1,1
25488,2023,11,1,1
25488,2024,1,1,1
25488,2024,3,1,1
25488,2024,4,2,2
25488,2024,6,2,2
25488,2024,7,4,4
25488,2024,9,1,1
25488,2024,12,1,1
25489,2022,6,1,1
25489,2023,1,1,1
25489,2023,2,1,1
25489,2024,4,1,1
25491,2021,3,1,1
25491,2021,8,2,2
25491,2022,2,2,2
25491,2022,4,1,1
25491,2022,7,1,1
25491,2022,10,1,1
25491,2022,11,1,1
25491,2023,8,1,1
25491,2023,10,1,1
25491,2024,1,1,1
25491,2024,3,1,1
25506,2021,5,1,1
25506,2021,6,1,1
25506,2021,8,1,1
25506,2022,10,1,1
25506,2023,7,1,1
25506,2023,10,1,1
25506,2024,5,2,2
25506,2024,8,1,1
25506,2024,9,1,1
25506,2024,10,1,1
25513,2021,1,1,1
25513,2021,2,5,5
25513,2021,4,2,2
25513,2021,5,3,3
25513,2021,6,2,2
25513,2021,7,1,1
25513,2021,8,3,3
25513,2021,9,2,2
25513,2021,10,4,4
25513,2021,12,5,5
25513,2022,1,2,2
25513,2022,2,3,3
25513,2022,3,6,6
25513,2022,4,1,1
25513,2022,5,4,4
25513,2022,6,4,4
25513,2022,7,3,3
25513,2022,8,1,1
25513,2022,9,6,6
25513,2022,10,1,1
25513,2022,11,4,4
25513,2022,12,6,6
25513,2023,1,2,2
25513,2023,2,3,3
25513,2023,3,3,3
25513,2023,4,3,3
25513,2023,5,4,4
25513,2023,6,5,5
25513,2023,7,3,3
25513,2023,8,5,5
25513,2023,9,3,3
25513,2023,10,1,1
25513,2023,11,5,5
25513,2024,2,3,3
25513,2024,3,7,7
25513,2024,4,10,10
25513,2024,5,6,6
25513,2024,6,2,2
25513,2024,7,3,3
25513,2024,8,3,3
25513,2024,10,4,4
25513,2024,11,3,3
25513,2024,12,2,2
25518,2021,5,1,1
25518,2021,7,1,1
25518,2021,9,1,1
25518,2021,12,1,1
25518,2022,5,1,1
25518,2022,8,1,1
25518,2022,12,2,2
25518,2024,3,1,1
25518,2024,6,1,1
25518,2024,10,1,1
25524,2021,3,1,1
25524,2021,6,1,1
25524,2021,7,1,1
25524,2021,9,2,2
25524,2021,10,1,1
25524,2021,12,1,1
25524,2022,8,1,1
25524,2022,9,1,1
25524,2023,2,1,1
25524,2023,8,1,1
25524,2023,10,1,1
25524,2024,3,1,1
25530,2021,1,2,2
25530,2021,9,2,2
25530,2021,12,2,2
25530,2022,4,1,1
25530,2022,7,1,1
25530,2022,8,1,1
25530,2022,10,1,1
25530,2022,11,2,2
25530,2023,1,1,1
25530,2023,3,1,1
25530,2023,5,2,2
25530,2023,12,1,1
25530,2024,3,2,2
25530,2024,12,1,1
25535,2021,6,1,1
25535,2021,8,1,1
25535,2021,9,2,2
25535,2021,10,1,1
25535,2021,11,2,2
25535,2021,12,1,1
25535,2022,2,1,1
25535,2022,4,1,1
25535,2022,7,3,3
25535,2022,9,1,1
25535,2023,4,1,1
25535,2023,8,1,1
25535,2023,9,1,1
25535,2024,1,1,1
25535,2024,10,1,1
25535,2024,11,1,1
25572,2021,3,2,2
25572,2021,7,1,1
25572,2021,8,2,2
25572,2021,9,1,1
25572,2021,10,2,2
25572,2021,11,3,3
25572,2022,2,3,3
25572,2022,3,5,5
25572,2022,4,1,1
25572,2022,5,2,2
25572,2022,6,1,1
25572,2022,7,3,3
25572,2022,8,6,6
25572,2022,9,1,1
25572,2022,10,2,2
25572,2022,11,1,1
25572,2023,2,1,1
25572,2023,3,1,1
25572,2023,4,2,2
25572,2023,5,1,1
25572,2023,6,1,1
25572,2023,7,2,2
25572,2023,9,1,1
25572,2023,10,1,1
25572,2023,12,1,1
25572,2024,1,2,2
25572,2024,3,1,1
25572,2024,6,1,1
25572,2024,7,1,1
25572,2024,11,1,1
25572,2024,12,3,3
25580,2023,10,1,1
25592,2021,11,1,1
25592,2022,5,2,2
25592,2022,6,1,1
25592,2022,10,2,2
25592,2022,12,1,1
25592,2024,6,1,1
25594,2021,1,2,2
25594,2021,6,1,1
25594,2021,10,1,1
25594,2021,11,3,3
25594,2022,3,2,2
25594,2022,4,1,1
25594,2022,5,1,1
25594,2022,6,2,2
25594,2022,7,2,2
25594,2022,8,2,2
25594,2022,9,1,1
25594,2022,10,1,1
25594,2022,11,1,1
25594,2022,12,1,1
25594,2023,8,1,1
25594,2023,9,1,1
25594,2023,10,1,1
25594,2024,1,3,3
25594,2024,4,1,1
25594,2024,9,1,1
25596,2021,3,1,1
25596,2023,6,1,1
25596,2023,10,1,1
25596,2023,11,1,1
25596,2024,7,1,1
25599,2021,2,1,1
25599,2021,3,1,1
25599,2021,6,1,1
25599,2021,8,1,1
25599,2021,9,1,1
25599,2021,10,1,1
25599,2022,6,2,2
25599,2022,8,1,1
25599,2022,10,2,2
25599,2022,12,1,1
25599,2024,4,1,1
25599,2024,6,1,1
25599,2024,8,1,1
25599,2024,10,1,1
25612,2021,3,3,3
25612,2021,4,2,2
25612,2021,11,1,1
25612,2022,2,1,1
25612,2022,4,1,1
25612,2022,8,1,1
25612,2022,9,1,1
25612,2022,11,2,2
25612,2022,12,1,1
25612,2023,1,1,1
25612,2023,5,1,1
25612,2023,6,1,1
25612,2023,7,1,1
25612,2023,9,2,2
25612,2023,10,1,1
25612,2023,11,1,1
25612,2023,12,1,1
25612,2024,2,2,2
25612,2024,4,1,1
25612,2024,5,1,1
25612,2024,6,1,1
25612,2024,9,2,2
25612,2024,10,2,2
25645,2021,1,1,1
25645,2021,5,1,1
25645,2021,8,1,1
25645,2022,7,1,1
25645,2022,9,3,3
25645,2022,10,2,2
25645,2022,11,3,3
25645,2022,12,2,2
25645,2023,2,1,1
25645,2023,3,1,1
25645,2023,10,1,1
25645,2023,12,2,2
25645,2024,2,1,1
25645,2024,4,2,2
25645,2024,5,1,1
25645,2024,6,1,1
25645,2024,7,1,1
25645,2024,8,1,1
25645,2024,10,1,1
25645,2024,12,1,1
25649,2021,3,1,1
25649,2021,5,1,1
25649,2021,7,1,1
25649,2021,10,1,1
25649,2021,11,1,1
25649,2022,4,1,1
25649,2022,9,1,1
25649,2022,10,2,2
25649,2022,11,1,1
25649,2022,12,1,1
25649,2023,6,1,1
25649,2023,7,1,1
25649,2023,9,1,1
25649,2023,10,2,2
25649,2023,11,1,1
25649,2024,1,1,1
25649,2024,2,1,1
25649,2024,4,1,1
25649,2024,5,1,1
25653,2021,1,1,1
25653,2021,3,1,1
25653,2021,10,1,1
25653,2022,6,1,1
25653,2023,5,1,1
25653,2023,11,2,2
25653,2024,9,1,1
25653,2024,11,1,1
25658,2021,4,3,3
25658,2021,6,1,1
25658,2021,7,1,1
25658,2021,8,1,1
25658,2021,10,2,2
25658,2021,11,1,1
25658,2021,12,2,2
25658,2022,2,1,1
25658,2022,5,1,1
25658,2022,8,5,5
25658,2022,9,2,2
25658,2022,11,1,1
25658,2022,12,1,1
25658,2023,3,1,1
25658,2023,4,1,1
25658,2023,6,1,1
25658,2023,7,1,1
25658,2023,10,2,2
25658,2024,2,1,1
25658,2024,3,1,1
25658,2024,4,3,3
25658,2024,5,1,1
25658,2024,7,1,1
25658,2024,8,1,1
25658,2024,9,1,1
25662,2021,2,1,1
25662,2021,3,2,2
25662,2022,3,1,1
25662,2022,4,2,2
25662,2022,9,2,2
25662,2022,10,2,2
25662,2022,11,1,1
25662,2023,2,1,1
25662,2023,5,1,1
25662,2023,8,1,1
25662,2023,9,1,1
25662,2024,7,1,1
25662,2024,9,1,1
25662,2024,11,1,1
25718,2021,1,1,1
25718,2021,4,1,1
25718,2021,7,1,1
25718,2021,8,1,1
25718,2022,1,1,1
25718,2022,3,1,1
25718,2022,5,1,1
25718,2022,9,3,3
25718,2022,10,2,2
25718,2022,11,1,1
25718,2022,12,2,2
25718,2023,3,3,3
25718,2023,4,1,1
25718,2023,6,1,1
25718,2023,7,1,1
25718,2023,9,1,1
25718,2024,2,2,2
25718,2024,3,1,1
25718,2024,7,2,2
25718,2024,9,2,2
25718,2024,10,1,1
25718,2024,11,1,1
25736,2021,2,2,2
25736,2021,3,1,1
25736,2021,4,2,2
25736,2021,5,1,1
25736,2021,7,1,1
25736,2021,12,2,2
25736,2022,4,1,1
25736,2022,7,2,2
25736,2022,8,1,1
25736,2022,11,1,1
25736,2022,12,1,1
25736,2023,2,1,1
25736,2023,3,1,1
25736,2023,4,1,1
25736,2023,6,1,1
25736,2023,7,1,1
25736,2023,10,1,1
25736,2024,1,1,1
25736,2024,2,1,1
25736,2024,3,2,2
25736,2024,4,1,1
25736,2024,5,1,1
25736,2024,6,1,1
25736,2024,7,1,1
25736,2024,8,1,1
25736,2024,9,1,1
25736,2024,10,2,2
25740,2021,2,2,2
25740,2021,3,3,3
25740,2021,4,6,6
25740,2021,5,2,2
25740,2021,6,1,1
25740,2021,7,1,1
25740,2021,8,2,2
25740,2021,9,3,3
25740,2021,10,5,5
25740,2021,11,3,3
25740,2021,12,2,2
25740,2022,1,3,3
25740,2022,2,2,2
25740,2022,3,2,2
25740,2022,4,1,1
25740,2022,5,6,6
25740,2022,6,2,2
25740,2022,7,1,1
25740,2022,8,5,5
25740,2022,9,4,4
25740,2022,10,6,6
25740,2022,11,5,5
25740,2022,12,3,3
25740,2023,1,2,2
25740,2023,2,1,1
25740,2023,3,2,2
25740,2023,4,2,2
25740,2023,5,4,4
25740,2023,6,3,3
25740,2023,7,3,3
25740,2023,8,2,2
25740,2023,9,1,1
25740,2023,10,4,4
25740,2023,11,1,1
25740,2023,12,2,2
25740,2024,1,4,4
25740,2024,3,4,4
25740,2024,5,1,1
25740,2024,7,1,1
25740,2024,9,3,3
25740,2024,10,2,2
25740,2024,11,2,2
25740,2024,12,4,4
25743,2021,1,1,1
25743,2021,2,1,1
25743,2021,3,1,1
25743,2021,4,2,2
25743,2021,8,2,2
25743,2021,10,3,3
25743,2021,11,1,1
25743,2021,12,1,1
25743,2022,1,2,2
25743,2022,2,3,3
25743,2022,3,1,1
25743,2022,5,1,1
25743,2022,6,3,3
25743,2022,7,1,1
25743,2022,8,3,3
25743,2022,9,1,1
25743,2022,11,1,1
25743,2022,12,2,2
25743,2023,2,1,1
25743,2023,3,4,4
25743,2023,4,1,1
25743,2023,6,1,1
25743,2023,7,1,1
25743,2023,9,5,5
25743,2023,10,2,2
25743,2023,11,1,1
25743,2023,12,2,2
25743,2024,2,4,4
25743,2024,3,3,3
25743,2024,6,2,2
25743,2024,7,1,1
25743,2024,8,2,2
25743,2024,9,1,1
25743,2024,10,3,3
25743,2024,12,2,2
25745,2021,2,1,1
25745,2021,8,1,1
25745,2021,9,1,1
25745,2021,10,1,1
25745,2021,11,2,2
25745,2021,12,1,1
25745,2022,1,1,1
25745,2022,3,2,2
25745,2022,4,2,2
25745,2022,5,1,1
25745,2022,7,1,1
25745,2022,9,1,1
25745,2022,10,2,2
25745,2022,12,3,3
25745,2023,2,1,1
25745,2023,8,3,3
25745,2023,11,1,1
25745,2024,2,2,2
25745,2024,7,1,1
25745,2024,9,1,1
25745,2024,11,3,3
25754,2021,1,13,13
25754,2021,2,22,22
25754,2021,3,28,28
25754,2021,4,25,25
25754,2021,5,16,16
25754,2021,6,25,25
25754,2021,7,24,24
25754,2021,8,31,31
25754,2021,9,31,31
25754,2021,10,27,27
25754,2021,11,22,22
25754,2021,12,30,30
25754,2022,1,26,26
25754,2022,2,42,42
25754,2022,3,54,54
25754,2022,4,35,35
25754,2022,5,44,44
25754,2022,6,41,41
25754,2022,7,54,54
25754,2022,8,57,57
25754,2022,9,64,64
25754,2022,10,76,76
25754,2022,11,78,78
25754,2022,12,46,46
25754,2023,1,47,47
25754,2023,2,55,55
25754,2023,3,77,77
25754,2023,4,86,86
25754,2023,5,90,90
25754,2023,6,71,71
25754,2023,7,66,66
25754,2023,8,70,70
25754,2023,9,72,72
25754,2023,10,65,65
25754,2023,11,40,40
25754,2023,12,37,37
25754,2024,1,46,46
25754,2024,2,72,72
25754,2024,3,63,63
25754,2024,4,49,49
25754,2024,5,68,68
25754,2024,6,43,43
25754,2024,7,58,58
25754,2024,8,68,68
25754,2024,9,49,49
25754,2024,10,56,56
25754,2024,11,51,51
25754,2024,12,44,44
25758,2021,1,1,1
25758,2021,3,1,1
25758,2021,8,1,1
25758,2021,10,3,3
25758,2021,11,2,2
25758,2021,12,2,2
25758,2022,1,2,2
25758,2022,2,1,1
25758,2022,3,2,2
25758,2022,4,1,1
25758,2022,5,1,1
25758,2022,7,2,2
25758,2022,8,1,1
25758,2022,10,2,2
25758,2022,11,4,4
25758,2022,12,2,2
25758,2023,1,1,1
25758,2023,2,1,1
25758,2023,3,4,4
25758,2023,4,1,1
25758,2023,5,1,1
25758,2023,6,2,2
25758,2023,7,2,2
25758,2023,8,5,5
25758,2023,10,3,3
25758,2023,11,4,4
25758,2023,12,6,6
25758,2024,1,1,1
25758,2024,2,3,3
25758,2024,3,2,2
25758,2024,4,1,1
25758,2024,5,4,4
25758,2024,6,4,4
25758,2024,7,1,1
25758,2024,8,1,1
25758,2024,9,3,3
25758,2024,10,2,2
25758,2024,11,1,1
25769,2021,2,1,1
25769,2021,3,1,1
25769,2021,7,1,1
25769,2021,12,1,1
25769,2022,3,1,1
25769,2022,4,1,1
25769,2022,6,1,1
25769,2022,8,2,2
25769,2022,9,2,2
25769,2022,10,7,7
25769,2022,12,1,1
25769,2023,1,1,1
25769,2023,2,3,3
25769,2023,3,7,7
25769,2023,4,4,4
25769,2023,5,3,3
25769,2023,6,1,1
25769,2023,7,1,1
25769,2023,10,1,1
25769,2023,11,1,1
25769,2024,2,2,2
25769,2024,5,2,2
25769,2024,6,1,1
25769,2024,8,4,4
25772,2021,1,1,1
25772,2021,2,1,1
25772,2022,4,1,1
25772,2022,5,2,2
25772,2022,9,1,1
25772,2022,10,1,1
25772,2022,11,1,1
25772,2022,12,1,1
25772,2023,3,1,1
25772,2023,5,1,1
25772,2023,6,1,1
25772,2023,8,1,1
25772,2023,10,2,2
25772,2023,11,1,1
25772,2023,12,2,2
25772,2024,4,1,1
25772,2024,6,1,1
25772,2024,9,1,1
25772,2024,11,2,2
25772,2024,12,1,1
25777,2021,3,1,1
25777,2021,4,1,1
25777,2021,5,1,1
25777,2021,6,1,1
25777,2021,9,1,1
25777,2021,10,1,1
25777,2022,3,1,1
25777,2022,4,1,1
25777,2022,6,1,1
25777,2023,1,1,1
25777,2023,3,2,2
25777,2023,5,1,1
25777,2023,7,1,1
25777,2023,8,1,1
25777,2023,9,1,1
25777,2023,10,1,1
25777,2023,11,1,1
25777,2024,2,1,1
25777,2024,4,3,3
25777,2024,5,1,1
25777,2024,7,1,1
25779,2021,2,2,2
25779,2021,4,1,1
25779,2021,7,1,1
25779,2021,11,2,2
25779,2022,9,1,1
25779,2022,11,2,2
25779,2023,1,1,1
25779,2023,2,1,1
25779,2023,5,1,1
25779,2023,9,1,1
25779,2023,10,1,1
25779,2024,7,1,1
25781,2021,9,2,2
25781,2021,11,1,1
25781,2022,5,1,1
25781,2022,7,1,1
25781,2023,2,1,1
25781,2023,3,1,1
25781,2024,7,1,1
25781,2024,8,1,1
25781,2024,12,1,1
25785,2021,2,2,2
25785,2021,4,2,2
25785,2021,5,2,2
25785,2021,6,1,1
25785,2021,7,1,1
25785,2021,10,2,2
25785,2021,11,1,1
25785,2022,2,1,1
25785,2022,3,1,1
25785,2022,5,1,1
25785,2022,8,1,1
25785,2022,9,1,1
25785,2022,10,2,2
25785,2023,1,1,1
25785,2023,2,1,1
25785,2023,3,2,2
25785,2023,4,1,1
25785,2023,6,1,1
25785,2023,7,5,5
25785,2023,8,1,1
25785,2023,9,2,2
25785,2024,2,1,1
25785,2024,3,2,2
25785,2024,4,1,1
25785,2024,5,4,4
25785,2024,6,1,1
25785,2024,7,1,1
25785,2024,9,1,1
25785,2024,10,2,2
25785,2024,11,2,2
25785,2024,12,1,1
25793,2021,8,1,1
25793,2021,9,1,1
25793,2022,2,1,1
25793,2024,1,1,1
25793,2024,2,1,1
25793,2024,6,1,1
25793,2024,7,1,1
25793,2024,11,2,2
25797,2021,3,1,1
25797,2021,4,1,1
25797,2021,10,1,1
25797,2021,11,1,1
25797,2022,3,2,2
25797,2022,5,1,1
25797,2022,6,2,2
25797,2022,7,1,1
25797,2022,11,1,1
25797,2022,12,1,1
25797,2023,2,2,2
25797,2023,3,1,1
25797,2023,4,1,1
25797,2023,5,1,1
25797,2023,6,1,1
25797,2023,7,1,1
25797,2023,10,1,1
25797,2024,1,2,2
25797,2024,3,1,1
25797,2024,6,2,2
25797,2024,7,1,1
25797,2024,9,1,1
25797,2024,11,1,1
25797,2024,12,1,1
25799,2021,3,1,1
25799,2021,5,2,2
25799,2021,6,1,1
25799,2021,7,1,1
25799,2021,8,2,2
25799,2021,10,1,1
25799,2021,11,3,3
25799,2021,12,3,3
25799,2022,1,2,2
25799,2022,3,1,1
25799,2022,5,3,3
25799,2022,8,1,1
25799,2022,11,1,1
25799,2022,12,3,3
25799,2023,2,2,2
25799,2023,4,1,1
25799,2023,6,2,2
25799,2023,7,1,1
25799,2023,8,2,2
25799,2023,9,2,2
25799,2023,10,4,4
25799,2023,11,1,1
25799,2024,1,3,3
25799,2024,3,2,2
25799,2024,4,1,1
25799,2024,5,2,2
25799,2024,6,3,3
25799,2024,8,1,1
25799,2024,9,4,4
25799,2024,10,2,2
25799,2024,11,2,2
25799,2024,12,2,2
25805,2021,4,1,1
25805,2022,1,2,2
25805,2022,4,1,1
25805,2022,6,1,1
25805,2022,7,2,2
25805,2022,8,1,1
25805,2023,1,1,1
25805,2023,4,1,1
25805,2023,10,1,1
25807,2021,9,1,1
25807,2024,10,1,1
25815,2021,2,1,1
25815,2021,3,2,2
25815,2021,6,2,2
25815,2021,7,1,1
25815,2021,10,1,1
25815,2022,1,1,1
25815,2022,2,1,1
25815,2022,6,1,1
25815,2022,7,2,2
25815,2022,8,2,2
25815,2022,9,2,2
25815,2022,11,5,5
25815,2022,12,1,1
25815,2023,2,4,4
25815,2023,3,1,1
25815,2023,5,2,2
25815,2023,7,1,1
25815,2023,8,3,3
25815,2023,9,2,2
25815,2023,10,1,1
25815,2023,11,3,3
25815,2024,1,1,1
25815,2024,2,2,2
25815,2024,3,3,3
25815,2024,4,5,5
25815,2024,5,5,5
25815,2024,6,2,2
25815,2024,7,1,1
25815,2024,8,8,8
25815,2024,9,2,2
25815,2024,10,2,2
25815,2024,11,8,8
25815,2024,12,1,1
25817,2021,1,1,1
25817,2021,2,4,4
25817,2021,3,4,4
25817,2021,4,5,5
25817,2021,5,1,1
25817,2021,6,2,2
25817,2021,7,2,2
25817,2021,8,7,7
25817,2021,9,5,5
25817,2021,10,1,1
25817,2021,11,4,4
25817,2021,12,3,3
25817,2022,2,4,4
25817,2022,3,1,1
25817,2022,4,3,3
25817,2022,5,5,5
25817,2022,6,4,4
25817,2022,7,4,4
25817,2022,8,3,3
25817,2022,9,7,7
25817,2022,10,5,5
25817,2022,11,10,10
25817,2022,12,5,5
25817,2023,1,3,3
25817,2023,2,4,4
25817,2023,3,5,5
25817,2023,4,11,11
25817,2023,5,7,7
25817,2023,6,7,7
25817,2023,7,10,10
25817,2023,8,3,3
25817,2023,9,9,9
25817,2023,10,5,5
25817,2023,11,3,3
25817,2023,12,2,2
25817,2024,1,4,4
25817,2024,2,2,2
25817,2024,3,3,3
25817,2024,5,4,4
25817,2024,6,3,3
25817,2024,7,5,5
25817,2024,8,5,5
25817,2024,9,6,6
25817,2024,10,5,5
25817,2024,11,4,4
25817,2024,12,5,5
25823,2021,7,1,1
25823,2021,8,2,2
25823,2021,10,2,2
25823,2021,12,1,1
25823,2022,1,1,1
25823,2022,5,2,2
25823,2022,6,1,1
25823,2022,8,1,1
25823,2022,9,2,2
25823,2023,5,1,1
25823,2023,9,1,1
25823,2023,12,1,1
25823,2024,1,1,1
25823,2024,8,1,1
25823,2024,10,1,1
25839,2021,3,1,1
25839,2022,6,1,1
25839,2022,8,1,1
25839,2022,11,1,1
25839,2023,2,1,1
25839,2023,7,1,1
25839,2023,9,1,1
25839,2024,6,1,1
25841,2021,7,1,1
25841,2022,1,1,1
25841,2022,3,1,1
25841,2022,6,1,1
25841,2022,7,1,1
25841,2022,9,1,1
25841,2022,12,1,1
25841,2023,2,4,4
25841,2023,5,1,1
25841,2023,7,2,2
25841,2023,9,1,1
25841,2023,10,2,2
25841,2024,5,1,1
25843,2021,1,2,2
25843,2021,2,1,1
25843,2021,3,1,1
25843,2021,4,4,4
25843,2021,5,3,3
25843,2021,6,2,2
25843,2021,7,2,2
25843,2021,9,2,2
25843,2021,10,1,1
25843,2021,11,1,1
25843,2021,12,4,4
25843,2022,1,2,2
25843,2022,2,4,4
25843,2022,3,1,1
25843,2022,4,1,1
25843,2022,5,3,3
25843,2022,7,3,3
25843,2022,8,2,2
25843,2022,9,4,4
25843,2022,10,1,1
25843,2022,11,7,7
25843,2022,12,3,3
25843,2023,1,2,2
25843,2023,2,2,2
25843,2023,3,3,3
25843,2023,4,4,4
25843,2023,5,2,2
25843,2023,6,2,2
25843,2023,7,3,3
25843,2023,8,1,1
25843,2023,9,3,3
25843,2023,10,6,6
25843,2023,11,3,3
25843,2023,12,3,3
25843,2024,1,4,4
25843,2024,2,2,2
25843,2024,3,6,6
25843,2024,4,2,2
25843,2024,5,10,10
25843,2024,7,5,5
25843,2024,8,10,10
25843,2024,9,2,2
25843,2024,10,1,1
25843,2024,11,3,3
25843,2024,12,8,8
25845,2021,4,1,1
25845,2021,6,1,1
25845,2021,10,1,1
25845,2021,11,1,1
25845,2022,3,1,1
25845,2022,5,1,1
25845,2022,6,1,1
25845,2022,8,1,1
25845,2022,9,1,1
25845,2022,12,1,1
25845,2023,1,1,1
25845,2023,3,1,1
25845,2023,5,1,1
25845,2023,9,1,1
25845,2024,2,2,2
25845,2024,7,1,1
25851,2021,7,1,1
25851,2023,4,1,1
25851,2023,6,2,2
25851,2023,9,1,1
25851,2023,10,1,1
25851,2023,11,1,1
25851,2024,3,1,1
25851,2024,8,1,1
25851,2024,9,1,1
25862,2022,3,1,1
25862,2023,3,1,1
25862,2023,12,1,1
25862,2024,4,1,1
25862,2024,9,1,1
25862,2024,11,1,1
25867,2021,7,1,1
25867,2021,11,1,1
25867,2022,7,1,1
25867,2022,12,1,1
25867,2023,4,1,1
25867,2023,11,3,3
25871,2021,3,1,1
25871,2021,8,1,1
25871,2021,11,1,1
25871,2024,9,4,4
25873,2021,2,1,1
25873,2021,5,1,1
25873,2021,7,1,1
25873,2021,9,2,2
25873,2021,11,1,1
25873,2021,12,1,1
25873,2022,2,2,2
25873,2022,3,1,1
25873,2022,4,1,1
25873,2022,5,1,1
25873,2022,7,1,1
25873,2022,8,1,1
25873,2022,9,5,5
25873,2022,10,1,1
25873,2022,11,1,1
25873,2023,1,1,1
25873,2023,8,2,2
25873,2023,9,1,1
25873,2023,10,2,2
25873,2023,11,1,1
25873,2024,2,1,1
25873,2024,3,1,1
25873,2024,4,1,1
25873,2024,8,1,1
25873,2024,10,1,1
25875,2021,1,1,1
25875,2021,7,1,1
25875,2021,8,2,2
25875,2021,10,1,1
25875,2021,11,2,2
25875,2021,12,1,1
25875,2022,1,3,3
25875,2022,2,3,3
25875,2022,3,4,4
25875,2022,4,3,3
25875,2022,5,3,3
25875,2022,6,1,1
25875,2022,7,2,2
25875,2022,8,4,4
25875,2022,9,4,4
25875,2022,10,3,3
25875,2022,11,5,5
25875,2022,12,1,1
25875,2023,1,1,1
25875,2023,3,2,2
25875,2023,4,1,1
25875,2023,7,3,3
25875,2023,8,1,1
25875,2023,9,1,1
25875,2023,11,2,2
25875,2024,2,3,3
25875,2024,4,1,1
25875,2024,5,3,3
25875,2024,7,6,6
25875,2024,8,5,5
25875,2024,9,5,5
25875,2024,10,3,3
25875,2024,11,5,5
25875,2024,12,1,1
25878,2021,5,1,1
25878,2021,6,1,1
25878,2021,7,1,1
25878,2021,9,1,1
25878,2022,7,2,2
25878,2022,9,1,1
25878,2022,10,1,1
25878,2022,11,1,1
25878,2023,3,1,1
25878,2023,5,1,1
25878,2023,7,2,2
25878,2023,9,1,1
25878,2023,10,2,2
25878,2023,11,1,1
25878,2023,12,1,1
25878,2024,1,1,1
25878,2024,2,1,1
25878,2024,4,1,1
25878,2024,5,2,2
25878,2024,6,2,2
25878,2024,7,2,2
25878,2024,11,1,1
25878,2024,12,2,2
25885,2021,4,1,1
25885,2022,1,1,1
25885,2022,2,1,1
25885,2022,3,2,2
25885,2022,9,1,1
25885,2022,10,1,1
25885,2022,11,1,1
25885,2023,7,1,1
25885,2023,9,1,1
25885,2023,10,1,1
25885,2024,2,1,1
25885,2024,5,1,1
25885,2024,7,2,2
25885,2024,8,2,2
25885,2024,9,2,2
25898,2021,7,1,1
25898,2023,3,2,2
25898,2023,10,2,2
25898,2023,11,1,1
25898,2023,12,1,1
25898,2024,2,2,2
25898,2024,6,1,1
25898,2024,8,1,1
25898,2024,12,1,1
25899,2021,1,1,1
25899,2021,2,9,9
25899,2021,3,17,17
25899,2021,4,9,9
25899,2021,5,9,9
25899,2021,6,5,5
25899,2021,7,7,7
25899,2021,8,14,14
25899,2021,9,7,7
25899,2021,10,10,10
25899,2021,11,10,10
25899,2021,12,10,10
25899,2022,1,9,9
25899,2022,2,8,8
25899,2022,3,10,10
25899,2022,4,12,12
25899,2022,5,10,10
25899,2022,6,13,13
25899,2022,7,3,3
25899,2022,8,6,6
25899,2022,9,20,20
25899,2022,10,10,10
25899,2022,11,15,15
25899,2022,12,10,10
25899,2023,1,10,10
25899,2023,2,11,11
25899,2023,3,17,17
25899,2023,4,12,12
25899,2023,5,13,13
25899,2023,6,18,18
25899,2023,7,10,10
25899,2023,8,10,10
25899,2023,9,24,24
25899,2023,10,11,11
25899,2023,11,14,14
25899,2023,12,16,16
25899,2024,1,9,9
25899,2024,2,13,13
25899,2024,3,9,9
25899,2024,4,16,16
25899,2024,5,20,20
25899,2024,6,7,7
25899,2024,7,12,12
25899,2024,8,12,12
25899,2024,9,11,11
25899,2024,10,15,15
25899,2024,11,6,6
25899,2024,12,13,13
27001,2021,1,2,2
27001,2021,2,1,1
27001,2021,3,1,1
27001,2021,4,1,1
27001,2021,5,3,3
27001,2021,6,1,1
27001,2021,7,5,5
27001,2021,8,3,3
27001,2021,10,2,2
27001,2022,1,1,1
27001,2022,2,2,2
27001,2022,4,4,4
27001,2022,5,1,1
27001,2022,6,1,1
27001,2022,7,1,1
27001,2022,9,3,3
27001,2022,10,1,1
27001,2022,11,3,3
27001,2022,12,4,4
27001,2023,1,3,3
27001,2023,2,4,4
27001,2023,3,1,1
27001,2023,4,4,4
27001,2023,5,3,3
27001,2023,7,1,1
27001,2023,8,4,4
27001,2023,9,2,2
27001,2023,10,3,3
27001,2023,11,4,4
27001,2023,12,3,3
27001,2024,1,3,3
27001,2024,2,3,3
27001,2024,3,2,2
27001,2024,4,5,5
27001,2024,5,2,2
27001,2024,6,3,3
27001,2024,7,1,1
27001,2024,8,9,9
27001,2024,9,3,3
27001,2024,10,2,2
27001,2024,11,2,2
27001,2024,12,5,5
27006,2022,10,1,1
27006,2023,10,1,1
27006,2024,7,1,1
27006,2024,9,1,1
27025,2021,12,11,11
27025,2022,1,1,1
27025,2022,7,1,1
27025,2022,12,4,4
27025,2023,1,1,1
27025,2023,4,1,1
27025,2023,6,2,2
27025,2023,7,2,2
27025,2024,1,1,1
27025,2024,3,2,2
27025,2024,8,1,1
27050,2021,3,1,1
27050,2021,9,1,1
27050,2024,8,1,1
27050,2024,9,1,1
27073,2022,2,1,1
27073,2023,3,1,1
27075,2021,1,2,2
27075,2021,6,1,1
27075,2022,5,1,1
27075,2022,8,1,1
27075,2022,10,1,1
27075,2022,11,1,1
27075,2023,3,1,1
27075,2023,4,1,1
27075,2023,5,1,1
27075,2023,9,1,1
27075,2024,1,1,1
27075,2024,2,1,1
27075,2024,3,1,1
27075,2024,6,2,2
27075,2024,7,1,1
27077,2021,9,1,1
27077,2021,11,1,1
27077,2023,8,1,1
27077,2023,10,1,1
27077,2024,10,6,6
27077,2024,11,1,1
27077,2024,12,2,2
27099,2022,1,1,1
27099,2022,2,4,4
27099,2022,5,2,2
27099,2022,6,5,5
27099,2022,7,3,3
27099,2023,3,12,12
27099,2023,4,1,1
27099,2023,6,3,3
27099,2023,7,4,4
27099,2023,8,1,1
27099,2023,10,13,13
27099,2023,11,1,1
27099,2024,1,1,1
27099,2024,2,1,1
27099,2024,3,6,6
27099,2024,4,13,13
27099,2024,10,4,4
27099,2024,11,4,4
27099,2024,12,6,6
27135,2021,7,1,1
27135,2024,1,1,1
27135,2024,2,1,1
27135,2024,7,1,1
27135,2024,10,1,1
27150,2021,11,1,1
27150,2023,11,1,1
27160,2021,10,1,1
27160,2023,1,1,1
27205,2021,7,1,1
27205,2021,8,2,2
27205,2021,9,3,3
27205,2021,10,3,3
27205,2021,12,1,1
27205,2022,2,2,2
27205,2022,5,1,1
27205,2022,6,1,1
27205,2022,7,1,1
27205,2022,9,3,3
27205,2022,11,1,1
27205,2023,1,1,1
27205,2023,4,1,1
27205,2024,4,1,1
27205,2024,6,1,1
27205,2024,7,1,1
27245,2021,1,1,1
27245,2021,4,1,1
27245,2021,8,1,1
27245,2021,9,1,1
27245,2022,4,1,1
27245,2022,5,1,1
27245,2022,8,1,1
27245,2022,10,1,1
27245,2023,6,1,1
27245,2023,10,1,1
27245,2024,1,1,1
27245,2024,2,1,1
27245,2024,8,2,2
27250,2024,5,1,1
27361,2021,7,1,1
27361,2021,8,1,1
27361,2021,9,1,1
27361,2021,10,2,2
27361,2022,2,1,1
27361,2022,5,1,1
27361,2022,7,1,1
27361,2022,11,2,2
27361,2023,4,1,1
27361,2023,7,1,1
27361,2023,8,2,2
27361,2023,12,3,3
27361,2024,2,2,2
27361,2024,3,2,2
27361,2024,5,2,2
27361,2024,6,3,3
27361,2024,7,5,5
27361,2024,8,2,2
27361,2024,10,2,2
27413,2021,4,1,1
27413,2022,6,1,1
27413,2024,3,1,1
27425,2022,9,2,2
27425,2024,8,1,1
27430,2022,6,1,1
27430,2023,4,1,1
27430,2023,10,1,1
27450,2022,12,1,1
27450,2023,1,1,1
27450,2023,6,1,1
27450,2024,2,1,1
27491,2021,10,1,1
27491,2021,11,1,1
27491,2022,3,1,1
27491,2023,2,1,1
27491,2023,3,1,1
27491,2023,5,1,1
27491,2023,7,1,1
27491,2024,1,1,1
27491,2024,3,2,2
27493,2024,3,1,1
27493,2024,12,1,1
27495,2021,1,1,1
27495,2021,2,1,1
27495,2021,5,1,1
27495,2022,8,1,1
27580,2023,7,1,1
27600,2023,8,1,1
27600,2024,1,1,1
27600,2024,4,1,1
27615,2021,10,1,1
27615,2022,6,1,1
27615,2022,10,1,1
27615,2023,1,1,1
27615,2023,2,1,1
27615,2023,3,1,1
27615,2023,9,1,1
27615,2023,12,1,1
27615,2024,1,4,4
27615,2024,2,1,1
27615,2024,3,3,3
27615,2024,6,1,1
27615,2024,7,2,2
27615,2024,11,2,2
27615,2024,12,1,1
27660,2021,4,2,2
27660,2023,1,1,1
27660,2023,3,1,1
27660,2024,3,1,1
27660,2024,6,1,1
27745,2024,6,2,2
27787,2021,7,1,1
27787,2021,12,1,1
27787,2022,4,1,1
27787,2022,11,1,1
27787,2023,4,1,1
27787,2023,9,1,1
27787,2024,1,2,2
27787,2024,3,1,1
27787,2024,4,1,1
27787,2024,5,1,1
27787,2024,7,1,1
27787,2024,10,1,1
27787,2024,11,1,1
27787,2024,12,1,1
27800,2021,8,1,1
27800,2021,11,1,1
27800,2022,5,1,1
27800,2022,7,1,1
27800,2022,10,1,1
27800,2022,11,1,1
27800,2022,12,1,1
27800,2023,6,1,1
27800,2023,9,1,1
27800,2024,12,1,1
27810,2023,8,1,1
27810,2023,9,1,1
41001,2021,1,14,14
41001,2021,2,19,19
41001,2021,3,21,21
41001,2021,4,16,16
41001,2021,5,23,23
41001,2021,6,15,15
41001,2021,7,13,13
41001,2021,8,25,25
41001,2021,9,15,15
41001,2021,10,22,22
41001,2021,11,26,26
41001,2021,12,14,14
41001,2022,1,12,12
41001,2022,2,24,24
41001,2022,3,24,24
41001,2022,4,24,24
41001,2022,5,25,25
41001,2022,6,31,31
41001,2022,7,25,25
41001,2022,8,21,21
41001,2022,9,29,29
41001,2022,10,35,35
41001,2022,11,36,36
41001,2022,12,25,25
41001,2023,1,27,27
41001,2023,2,29,29
41001,2023,3,36,36
41001,2023,4,29,29
41001,2023,5,37,37
41001,2023,6,46,46
41001,2023,7,39,39
41001,2023,8,43,43
41001,2023,9,41,41
41001,2023,10,29,29
41001,2023,11,18,18
41001,2023,12,16,16
41001,2024,1,22,22
41001,2024,2,19,19
41001,2024,3,27,27
41001,2024,4,22,22
41001,2024,5,14,14
41001,2024,6,20,20
41001,2024,7,24,24
41001,2024,8,22,22
41001,2024,9,28,28
41001,2024,10,24,24
41001,2024,11,12,12
41001,2024,12,12,12
41006,2021,1,3,3
41006,2021,2,2,2
41006,2021,3,2,2
41006,2021,4,1,1
41006,2021,5,3,3
41006,2021,6,3,3
41006,2021,7,2,2
41006,2021,9,3,3
41006,2021,10,3,3
41006,2021,11,2,2
41006,2021,12,2,2
41006,2022,3,4,4
41006,2022,5,1,1
41006,2022,6,3,3
41006,2022,7,4,4
41006,2022,8,1,1
41006,2022,9,1,1
41006,2022,10,2,2
41006,2022,11,3,3
41006,2022,12,3,3
41006,2023,1,3,3
41006,2023,2,4,4
41006,2023,3,5,5
41006,2023,4,1,1
41006,2023,5,3,3
41006,2023,6,2,2
41006,2023,7,2,2
41006,2023,8,4,4
41006,2023,9,2,2
41006,2023,10,2,2
41006,2023,11,2,2
41006,2023,12,2,2
41006,2024,1,2,2
41006,2024,2,2,2
41006,2024,3,3,3
41006,2024,4,1,1
41006,2024,6,2,2
41006,2024,7,2,2
41006,2024,8,1,1
41006,2024,9,2,2
41006,2024,12,2,2
41013,2021,1,2,2
41013,2021,5,1,1
41013,2021,6,1,1
41013,2021,7,1,1
41013,2021,9,2,2
41013,2021,10,1,1
41013,2021,11,1,1
41013,2022,2,1,1
41013,2022,3,1,1
41013,2022,9,3,3
41013,2022,10,1,1
41013,2022,12,1,1
41013,2023,1,1,1
41013,2023,2,3,3
41013,2023,3,3,3
41013,2023,4,2,2
41013,2023,5,1,1
41013,2023,7,2,2
41013,2023,8,1,1
41013,2023,9,1,1
41013,2024,2,2,2
41013,2024,8,2,2
41013,2024,9,2,2
41016,2021,2,1,1
41016,2021,3,1,1
41016,2021,4,1,1
41016,2021,6,2,2
41016,2021,7,2,2
41016,2021,8,2,2
41016,2021,9,1,1
41016,2021,10,1,1
41016,2021,11,1,1
41016,2021,12,1,1
41016,2022,1,2,2
41016,2022,3,2,2
41016,2022,4,2,2
41016,2022,5,1,1
41016,2022,6,1,1
41016,2022,8,3,3
41016,2022,9,2,2
41016,2022,11,1,1
41016,2022,12,2,2
41016,2023,2,1,1
41016,2023,5,1,1
41016,2023,6,1,1
41016,2023,7,3,3
41016,2023,9,3,3
41016,2023,10,2,2
41016,2023,11,4,4
41016,2023,12,3,3
41016,2024,1,1,1
41016,2024,2,1,1
41016,2024,6,3,3
41016,2024,7,1,1
41016,2024,9,1,1
41016,2024,10,1,1
41020,2021,1,1,1
41020,2021,2,1,1
41020,2021,3,1,1
41020,2021,7,1,1
41020,2021,9,3,3
41020,2021,10,2,2
41020,2021,11,3,3
41020,2021,12,1,1
41020,2022,1,1,1
41020,2022,2,2,2
41020,2022,3,1,1
41020,2022,4,2,2
41020,2022,7,1,1
41020,2022,9,1,1
41020,2022,10,2,2
41020,2022,11,2,2
41020,2023,3,3,3
41020,2023,4,2,2
41020,2023,5,2,2
41020,2023,7,1,1
41020,2023,8,1,1
41020,2023,10,3,3
41020,2023,11,4,4
41020,2023,12,2,2
41020,2024,1,1,1
41020,2024,3,2,2
41020,2024,4,2,2
41020,2024,8,1,1
41020,2024,9,2,2
41026,2021,9,1,1
41026,2021,11,1,1
41026,2022,11,1,1
41026,2022,12,1,1
41026,2023,7,1,1
41026,2023,9,1,1
41026,2023,10,1,1
41026,2024,4,1,1
41026,2024,5,1,1
41026,2024,10,2,2
41026,2024,11,1,1
41026,2024,12,1,1
41078,2021,3,1,1
41078,2021,4,1,1
41078,2021,5,1,1
41078,2022,5,1,1
41078,2023,2,1,1
41078,2023,3,3,3
41078,2023,4,1,1
41078,2023,5,3,3
41078,2023,6,1,1
41078,2023,9,1,1
41078,2023,10,1,1
41078,2023,11,1,1
41078,2024,2,1,1
41078,2024,12,1,1
41132,2021,1,1,1
41132,2021,2,1,1
41132,2021,3,1,1
41132,2021,5,4,4
41132,2021,6,1,1
41132,2021,7,1,1
41132,2021,8,1,1
41132,2021,9,2,2
41132,2021,10,2,2
41132,2021,11,1,1
41132,2021,12,2,2
41132,2022,1,1,1
41132,2022,2,2,2
41132,2022,3,1,1
41132,2022,4,1,1
41132,2022,5,1,1
41132,2022,6,2,2
41132,2022,7,1,1
41132,2022,8,1,1
41132,2022,9,1,1
41132,2022,10,1,1
41132,2022,11,4,4
41132,2022,12,1,1
41132,2023,1,2,2
41132,2023,2,2,2
41132,2023,5,2,2
41132,2023,6,2,2
41132,2023,9,4,4
41132,2023,10,1,1
41132,2023,12,2,2
41132,2024,1,2,2
41132,2024,2,2,2
41132,2024,3,1,1
41132,2024,4,2,2
41132,2024,5,4,4
41132,2024,6,4,4
41132,2024,7,1,1
41132,2024,8,4,4
41132,2024,9,4,4
41132,2024,10,4,4
41132,2024,11,2,2
41132,2024,12,2,2
41206,2021,2,1,1
41206,2021,4,1,1
41206,2021,7,1,1
41206,2021,8,1,1
41206,2021,12,1,1
41206,2022,4,3,3
41206,2022,8,3,3
41206,2022,12,1,1
41206,2023,9,2,2
41206,2023,12,2,2
41206,2024,5,1,1
41206,2024,6,1,1
41206,2024,7,1,1
41244,2021,3,1,1
41244,2021,5,1,1
41244,2022,5,2,2
41244,2023,2,1,1
41244,2023,3,1,1
41244,2023,7,1,1
41244,2024,2,1,1
41298,2021,1,2,2
41298,2021,2,4,4
41298,2021,3,6,6
41298,2021,4,1,1
41298,2021,5,4,4
41298,2021,6,9,9
41298,2021,7,7,7
41298,2021,8,7,7
41298,2021,9,7,7
41298,2021,10,4,4
41298,2021,11,5,5
41298,2021,12,2,2
41298,2022,1,4,4
41298,2022,2,7,7
41298,2022,3,5,5
41298,2022,4,8,8
41298,2022,5,6,6
41298,2022,6,7,7
41298,2022,7,3,3
41298,2022,8,5,5
41298,2022,9,2,2
41298,2022,10,11,11
41298,2022,11,5,5
41298,2022,12,4,4
41298,2023,1,4,4
41298,2023,2,10,10
41298,2023,3,3,3
41298,2023,4,1,1
41298,2023,5,6,6
41298,2023,6,3,3
41298,2023,7,8,8
41298,2023,8,3,3
41298,2023,9,2,2
41298,2023,10,4,4
41298,2023,11,3,3
41298,2023,12,1,1
41298,2024,1,3,3
41298,2024,2,1,1
41298,2024,3,11,11
41298,2024,4,11,11
41298,2024,5,7,7
41298,2024,6,5,5
41298,2024,7,7,7
41298,2024,8,9,9
41298,2024,9,3,3
41298,2024,10,5,5
41298,2024,11,3,3
41298,2024,12,4,4
41306,2021,2,1,1
41306,2021,3,1,1
41306,2021,4,1,1
41306,2021,5,2,2
41306,2021,6,2,2
41306,2021,9,1,1
41306,2021,10,1,1
41306,2021,11,1,1
41306,2021,12,1,1
41306,2022,2,2,2
41306,2022,3,2,2
41306,2022,4,1,1
41306,2022,6,2,2
41306,2022,8,1,1
41306,2022,9,3,3
41306,2022,10,1,1
41306,2022,12,2,2
41306,2023,1,2,2
41306,2023,2,8,8
41306,2023,3,3,3
41306,2023,6,1,1
41306,2023,7,2,2
41306,2023,8,2,2
41306,2023,10,1,1
41306,2024,1,1,1
41306,2024,4,1,1
41306,2024,7,2,2
41306,2024,8,2,2
41306,2024,9,3,3
41306,2024,10,5,5
41306,2024,11,2,2
41306,2024,12,1,1
41319,2021,1,2,2
41319,2021,4,2,2
41319,2021,7,1,1
41319,2021,9,1,1
41319,2021,10,1,1
41319,2021,11,1,1
41319,2022,1,1,1
41319,2022,2,1,1
41319,2022,3,1,1
41319,2022,6,2,2
41319,2022,9,1,1
41319,2022,11,2,2
41319,2022,12,2,2
41319,2023,2,3,3
41319,2023,3,3,3
41319,2023,4,1,1
41319,2023,7,3,3
41319,2023,8,1,1
41319,2023,10,2,2
41319,2023,11,3,3
41319,2024,1,1,1
41319,2024,3,1,1
41319,2024,6,1,1
41319,2024,8,2,2
41319,2024,10,2,2
41349,2021,3,2,2
41349,2021,4,2,2
41349,2021,11,2,2
41349,2022,3,1,1
41349,2022,4,1,1
41349,2022,6,1,1
41349,2022,7,2,2
41349,2022,8,2,2
41349,2022,12,1,1
41349,2023,1,1,1
41349,2023,8,1,1
41349,2023,12,1,1
41349,2024,2,1,1
41349,2024,4,1,1
41349,2024,5,1,1
41349,2024,9,1,1
41349,2024,11,1,1
41357,2021,3,1,1
41357,2021,4,1,1
41357,2021,5,1,1
41357,2021,6,2,2
41357,2021,8,3,3
41357,2021,11,1,1
41357,2021,12,1,1
41357,2022,4,1,1
41357,2022,7,1,1
41357,2022,10,1,1
41357,2023,1,2,2
41357,2023,2,1,1
41357,2023,4,1,1
41357,2023,10,1,1
41357,2024,2,1,1
41357,2024,5,1,1
41357,2024,6,1,1
41357,2024,9,2,2
41357,2024,11,2,2
41359,2021,1,2,2
41359,2021,3,2,2
41359,2021,4,3,3
41359,2021,5,1,1
41359,2021,7,3,3
41359,2021,9,2,2
41359,2021,11,2,2
41359,2021,12,2,2
41359,2022,2,4,4
41359,2022,5,1,1
41359,2022,8,2,2
41359,2022,9,3,3
41359,2022,10,2,2
41359,2022,11,1,1
41359,2022,12,3,3
41359,2023,3,3,3
41359,2023,4,2,2
41359,2023,5,3,3
41359,2023,6,3,3
41359,2023,7,2,2
41359,2023,8,1,1
41359,2023,10,1,1
41359,2024,1,1,1
41359,2024,2,1,1
41359,2024,4,1,1
41359,2024,5,1,1
41359,2024,6,4,4
41359,2024,8,2,2
41359,2024,9,2,2
41359,2024,11,2,2
41359,2024,12,2,2
41378,2021,1,1,1
41378,2021,2,1,1
41378,2021,6,3,3
41378,2021,7,1,1
41378,2021,8,1,1
41378,2021,9,1,1
41378,2021,10,3,3
41378,2021,12,1,1
41378,2022,3,1,1
41378,2022,4,1,1
41378,2022,5,1,1
41378,2022,6,2,2
41378,2022,7,1,1
41378,2022,8,1,1
41378,2022,9,1,1
41378,2022,11,1,1
41378,2022,12,1,1
41378,2023,1,1,1
41378,2023,2,2,2
41378,2023,4,1,1
41378,2023,6,1,1
41378,2023,8,3,3
41378,2024,1,1,1
41378,2024,4,1,1
41378,2024,5,3,3
41378,2024,6,2,2
41378,2024,7,4,4
41378,2024,9,2,2
41378,2024,10,1,1
41396,2021,1,6,6
41396,2021,2,3,3
41396,2021,3,5,5
41396,2021,4,3,3
41396,2021,5,5,5
41396,2021,6,3,3
41396,2021,7,3,3
41396,2021,8,4,4
41396,2021,9,4,4
41396,2021,10,5,5
41396,2021,11,5,5
41396,2021,12,7,7
41396,2022,1,4,4
41396,2022,2,6,6
41396,2022,3,2,2
41396,2022,4,4,4
41396,2022,5,4,4
41396,2022,6,5,5
41396,2022,7,4,4
41396,2022,8,7,7
41396,2022,9,5,5
41396,2022,10,7,7
41396,2022,11,14,14
41396,2022,12,4,4
41396,2023,1,4,4
41396,2023,2,7,7
41396,2023,3,5,5
41396,2023,4,5,5
41396,2023,5,3,3
41396,2023,6,6,6
41396,2023,7,3,3
41396,2023,8,3,3
41396,2023,9,6,6
41396,2023,10,4,4
41396,2023,11,6,6
41396,2023,12,3,3
41396,2024,1,3,3
41396,2024,2,3,3
41396,2024,3,5,5
41396,2024,4,2,2
41396,2024,5,3,3
41396,2024,6,3,3
41396,2024,7,5,5
41396,2024,8,4,4
41396,2024,10,4,4
41396,2024,12,3,3
41483,2021,5,1,1
41483,2021,8,1,1
41483,2021,10,1,1
41483,2021,11,1,1
41483,2022,6,1,1
41483,2022,7,1,1
41483,2022,8,1,1
41483,2022,12,1,1
41483,2023,7,1,1
41483,2023,9,1,1
41483,2023,12,1,1
41483,2024,3,1,1
41483,2024,10,1,1
41503,2021,3,1,1
41503,2021,6,1,1
41503,2021,7,1,1
41503,2021,11,1,1
41503,2022,4,1,1
41503,2022,5,1,1
41503,2022,7,1,1
41503,2022,11,1,1
41503,2022,12,2,2
41503,2023,1,1,1
41503,2023,5,1,1
41503,2023,6,3,3
41503,2023,7,1,1
41503,2023,9,1,1
41503,2023,10,1,1
41503,2023,12,1,1
41503,2024,1,1,1
41503,2024,4,1,1
41503,2024,5,1,1
41503,2024,6,1,1
41503,2024,9,1,1
41503,2024,10,1,1
41503,2024,11,2,2
41503,2024,12,1,1
41518,2021,3,1,1
41518,2021,4,1,1
41518,2021,5,1,1
41518,2021,6,1,1
41518,2021,8,1,1
41518,2022,1,2,2
41518,2022,9,1,1
41518,2023,1,2,2
41518,2023,3,1,1
41518,2023,4,1,1
41518,2023,5,3,3
41518,2023,7,1,1
41518,2024,6,1,1
41518,2024,11,1,1
41524,2021,3,2,2
41524,2021,4,1,1
41524,2021,5,2,2
41524,2021,6,3,3
41524,2021,8,2,2
41524,2021,9,2,2
41524,2021,10,4,4
41524,2021,11,1,1
41524,2022,1,1,1
41524,2022,2,3,3
41524,2022,3,1,1
41524,2022,5,1,1
41524,2022,6,2,2
41524,2022,7,4,4
41524,2022,9,2,2
41524,2023,1,5,5
41524,2023,3,1,1
41524,2023,5,2,2
41524,2023,6,4,4
41524,2023,7,3,3
41524,2023,8,2,2
41524,2023,9,1,1
41524,2023,10,1,1
41524,2023,11,2,2
41524,2023,12,1,1
41524,2024,1,1,1
41524,2024,2,2,2
41524,2024,3,2,2
41524,2024,6,2,2
41524,2024,7,1,1
41524,2024,9,2,2
41524,2024,12,1,1
41530,2021,1,2,2
41530,2021,2,1,1
41530,2021,4,2,2
41530,2021,7,1,1
41530,2021,8,1,1
41530,2021,10,1,1
41530,2021,11,1,1
41530,2021,12,2,2
41530,2022,1,2,2
41530,2022,3,1,1
41530,2022,6,1,1
41530,2022,8,1,1
41530,2022,12,2,2
41530,2023,1,2,2
41530,2023,3,1,1
41530,2023,4,3,3
41530,2023,6,2,2
41530,2023,9,1,1
41530,2023,11,1,1
41530,2024,5,1,1
41530,2024,6,1,1
41530,2024,8,1,1
41530,2024,10,1,1
41530,2024,12,1,1
41548,2021,2,1,1
41548,2021,3,6,6
41548,2021,4,2,2
41548,2021,5,1,1
41548,2021,7,2,2
41548,2021,8,2,2
41548,2021,9,3,3
41548,2021,10,1,1
41548,2021,11,4,4
41548,2022,1,1,1
41548,2022,3,3,3
41548,2022,7,1,1
41548,2022,8,1,1
41548,2022,10,1,1
41548,2022,11,1,1
41548,2022,12,1,1
41548,2023,1,2,2
41548,2023,3,1,1
41548,2023,5,1,1
41548,2023,6,2,2
41548,2024,4,1,1
41548,2024,5,1,1
41548,2024,6,1,1
41548,2024,9,2,2
41548,2024,11,1,1
41548,2024,12,1,1
41551,2021,1,8,8
41551,2021,2,8,8
41551,2021,3,12,12
41551,2021,4,11,11
41551,2021,5,4,4
41551,2021,6,9,9
41551,2021,7,4,4
41551,2021,8,7,7
41551,2021,9,6,6
41551,2021,10,6,6
41551,2021,11,10,10
41551,2021,12,11,11
41551,2022,1,9,9
41551,2022,2,6,6
41551,2022,3,15,15
41551,2022,4,11,11
41551,2022,5,3,3
41551,2022,6,11,11
41551,2022,7,7,7
41551,2022,8,18,18
41551,2022,9,13,13
41551,2022,10,12,12
41551,2022,11,10,10
41551,2022,12,9,9
41551,2023,1,10,10
41551,2023,2,10,10
41551,2023,3,13,13
41551,2023,4,15,15
41551,2023,5,7,7
41551,2023,6,9,9
41551,2023,7,11,11
41551,2023,8,5,5
41551,2023,9,3,3
41551,2023,10,9,9
41551,2023,11,7,7
41551,2023,12,9,9
41551,2024,1,13,13
41551,2024,2,10,10
41551,2024,3,11,11
41551,2024,4,10,10
41551,2024,5,11,11
41551,2024,6,2,2
41551,2024,7,11,11
41551,2024,8,9,9
41551,2024,9,10,10
41551,2024,10,11,11
41551,2024,11,9,9
41551,2024,12,13,13
41615,2021,1,2,2
41615,2021,2,2,2
41615,2021,4,2,2
41615,2021,7,5,5
41615,2021,8,3,3
41615,2021,9,2,2
41615,2021,12,3,3
41615,2022,1,1,1
41615,2022,2,3,3
41615,2022,3,3,3
41615,2022,4,5,5
41615,2022,5,3,3
41615,2022,6,2,2
41615,2022,7,6,6
41615,2022,8,4,4
41615,2022,9,5,5
41615,2022,10,1,1
41615,2022,11,1,1
41615,2023,1,1,1
41615,2023,2,1,1
41615,2023,3,1,1
41615,2023,4,1,1
41615,2023,5,3,3
41615,2023,6,3,3
41615,2023,7,2,2
41615,2023,8,1,1
41615,2023,9,6,6
41615,2023,10,6,6
41615,2023,11,4,4
41615,2023,12,1,1
41615,2024,1,1,1
41615,2024,2,3,3
41615,2024,3,2,2
41615,2024,4,2,2
41615,2024,5,2,2
41615,2024,6,2,2
41615,2024,8,2,2
41615,2024,9,3,3
41615,2024,10,1,1
41615,2024,11,5,5
41660,2021,5,1,1
41660,2021,8,1,1
41660,2021,9,1,1
41660,2021,10,1,1
41660,2021,11,1,1
41660,2022,4,1,1
41660,2022,6,1,1
41660,2022,11,1,1
41660,2022,12,1,1
41660,2023,1,2,2
41660,2023,3,1,1
41660,2023,4,1,1
41660,2023,5,1,1
41660,2023,6,1,1
41660,2023,7,1,1
41660,2023,8,1,1
41660,2024,2,1,1
41660,2024,7,1,1
41660,2024,8,2,2
41668,2021,1,3,3
41668,2021,2,4,4
41668,2021,3,6,6
41668,2021,4,5,5
41668,2021,5,3,3
41668,2021,7,1,1
41668,2021,8,3,3
41668,2021,9,7,7
41668,2021,10,2,2
41668,2021,11,2,2
41668,2021,12,1,1
41668,2022,3,3,3
41668,2022,4,4,4
41668,2022,5,1,1
41668,2022,6,1,1
41668,2022,7,4,4
41668,2022,8,4,4
41668,2022,9,3,3
41668,2022,10,3,3
41668,2022,11,2,2
41668,2022,12,1,1
41668,2023,1,1,1
41668,2023,2,2,2
41668,2023,3,3,3
41668,2023,4,4,4
41668,2023,5,1,1
41668,2023,6,1,1
41668,2023,7,3,3
41668,2023,8,4,4
41668,2023,9,3,3
41668,2023,10,5,5
41668,2023,11,6,6
41668,2023,12,2,2
41668,2024,1,4,4
41668,2024,2,1,1
41668,2024,3,2,2
41668,2024,4,4,4
41668,2024,5,3,3
41668,2024,7,6,6
41668,2024,8,3,3
41668,2024,9,2,2
41668,2024,11,2,2
41668,2024,12,3,3
41676,2021,1,1,1
41676,2021,3,1,1
41676,2021,4,1,1
41676,2021,6,1,1
41676,2021,8,3,3
41676,2021,10,1,1
41676,2021,11,1,1
41676,2021,12,1,1
41676,2022,4,2,2
41676,2022,5,1,1
41676,2022,6,1,1
41676,2022,10,2,2
41676,2022,11,3,3
41676,2023,4,1,1
41676,2023,5,1,1
41676,2023,6,2,2
41676,2024,1,1,1
41676,2024,5,3,3
41676,2024,6,1,1
41676,2024,7,1,1
41676,2024,9,3,3
41676,2024,10,1,1
41676,2024,11,1,1
41770,2021,2,1,1
41770,2021,3,1,1
41770,2021,4,3,3
41770,2021,5,2,2
41770,2021,6,3,3
41770,2021,8,1,1
41770,2021,11,1,1
41770,2021,12,2,2
41770,2022,1,1,1
41770,2022,2,2,2
41770,2022,4,3,3
41770,2022,5,1,1
41770,2022,6,2,2
41770,2022,7,2,2
41770,2022,8,2,2
41770,2022,9,2,2
41770,2022,11,2,2
41770,2022,12,1,1
41770,2023,1,2,2
41770,2023,2,3,3
41770,2023,4,1,1
41770,2023,5,1,1
41770,2023,6,1,1
41770,2023,7,1,1
41770,2023,8,1,1
41770,2023,9,1,1
41770,2023,10,1,1
41770,2023,11,2,2
41770,2024,2,2,2
41770,2024,3,1,1
41770,2024,5,3,3
41770,2024,6,2,2
41770,2024,8,1,1
41770,2024,10,1,1
41770,2024,11,1,1
41770,2024,12,1,1
41791,2021,2,1,1
41791,2021,4,1,1
41791,2021,5,1,1
41791,2021,7,1,1
41791,2021,9,2,2
41791,2021,10,4,4
41791,2021,11,2,2
41791,2022,2,1,1
41791,2022,3,2,2
41791,2022,5,2,2
41791,2022,7,1,1
41791,2022,8,1,1
41791,2022,9,1,1
41791,2022,12,2,2
41791,2023,2,1,1
41791,2023,3,4,4
41791,2023,4,1,1
41791,2023,5,3,3
41791,2023,6,1,1
41791,2023,7,2,2
41791,2023,9,1,1
41791,2023,11,2,2
41791,2023,12,4,4
41791,2024,1,2,2
41791,2024,3,1,1
41791,2024,6,1,1
41791,2024,7,1,1
41791,2024,9,1,1
41791,2024,11,1,1
41791,2024,12,1,1
41797,2021,1,1,1
41797,2021,2,1,1
41797,2021,3,1,1
41797,2021,5,2,2
41797,2021,8,1,1
41797,2021,9,1,1
41797,2021,12,1,1
41797,2022,3,1,1
41797,2022,6,1,1
41797,2022,8,1,1
41797,2022,9,2,2
41797,2022,10,1,1
41797,2022,11,1,1
41797,2023,2,1,1
41797,2023,3,2,2
41797,2023,4,4,4
41797,2023,5,1,1
41797,2023,7,1,1
41797,2023,10,1,1
41797,2023,11,1,1
41797,2023,12,2,2
41797,2024,1,2,2
41797,2024,2,1,1
41797,2024,7,4,4
41797,2024,8,1,1
41797,2024,9,1,1
41799,2021,2,1,1
41799,2021,4,1,1
41799,2021,5,2,2
41799,2021,6,1,1
41799,2021,8,2,2
41799,2021,9,1,1
41799,2022,1,2,2
41799,2022,2,1,1
41799,2022,3,1,1
41799,2022,5,1,1
41799,2022,6,1,1
41799,2022,9,2,2
41799,2022,10,1,1
41799,2022,11,1,1
41799,2023,1,2,2
41799,2023,2,1,1
41799,2023,3,1,1
41799,2023,4,1,1
41799,2023,5,2,2
41799,2023,6,1,1
41799,2023,8,1,1
41799,2023,9,1,1
41799,2023,11,1,1
41799,2024,3,2,2
41799,2024,4,1,1
41799,2024,6,1,1
41799,2024,10,1,1
41799,2024,11,2,2
41801,2021,3,1,1
41801,2021,5,1,1
41801,2021,10,1,1
41801,2022,1,1,1
41801,2022,2,1,1
41801,2022,4,2,2
41801,2022,8,1,1
41801,2022,9,3,3
41801,2022,10,1,1
41801,2022,11,2,2
41801,2022,12,2,2
41801,2023,2,1,1
41801,2023,3,1,1
41801,2023,4,2,2
41801,2023,7,2,2
41801,2023,8,1,1
41801,2023,10,2,2
41801,2024,1,1,1
41801,2024,2,1,1
41801,2024,3,2,2
41801,2024,4,1,1
41801,2024,5,1,1
41801,2024,6,1,1
41801,2024,7,1,1
41801,2024,10,1,1
41801,2024,11,2,2
41801,2024,12,1,1
41807,2021,2,3,3
41807,2021,4,1,1
41807,2021,5,1,1
41807,2021,6,1,1
41807,2021,7,1,1
41807,2021,8,1,1
41807,2021,10,1,1
41807,2021,12,3,3
41807,2022,3,2,2
41807,2022,5,2,2
41807,2022,6,2,2
41807,2022,8,3,3
41807,2022,9,2,2
41807,2022,11,2,2
41807,2023,2,2,2
41807,2023,3,2,2
41807,2023,4,1,1
41807,2023,5,2,2
41807,2023,6,1,1
41807,2023,7,2,2
41807,2023,8,2,2
41807,2023,9,1,1
41807,2023,11,2,2
41807,2023,12,1,1
41807,2024,1,3,3
41807,2024,2,1,1
41807,2024,3,1,1
41807,2024,4,1,1
41807,2024,5,2,2
41807,2024,8,1,1
41807,2024,9,6,6
41807,2024,10,4,4
41807,2024,11,1,1
41872,2021,3,3,3
41872,2021,4,1,1
41872,2021,9,1,1
41872,2022,2,1,1
41872,2022,10,1,1
41872,2023,9,2,2
41872,2023,12,1,1
41872,2024,12,1,1
41885,2021,1,1,1
41885,2021,2,1,1
41885,2021,3,1,1
41885,2021,5,1,1
41885,2021,6,1,1
41885,2021,7,1,1
41885,2021,8,1,1
41885,2021,9,1,1
41885,2021,10,1,1
41885,2022,1,1,1
41885,2022,3,1,1
41885,2022,7,1,1
41885,2022,8,1,1
41885,2022,11,1,1
41885,2023,5,1,1
41885,2023,9,1,1
41885,2024,1,1,1
41885,2024,2,1,1
41885,2024,4,1,1
41885,2024,6,1,1
41885,2024,8,1,1
41885,2024,10,1,1
41885,2024,11,1,1
41885,2024,12,1,1
44001,2021,1,7,7
44001,2021,2,5,5
44001,2021,3,3,3
44001,2021,4,2,2
44001,2021,5,7,7
44001,2021,6,9,9
44001,2021,7,6,6
44001,2021,8,6,6
44001,2021,9,6,6
44001,2021,10,7,7
44001,2021,11,12,12
44001,2021,12,2,2
44001,2022,1,1,1
44001,2022,2,5,5
44001,2022,3,4,4
44001,2022,4,12,12
44001,2022,5,9,9
44001,2022,6,17,17
44001,2022,7,7,7
44001,2022,8,8,8
44001,2022,9,10,10
44001,2022,10,7,7
44001,2022,11,4,4
44001,2022,12,9,9
44001,2023,1,11,11
44001,2023,2,9,9
44001,2023,3,9,9
44001,2023,4,12,12
44001,2023,5,11,11
44001,2023,6,16,16
44001,2023,7,14,14
44001,2023,8,15,15
44001,2023,9,14,14
44001,2023,10,6,6
44001,2023,11,7,7
44001,2023,12,6,6
44001,2024,1,5,5
44001,2024,2,5,5
44001,2024,3,5,5
44001,2024,4,18,18
44001,2024,5,13,13
44001,2024,6,9,9
44001,2024,7,10,10
44001,2024,8,12,12
44001,2024,9,12,12
44001,2024,10,6,6
44001,2024,11,6,6
44001,2024,12,5,5
44035,2021,3,1,1
44035,2021,6,1,1
44035,2021,7,1,1
44035,2021,8,1,1
44035,2021,9,2,2
44035,2021,10,1,1
44035,2021,11,1,1
44035,2021,12,1,1
44035,2022,1,1,1
44035,2022,2,4,4
44035,2022,3,1,1
44035,2022,4,1,1
44035,2022,6,1,1
44035,2022,7,1,1
44035,2022,8,2,2
44035,2022,10,2,2
44035,2022,11,2,2
44035,2023,3,1,1
44035,2023,5,2,2
44035,2023,6,3,3
44035,2023,8,2,2
44035,2023,9,2,2
44035,2023,10,1,1
44035,2023,11,1,1
44035,2023,12,1,1
44035,2024,1,1,1
44035,2024,6,1,1
44035,2024,7,1,1
44035,2024,8,1,1
44035,2024,9,3,3
44035,2024,11,1,1
44035,2024,12,2,2
44078,2021,1,2,2
44078,2021,4,1,1
44078,2021,5,2,2
44078,2021,6,1,1
44078,2021,9,2,2
44078,2021,10,1,1
44078,2021,11,2,2
44078,2021,12,1,1
44078,2022,2,2,2
44078,2022,3,2,2
44078,2022,8,1,1
44078,2022,9,1,1
44078,2022,10,2,2
44078,2022,11,1,1
44078,2023,1,4,4
44078,2023,2,1,1
44078,2023,5,1,1
44078,2023,6,1,1
44078,2023,7,1,1
44078,2023,8,1,1
44078,2023,10,1,1
44078,2024,1,2,2
44078,2024,2,2,2
44078,2024,3,4,4
44078,2024,4,5,5
44078,2024,5,4,4
44078,2024,6,2,2
44078,2024,7,3,3
44078,2024,8,1,1
44078,2024,9,3,3
44078,2024,10,3,3
44078,2024,11,2,2
44078,2024,12,3,3
44090,2021,1,2,2
44090,2021,2,1,1
44090,2021,4,1,1
44090,2021,5,3,3
44090,2021,9,1,1
44090,2021,12,1,1
44090,2022,1,1,1
44090,2022,5,1,1
44090,2022,8,1,1
44090,2023,2,1,1
44090,2023,5,1,1
44090,2023,7,2,2
44090,2023,8,1,1
44090,2023,10,2,2
44090,2023,11,1,1
44090,2024,1,2,2
44090,2024,2,1,1
44090,2024,4,2,2
44090,2024,9,1,1
44090,2024,10,1,1
44090,2024,11,1,1
44098,2021,1,1,1
44098,2021,2,1,1
44098,2021,3,1,1
44098,2021,7,1,1
44098,2021,10,2,2
44098,2021,12,1,1
44098,2022,2,1,1
44098,2022,10,1,1
44098,2023,3,1,1
44098,2023,4,1,1
44098,2023,7,1,1
44098,2023,10,1,1
44098,2023,12,1,1
44098,2024,3,1,1
44098,2024,4,2,2
44098,2024,6,2,2
44098,2024,8,2,2
44098,2024,9,1,1
44098,2024,10,1,1
44098,2024,11,1,1
44110,2021,1,1,1
44110,2021,2,1,1
44110,2021,5,1,1
44110,2021,9,1,1
44110,2021,10,1,1
44110,2022,2,1,1
44110,2022,4,1,1
44110,2022,7,1,1
44110,2022,8,1,1
44110,2022,10,1,1
44110,2022,11,2,2
44110,2022,12,1,1
44110,2023,2,1,1
44110,2023,3,1,1
44110,2023,4,1,1
44110,2023,6,1,1
44110,2023,9,1,1
44110,2023,11,1,1
44110,2024,8,1,1
44110,2024,11,2,2
44279,2021,1,4,4
44279,2021,4,1,1
44279,2021,5,1,1
44279,2021,6,2,2
44279,2021,7,1,1
44279,2021,8,1,1
44279,2021,9,3,3
44279,2021,10,1,1
44279,2021,11,2,2
44279,2021,12,4,4
44279,2022,1,1,1
44279,2022,3,1,1
44279,2022,5,3,3
44279,2022,6,1,1
44279,2022,7,3,3
44279,2022,8,1,1
44279,2022,9,1,1
44279,2022,10,1,1
44279,2022,12,1,1
44279,2023,1,1,1
44279,2023,2,3,3
44279,2023,3,2,2
44279,2023,4,1,1
44279,2023,6,2,2
44279,2023,7,1,1
44279,2023,8,2,2
44279,2023,9,4,4
44279,2023,10,1,1
44279,2024,2,2,2
44279,2024,3,1,1
44279,2024,6,1,1
44279,2024,7,1,1
44279,2024,8,1,1
44279,2024,9,4,4
44279,2024,10,1,1
44279,2024,11,2,2
44378,2021,1,1,1
44378,2021,5,1,1
44378,2022,4,3,3
44378,2022,11,1,1
44378,2023,1,1,1
44378,2023,10,1,1
44378,2023,11,1,1
44378,2024,3,1,1
44378,2024,4,3,3
44378,2024,7,1,1
44378,2024,8,3,3
44378,2024,10,1,1
44378,2024,11,3,3
44378,2024,12,2,2
44430,2021,1,2,2
44430,2021,2,4,4
44430,2021,3,3,3
44430,2021,4,3,3
44430,2021,5,2,2
44430,2021,6,3,3
44430,2021,7,4,4
44430,2021,8,5,5
44430,2021,9,3,3
44430,2021,10,6,6
44430,2021,11,7,7
44430,2021,12,3,3
44430,2022,1,1,1
44430,2022,2,1,1
44430,2022,3,5,5
44430,2022,4,3,3
44430,2022,5,2,2
44430,2022,6,6,6
44430,2022,7,5,5
44430,2022,8,6,6
44430,2022,9,5,5
44430,2022,10,2,2
44430,2022,11,1,1
44430,2022,12,2,2
44430,2023,1,1,1
44430,2023,2,7,7
44430,2023,3,6,6
44430,2023,4,8,8
44430,2023,5,8,8
44430,2023,6,6,6
44430,2023,7,6,6
44430,2023,8,14,14
44430,2023,9,7,7
44430,2023,10,10,10
44430,2023,11,8,8
44430,2023,12,2,2
44430,2024,1,4,4
44430,2024,2,11,11
44430,2024,3,9,9
44430,2024,4,7,7
44430,2024,5,7,7
44430,2024,6,5,5
44430,2024,7,6,6
44430,2024,8,13,13
44430,2024,9,7,7
44430,2024,10,7,7
44430,2024,11,9,9
44430,2024,12,2,2
44560,2021,1,1,1
44560,2021,3,1,1
44560,2021,4,1,1
44560,2021,6,4,4
44560,2021,7,1,1
44560,2021,8,1,1
44560,2022,4,1,1
44560,2022,6,1,1
44560,2022,8,1,1
44560,2022,9,2,2
44560,2022,11,3,3
44560,2022,12,2,2
44560,2023,1,1,1
44560,2023,2,1,1
44560,2023,4,1,1
44560,2023,5,2,2
44560,2023,7,5,5
44560,2023,8,3,3
44560,2023,10,1,1
44560,2023,12,2,2
44560,2024,3,2,2
44560,2024,5,1,1
44560,2024,7,3,3
44560,2024,8,1,1
44560,2024,11,1,1
44650,2021,8,2,2
44650,2021,9,2,2
44650,2021,10,3,3
44650,2022,1,2,2
44650,2022,2,1,1
44650,2022,4,1,1
44650,2022,5,1,1
44650,2022,7,1,1
44650,2022,9,1,1
44650,2022,11,2,2
44650,2022,12,1,1
44650,2023,1,2,2
44650,2023,2,1,1
44650,2023,3,1,1
44650,2023,4,2,2
44650,2023,7,2,2
44650,2023,8,1,1
44650,2023,9,3,3
44650,2023,10,1,1
44650,2023,11,1,1
44650,2023,12,3,3
44650,2024,1,1,1
44650,2024,2,1,1
44650,2024,4,2,2
44650,2024,5,2,2
44650,2024,6,2,2
44650,2024,8,1,1
44650,2024,9,2,2
44650,2024,10,2,2
44650,2024,11,2,2
44650,2024,12,1,1
44847,2021,3,1,1
44847,2021,4,1,1
44847,2021,5,1,1
44847,2021,6,2,2
44847,2021,7,1,1
44847,2021,9,1,1
44847,2021,10,1,1
44847,2021,12,1,1
44847,2022,1,2,2
44847,2022,3,2,2
44847,2022,4,1,1
44847,2022,5,1,1
44847,2022,6,2,2
44847,2022,7,2,2
44847,2022,9,4,4
44847,2022,10,1,1
44847,2022,12,1,1
44847,2023,2,1,1
44847,2023,4,2,2
44847,2023,6,3,3
44847,2023,7,1,1
44847,2023,8,2,2
44847,2023,9,4,4
44847,2023,11,2,2
44847,2023,12,1,1
44847,2024,1,3,3
44847,2024,2,1,1
44847,2024,3,2,2
44847,2024,6,3,3
44847,2024,7,1,1
44847,2024,8,7,7
44847,2024,9,1,1
44847,2024,11,1,1
44847,2024,12,1,1
44855,2021,3,1,1
44855,2021,5,1,1
44855,2021,7,1,1
44855,2021,9,1,1
44855,2022,5,1,1
44855,2022,6,2,2
44855,2022,11,1,1
44855,2022,12,1,1
44855,2023,3,1,1
44855,2023,4,1,1
44855,2023,9,1,1
44855,2023,12,1,1
44855,2024,1,1,1
44855,2024,2,1,1
44855,2024,7,1,1
44855,2024,9,1,1
44855,2024,10,1,1
44855,2024,11,1,1
44874,2021,1,1,1
44874,2021,2,3,3
44874,2021,5,4,4
44874,2021,6,1,1
44874,2021,10,1,1
44874,2021,11,3,3
44874,2022,2,1,1
44874,2022,4,1,1
44874,2022,6,1,1
44874,2022,8,2,2
44874,2022,9,2,2
44874,2022,12,1,1
44874,2023,3,1,1
44874,2023,4,1,1
44874,2023,5,1,1
44874,2023,6,4,4
44874,2023,8,1,1
44874,2023,11,1,1
44874,2023,12,4,4
44874,2024,2,1,1
44874,2024,3,1,1
44874,2024,6,1,1
44874,2024,8,2,2
44874,2024,9,2,2
44874,2024,10,1,1
44874,2024,11,3,3
44874,2024,12,3,3
47001,2021,1,15,15
47001,2021,2,24,24
47001,2021,3,23,23
47001,2021,4,15,15
47001,2021,5,24,24
47001,2021,6,13,13
47001,2021,7,20,20
47001,2021,8,23,23
47001,2021,9,20,20
47001,2021,10,15,15
47001,2021,11,22,22
47001,2021,12,21,21
47001,2022,1,7,7
47001,2022,2,17,17
47001,2022,3,24,24
47001,2022,4,29,29
47001,2022,5,28,28
47001,2022,6,18,18
47001,2022,7,17,17
47001,2022,8,24,24
47001,2022,9,26,26
47001,2022,10,33,33
47001,2022,11,34,34
47001,2022,12,16,16
47001,2023,1,19,19
47001,2023,2,16,16
47001,2023,3,32,32
47001,2023,4,33,33
47001,2023,5,36,36
47001,2023,6,16,16
47001,2023,7,26,26
47001,2023,8,23,23
47001,2023,9,35,35
47001,2023,10,35,35
47001,2023,11,34,34
47001,2023,12,20,20
47001,2024,1,28,28
47001,2024,2,36,36
47001,2024,3,26,26
47001,2024,4,35,35
47001,2024,5,48,48
47001,2024,6,27,27
47001,2024,7,27,27
47001,2024,8,32,32
47001,2024,9,37,37
47001,2024,10,25,25
47001,2024,11,25,25
47001,2024,12,23,23
47030,2021,6,1,1
47030,2021,12,1,1
47030,2022,12,1,1
47030,2023,3,1,1
47030,2023,4,1,1
47030,2023,5,1,1
47030,2023,7,1,1
47030,2023,8,1,1
47053,2021,2,1,1
47053,2021,3,1,1
47053,2021,4,2,2
47053,2021,5,1,1
47053,2021,6,2,2
47053,2021,8,3,3
47053,2021,10,1,1
47053,2021,11,2,2
47053,2021,12,1,1
47053,2022,1,3,3
47053,2022,2,2,2
47053,2022,4,1,1
47053,2022,5,2,2
47053,2022,6,2,2
47053,2022,7,2,2
47053,2022,8,1,1
47053,2022,10,1,1
47053,2023,2,3,3
47053,2023,3,1,1
47053,2023,4,1,1
47053,2023,6,2,2
47053,2023,7,2,2
47053,2023,10,2,2
47053,2024,3,2,2
47053,2024,7,1,1
47053,2024,8,2,2
47053,2024,9,5,5
47053,2024,10,3,3
47053,2024,11,1,1
47058,2021,1,2,2
47058,2021,2,1,1
47058,2021,5,2,2
47058,2021,7,2,2
47058,2021,9,1,1
47058,2021,10,3,3
47058,2021,11,1,1
47058,2022,1,2,2
47058,2022,4,1,1
47058,2022,8,1,1
47058,2022,11,2,2
47058,2022,12,1,1
47058,2023,3,2,2
47058,2023,4,2,2
47058,2023,5,3,3
47058,2023,6,2,2
47058,2023,7,4,4
47058,2023,10,1,1
47058,2023,11,2,2
47058,2023,12,1,1
47058,2024,1,1,1
47058,2024,2,2,2
47058,2024,3,1,1
47058,2024,4,2,2
47058,2024,5,5,5
47058,2024,6,4,4
47058,2024,7,3,3
47058,2024,8,1,1
47058,2024,9,8,8
47058,2024,10,2,2
47058,2024,11,2,2
47058,2024,12,1,1
47161,2021,5,1,1
47161,2022,9,1,1
47161,2022,10,1,1
47161,2022,11,1,1
47170,2021,4,1,1
47170,2021,7,1,1
47170,2022,5,2,2
47170,2022,7,3,3
47170,2022,8,3,3
47170,2022,10,1,1
47170,2022,12,1,1
47170,2023,1,2,2
47170,2023,2,1,1
47170,2023,4,1,1
47170,2023,6,1,1
47170,2024,3,2,2
47170,2024,4,2,2
47170,2024,5,3,3
47170,2024,6,1,1
47170,2024,8,1,1
47170,2024,9,2,2
47170,2024,10,2,2
47170,2024,12,1,1
47189,2021,1,5,5
47189,2021,2,4,4
47189,2021,3,6,6
47189,2021,4,6,6
47189,2021,5,8,8
47189,2021,6,6,6
47189,2021,7,7,7
47189,2021,8,8,8
47189,2021,9,5,5
47189,2021,10,5,5
47189,2021,11,5,5
47189,2021,12,2,2
47189,2022,1,3,3
47189,2022,2,9,9
47189,2022,3,12,12
47189,2022,4,11,11
47189,2022,5,12,12
47189,2022,6,8,8
47189,2022,7,10,10
47189,2022,8,4,4
47189,2022,9,5,5
47189,2022,10,4,4
47189,2022,11,3,3
47189,2022,12,8,8
47189,2023,1,6,6
47189,2023,2,4,4
47189,2023,3,9,9
47189,2023,4,8,8
47189,2023,5,11,11
47189,2023,6,5,5
47189,2023,7,12,12
47189,2023,8,9,9
47189,2023,9,6,6
47189,2023,10,6,6
47189,2023,11,6,6
47189,2023,12,7,7
47189,2024,1,4,4
47189,2024,2,9,9
47189,2024,3,6,6
47189,2024,4,9,9
47189,2024,5,10,10
47189,2024,6,8,8
47189,2024,7,14,14
47189,2024,8,9,9
47189,2024,9,6,6
47189,2024,10,4,4
47189,2024,11,5,5
47189,2024,12,1,1
47205,2021,9,1,1
47205,2022,7,1,1
47205,2023,1,1,1
47245,2021,1,2,2
47245,2021,2,1,1
47245,2021,3,1,1
47245,2021,6,1,1
47245,2021,7,2,2
47245,2021,8,1,1
47245,2021,9,3,3
47245,2021,10,2,2
47245,2021,11,2,2
47245,2021,12,2,2
47245,2022,1,4,4
47245,2022,3,3,3
47245,2022,4,1,1
47245,2022,5,2,2
47245,2022,6,1,1
47245,2022,7,1,1
47245,2022,9,1,1
47245,2022,10,1,1
47245,2022,12,2,2
47245,2023,1,3,3
47245,2023,2,2,2
47245,2023,3,1,1
47245,2023,4,1,1
47245,2023,5,3,3
47245,2023,6,1,1
47245,2023,8,3,3
47245,2023,9,3,3
47245,2023,10,1,1
47245,2023,11,2,2
47245,2023,12,3,3
47245,2024,1,2,2
47245,2024,2,3,3
47245,2024,3,2,2
47245,2024,4,2,2
47245,2024,5,3,3
47245,2024,6,3,3
47245,2024,7,2,2
47245,2024,8,1,1
47245,2024,9,1,1
47245,2024,11,4,4
47245,2024,12,4,4
47258,2021,1,2,2
47258,2021,2,1,1
47258,2021,3,3,3
47258,2021,5,1,1
47258,2021,7,2,2
47258,2021,9,3,3
47258,2021,11,1,1
47258,2022,1,1,1
47258,2022,3,1,1
47258,2022,6,1,1
47258,2022,7,2,2
47258,2022,9,2,2
47258,2022,10,1,1
47258,2022,11,1,1
47258,2022,12,1,1
47258,2023,3,2,2
47258,2023,4,2,2
47258,2023,5,1,1
47258,2023,6,2,2
47258,2023,7,1,1
47258,2023,8,2,2
47258,2024,5,2,2
47258,2024,9,1,1
47268,2021,1,2,2
47268,2021,2,1,1
47268,2021,6,1,1
47268,2021,8,3,3
47268,2021,9,2,2
47268,2021,11,1,1
47268,2021,12,1,1
47268,2022,2,1,1
47268,2022,4,3,3
47268,2022,5,1,1
47268,2022,6,2,2
47268,2022,7,1,1
47268,2022,8,1,1
47268,2022,10,3,3
47268,2022,11,3,3
47268,2022,12,2,2
47268,2023,1,1,1
47268,2023,2,2,2
47268,2023,3,1,1
47268,2023,4,4,4
47268,2023,5,2,2
47268,2023,6,1,1
47268,2023,10,1,1
47268,2023,12,1,1
47268,2024,1,2,2
47268,2024,3,1,1
47268,2024,4,1,1
47268,2024,8,1,1
47268,2024,9,1,1
47268,2024,10,1,1
47288,2021,1,3,3
47288,2021,2,1,1
47288,2021,3,3,3
47288,2021,4,2,2
47288,2021,5,1,1
47288,2021,6,4,4
47288,2021,8,4,4
47288,2021,9,1,1
47288,2021,10,1,1
47288,2021,11,2,2
47288,2021,12,2,2
47288,2022,1,1,1
47288,2022,3,7,7
47288,2022,4,5,5
47288,2022,5,4,4
47288,2022,7,3,3
47288,2022,8,6,6
47288,2022,9,2,2
47288,2022,10,2,2
47288,2022,11,1,1
47288,2022,12,1,1
47288,2023,1,1,1
47288,2023,3,4,4
47288,2023,4,6,6
47288,2023,5,4,4
47288,2023,6,2,2
47288,2023,7,5,5
47288,2023,8,1,1
47288,2023,9,1,1
47288,2023,10,3,3
47288,2023,12,1,1
47288,2024,1,1,1
47288,2024,2,2,2
47288,2024,3,1,1
47288,2024,4,1,1
47288,2024,5,2,2
47288,2024,6,4,4
47288,2024,7,2,2
47288,2024,8,3,3
47288,2024,9,5,5
47288,2024,10,5,5
47288,2024,11,1,1
47288,2024,12,2,2
47318,2021,1,1,1
47318,2021,6,1,1
47318,2021,7,1,1
47318,2021,12,2,2
47318,2022,2,2,2
47318,2022,5,2,2
47318,2022,6,1,1
47318,2022,7,1,1
47318,2022,8,1,1
47318,2022,9,3,3
47318,2022,10,1,1
47318,2022,11,1,1
47318,2022,12,1,1
47318,2023,2,1,1
47318,2023,5,1,1
47318,2023,6,1,1
47318,2023,7,2,2
47318,2023,10,2,2
47318,2023,11,1,1
47318,2024,2,2,2
47318,2024,3,1,1
47318,2024,4,3,3
47318,2024,5,1,1
47318,2024,6,3,3
47318,2024,10,1,1
47318,2024,11,1,1
47460,2021,1,2,2
47460,2021,2,1,1
47460,2021,3,2,2
47460,2021,4,2,2
47460,2021,8,1,1
47460,2021,9,1,1
47460,2021,11,3,3
47460,2022,7,1,1
47460,2022,10,1,1
47460,2022,11,2,2
47460,2022,12,1,1
47460,2023,1,1,1
47460,2023,5,3,3
47460,2023,7,1,1
47460,2023,8,1,1
47460,2023,12,1,1
47460,2024,2,2,2
47460,2024,3,1,1
47460,2024,6,1,1
47460,2024,7,1,1
47460,2024,8,1,1
47460,2024,9,1,1
47460,2024,10,1,1
47460,2024,11,2,2
47541,2021,5,1,1
47541,2021,11,1,1
47541,2024,10,1,1
47541,2024,11,1,1
47545,2022,7,1,1
47545,2022,8,1,1
47545,2022,9,1,1
47545,2022,12,1,1
47545,2023,1,1,1
47545,2023,3,1,1
47545,2024,2,1,1
47545,2024,4,1,1
47551,2021,1,2,2
47551,2021,5,1,1
47551,2021,8,1,1
47551,2021,9,2,2
47551,2021,10,1,1
47551,2021,11,1,1
47551,2021,12,1,1
47551,2022,1,2,2
47551,2022,4,1,1
47551,2022,6,1,1
47551,2022,9,4,4
47551,2022,10,1,1
47551,2022,11,2,2
47551,2023,1,3,3
47551,2023,2,3,3
47551,2023,4,1,1
47551,2023,5,1,1
47551,2023,7,1,1
47551,2023,8,1,1
47551,2023,9,4,4
47551,2023,10,2,2
47551,2023,11,2,2
47551,2023,12,1,1
47551,2024,1,2,2
47551,2024,3,3,3
47551,2024,4,1,1
47551,2024,5,4,4
47551,2024,6,3,3
47551,2024,7,1,1
47551,2024,8,1,1
47551,2024,9,6,6
47551,2024,11,2,2
47551,2024,12,2,2
47555,2021,1,1,1
47555,2021,2,1,1
47555,2021,3,3,3
47555,2021,5,1,1
47555,2021,8,1,1
47555,2021,9,2,2
47555,2021,10,1,1
47555,2021,11,2,2
47555,2021,12,1,1
47555,2022,1,2,2
47555,2022,3,3,3
47555,2022,4,2,2
47555,2022,5,1,1
47555,2022,6,2,2
47555,2022,8,3,3
47555,2022,10,2,2
47555,2022,12,1,1
47555,2023,1,3,3
47555,2023,2,1,1
47555,2023,3,2,2
47555,2023,4,1,1
47555,2023,5,4,4
47555,2023,7,1,1
47555,2023,8,1,1
47555,2023,10,2,2
47555,2023,11,1,1
47555,2024,1,1,1
47555,2024,2,2,2
47555,2024,3,7,7
47555,2024,4,2,2
47555,2024,5,7,7
47555,2024,6,6,6
47555,2024,9,5,5
47555,2024,10,1,1
47555,2024,11,1,1
47555,2024,12,2,2
47570,2021,1,2,2
47570,2021,2,1,1
47570,2021,4,1,1
47570,2021,5,3,3
47570,2021,8,2,2
47570,2021,10,1,1
47570,2021,11,2,2
47570,2021,12,2,2
47570,2022,1,1,1
47570,2022,2,1,1
47570,2022,3,2,2
47570,2022,5,2,2
47570,2022,7,1,1
47570,2022,8,2,2
47570,2022,12,2,2
47570,2023,1,1,1
47570,2023,2,1,1
47570,2023,3,2,2
47570,2023,5,4,4
47570,2023,6,2,2
47570,2023,7,3,3
47570,2023,8,2,2
47570,2023,9,1,1
47570,2023,10,1,1
47570,2023,11,3,3
47570,2023,12,3,3
47570,2024,1,2,2
47570,2024,2,2,2
47570,2024,3,1,1
47570,2024,5,2,2
47570,2024,7,1,1
47570,2024,8,1,1
47570,2024,9,1,1
47570,2024,10,1,1
47570,2024,11,5,5
47605,2021,7,1,1
47605,2021,10,1,1
47605,2022,1,1,1
47605,2022,11,2,2
47605,2024,5,1,1
47660,2021,3,2,2
47660,2021,8,1,1
47660,2021,9,1,1
47660,2022,2,1,1
47660,2022,4,2,2
47660,2022,5,1,1
47660,2022,7,1,1
47660,2022,8,1,1
47660,2022,10,1,1
47660,2022,12,1,1
47660,2023,2,1,1
47660,2023,4,3,3
47660,2023,5,1,1
47660,2023,7,1,1
47660,2023,8,2,2
47660,2024,2,1,1
47660,2024,11,1,1
47660,2024,12,2,2
47675,2021,10,1,1
47675,2022,3,1,1
47675,2022,5,1,1
47675,2022,7,1,1
47675,2022,8,2,2
47675,2022,9,1,1
47675,2022,10,2,2
47675,2022,11,1,1
47675,2023,3,1,1
47675,2023,6,2,2
47675,2024,3,2,2
47675,2024,5,1,1
47675,2024,9,1,1
47692,2021,1,2,2
47692,2021,2,1,1
47692,2021,3,1,1
47692,2021,6,1,1
47692,2021,8,1,1
47692,2021,12,1,1
47692,2022,1,1,1
47692,2022,10,1,1
47692,2023,1,2,2
47692,2023,2,1,1
47692,2023,3,1,1
47692,2023,5,1,1
47692,2023,6,1,1
47692,2023,7,1,1
47692,2023,10,1,1
47692,2023,11,3,3
47692,2024,2,1,1
47692,2024,4,2,2
47692,2024,8,1,1
47692,2024,9,2,2
47692,2024,10,2,2
47703,2021,3,1,1
47703,2021,7,1,1
47703,2021,8,1,1
47703,2022,2,1,1
47703,2022,8,1,1
47703,2023,1,1,1
47703,2023,3,1,1
47703,2023,5,2,2
47703,2023,11,1,1
47703,2023,12,1,1
47703,2024,5,1,1
47703,2024,6,2,2
47703,2024,7,1,1
47703,2024,8,1,1
47703,2024,12,1,1
47707,2021,3,1,1
47707,2021,5,3,3
47707,2021,7,1,1
47707,2021,8,1,1
47707,2021,9,1,1
47707,2021,12,4,4
47707,2022,2,1,1
47707,2022,3,3,3
47707,2022,6,1,1
47707,2022,7,2,2
47707,2022,11,3,3
47707,2023,3,1,1
47707,2023,4,6,6
47707,2023,5,1,1
47707,2023,6,4,4
47707,2023,7,1,1
47707,2023,8,1,1
47707,2023,9,1,1
47707,2023,10,2,2
47707,2023,12,2,2
47707,2024,2,3,3
47707,2024,5,1,1
47707,2024,6,2,2
47707,2024,7,1,1
47707,2024,8,3,3
47707,2024,9,3,3
47707,2024,11,1,1
47707,2024,12,1,1
47720,2021,1,1,1
47720,2021,5,1,1
47720,2021,7,2,2
47720,2021,10,1,1
47720,2021,12,1,1
47720,2022,1,1,1
47720,2022,5,1,1
47720,2022,6,1,1
47720,2022,7,2,2
47720,2022,9,1,1
47720,2022,10,1,1
47720,2022,11,1,1
47720,2023,3,3,3
47720,2023,6,1,1
47720,2023,8,1,1
47720,2023,9,1,1
47720,2023,10,1,1
47720,2023,12,1,1
47720,2024,1,1,1
47720,2024,5,2,2
47720,2024,6,1,1
47720,2024,10,1,1
47720,2024,12,2,2
47745,2021,3,3,3
47745,2021,4,1,1
47745,2021,5,1,1
47745,2021,6,2,2
47745,2021,7,3,3
47745,2021,8,1,1
47745,2021,10,1,1
47745,2021,11,1,1
47745,2021,12,1,1
47745,2022,1,1,1
47745,2022,5,2,2
47745,2022,6,2,2
47745,2022,7,1,1
47745,2022,10,1,1
47745,2022,11,1,1
47745,2023,1,2,2
47745,2023,2,1,1
47745,2023,5,1,1
47745,2023,7,1,1
47745,2023,9,2,2
47745,2023,10,3,3
47745,2023,12,1,1
47745,2024,3,1,1
47745,2024,5,1,1
47745,2024,6,1,1
47745,2024,7,1,1
47745,2024,8,2,2
47745,2024,9,2,2
47745,2024,10,1,1
47798,2021,5,1,1
47798,2021,8,2,2
47798,2022,2,1,1
47798,2022,3,2,2
47798,2023,5,1,1
47798,2023,6,1,1
47798,2023,7,1,1
47798,2023,9,3,3
47798,2024,2,2,2
47798,2024,3,1,1
47798,2024,5,2,2
47798,2024,12,2,2
47960,2021,3,1,1
47960,2021,8,1,1
47960,2022,4,1,1
47960,2022,5,1,1
47960,2022,12,1,1
47960,2023,1,1,1
47960,2023,7,1,1
47960,2023,10,1,1
47980,2021,1,2,2
47980,2021,2,6,6
47980,2021,3,3,3
47980,2021,4,3,3
47980,2021,5,2,2
47980,2021,6,2,2
47980,2021,7,5,5
47980,2021,8,4,4
47980,2021,10,3,3
47980,2021,11,3,3
47980,2021,12,2,2
47980,2022,1,1,1
47980,2022,2,4,4
47980,2022,3,3,3
47980,2022,4,1,1
47980,2022,5,4,4
47980,2022,6,1,1
47980,2022,7,4,4
47980,2022,8,3,3
47980,2022,9,2,2
47980,2022,10,2,2
47980,2022,11,1,1
47980,2022,12,4,4
47980,2023,1,6,6
47980,2023,2,2,2
47980,2023,3,1,1
47980,2023,4,6,6
47980,2023,5,5,5
47980,2023,6,5,5
47980,2023,7,3,3
47980,2023,8,2,2
47980,2023,9,1,1
47980,2023,10,1,1
47980,2023,11,5,5
47980,2023,12,2,2
47980,2024,1,5,5
47980,2024,2,2,2
47980,2024,3,1,1
47980,2024,4,3,3
47980,2024,5,2,2
47980,2024,6,4,4
47980,2024,7,2,2
47980,2024,8,4,4
47980,2024,9,4,4
47980,2024,10,2,2
47980,2024,11,3,3
47980,2024,12,2,2
50001,2021,1,24,24
50001,2021,2,29,29
50001,2021,3,24,24
50001,2021,4,30,30
50001,2021,5,24,24
50001,2021,6,24,24
50001,2021,7,26,26
50001,2021,8,37,37
50001,2021,9,37,37
50001,2021,10,34,34
50001,2021,11,28,28
50001,2021,12,25,25
50001,2022,1,29,29
50001,2022,2,33,33
50001,2022,3,23,23
50001,2022,4,23,23
50001,2022,5,23,23
50001,2022,6,39,39
50001,2022,7,37,37
50001,2022,8,31,31
50001,2022,9,44,44
50001,2022,10,40,40
50001,2022,11,47,47
50001,2022,12,29,29
50001,2023,1,24,24
50001,2023,2,25,25
50001,2023,3,48,48
50001,2023,4,29,29
50001,2023,5,35,35
50001,2023,6,29,29
50001,2023,7,46,46
50001,2023,8,38,38
50001,2023,9,38,38
50001,2023,10,26,26
50001,2023,11,33,33
50001,2023,12,33,33
50001,2024,1,24,24
50001,2024,2,29,29
50001,2024,3,27,27
50001,2024,4,37,37
50001,2024,5,38,38
50001,2024,6,23,23
50001,2024,7,42,42
50001,2024,8,40,40
50001,2024,9,41,41
50001,2024,10,31,31
50001,2024,11,29,29
50001,2024,12,34,34
50006,2021,1,1,1
50006,2021,2,5,5
50006,2021,3,4,4
50006,2021,4,8,8
50006,2021,5,9,9
50006,2021,6,7,7
50006,2021,7,7,7
50006,2021,8,10,10
50006,2021,9,11,11
50006,2021,10,8,8
50006,2021,11,7,7
50006,2021,12,6,6
50006,2022,1,5,5
50006,2022,2,5,5
50006,2022,3,4,4
50006,2022,4,8,8
50006,2022,5,8,8
50006,2022,6,6,6
50006,2022,7,10,10
50006,2022,8,4,4
50006,2022,9,8,8
50006,2022,10,12,12
50006,2022,11,6,6
50006,2022,12,8,8
50006,2023,1,5,5
50006,2023,2,8,8
50006,2023,3,6,6
50006,2023,4,13,13
50006,2023,5,10,10
50006,2023,6,5,5
50006,2023,7,8,8
50006,2023,8,3,3
50006,2023,9,7,7
50006,2023,10,5,5
50006,2023,11,8,8
50006,2023,12,2,2
50006,2024,1,6,6
50006,2024,2,4,4
50006,2024,3,9,9
50006,2024,4,8,8
50006,2024,5,5,5
50006,2024,6,6,6
50006,2024,7,10,10
50006,2024,8,6,6
50006,2024,9,4,4
50006,2024,10,2,2
50006,2024,11,7,7
50006,2024,12,6,6
50110,2021,1,2,2
50110,2021,2,2,2
50110,2021,9,1,1
50110,2022,1,1,1
50110,2022,2,1,1
50110,2022,4,1,1
50110,2022,12,1,1
50110,2023,2,1,1
50110,2023,3,2,2
50110,2023,11,1,1
50110,2023,12,1,1
50110,2024,2,1,1
50110,2024,8,1,1
50110,2024,9,1,1
50124,2021,2,1,1
50124,2021,3,1,1
50124,2021,4,3,3
50124,2021,9,1,1
50124,2021,10,1,1
50124,2021,11,3,3
50124,2022,5,1,1
50124,2022,6,1,1
50124,2022,7,1,1
50124,2022,9,1,1
50124,2022,10,1,1
50124,2022,12,1,1
50124,2023,2,1,1
50124,2023,3,1,1
50124,2023,9,1,1
50124,2023,10,3,3
50124,2023,11,1,1
50124,2024,2,2,2
50124,2024,3,1,1
50124,2024,6,1,1
50124,2024,11,1,1
50150,2021,1,2,2
50150,2021,2,2,2
50150,2021,6,2,2
50150,2021,7,2,2
50150,2021,8,2,2
50150,2021,9,1,1
50150,2021,10,2,2
50150,2022,1,1,1
50150,2022,9,1,1
50150,2022,10,6,6
50150,2022,11,2,2
50150,2022,12,1,1
50150,2023,4,1,1
50150,2023,5,1,1
50150,2023,6,1,1
50150,2023,7,1,1
50150,2023,8,2,2
50150,2023,9,2,2
50150,2023,11,2,2
50150,2023,12,1,1
50150,2024,1,2,2
50150,2024,3,2,2
50150,2024,4,1,1
50150,2024,6,1,1
50150,2024,8,2,2
50223,2021,4,1,1
50223,2021,6,1,1
50223,2021,9,1,1
50223,2022,4,1,1
50223,2022,7,1,1
50223,2022,9,1,1
50223,2022,11,1,1
50223,2022,12,1,1
50223,2023,1,1,1
50223,2023,2,1,1
50223,2023,3,1,1
50223,2023,7,1,1
50223,2023,8,1,1
50223,2023,10,1,1
50223,2024,1,1,1
50223,2024,4,2,2
50223,2024,7,1,1
50223,2024,9,2,2
50223,2024,11,1,1
50223,2024,12,2,2
50226,2021,2,1,1
50226,2021,3,1,1
50226,2021,7,2,2
50226,2021,9,3,3
50226,2021,10,2,2
50226,2021,11,1,1
50226,2022,4,3,3
50226,2022,5,3,3
50226,2022,6,1,1
50226,2022,7,2,2
50226,2022,8,1,1
50226,2022,9,2,2
50226,2022,11,2,2
50226,2022,12,1,1
50226,2023,1,1,1
50226,2023,3,1,1
50226,2023,4,3,3
50226,2023,5,2,2
50226,2023,6,1,1
50226,2023,7,2,2
50226,2023,8,1,1
50226,2023,11,1,1
50226,2024,1,1,1
50226,2024,2,1,1
50226,2024,3,1,1
50226,2024,6,1,1
50226,2024,7,5,5
50226,2024,9,3,3
50226,2024,10,1,1
50226,2024,11,1,1
50226,2024,12,1,1
50251,2021,5,1,1
50251,2022,2,1,1
50251,2022,3,3,3
50251,2022,4,1,1
50251,2022,8,1,1
50251,2022,9,2,2
50251,2022,11,1,1
50251,2022,12,2,2
50251,2023,2,1,1
50251,2023,3,1,1
50251,2023,4,2,2
50251,2023,5,1,1
50251,2023,6,1,1
50251,2023,7,3,3
50251,2023,8,1,1
50251,2023,9,1,1
50251,2024,2,1,1
50251,2024,4,1,1
50251,2024,11,1,1
50270,2021,3,1,1
50270,2021,8,2,2
50270,2022,7,1,1
50270,2024,2,1,1
50287,2021,1,1,1
50287,2021,6,1,1
50287,2021,11,1,1
50287,2022,6,1,1
50287,2022,9,1,1
50287,2022,10,1,1
50287,2023,1,1,1
50287,2023,4,1,1
50287,2023,7,1,1
50287,2023,8,1,1
50287,2023,10,1,1
50287,2023,11,1,1
50287,2024,3,1,1
50287,2024,5,1,1
50287,2024,10,1,1
50287,2024,12,1,1
50313,2021,1,2,2
50313,2021,2,3,3
50313,2021,3,3,3
50313,2021,4,4,4
50313,2021,5,4,4
50313,2021,6,5,5
50313,2021,7,7,7
50313,2021,8,3,3
50313,2021,9,6,6
50313,2021,10,2,2
50313,2021,11,8,8
50313,2021,12,7,7
50313,2022,1,4,4
50313,2022,2,3,3
50313,2022,3,5,5
50313,2022,4,3,3
50313,2022,5,4,4
50313,2022,7,8,8
50313,2022,8,7,7
50313,2022,9,7,7
50313,2022,10,9,9
50313,2022,11,9,9
50313,2022,12,2,2
50313,2023,2,4,4
50313,2023,3,3,3
50313,2023,4,4,4
50313,2023,5,3,3
50313,2023,6,11,11
50313,2023,7,2,2
50313,2023,8,2,2
50313,2023,9,5,5
50313,2023,10,7,7
50313,2023,11,2,2
50313,2023,12,8,8
50313,2024,1,5,5
50313,2024,2,5,5
50313,2024,3,9,9
50313,2024,4,7,7
50313,2024,5,8,8
50313,2024,6,3,3
50313,2024,7,5,5
50313,2024,8,5,5
50313,2024,9,4,4
50313,2024,10,4,4
50313,2024,11,4,4
50313,2024,12,6,6
50318,2021,2,1,1
50318,2021,4,1,1
50318,2021,5,1,1
50318,2021,9,3,3
50318,2021,10,2,2
50318,2021,11,2,2
50318,2021,12,2,2
50318,2022,1,1,1
50318,2022,2,1,1
50318,2022,3,1,1
50318,2022,4,1,1
50318,2022,5,1,1
50318,2022,7,1,1
50318,2022,8,2,2
50318,2022,9,3,3
50318,2022,11,2,2
50318,2023,1,3,3
50318,2023,2,1,1
50318,2023,3,2,2
50318,2023,5,2,2
50318,2023,6,1,1
50318,2023,7,1,1
50318,2023,11,1,1
50318,2023,12,2,2
50318,2024,1,1,1
50318,2024,2,1,1
50318,2024,3,1,1
50318,2024,4,2,2
50318,2024,5,1,1
50318,2024,6,1,1
50318,2024,7,3,3
50318,2024,8,1,1
50318,2024,9,1,1
50318,2024,10,1,1
50318,2024,12,1,1
50325,2021,3,2,2
50325,2021,7,1,1
50325,2021,10,1,1
50325,2021,12,1,1
50325,2022,5,1,1
50325,2022,8,1,1
50325,2023,2,1,1
50325,2023,3,1,1
50325,2023,4,1,1
50325,2023,6,1,1
50325,2023,9,1,1
50325,2023,10,2,2
50325,2023,11,1,1
50325,2024,3,1,1
50325,2024,6,1,1
50325,2024,9,1,1
50325,2024,11,2,2
50330,2021,3,1,1
50330,2021,4,1,1
50330,2021,5,1,1
50330,2021,6,1,1
50330,2021,8,1,1
50330,2021,12,2,2
50330,2022,2,3,3
50330,2022,4,3,3
50330,2022,7,2,2
50330,2022,8,2,2
50330,2022,9,1,1
50330,2022,10,1,1
50330,2022,12,1,1
50330,2023,4,1,1
50330,2023,6,2,2
50330,2024,1,1,1
50330,2024,2,1,1
50330,2024,7,1,1
50330,2024,8,2,2
50350,2021,1,1,1
50350,2021,2,1,1
50350,2021,7,1,1
50350,2021,8,1,1
50350,2021,9,1,1
50350,2021,12,2,2
50350,2022,1,1,1
50350,2022,3,1,1
50350,2022,4,2,2
50350,2022,5,2,2
50350,2022,8,2,2
50350,2022,9,1,1
50350,2023,3,2,2
50350,2023,6,1,1
50350,2023,10,1,1
50350,2023,11,1,1
50350,2024,3,1,1
50350,2024,5,1,1
50350,2024,7,1,1
50370,2021,4,2,2
50370,2021,8,1,1
50370,2021,10,3,3
50370,2021,11,2,2
50370,2021,12,2,2
50370,2022,1,3,3
50370,2022,2,1,1
50370,2022,3,1,1
50370,2022,5,1,1
50370,2022,6,3,3
50370,2022,8,2,2
50370,2022,9,1,1
50370,2022,12,1,1
50370,2023,2,1,1
50370,2023,5,1,1
50370,2023,11,2,2
50370,2024,7,1,1
50370,2024,8,1,1
50370,2024,10,2,2
50370,2024,12,3,3
50400,2021,1,3,3
50400,2021,2,1,1
50400,2021,3,1,1
50400,2021,5,2,2
50400,2021,6,2,2
50400,2021,7,1,1
50400,2021,9,1,1
50400,2021,12,1,1
50400,2022,2,1,1
50400,2022,3,1,1
50400,2022,8,4,4
50400,2022,10,2,2
50400,2023,3,1,1
50400,2023,5,1,1
50400,2023,7,1,1
50400,2023,9,1,1
50400,2024,5,1,1
50400,2024,7,1,1
50400,2024,8,1,1
50400,2024,10,2,2
50400,2024,11,1,1
50450,2021,3,2,2
50450,2021,4,4,4
50450,2021,7,1,1
50450,2021,10,2,2
50450,2022,3,3,3
50450,2022,4,2,2
50450,2022,5,2,2
50450,2022,7,1,1
50450,2022,9,1,1
50450,2023,1,3,3
50450,2023,3,2,2
50450,2023,7,1,1
50450,2023,10,1,1
50450,2023,11,1,1
50450,2024,2,1,1
50450,2024,3,1,1
50450,2024,5,2,2
50450,2024,11,1,1
50568,2021,2,1,1
50568,2021,7,1,1
50568,2021,9,5,5
50568,2021,10,7,7
50568,2021,11,5,5
50568,2021,12,1,1
50568,2022,1,2,2
50568,2022,3,3,3
50568,2022,5,3,3
50568,2022,7,1,1
50568,2022,8,2,2
50568,2022,9,3,3
50568,2022,10,4,4
50568,2022,11,4,4
50568,2022,12,1,1
50568,2023,1,3,3
50568,2023,2,2,2
50568,2023,3,3,3
50568,2023,4,7,7
50568,2023,5,2,2
50568,2023,6,1,1
50568,2023,7,5,5
50568,2023,9,1,1
50568,2023,10,1,1
50568,2023,11,5,5
50568,2023,12,4,4
50568,2024,2,1,1
50568,2024,3,3,3
50568,2024,4,2,2
50568,2024,5,2,2
50568,2024,6,2,2
50568,2024,7,2,2
50568,2024,8,3,3
50568,2024,9,6,6
50568,2024,10,2,2
50568,2024,11,3,3
50573,2021,1,2,2
50573,2021,2,2,2
50573,2021,3,2,2
50573,2021,4,2,2
50573,2021,5,3,3
50573,2021,6,1,1
50573,2021,7,2,2
50573,2021,8,2,2
50573,2021,10,2,2
50573,2021,11,2,2
50573,2021,12,4,4
50573,2022,1,2,2
50573,2022,2,4,4
50573,2022,3,6,6
50573,2022,4,1,1
50573,2022,5,1,1
50573,2022,6,2,2
50573,2022,7,3,3
50573,2022,8,2,2
50573,2022,9,2,2
50573,2022,10,3,3
50573,2022,11,7,7
50573,2022,12,3,3
50573,2023,2,1,1
50573,2023,3,1,1
50573,2023,4,2,2
50573,2023,5,4,4
50573,2023,6,4,4
50573,2023,7,4,4
50573,2023,10,1,1
50573,2023,12,2,2
50573,2024,2,2,2
50573,2024,3,4,4
50573,2024,4,5,5
50573,2024,5,5,5
50573,2024,6,2,2
50573,2024,7,3,3
50573,2024,8,6,6
50573,2024,9,6,6
50573,2024,10,5,5
50573,2024,11,4,4
50573,2024,12,3,3
50577,2021,1,1,1
50577,2021,2,1,1
50577,2022,1,1,1
50577,2022,6,1,1
50577,2022,9,2,2
50577,2023,2,1,1
50577,2023,5,1,1
50577,2023,8,1,1
50577,2023,11,1,1
50577,2024,1,2,2
50577,2024,3,1,1
50577,2024,4,1,1
50577,2024,9,1,1
50577,2024,12,1,1
50590,2021,1,1,1
50590,2021,3,1,1
50590,2021,4,2,2
50590,2021,8,2,2
50590,2021,9,1,1
50590,2021,10,1,1
50590,2022,4,1,1
50590,2022,5,1,1
50590,2022,6,1,1
50590,2022,7,1,1
50590,2022,9,1,1
50590,2022,10,1,1
50590,2022,11,2,2
50590,2023,2,1,1
50590,2023,6,3,3
50590,2023,9,1,1
50590,2023,10,1,1
50590,2024,2,1,1
50590,2024,4,1,1
50590,2024,6,1,1
50590,2024,8,1,1
50590,2024,12,1,1
50606,2021,2,1,1
50606,2021,4,1,1
50606,2021,5,2,2
50606,2021,6,1,1
50606,2021,7,1,1
50606,2021,8,2,2
50606,2021,9,2,2
50606,2021,10,2,2
50606,2021,11,2,2
50606,2021,12,1,1
50606,2022,1,1,1
50606,2022,2,4,4
50606,2022,3,1,1
50606,2022,4,1,1
50606,2022,5,3,3
50606,2022,6,1,1
50606,2022,7,1,1
50606,2022,8,1,1
50606,2022,9,1,1
50606,2022,11,1,1
50606,2022,12,2,2
50606,2023,2,2,2
50606,2023,3,1,1
50606,2023,4,1,1
50606,2023,5,3,3
50606,2023,6,1,1
50606,2023,7,2,2
50606,2023,8,2,2
50606,2023,9,1,1
50606,2023,11,1,1
50606,2023,12,1,1
50606,2024,1,2,2
50606,2024,2,1,1
50606,2024,6,1,1
50606,2024,7,1,1
50606,2024,8,2,2
50606,2024,10,2,2
50606,2024,11,1,1
50606,2024,12,2,2
50680,2021,4,1,1
50680,2021,5,2,2
50680,2021,8,1,1
50680,2021,9,1,1
50680,2021,10,1,1
50680,2021,11,2,2
50680,2022,2,1,1
50680,2022,3,3,3
50680,2022,4,2,2
50680,2022,10,1,1
50680,2022,12,2,2
50680,2023,6,1,1
50680,2023,7,1,1
50680,2023,8,2,2
50680,2023,9,2,2
50680,2023,11,2,2
50680,2024,1,1,1
50680,2024,2,1,1
50680,2024,4,1,1
50680,2024,5,2,2
50680,2024,6,2,2
50680,2024,11,2,2
50680,2024,12,1,1
50683,2021,1,2,2
50683,2021,2,1,1
50683,2021,3,1,1
50683,2021,4,1,1
50683,2021,5,1,1
50683,2021,6,2,2
50683,2021,8,1,1
50683,2021,9,1,1
50683,2021,10,2,2
50683,2021,11,1,1
50683,2021,12,1,1
50683,2022,1,1,1
50683,2022,2,1,1
50683,2022,3,3,3
50683,2022,4,1,1
50683,2022,5,1,1
50683,2022,6,1,1
50683,2022,8,1,1
50683,2022,9,1,1
50683,2022,10,1,1
50683,2023,3,1,1
50683,2023,4,2,2
50683,2023,5,1,1
50683,2023,8,1,1
50683,2024,5,1,1
50686,2021,11,1,1
50686,2023,12,1,1
50686,2024,8,1,1
50689,2021,2,1,1
50689,2021,3,1,1
50689,2021,4,1,1
50689,2021,6,1,1
50689,2021,7,1,1
50689,2021,8,2,2
50689,2021,9,2,2
50689,2021,11,1,1
50689,2021,12,1,1
50689,2022,1,1,1
50689,2022,2,3,3
50689,2022,3,3,3
50689,2022,4,5,5
50689,2022,5,2,2
50689,2022,6,1,1
50689,2022,7,3,3
50689,2022,8,6,6
50689,2022,9,4,4
50689,2022,10,1,1
50689,2022,11,2,2
50689,2023,2,3,3
50689,2023,4,2,2
50689,2023,5,6,6
50689,2023,6,2,2
50689,2023,7,2,2
50689,2023,8,1,1
50689,2023,11,2,2
50689,2023,12,2,2
50689,2024,1,1,1
50689,2024,2,2,2
50689,2024,4,3,3
50689,2024,5,4,4
50689,2024,6,1,1
50689,2024,9,2,2
50689,2024,10,2,2
50689,2024,11,2,2
50689,2024,12,1,1
50711,2021,1,2,2
50711,2021,2,1,1
50711,2021,3,1,1
50711,2021,5,1,1
50711,2021,6,2,2
50711,2021,8,1,1
50711,2021,10,1,1
50711,2021,11,1,1
50711,2022,2,1,1
50711,2022,4,1,1
50711,2022,5,1,1
50711,2022,7,2,2
50711,2022,8,1,1
50711,2022,10,1,1
50711,2022,12,2,2
50711,2023,2,1,1
50711,2023,4,1,1
50711,2023,6,1,1
50711,2023,7,1,1
50711,2023,9,3,3
50711,2023,10,1,1
50711,2023,12,1,1
50711,2024,1,2,2
50711,2024,3,1,1
50711,2024,4,2,2
50711,2024,5,2,2
50711,2024,6,2,2
50711,2024,9,3,3
50711,2024,10,1,1
50711,2024,11,2,2
52001,2021,1,39,39
52001,2021,2,35,35
52001,2021,3,37,37
52001,2021,4,53,53
52001,2021,5,30,30
52001,2021,6,43,43
52001,2021,7,52,52
52001,2021,8,43,43
52001,2021,9,59,59
52001,2021,10,61,61
52001,2021,11,65,65
52001,2021,12,57,57
52001,2022,1,43,43
52001,2022,2,58,58
52001,2022,3,73,73
52001,2022,4,64,64
52001,2022,5,68,68
52001,2022,6,62,62
52001,2022,7,47,47
52001,2022,8,68,68
52001,2022,9,61,61
52001,2022,10,70,70
52001,2022,11,72,72
52001,2022,12,45,45
52001,2023,1,49,49
52001,2023,2,54,54
52001,2023,3,60,60
52001,2023,4,72,72
52001,2023,5,73,73
52001,2023,6,73,73
52001,2023,7,74,74
52001,2023,8,73,73
52001,2023,9,70,70
52001,2023,10,56,56
52001,2023,11,62,62
52001,2023,12,50,50
52001,2024,1,44,44
52001,2024,2,61,61
52001,2024,3,57,57
52001,2024,4,55,55
52001,2024,5,80,80
52001,2024,6,55,55
52001,2024,7,57,57
52001,2024,8,60,60
52001,2024,9,75,75
52001,2024,10,75,75
52001,2024,11,57,57
52001,2024,12,46,46
52019,2021,2,1,1
52019,2021,5,1,1
52019,2021,7,2,2
52019,2021,8,1,1
52019,2021,10,1,1
52019,2021,11,1,1
52019,2022,1,1,1
52019,2022,2,1,1
52019,2022,5,1,1
52019,2022,6,1,1
52019,2022,7,3,3
52019,2022,8,3,3
52019,2022,9,1,1
52019,2022,10,3,3
52019,2022,11,2,2
52019,2022,12,2,2
52019,2023,1,1,1
52019,2023,2,2,2
52019,2023,3,1,1
52019,2023,4,3,3
52019,2023,5,4,4
52019,2023,7,1,1
52019,2023,8,3,3
52019,2023,9,2,2
52019,2023,11,1,1
52019,2024,4,2,2
52019,2024,5,1,1
52019,2024,6,1,1
52019,2024,7,3,3
52019,2024,8,1,1
52019,2024,11,1,1
52022,2021,5,1,1
52022,2021,11,1,1
52022,2021,12,2,2
52022,2022,1,1,1
52022,2022,4,1,1
52022,2022,8,1,1
52022,2022,9,1,1
52022,2022,10,1,1
52022,2022,12,2,2
52022,2023,4,1,1
52022,2023,5,3,3
52022,2023,7,5,5
52022,2023,9,2,2
52022,2023,10,2,2
52022,2023,11,1,1
52022,2024,2,2,2
52022,2024,5,3,3
52022,2024,8,1,1
52022,2024,9,1,1
52022,2024,10,1,1
52022,2024,12,1,1
52036,2021,5,1,1
52036,2021,6,1,1
52036,2021,9,1,1
52036,2021,10,2,2
52036,2022,3,1,1
52036,2022,4,1,1
52036,2022,7,1,1
52036,2022,8,1,1
52036,2022,9,1,1
52036,2022,11,2,2
52036,2023,1,1,1
52036,2023,4,2,2
52036,2023,5,1,1
52036,2023,7,1,1
52036,2023,10,1,1
52036,2023,11,1,1
52036,2024,3,1,1
52036,2024,10,1,1
52036,2024,11,1,1
52036,2024,12,1,1
52051,2021,3,1,1
52051,2021,12,1,1
52051,2022,6,2,2
52051,2022,9,2,2
52051,2022,11,1,1
52051,2023,1,2,2
52051,2023,2,1,1
52051,2023,4,2,2
52051,2023,9,1,1
52051,2023,10,1,1
52051,2023,11,1,1
52051,2024,4,1,1
52051,2024,8,1,1
52051,2024,11,1,1
52079,2021,2,1,1
52079,2021,3,1,1
52079,2021,6,2,2
52079,2021,7,1,1
52079,2021,8,1,1
52079,2021,12,1,1
52079,2022,1,1,1
52079,2022,2,1,1
52079,2022,3,1,1
52079,2022,4,1,1
52079,2022,6,2,2
52079,2022,7,1,1
52079,2022,8,1,1
52079,2022,9,2,2
52079,2022,10,2,2
52079,2022,11,1,1
52079,2022,12,1,1
52079,2023,1,1,1
52079,2023,2,1,1
52079,2023,5,1,1
52079,2023,6,1,1
52079,2023,8,2,2
52079,2023,10,1,1
52079,2023,11,4,4
52079,2023,12,1,1
52079,2024,4,2,2
52079,2024,5,1,1
52079,2024,6,1,1
52079,2024,7,2,2
52079,2024,8,4,4
52079,2024,9,3,3
52079,2024,10,1,1
52079,2024,11,3,3
52079,2024,12,3,3
52083,2021,2,1,1
52083,2021,6,1,1
52083,2021,8,1,1
52083,2021,12,1,1
52083,2022,4,2,2
52083,2022,5,1,1
52083,2022,6,1,1
52083,2023,2,2,2
52083,2023,6,1,1
52083,2023,7,1,1
52083,2023,12,1,1
52083,2024,1,1,1
52083,2024,4,1,1
52083,2024,12,1,1
52110,2021,1,1,1
52110,2021,2,1,1
52110,2021,4,1,1
52110,2021,5,1,1
52110,2021,7,1,1
52110,2021,8,2,2
52110,2021,10,1,1
52110,2021,11,1,1
52110,2021,12,3,3
52110,2022,2,1,1
52110,2022,3,2,2
52110,2022,4,1,1
52110,2022,7,2,2
52110,2022,8,2,2
52110,2022,9,4,4
52110,2022,10,1,1
52110,2022,11,4,4
52110,2023,1,1,1
52110,2023,2,1,1
52110,2023,3,7,7
52110,2023,4,2,2
52110,2023,5,3,3
52110,2023,6,2,2
52110,2023,7,2,2
52110,2023,8,2,2
52110,2023,10,4,4
52110,2023,11,3,3
52110,2023,12,1,1
52110,2024,1,1,1
52110,2024,5,3,3
52110,2024,7,1,1
52110,2024,8,4,4
52110,2024,9,3,3
52110,2024,10,2,2
52110,2024,12,2,2
52203,2021,1,1,1
52203,2021,2,1,1
52203,2021,6,1,1
52203,2021,8,1,1
52203,2022,1,1,1
52203,2022,4,1,1
52203,2022,6,2,2
52203,2022,11,1,1
52203,2023,1,1,1
52203,2023,3,1,1
52203,2023,5,1,1
52203,2023,6,1,1
52203,2023,8,1,1
52203,2023,9,1,1
52203,2023,10,2,2
52203,2023,11,1,1
52203,2023,12,4,4
52203,2024,5,1,1
52203,2024,6,1,1
52203,2024,8,1,1
52203,2024,12,2,2
52207,2021,2,1,1
52207,2021,4,1,1
52207,2021,5,3,3
52207,2021,6,2,2
52207,2021,10,1,1
52207,2022,3,1,1
52207,2022,6,2,2
52207,2022,7,1,1
52207,2022,8,1,1
52207,2022,10,1,1
52207,2022,11,3,3
52207,2023,5,3,3
52207,2023,6,1,1
52207,2023,9,2,2
52207,2023,10,1,1
52207,2023,12,1,1
52207,2024,2,1,1
52207,2024,4,1,1
52207,2024,8,1,1
52207,2024,9,1,1
52207,2024,11,1,1
52207,2024,12,1,1
52210,2021,2,1,1
52210,2021,5,1,1
52210,2021,8,1,1
52210,2021,11,1,1
52210,2022,2,1,1
52210,2022,3,1,1
52210,2022,4,1,1
52210,2022,11,1,1
52210,2022,12,2,2
52210,2023,1,1,1
52210,2023,2,1,1
52210,2023,5,1,1
52210,2023,6,2,2
52210,2023,8,1,1
52210,2023,9,1,1
52210,2023,10,1,1
52210,2024,3,1,1
52210,2024,5,1,1
52210,2024,8,1,1
52215,2021,1,2,2
52215,2021,3,1,1
52215,2021,6,1,1
52215,2021,8,1,1
52215,2021,9,3,3
52215,2021,10,1,1
52215,2021,11,1,1
52215,2021,12,1,1
52215,2022,1,1,1
52215,2022,3,1,1
52215,2022,4,1,1
52215,2022,5,1,1
52215,2022,6,1,1
52215,2022,7,1,1
52215,2022,8,2,2
52215,2022,9,1,1
52215,2022,11,1,1
52215,2022,12,1,1
52215,2023,3,1,1
52215,2023,4,2,2
52215,2023,5,1,1
52215,2023,7,2,2
52215,2023,8,1,1
52215,2023,9,2,2
52215,2023,10,1,1
52215,2023,11,3,3
52215,2024,1,1,1
52215,2024,3,2,2
52215,2024,4,1,1
52215,2024,5,3,3
52215,2024,6,1,1
52215,2024,7,2,2
52215,2024,8,1,1
52215,2024,9,3,3
52215,2024,12,1,1
52224,2021,7,2,2
52224,2021,11,1,1
52224,2021,12,1,1
52224,2022,1,1,1
52224,2022,4,1,1
52224,2022,7,1,1
52224,2023,4,1,1
52224,2023,5,1,1
52224,2023,8,1,1
52224,2023,11,1,1
52224,2024,1,3,3
52224,2024,2,3,3
52224,2024,3,2,2
52224,2024,4,2,2
52224,2024,9,1,1
52224,2024,10,1,1
52227,2021,2,1,1
52227,2021,3,2,2
52227,2021,7,1,1
52227,2021,9,2,2
52227,2021,10,1,1
52227,2021,11,1,1
52227,2021,12,1,1
52227,2022,1,1,1
52227,2022,5,1,1
52227,2022,6,1,1
52227,2022,8,1,1
52227,2022,9,1,1
52227,2022,11,2,2
52227,2023,1,1,1
52227,2023,2,1,1
52227,2023,5,1,1
52227,2023,6,1,1
52227,2023,8,3,3
52227,2023,9,1,1
52227,2024,1,1,1
52227,2024,4,1,1
52227,2024,5,1,1
52227,2024,6,1,1
52227,2024,7,2,2
52227,2024,8,2,2
52227,2024,9,1,1
52227,2024,11,1,1
52227,2024,12,2,2
52233,2021,2,1,1
52233,2021,9,2,2
52233,2021,10,1,1
52233,2021,12,1,1
52233,2022,3,4,4
52233,2022,4,3,3
52233,2022,8,1,1
52233,2023,9,1,1
52233,2024,1,1,1
52233,2024,2,1,1
52233,2024,3,1,1
52233,2024,5,2,2
52240,2021,1,1,1
52240,2021,5,1,1
52240,2021,9,3,3
52240,2021,10,3,3
52240,2021,11,1,1
52240,2022,3,6,6
52240,2022,4,2,2
52240,2022,6,2,2
52240,2022,7,1,1
52240,2022,9,4,4
52240,2022,10,2,2
52240,2022,11,2,2
52240,2023,2,3,3
52240,2023,3,3,3
52240,2023,4,3,3
52240,2023,5,2,2
52240,2023,6,2,2
52240,2023,7,1,1
52240,2023,8,3,3
52240,2023,9,1,1
52240,2023,10,4,4
52240,2023,11,1,1
52240,2024,1,1,1
52240,2024,2,2,2
52240,2024,3,5,5
52240,2024,4,1,1
52240,2024,5,1,1
52240,2024,6,1,1
52240,2024,8,2,2
52240,2024,9,2,2
52240,2024,11,1,1
52240,2024,12,2,2
52250,2022,2,1,1
52250,2022,8,1,1
52250,2022,11,1,1
52250,2023,8,1,1
52250,2023,10,1,1
52250,2023,12,1,1
52250,2024,1,1,1
52250,2024,2,1,1
52250,2024,5,2,2
52250,2024,8,2,2
52250,2024,10,1,1
52250,2024,11,1,1
52254,2021,2,1,1
52254,2021,4,1,1
52254,2021,8,1,1
52254,2021,9,1,1
52254,2022,3,1,1
52254,2022,5,1,1
52254,2022,6,1,1
52254,2023,3,2,2
52254,2023,6,1,1
52254,2023,8,1,1
52254,2023,10,1,1
52254,2023,11,1,1
52254,2024,4,1,1
52254,2024,5,1,1
52254,2024,7,1,1
52254,2024,9,1,1
52254,2024,10,1,1
52256,2021,4,1,1
52256,2021,8,1,1
52256,2022,1,1,1
52256,2022,3,1,1
52256,2022,4,1,1
52256,2022,7,2,2
52256,2022,8,1,1
52256,2022,10,1,1
52256,2023,2,1,1
52256,2023,3,2,2
52256,2023,4,2,2
52256,2023,5,2,2
52256,2023,8,1,1
52256,2023,11,1,1
52256,2024,3,1,1
52256,2024,4,1,1
52256,2024,6,2,2
52256,2024,8,1,1
52256,2024,9,1,1
52256,2024,10,1,1
52258,2021,1,4,4
52258,2021,3,1,1
52258,2021,5,1,1
52258,2021,6,1,1
52258,2021,8,1,1
52258,2021,10,1,1
52258,2021,11,2,2
52258,2021,12,1,1
52258,2022,1,1,1
52258,2022,2,1,1
52258,2022,3,1,1
52258,2022,4,1,1
52258,2022,5,1,1
52258,2022,6,1,1
52258,2022,7,1,1
52258,2022,9,5,5
52258,2022,10,1,1
52258,2022,12,2,2
52258,2023,1,5,5
52258,2023,2,4,4
52258,2023,3,1,1
52258,2023,4,1,1
52258,2023,5,3,3
52258,2023,6,1,1
52258,2023,8,1,1
52258,2023,9,3,3
52258,2023,10,1,1
52258,2024,3,3,3
52258,2024,4,1,1
52258,2024,6,1,1
52258,2024,7,1,1
52258,2024,8,1,1
52258,2024,10,2,2
52258,2024,11,2,2
52258,2024,12,1,1
52260,2021,1,1,1
52260,2021,2,1,1
52260,2021,3,2,2
52260,2021,4,1,1
52260,2021,6,1,1
52260,2021,7,1,1
52260,2021,8,4,4
52260,2021,9,1,1
52260,2021,10,1,1
52260,2022,2,2,2
52260,2022,7,2,2
52260,2022,8,3,3
52260,2022,9,1,1
52260,2023,2,1,1
52260,2023,3,1,1
52260,2023,4,4,4
52260,2023,9,3,3
52260,2023,10,3,3
52260,2023,11,1,1
52260,2024,1,3,3
52260,2024,2,1,1
52260,2024,3,3,3
52260,2024,5,2,2
52260,2024,6,1,1
52260,2024,7,1,1
52287,2022,3,1,1
52287,2022,4,1,1
52287,2022,6,1,1
52287,2022,7,1,1
52287,2022,8,1,1
52287,2022,9,1,1
52287,2022,12,2,2
52287,2023,4,1,1
52287,2023,5,1,1
52287,2023,6,1,1
52287,2023,10,1,1
52287,2023,11,1,1
52287,2023,12,1,1
52287,2024,7,2,2
52287,2024,8,1,1
52287,2024,9,1,1
52317,2021,3,1,1
52317,2021,5,4,4
52317,2021,6,2,2
52317,2021,7,1,1
52317,2021,8,3,3
52317,2021,9,2,2
52317,2021,10,1,1
52317,2021,12,3,3
52317,2022,2,1,1
52317,2022,3,1,1
52317,2022,4,2,2
52317,2022,5,2,2
52317,2022,6,4,4
52317,2022,7,3,3
52317,2022,8,3,3
52317,2022,11,1,1
52317,2023,1,1,1
52317,2023,2,1,1
52317,2023,3,2,2
52317,2023,4,2,2
52317,2023,6,2,2
52317,2023,9,2,2
52317,2023,10,1,1
52317,2023,11,1,1
52317,2023,12,1,1
52317,2024,2,1,1
52317,2024,3,1,1
52317,2024,4,1,1
52317,2024,6,2,2
52317,2024,9,1,1
52317,2024,10,3,3
52317,2024,11,2,2
52317,2024,12,2,2
52320,2021,8,1,1
52320,2021,10,1,1
52320,2022,3,1,1
52320,2022,4,1,1
52320,2022,6,1,1
52320,2022,9,1,1
52320,2022,10,1,1
52320,2022,12,1,1
52320,2023,2,1,1
52320,2023,6,1,1
52320,2023,8,1,1
52320,2023,11,1,1
52320,2023,12,1,1
52320,2024,2,1,1
52320,2024,4,1,1
52320,2024,5,3,3
52320,2024,8,1,1
52320,2024,11,1,1
52320,2024,12,1,1
52323,2021,3,2,2
52323,2021,11,1,1
52323,2021,12,2,2
52323,2022,7,1,1
52323,2022,8,1,1
52323,2023,2,1,1
52323,2023,11,1,1
52323,2024,2,2,2
52323,2024,4,2,2
52323,2024,5,1,1
52323,2024,7,1,1
52323,2024,9,1,1
52323,2024,10,2,2
52323,2024,12,1,1
52352,2021,7,1,1
52352,2021,10,1,1
52352,2021,11,1,1
52352,2022,4,1,1
52352,2022,7,1,1
52352,2023,4,1,1
52352,2023,5,1,1
52352,2023,7,1,1
52352,2024,8,1,1
52352,2024,10,1,1
52354,2021,3,1,1
52354,2021,9,1,1
52354,2021,10,1,1
52354,2022,2,1,1
52354,2022,3,1,1
52354,2022,6,1,1
52354,2023,1,1,1
52354,2023,4,2,2
52354,2023,6,1,1
52354,2023,7,1,1
52354,2023,8,1,1
52354,2023,9,2,2
52354,2023,10,1,1
52354,2024,5,1,1
52354,2024,8,1,1
52356,2021,1,4,4
52356,2021,2,9,9
52356,2021,3,8,8
52356,2021,4,16,16
52356,2021,5,13,13
52356,2021,6,6,6
52356,2021,7,11,11
52356,2021,8,12,12
52356,2021,9,7,7
52356,2021,10,23,23
52356,2021,11,15,15
52356,2021,12,5,5
52356,2022,1,5,5
52356,2022,2,10,10
52356,2022,3,12,12
52356,2022,4,15,15
52356,2022,5,23,23
52356,2022,6,22,22
52356,2022,7,4,4
52356,2022,8,15,15
52356,2022,9,18,18
52356,2022,10,20,20
52356,2022,11,11,11
52356,2022,12,8,8
52356,2023,1,11,11
52356,2023,2,19,19
52356,2023,3,15,15
52356,2023,4,17,17
52356,2023,5,13,13
52356,2023,6,23,23
52356,2023,7,14,14
52356,2023,8,14,14
52356,2023,9,12,12
52356,2023,10,10,10
52356,2023,11,8,8
52356,2023,12,12,12
52356,2024,1,9,9
52356,2024,2,11,11
52356,2024,3,9,9
52356,2024,4,10,10
52356,2024,5,13,13
52356,2024,6,15,15
52356,2024,7,11,11
52356,2024,8,9,9
52356,2024,9,14,14
52356,2024,10,7,7
52356,2024,11,5,5
52356,2024,12,6,6
52378,2021,1,2,2
52378,2021,2,1,1
52378,2021,3,1,1
52378,2021,5,3,3
52378,2021,6,1,1
52378,2021,9,1,1
52378,2021,10,1,1
52378,2021,11,1,1
52378,2022,1,2,2
52378,2022,2,1,1
52378,2022,3,2,2
52378,2022,5,1,1
52378,2022,6,1,1
52378,2022,7,2,2
52378,2022,8,2,2
52378,2022,10,1,1
52378,2022,11,2,2
52378,2022,12,3,3
52378,2023,1,2,2
52378,2023,2,3,3
52378,2023,3,2,2
52378,2023,6,2,2
52378,2023,7,1,1
52378,2023,8,4,4
52378,2023,9,2,2
52378,2023,11,3,3
52378,2023,12,1,1
52378,2024,1,3,3
52378,2024,2,2,2
52378,2024,3,3,3
52378,2024,5,1,1
52378,2024,7,1,1
52378,2024,10,4,4
52378,2024,11,1,1
52381,2021,1,1,1
52381,2021,3,1,1
52381,2021,9,2,2
52381,2021,10,1,1
52381,2022,1,1,1
52381,2022,2,1,1
52381,2022,3,1,1
52381,2022,5,2,2
52381,2022,7,1,1
52381,2022,8,2,2
52381,2022,10,1,1
52381,2022,11,3,3
52381,2023,2,2,2
52381,2023,4,1,1
52381,2023,6,1,1
52381,2023,7,2,2
52381,2023,9,1,1
52381,2023,11,1,1
52381,2023,12,1,1
52381,2024,2,1,1
52381,2024,4,1,1
52381,2024,5,1,1
52381,2024,7,1,1
52381,2024,11,1,1
52385,2021,5,1,1
52385,2021,9,1,1
52385,2021,10,2,2
52385,2021,12,1,1
52385,2022,7,2,2
52385,2022,10,1,1
52385,2022,11,1,1
52385,2023,3,2,2
52385,2023,6,1,1
52385,2023,9,1,1
52385,2024,2,1,1
52385,2024,3,1,1
52385,2024,11,1,1
52390,2023,9,1,1
52390,2023,12,1,1
52390,2024,9,1,1
52399,2021,1,4,4
52399,2021,2,1,1
52399,2021,3,3,3
52399,2021,4,4,4
52399,2021,5,1,1
52399,2021,6,4,4
52399,2021,7,1,1
52399,2021,8,1,1
52399,2021,9,7,7
52399,2021,10,1,1
52399,2021,12,4,4
52399,2022,1,1,1
52399,2022,2,1,1
52399,2022,4,1,1
52399,2022,5,2,2
52399,2022,6,3,3
52399,2022,7,2,2
52399,2022,9,3,3
52399,2022,10,1,1
52399,2022,11,1,1
52399,2022,12,1,1
52399,2023,1,4,4
52399,2023,3,3,3
52399,2023,4,1,1
52399,2023,5,2,2
52399,2023,6,3,3
52399,2023,8,4,4
52399,2023,9,3,3
52399,2023,10,2,2
52399,2023,11,4,4
52399,2023,12,1,1
52399,2024,1,1,1
52399,2024,2,2,2
52399,2024,3,2,2
52399,2024,4,2,2
52399,2024,5,1,1
52399,2024,6,4,4
52399,2024,9,4,4
52399,2024,10,3,3
52399,2024,11,2,2
52399,2024,12,2,2
52405,2021,8,1,1
52405,2021,9,1,1
52405,2022,3,1,1
52405,2022,8,2,2
52405,2022,9,3,3
52405,2022,10,1,1
52405,2022,11,1,1
52405,2022,12,1,1
52405,2023,2,1,1
52405,2023,11,1,1
52405,2023,12,1,1
52405,2024,4,1,1
52405,2024,5,1,1
52405,2024,6,1,1
52405,2024,9,1,1
52405,2024,12,2,2
52411,2021,4,1,1
52411,2021,5,2,2
52411,2021,7,1,1
52411,2021,8,1,1
52411,2021,10,2,2
52411,2021,11,1,1
52411,2021,12,3,3
52411,2022,5,2,2
52411,2022,6,3,3
52411,2022,7,1,1
52411,2022,8,2,2
52411,2023,2,1,1
52411,2023,8,1,1
52411,2023,9,1,1
52411,2023,10,1,1
52411,2024,2,1,1
52411,2024,3,4,4
52411,2024,4,2,2
52411,2024,7,1,1
52411,2024,11,1,1
52418,2021,1,1,1
52418,2021,2,1,1
52418,2021,5,1,1
52418,2021,6,1,1
52418,2021,7,1,1
52418,2021,10,1,1
52418,2022,1,1,1
52418,2022,5,2,2
52418,2022,6,2,2
52418,2022,8,2,2
52418,2022,9,1,1
52418,2022,10,1,1
52418,2022,11,1,1
52418,2022,12,1,1
52418,2023,2,1,1
52418,2023,3,2,2
52418,2023,4,2,2
52418,2023,5,1,1
52418,2023,6,2,2
52418,2023,8,1,1
52418,2023,11,1,1
52418,2024,1,1,1
52418,2024,2,1,1
52418,2024,3,1,1
52418,2024,4,2,2
52418,2024,6,3,3
52418,2024,12,1,1
52427,2021,5,1,1
52427,2021,12,1,1
52427,2022,3,1,1
52427,2022,8,1,1
52427,2023,3,1,1
52427,2023,4,1,1
52427,2023,9,1,1
52427,2023,11,1,1
52427,2023,12,1,1
52427,2024,2,1,1
52427,2024,4,1,1
52427,2024,9,1,1
52435,2021,10,1,1
52435,2021,12,2,2
52435,2022,4,1,1
52435,2022,7,1,1
52435,2022,8,1,1
52435,2022,10,1,1
52435,2023,2,1,1
52435,2023,6,1,1
52435,2023,8,1,1
52435,2023,9,1,1
52435,2023,12,1,1
52435,2024,1,1,1
52435,2024,2,1,1
52435,2024,3,1,1
52435,2024,9,1,1
52435,2024,11,2,2
52473,2022,5,1,1
52473,2023,2,1,1
52473,2024,12,3,3
52480,2021,4,2,2
52480,2021,11,2,2
52480,2021,12,1,1
52480,2022,4,1,1
52480,2023,2,1,1
52480,2023,7,1,1
52480,2024,3,1,1
52480,2024,8,1,1
52480,2024,9,1,1
52480,2024,11,1,1
52490,2021,1,2,2
52490,2021,5,1,1
52490,2021,9,2,2
52490,2022,9,1,1
52490,2022,11,1,1
52490,2023,3,1,1
52490,2023,5,1,1
52490,2023,6,2,2
52490,2023,7,1,1
52490,2023,9,3,3
52490,2023,11,1,1
52490,2024,1,1,1
52490,2024,3,2,2
52490,2024,4,1,1
52490,2024,6,1,1
52490,2024,10,1,1
52490,2024,11,3,3
52490,2024,12,2,2
52506,2021,3,1,1
52506,2021,5,1,1
52506,2022,10,1,1
52506,2023,9,1,1
52506,2024,3,1,1
52506,2024,6,1,1
52506,2024,7,2,2
52506,2024,11,1,1
52506,2024,12,1,1
52520,2021,7,1,1
52520,2022,3,1,1
52520,2023,7,1,1
52520,2024,5,1,1
52520,2024,8,1,1
52520,2024,10,1,1
52540,2021,6,1,1
52540,2021,7,1,1
52540,2021,9,2,2
52540,2021,12,1,1
52540,2022,1,1,1
52540,2022,2,1,1
52540,2022,3,1,1
52540,2022,4,1,1
52540,2022,5,1,1
52540,2022,10,1,1
52540,2022,11,2,2
52540,2023,2,1,1
52540,2023,3,1,1
52540,2023,4,1,1
52540,2023,6,1,1
52540,2023,8,1,1
52540,2023,9,1,1
52540,2023,10,1,1
52540,2023,12,2,2
52540,2024,1,1,1
52540,2024,2,1,1
52540,2024,3,2,2
52540,2024,4,1,1
52540,2024,6,1,1
52540,2024,9,1,1
52540,2024,10,1,1
52560,2021,6,1,1
52560,2021,8,1,1
52560,2021,10,1,1
52560,2022,1,1,1
52560,2022,2,1,1
52560,2022,3,1,1
52560,2022,5,3,3
52560,2022,6,2,2
52560,2022,7,3,3
52560,2022,9,2,2
52560,2022,10,1,1
52560,2022,12,1,1
52560,2023,3,1,1
52560,2023,5,1,1
52560,2023,7,1,1
52560,2023,9,1,1
52560,2023,10,1,1
52560,2023,12,2,2
52560,2024,3,2,2
52560,2024,6,1,1
52560,2024,8,1,1
52560,2024,9,1,1
52560,2024,12,1,1
52565,2021,12,1,1
52565,2022,4,2,2
52565,2022,5,1,1
52565,2023,9,1,1
52565,2024,3,1,1
52573,2021,2,1,1
52573,2021,4,1,1
52573,2021,9,3,3
52573,2021,11,2,2
52573,2021,12,3,3
52573,2022,3,1,1
52573,2022,4,1,1
52573,2022,5,1,1
52573,2022,7,3,3
52573,2022,8,1,1
52573,2022,9,2,2
52573,2023,2,1,1
52573,2023,5,2,2
52573,2023,6,1,1
52573,2023,7,4,4
52573,2023,11,1,1
52573,2024,1,1,1
52585,2021,1,2,2
52585,2021,2,2,2
52585,2021,3,1,1
52585,2021,4,3,3
52585,2021,5,1,1
52585,2021,7,1,1
52585,2021,8,1,1
52585,2021,10,1,1
52585,2022,1,2,2
52585,2022,3,2,2
52585,2022,4,1,1
52585,2022,5,1,1
52585,2022,6,1,1
52585,2022,8,3,3
52585,2022,9,1,1
52585,2022,10,1,1
52585,2023,1,2,2
52585,2023,2,2,2
52585,2023,3,5,5
52585,2023,7,3,3
52585,2023,9,1,1
52585,2023,10,2,2
52585,2023,11,1,1
52585,2023,12,3,3
52585,2024,1,1,1
52585,2024,3,1,1
52585,2024,5,3,3
52585,2024,6,1,1
52585,2024,7,3,3
52585,2024,8,3,3
52585,2024,9,2,2
52585,2024,10,1,1
52585,2024,12,1,1
52612,2021,2,5,5
52612,2021,3,8,8
52612,2021,4,1,1
52612,2021,5,4,4
52612,2021,6,2,2
52612,2021,9,2,2
52612,2021,10,1,1
52612,2021,11,2,2
52612,2021,12,3,3
52612,2022,3,1,1
52612,2022,4,1,1
52612,2022,8,1,1
52612,2022,9,3,3
52612,2022,10,3,3
52612,2022,11,1,1
52612,2022,12,1,1
52612,2023,1,1,1
52612,2023,2,1,1
52612,2023,4,2,2
52612,2023,5,1,1
52612,2023,6,1,1
52612,2023,8,1,1
52612,2023,10,2,2
52612,2024,1,2,2
52612,2024,2,1,1
52612,2024,3,1,1
52612,2024,4,1,1
52612,2024,5,1,1
52612,2024,6,1,1
52612,2024,9,3,3
52612,2024,11,2,2
52612,2024,12,2,2
52621,2021,8,1,1
52621,2022,3,2,2
52621,2022,4,2,2
52621,2022,7,1,1
52621,2022,8,1,1
52621,2023,1,2,2
52621,2023,4,1,1
52621,2024,2,2,2
52621,2024,8,3,3
52621,2024,9,1,1
52678,2021,1,1,1
52678,2021,2,2,2
52678,2021,4,4,4
52678,2021,5,2,2
52678,2021,6,3,3
52678,2021,7,2,2
52678,2021,8,2,2
52678,2021,9,1,1
52678,2021,10,2,2
52678,2021,11,2,2
52678,2021,12,3,3
52678,2022,1,3,3
52678,2022,2,1,1
52678,2022,3,1,1
52678,2022,4,1,1
52678,2022,5,1,1
52678,2022,7,4,4
52678,2022,8,6,6
52678,2022,9,5,5
52678,2022,10,2,2
52678,2022,11,3,3
52678,2022,12,1,1
52678,2023,1,3,3
52678,2023,2,2,2
52678,2023,3,2,2
52678,2023,4,1,1
52678,2023,5,1,1
52678,2023,6,3,3
52678,2023,7,1,1
52678,2023,8,1,1
52678,2023,9,2,2
52678,2023,10,1,1
52678,2023,11,1,1
52678,2024,1,2,2
52678,2024,2,2,2
52678,2024,4,4,4
52678,2024,5,2,2
52678,2024,6,3,3
52678,2024,9,4,4
52678,2024,11,1,1
52678,2024,12,1,1
52683,2021,2,1,1
52683,2021,3,3,3
52683,2021,4,2,2
52683,2021,5,1,1
52683,2021,6,4,4
52683,2021,7,1,1
52683,2021,8,3,3
52683,2021,9,3,3
52683,2021,10,4,4
52683,2021,11,1,1
52683,2021,12,2,2
52683,2022,1,1,1
52683,2022,2,2,2
52683,2022,3,4,4
52683,2022,4,1,1
52683,2022,5,1,1
52683,2022,6,3,3
52683,2022,7,2,2
52683,2022,8,3,3
52683,2022,9,3,3
52683,2022,10,4,4
52683,2022,12,4,4
52683,2023,3,1,1
52683,2023,4,1,1
52683,2023,5,1,1
52683,2023,6,1,1
52683,2023,7,3,3
52683,2023,8,2,2
52683,2023,11,1,1
52683,2023,12,3,3
52683,2024,3,3,3
52683,2024,5,2,2
52683,2024,7,1,1
52683,2024,8,1,1
52683,2024,9,2,2
52683,2024,11,2,2
52685,2021,3,2,2
52685,2021,4,1,1
52685,2021,6,1,1
52685,2021,7,1,1
52685,2021,11,1,1
52685,2022,1,2,2
52685,2022,2,2,2
52685,2022,4,1,1
52685,2022,6,1,1
52685,2022,8,1,1
52685,2022,9,2,2
52685,2022,10,4,4
52685,2022,11,2,2
52685,2022,12,2,2
52685,2023,2,1,1
52685,2023,3,1,1
52685,2023,4,1,1
52685,2023,5,1,1
52685,2023,8,2,2
52685,2023,10,1,1
52685,2023,12,1,1
52685,2024,1,1,1
52685,2024,2,1,1
52685,2024,4,1,1
52685,2024,5,2,2
52685,2024,6,1,1
52685,2024,7,1,1
52685,2024,9,2,2
52685,2024,12,1,1
52687,2021,3,1,1
52687,2021,6,1,1
52687,2021,9,1,1
52687,2021,11,1,1
52687,2022,1,2,2
52687,2022,2,1,1
52687,2022,5,1,1
52687,2022,7,1,1
52687,2022,8,2,2
52687,2022,9,7,7
52687,2022,10,1,1
52687,2022,11,1,1
52687,2022,12,1,1
52687,2023,1,1,1
52687,2023,2,1,1
52687,2023,3,3,3
52687,2023,4,2,2
52687,2023,6,5,5
52687,2023,7,2,2
52687,2023,8,1,1
52687,2023,9,1,1
52687,2023,10,2,2
52687,2023,11,1,1
52687,2024,2,2,2
52687,2024,3,1,1
52687,2024,4,1,1
52687,2024,5,2,2
52687,2024,6,1,1
52687,2024,7,1,1
52687,2024,8,1,1
52687,2024,11,2,2
52693,2021,2,1,1
52693,2021,4,1,1
52693,2021,5,2,2
52693,2021,6,2,2
52693,2021,8,1,1
52693,2021,9,2,2
52693,2021,10,1,1
52693,2021,11,1,1
52693,2021,12,2,2
52693,2022,1,1,1
52693,2022,4,1,1
52693,2022,8,1,1
52693,2022,10,1,1
52693,2022,12,1,1
52693,2023,1,1,1
52693,2023,2,1,1
52693,2023,3,1,1
52693,2023,4,2,2
52693,2023,5,2,2
52693,2023,6,2,2
52693,2023,8,1,1
52693,2023,9,1,1
52693,2023,10,1,1
52693,2024,1,1,1
52693,2024,2,1,1
52693,2024,5,1,1
52693,2024,7,2,2
52693,2024,8,1,1
52693,2024,9,1,1
52693,2024,10,1,1
52693,2024,11,1,1
52694,2021,3,1,1
52694,2021,5,1,1
52694,2021,6,1,1
52694,2021,9,1,1
52694,2022,4,1,1
52694,2022,5,1,1
52694,2022,10,3,3
52694,2022,12,2,2
52694,2023,2,1,1
52694,2023,4,1,1
52694,2023,5,1,1
52694,2023,6,1,1
52694,2024,4,1,1
52694,2024,9,2,2
52694,2024,11,1,1
52696,2021,3,1,1
52696,2021,5,1,1
52696,2021,12,1,1
52696,2023,1,1,1
52696,2023,3,1,1
52696,2023,5,1,1
52696,2023,8,1,1
52696,2023,11,1,1
52696,2024,8,2,2
52696,2024,9,1,1
52696,2024,10,1,1
52699,2021,2,1,1
52699,2021,3,2,2
52699,2022,3,2,2
52699,2022,4,1,1
52699,2022,7,1,1
52699,2022,9,2,2
52699,2023,4,1,1
52699,2023,8,2,2
52699,2023,10,1,1
52699,2024,1,1,1
52699,2024,2,1,1
52699,2024,3,1,1
52699,2024,4,2,2
52699,2024,5,1,1
52720,2021,8,1,1
52720,2021,11,2,2
52720,2022,1,1,1
52720,2022,3,1,1
52720,2022,8,1,1
52720,2023,1,1,1
52720,2023,7,1,1
52720,2024,6,2,2
52720,2024,9,1,1
52720,2024,10,1,1
52720,2024,12,1,1
52786,2021,1,1,1
52786,2021,2,2,2
52786,2021,3,1,1
52786,2021,4,1,1
52786,2021,7,1,1
52786,2021,11,1,1
52786,2021,12,1,1
52786,2022,1,1,1
52786,2022,2,2,2
52786,2022,3,2,2
52786,2022,4,3,3
52786,2022,5,2,2
52786,2022,7,2,2
52786,2022,8,1,1
52786,2022,11,2,2
52786,2022,12,1,1
52786,2023,2,2,2
52786,2023,5,1,1
52786,2023,6,1,1
52786,2023,7,2,2
52786,2023,8,1,1
52786,2023,9,2,2
52786,2023,10,2,2
52786,2023,12,3,3
52786,2024,3,1,1
52786,2024,4,2,2
52786,2024,7,1,1
52786,2024,8,2,2
52788,2021,1,1,1
52788,2021,2,2,2
52788,2021,11,1,1
52788,2022,2,1,1
52788,2022,5,3,3
52788,2022,11,2,2
52788,2023,1,1,1
52788,2023,3,1,1
52788,2023,5,1,1
52788,2023,7,1,1
52788,2023,9,1,1
52788,2023,10,1,1
52788,2023,11,1,1
52788,2024,5,1,1
52788,2024,8,1,1
52788,2024,9,1,1
52788,2024,10,1,1
52788,2024,11,1,1
52835,2021,1,7,7
52835,2021,2,7,7
52835,2021,3,10,10
52835,2021,4,7,7
52835,2021,5,6,6
52835,2021,6,9,9
52835,2021,7,9,9
52835,2021,8,17,17
52835,2021,9,13,13
52835,2021,10,7,7
52835,2021,11,6,6
52835,2021,12,12,12
52835,2022,1,5,5
52835,2022,2,11,11
52835,2022,3,14,14
52835,2022,4,5,5
52835,2022,5,5,5
52835,2022,6,8,8
52835,2022,7,11,11
52835,2022,8,10,10
52835,2022,9,8,8
52835,2022,10,15,15
52835,2022,11,10,10
52835,2022,12,10,10
52835,2023,1,15,15
52835,2023,2,4,4
52835,2023,3,13,13
52835,2023,4,11,11
52835,2023,5,7,7
52835,2023,6,12,12
52835,2023,7,10,10
52835,2023,8,16,16
52835,2023,9,6,6
52835,2023,10,11,11
52835,2023,11,12,12
52835,2023,12,4,4
52835,2024,1,15,15
52835,2024,2,10,10
52835,2024,3,6,6
52835,2024,4,10,10
52835,2024,5,8,8
52835,2024,6,9,9
52835,2024,7,9,9
52835,2024,8,8,8
52835,2024,9,7,7
52835,2024,10,18,18
52835,2024,11,13,13
52835,2024,12,11,11
52838,2021,1,3,3
52838,2021,2,2,2
52838,2021,4,3,3
52838,2021,5,3,3
52838,2021,6,5,5
52838,2021,7,3,3
52838,2021,8,2,2
52838,2021,9,6,6
52838,2021,10,4,4
52838,2021,11,5,5
52838,2021,12,5,5
52838,2022,1,2,2
52838,2022,2,3,3
52838,2022,3,7,7
52838,2022,4,1,1
52838,2022,5,7,7
52838,2022,6,8,8
52838,2022,8,2,2
52838,2022,9,3,3
52838,2022,10,3,3
52838,2022,11,2,2
52838,2022,12,4,4
52838,2023,1,4,4
52838,2023,2,4,4
52838,2023,3,6,6
52838,2023,4,5,5
52838,2023,5,7,7
52838,2023,6,3,3
52838,2023,7,2,2
52838,2023,8,1,1
52838,2023,9,3,3
52838,2023,10,6,6
52838,2023,11,1,1
52838,2023,12,2,2
52838,2024,1,2,2
52838,2024,2,2,2
52838,2024,3,6,6
52838,2024,4,6,6
52838,2024,5,2,2
52838,2024,6,4,4
52838,2024,7,1,1
52838,2024,8,6,6
52838,2024,9,4,4
52838,2024,10,4,4
52838,2024,11,4,4
52838,2024,12,6,6
52885,2021,1,3,3
52885,2021,2,1,1
52885,2021,5,2,2
52885,2021,6,2,2
52885,2021,7,1,1
52885,2021,10,1,1
52885,2021,12,1,1
52885,2022,2,1,1
52885,2022,3,1,1
52885,2022,4,2,2
52885,2022,5,1,1
52885,2022,6,1,1
52885,2022,7,1,1
52885,2022,8,4,4
52885,2022,9,2,2
52885,2022,11,1,1
52885,2022,12,1,1
52885,2023,1,6,6
52885,2023,4,1,1
52885,2023,5,1,1
52885,2023,6,3,3
52885,2023,7,1,1
52885,2023,9,2,2
52885,2024,1,1,1
52885,2024,2,1,1
52885,2024,6,1,1
52885,2024,8,1,1
52885,2024,9,1,1
54001,2021,1,19,19
54001,2021,2,24,24
54001,2021,3,45,45
54001,2021,4,56,56
54001,2021,5,45,45
54001,2021,6,31,31
54001,2021,7,40,40
54001,2021,8,54,54
54001,2021,9,35,35
54001,2021,10,37,37
54001,2021,11,52,52
54001,2021,12,26,26
54001,2022,1,22,22
54001,2022,2,37,37
54001,2022,3,50,50
54001,2022,4,51,51
54001,2022,5,49,49
54001,2022,6,47,47
54001,2022,7,46,46
54001,2022,8,63,63
54001,2022,9,48,48
54001,2022,10,58,58
54001,2022,11,55,55
54001,2022,12,46,46
54001,2023,1,39,39
54001,2023,2,51,51
54001,2023,3,57,57
54001,2023,4,41,41
54001,2023,5,60,60
54001,2023,6,49,49
54001,2023,7,58,58
54001,2023,8,62,62
54001,2023,9,66,66
54001,2023,10,54,54
54001,2023,11,49,49
54001,2023,12,51,51
54001,2024,1,37,37
54001,2024,2,30,30
54001,2024,3,41,41
54001,2024,4,51,51
54001,2024,5,56,56
54001,2024,6,44,44
54001,2024,7,51,51
54001,2024,8,61,61
54001,2024,9,60,60
54001,2024,10,71,71
54001,2024,11,71,71
54001,2024,12,54,54
54003,2021,1,2,2
54003,2021,2,2,2
54003,2021,3,2,2
54003,2021,4,4,4
54003,2021,5,4,4
54003,2021,6,3,3
54003,2021,7,2,2
54003,2021,8,1,1
54003,2021,9,1,1
54003,2021,10,5,5
54003,2021,11,2,2
54003,2021,12,5,5
54003,2022,1,5,5
54003,2022,2,3,3
54003,2022,3,4,4
54003,2022,4,3,3
54003,2022,5,2,2
54003,2022,6,3,3
54003,2022,7,6,6
54003,2022,8,5,5
54003,2022,10,3,3
54003,2022,11,1,1
54003,2022,12,10,10
54003,2023,1,2,2
54003,2023,2,3,3
54003,2023,3,1,1
54003,2023,4,3,3
54003,2023,5,5,5
54003,2023,6,2,2
54003,2023,7,3,3
54003,2023,8,2,2
54003,2023,9,2,2
54003,2023,10,5,5
54003,2023,11,3,3
54003,2023,12,3,3
54003,2024,1,2,2
54003,2024,2,2,2
54003,2024,3,2,2
54003,2024,4,3,3
54003,2024,5,1,1
54003,2024,6,4,4
54003,2024,7,2,2
54003,2024,8,1,1
54003,2024,9,2,2
54003,2024,10,1,1
54003,2024,12,3,3
54051,2021,5,1,1
54051,2021,12,1,1
54051,2022,6,1,1
54051,2022,11,1,1
54051,2023,4,2,2
54051,2023,8,1,1
54051,2024,10,1,1
54099,2021,6,1,1
54099,2021,11,1,1
54099,2022,1,1,1
54099,2022,9,1,1
54099,2023,1,1,1
54099,2023,5,1,1
54099,2023,9,2,2
54099,2024,2,1,1
54099,2024,4,1,1
54099,2024,5,1,1
54099,2024,7,1,1
54099,2024,10,1,1
54109,2021,3,1,1
54109,2023,8,1,1
54109,2023,11,1,1
54109,2024,2,2,2
54109,2024,9,1,1
54109,2024,10,1,1
54125,2021,6,1,1
54125,2021,10,1,1
54125,2023,5,1,1
54128,2021,8,1,1
54128,2021,9,2,2
54128,2021,10,1,1
54128,2022,8,1,1
54128,2022,9,1,1
54128,2023,2,1,1
54128,2023,7,1,1
54128,2023,11,1,1
54128,2024,7,1,1
54172,2021,2,2,2
54172,2021,4,1,1
54172,2021,7,1,1
54172,2021,10,1,1
54172,2022,2,1,1
54172,2022,3,2,2
54172,2022,5,2,2
54172,2022,6,2,2
54172,2022,8,1,1
54172,2022,9,1,1
54172,2022,10,1,1
54172,2022,12,1,1
54172,2023,5,1,1
54172,2023,6,1,1
54172,2023,10,1,1
54172,2024,1,1,1
54172,2024,3,1,1
54172,2024,5,1,1
54172,2024,6,5,5
54172,2024,7,1,1
54172,2024,8,1,1
54172,2024,9,1,1
54172,2024,11,4,4
54174,2021,2,1,1
54174,2021,3,1,1
54174,2021,6,1,1
54174,2021,7,1,1
54174,2021,11,1,1
54174,2022,2,1,1
54174,2022,3,1,1
54174,2022,7,1,1
54174,2022,8,1,1
54174,2022,10,1,1
54174,2023,1,1,1
54174,2023,6,1,1
54174,2023,8,1,1
54174,2023,9,1,1
54174,2023,10,1,1
54174,2023,11,2,2
54174,2023,12,1,1
54174,2024,1,1,1
54174,2024,3,1,1
54174,2024,4,1,1
54174,2024,7,1,1
54174,2024,8,1,1
54174,2024,10,1,1
54174,2024,11,1,1
54206,2021,1,1,1
54206,2021,2,1,1
54206,2021,3,2,2
54206,2021,4,1,1
54206,2021,5,3,3
54206,2021,7,1,1
54206,2021,8,1,1
54206,2021,9,5,5
54206,2021,10,2,2
54206,2021,11,2,2
54206,2021,12,2,2
54206,2022,1,1,1
54206,2022,2,1,1
54206,2022,3,1,1
54206,2022,4,1,1
54206,2022,6,2,2
54206,2022,8,3,3
54206,2022,9,2,2
54206,2022,12,1,1
54206,2023,1,2,2
54206,2023,3,3,3
54206,2023,6,1,1
54206,2023,7,2,2
54206,2023,8,3,3
54206,2023,10,2,2
54206,2023,11,2,2
54206,2024,1,1,1
54206,2024,3,1,1
54206,2024,4,2,2
54206,2024,5,3,3
54206,2024,7,3,3
54206,2024,11,2,2
54223,2022,7,1,1
54223,2022,11,1,1
54223,2023,8,1,1
54223,2023,11,1,1
54223,2024,2,1,1
54223,2024,6,1,1
54239,2021,2,1,1
54239,2021,3,1,1
54239,2021,7,1,1
54239,2021,10,1,1
54239,2022,1,1,1
54239,2023,7,1,1
54239,2023,10,1,1
54239,2024,5,1,1
54239,2024,6,1,1
54239,2024,12,1,1
54245,2021,2,2,2
54245,2021,5,1,1
54245,2021,6,1,1
54245,2021,8,1,1
54245,2021,10,1,1
54245,2021,12,1,1
54245,2022,2,1,1
54245,2022,3,4,4
54245,2022,4,1,1
54245,2022,5,1,1
54245,2022,6,1,1
54245,2022,8,2,2
54245,2022,9,1,1
54245,2022,11,1,1
54245,2022,12,1,1
54245,2023,1,1,1
54245,2023,3,3,3
54245,2023,6,2,2
54245,2023,10,3,3
54245,2023,11,1,1
54245,2024,1,1,1
54245,2024,4,1,1
54245,2024,7,2,2
54245,2024,9,1,1
54245,2024,10,1,1
54245,2024,12,1,1
54250,2021,1,3,3
54250,2021,2,8,8
54250,2021,3,6,6
54250,2021,4,2,2
54250,2021,5,2,2
54250,2021,7,3,3
54250,2021,8,6,6
54250,2021,9,5,5
54250,2021,10,3,3
54250,2021,11,4,4
54250,2021,12,1,1
54250,2022,1,1,1
54250,2022,2,1,1
54250,2022,3,1,1
54250,2022,4,2,2
54250,2022,5,2,2
54250,2022,6,2,2
54250,2022,7,2,2
54250,2022,8,2,2
54250,2022,9,1,1
54250,2022,12,1,1
54250,2023,1,1,1
54250,2023,2,2,2
54250,2023,3,2,2
54250,2023,4,1,1
54250,2023,5,2,2
54250,2023,6,1,1
54250,2023,7,7,7
54250,2023,9,6,6
54250,2023,10,2,2
54250,2023,11,2,2
54250,2023,12,2,2
54250,2024,1,2,2
54250,2024,2,3,3
54250,2024,3,1,1
54250,2024,4,3,3
54250,2024,5,5,5
54250,2024,6,1,1
54250,2024,7,1,1
54250,2024,8,6,6
54250,2024,9,1,1
54250,2024,10,2,2
54250,2024,11,6,6
54250,2024,12,2,2
54261,2021,1,1,1
54261,2021,4,1,1
54261,2021,6,1,1
54261,2021,8,1,1
54261,2021,9,1,1
54261,2021,10,1,1
54261,2021,12,5,5
54261,2022,2,3,3
54261,2022,4,3,3
54261,2022,5,1,1
54261,2022,6,2,2
54261,2022,8,1,1
54261,2022,10,4,4
54261,2022,11,2,2
54261,2022,12,2,2
54261,2023,1,1,1
54261,2023,2,3,3
54261,2023,3,1,1
54261,2023,4,1,1
54261,2023,5,1,1
54261,2023,6,1,1
54261,2023,7,1,1
54261,2023,8,4,4
54261,2023,9,1,1
54261,2023,12,3,3
54261,2024,2,1,1
54261,2024,4,2,2
54261,2024,6,1,1
54261,2024,8,1,1
54261,2024,10,2,2
54261,2024,11,1,1
54261,2024,12,3,3
54313,2021,4,1,1
54313,2021,7,2,2
54313,2021,8,1,1
54313,2021,9,1,1
54313,2023,3,2,2
54313,2023,5,1,1
54313,2023,9,2,2
54313,2023,12,1,1
54313,2024,3,1,1
54344,2021,4,1,1
54344,2021,6,1,1
54344,2021,9,1,1
54344,2021,10,1,1
54344,2021,12,1,1
54344,2022,7,1,1
54344,2022,10,1,1
54344,2022,11,1,1
54344,2022,12,1,1
54344,2023,1,2,2
54344,2023,4,1,1
54344,2023,5,1,1
54344,2023,8,1,1
54344,2023,10,1,1
54344,2024,2,2,2
54344,2024,4,1,1
54344,2024,5,1,1
54344,2024,6,2,2
54344,2024,8,2,2
54344,2024,10,1,1
54347,2021,10,1,1
54347,2023,3,1,1
54347,2024,1,1,1
54347,2024,4,1,1
54347,2024,5,1,1
54377,2021,2,1,1
54377,2021,11,1,1
54377,2023,7,1,1
54377,2024,2,1,1
54377,2024,8,1,1
54377,2024,11,1,1
54385,2021,3,1,1
54385,2021,4,2,2
54385,2021,5,3,3
54385,2021,8,1,1
54385,2022,5,1,1
54385,2022,7,1,1
54385,2022,9,1,1
54385,2022,11,1,1
54385,2022,12,1,1
54385,2023,8,3,3
54385,2024,5,1,1
54385,2024,9,1,1
54398,2021,1,1,1
54398,2021,4,1,1
54398,2021,5,1,1
54398,2021,8,1,1
54398,2021,9,1,1
54398,2021,11,1,1
54398,2021,12,2,2
54398,2022,1,2,2
54398,2022,4,1,1
54398,2022,5,1,1
54398,2022,6,1,1
54398,2022,12,2,2
54398,2023,1,1,1
54398,2023,9,1,1
54398,2023,10,1,1
54398,2023,12,1,1
54398,2024,3,1,1
54398,2024,4,1,1
54398,2024,6,1,1
54398,2024,7,2,2
54398,2024,12,2,2
54405,2021,1,1,1
54405,2021,2,3,3
54405,2021,3,3,3
54405,2021,4,4,4
54405,2021,5,2,2
54405,2021,6,4,4
54405,2021,7,4,4
54405,2021,8,2,2
54405,2021,9,4,4
54405,2021,10,1,1
54405,2021,11,5,5
54405,2021,12,3,3
54405,2022,1,1,1
54405,2022,2,3,3
54405,2022,3,6,6
54405,2022,4,8,8
54405,2022,5,5,5
54405,2022,6,4,4
54405,2022,7,3,3
54405,2022,8,9,9
54405,2022,9,6,6
54405,2022,10,10,10
54405,2022,11,4,4
54405,2022,12,2,2
54405,2023,1,5,5
54405,2023,2,4,4
54405,2023,3,2,2
54405,2023,4,3,3
54405,2023,5,2,2
54405,2023,6,4,4
54405,2023,7,5,5
54405,2023,8,2,2
54405,2023,9,5,5
54405,2023,10,3,3
54405,2023,11,6,6
54405,2023,12,1,1
54405,2024,1,6,6
54405,2024,2,3,3
54405,2024,3,3,3
54405,2024,4,4,4
54405,2024,5,6,6
54405,2024,6,5,5
54405,2024,7,7,7
54405,2024,8,11,11
54405,2024,9,8,8
54405,2024,10,3,3
54405,2024,11,11,11
54405,2024,12,8,8
54418,2022,8,2,2
54418,2023,3,2,2
54418,2023,4,1,1
54418,2024,3,1,1
54418,2024,5,1,1
54418,2024,12,1,1
54480,2021,1,1,1
54480,2021,6,1,1
54480,2021,10,1,1
54480,2022,2,1,1
54480,2022,5,1,1
54480,2022,8,1,1
54480,2024,8,1,1
54498,2021,1,5,5
54498,2021,2,16,16
54498,2021,3,15,15
54498,2021,4,9,9
54498,2021,5,17,17
54498,2021,6,4,4
54498,2021,7,18,18
54498,2021,8,14,14
54498,2021,9,14,14
54498,2021,10,11,11
54498,2021,11,15,15
54498,2021,12,15,15
54498,2022,1,13,13
54498,2022,2,12,12
54498,2022,3,9,9
54498,2022,4,17,17
54498,2022,5,9,9
54498,2022,6,9,9
54498,2022,7,17,17
54498,2022,8,21,21
54498,2022,9,16,16
54498,2022,10,11,11
54498,2022,11,12,12
54498,2022,12,15,15
54498,2023,1,12,12
54498,2023,2,17,17
54498,2023,3,22,22
54498,2023,4,10,10
54498,2023,5,17,17
54498,2023,6,8,8
54498,2023,7,16,16
54498,2023,8,12,12
54498,2023,9,16,16
54498,2023,10,8,8
54498,2023,11,12,12
54498,2023,12,11,11
54498,2024,1,12,12
54498,2024,2,10,10
54498,2024,3,23,23
54498,2024,4,10,10
54498,2024,5,14,14
54498,2024,6,11,11
54498,2024,7,12,12
54498,2024,8,18,18
54498,2024,9,14,14
54498,2024,10,15,15
54498,2024,11,11,11
54498,2024,12,14,14
54518,2021,1,3,3
54518,2021,2,1,1
54518,2021,3,3,3
54518,2021,4,7,7
54518,2021,5,2,2
54518,2021,6,6,6
54518,2021,7,6,6
54518,2021,8,2,2
54518,2021,9,6,6
54518,2021,10,2,2
54518,2021,11,4,4
54518,2021,12,2,2
54518,2022,1,3,3
54518,2022,2,4,4
54518,2022,3,8,8
54518,2022,4,4,4
54518,2022,5,8,8
54518,2022,6,11,11
54518,2022,7,3,3
54518,2022,8,1,1
54518,2022,9,4,4
54518,2022,10,6,6
54518,2022,11,6,6
54518,2022,12,4,4
54518,2023,1,4,4
54518,2023,2,5,5
54518,2023,3,2,2
54518,2023,4,5,5
54518,2023,5,10,10
54518,2023,6,5,5
54518,2023,7,3,3
54518,2023,8,8,8
54518,2023,9,4,4
54518,2023,10,6,6
54518,2023,11,9,9
54518,2023,12,2,2
54518,2024,1,6,6
54518,2024,2,5,5
54518,2024,3,5,5
54518,2024,4,4,4
54518,2024,5,9,9
54518,2024,6,8,8
54518,2024,7,5,5
54518,2024,8,3,3
54518,2024,9,5,5
54518,2024,10,7,7
54518,2024,11,8,8
54518,2024,12,8,8
54520,2021,1,1,1
54520,2022,3,1,1
54520,2023,9,1,1
54520,2023,12,1,1
54520,2024,5,1,1
54520,2024,9,1,1
54553,2021,3,1,1
54553,2021,5,1,1
54553,2021,8,1,1
54553,2022,1,1,1
54553,2022,2,2,2
54553,2022,11,1,1
54553,2022,12,1,1
54553,2023,6,3,3
54553,2023,10,1,1
54553,2024,1,1,1
54553,2024,2,1,1
54553,2024,3,2,2
54553,2024,6,1,1
54553,2024,8,1,1
54553,2024,12,1,1
54599,2021,1,3,3
54599,2024,5,1,1
54660,2021,3,1,1
54660,2021,4,1,1
54660,2021,10,1,1
54660,2021,11,2,2
54660,2022,5,1,1
54660,2022,6,1,1
54660,2022,7,1,1
54660,2023,3,2,2
54660,2024,1,1,1
54660,2024,2,1,1
54660,2024,9,2,2
54660,2024,11,1,1
54670,2021,2,1,1
54670,2021,4,1,1
54670,2021,7,1,1
54670,2021,8,1,1
54670,2021,9,2,2
54670,2021,10,1,1
54670,2021,11,2,2
54670,2021,12,1,1
54670,2022,1,1,1
54670,2022,2,1,1
54670,2022,4,1,1
54670,2022,6,4,4
54670,2022,8,1,1
54670,2022,12,2,2
54670,2023,1,1,1
54670,2023,4,1,1
54670,2023,6,2,2
54670,2023,8,2,2
54670,2023,9,2,2
54670,2023,11,1,1
54670,2023,12,2,2
54670,2024,1,1,1
54670,2024,2,1,1
54670,2024,3,1,1
54670,2024,6,3,3
54670,2024,7,2,2
54670,2024,9,1,1
54670,2024,10,2,2
54670,2024,12,1,1
54673,2021,2,2,2
54673,2021,5,1,1
54673,2022,8,1,1
54673,2023,3,1,1
54673,2023,4,1,1
54673,2023,6,1,1
54673,2023,7,1,1
54673,2024,1,1,1
54673,2024,2,1,1
54673,2024,5,2,2
54680,2023,1,1,1
54680,2023,7,1,1
54680,2023,9,1,1
54680,2024,7,1,1
54720,2021,2,1,1
54720,2021,3,1,1
54720,2021,5,1,1
54720,2021,7,1,1
54720,2021,8,1,1
54720,2022,2,1,1
54720,2022,4,2,2
54720,2022,6,2,2
54720,2022,9,2,2
54720,2022,10,1,1
54720,2022,12,1,1
54720,2023,1,1,1
54720,2023,3,1,1
54720,2023,5,1,1
54720,2023,8,2,2
54720,2023,9,1,1
54720,2023,11,3,3
54720,2023,12,1,1
54720,2024,2,1,1
54720,2024,3,1,1
54720,2024,5,1,1
54720,2024,6,1,1
54720,2024,8,1,1
54720,2024,10,2,2
54720,2024,11,2,2
54743,2021,3,1,1
54743,2022,2,1,1
54743,2022,3,1,1
54743,2022,8,1,1
54743,2023,10,1,1
54743,2024,2,1,1
54743,2024,7,2,2
54743,2024,10,1,1
54743,2024,11,2,2
54743,2024,12,1,1
54800,2021,1,2,2
54800,2021,2,2,2
54800,2021,3,1,1
54800,2021,4,1,1
54800,2021,5,1,1
54800,2021,6,1,1
54800,2021,7,2,2
54800,2021,8,2,2
54800,2021,9,5,5
54800,2021,10,1,1
54800,2021,12,3,3
54800,2022,1,1,1
54800,2022,2,1,1
54800,2022,3,2,2
54800,2022,4,1,1
54800,2022,5,1,1
54800,2022,6,2,2
54800,2022,7,3,3
54800,2022,8,2,2
54800,2022,9,3,3
54800,2022,10,2,2
54800,2022,11,2,2
54800,2022,12,1,1
54800,2023,1,1,1
54800,2023,2,4,4
54800,2023,3,1,1
54800,2023,4,2,2
54800,2023,5,4,4
54800,2023,6,2,2
54800,2023,7,3,3
54800,2023,10,1,1
54800,2023,11,2,2
54800,2024,1,1,1
54800,2024,2,3,3
54800,2024,3,2,2
54800,2024,4,1,1
54800,2024,5,4,4
54800,2024,6,3,3
54800,2024,8,3,3
54800,2024,9,5,5
54800,2024,10,3,3
54800,2024,12,4,4
54810,2021,1,1,1
54810,2021,3,4,4
54810,2021,4,5,5
54810,2021,5,2,2
54810,2021,6,2,2
54810,2021,7,2,2
54810,2021,8,2,2
54810,2021,10,2,2
54810,2021,12,1,1
54810,2022,1,2,2
54810,2022,2,2,2
54810,2022,4,2,2
54810,2022,5,6,6
54810,2022,6,5,5
54810,2022,8,2,2
54810,2022,9,2,2
54810,2022,10,1,1
54810,2022,11,4,4
54810,2022,12,1,1
54810,2023,1,4,4
54810,2023,2,1,1
54810,2023,3,1,1
54810,2023,4,2,2
54810,2023,5,2,2
54810,2023,6,2,2
54810,2023,7,4,4
54810,2023,8,4,4
54810,2023,9,1,1
54810,2023,10,3,3
54810,2023,11,2,2
54810,2023,12,1,1
54810,2024,1,2,2
54810,2024,3,2,2
54810,2024,4,2,2
54810,2024,5,1,1
54810,2024,6,3,3
54810,2024,7,2,2
54810,2024,8,2,2
54810,2024,9,3,3
54810,2024,10,5,5
54810,2024,11,1,1
54810,2024,12,2,2
54820,2021,2,1,1
54820,2021,7,1,1
54820,2021,9,2,2
54820,2021,10,1,1
54820,2021,11,1,1
54820,2022,4,1,1
54820,2022,5,1,1
54820,2022,10,1,1
54820,2023,2,2,2
54820,2023,5,1,1
54820,2024,2,1,1
54820,2024,4,1,1
54820,2024,9,1,1
54820,2024,11,1,1
54871,2021,5,1,1
54871,2021,6,2,2
54871,2021,12,1,1
54871,2022,6,1,1
54871,2022,10,1,1
54871,2023,9,1,1
54871,2024,3,1,1
54871,2024,7,1,1
54871,2024,9,1,1
54871,2024,10,1,1
54874,2021,1,3,3
54874,2021,2,3,3
54874,2021,3,4,4
54874,2021,4,2,2
54874,2021,5,6,6
54874,2021,6,3,3
54874,2021,7,4,4
54874,2021,8,3,3
54874,2021,9,4,4
54874,2021,10,7,7
54874,2021,11,3,3
54874,2021,12,3,3
54874,2022,1,2,2
54874,2022,2,2,2
54874,2022,3,4,4
54874,2022,4,4,4
54874,2022,5,7,7
54874,2022,6,9,9
54874,2022,7,4,4
54874,2022,8,10,10
54874,2022,9,3,3
54874,2022,10,2,2
54874,2022,11,8,8
54874,2022,12,5,5
54874,2023,1,6,6
54874,2023,2,1,1
54874,2023,3,5,5
54874,2023,4,5,5
54874,2023,5,6,6
54874,2023,6,7,7
54874,2023,7,6,6
54874,2023,8,5,5
54874,2023,9,5,5
54874,2023,10,9,9
54874,2023,11,5,5
54874,2023,12,1,1
54874,2024,1,4,4
54874,2024,2,2,2
54874,2024,3,4,4
54874,2024,4,5,5
54874,2024,5,5,5
54874,2024,6,5,5
54874,2024,7,3,3
54874,2024,8,8,8
54874,2024,9,9,9
54874,2024,10,6,6
54874,2024,11,21,21
54874,2024,12,3,3
63001,2021,1,23,23
63001,2021,2,34,34
63001,2021,3,32,32
63001,2021,4,28,28
63001,2021,5,29,29
63001,2021,6,30,30
63001,2021,7,16,16
63001,2021,8,28,28
63001,2021,9,31,31
63001,2021,10,20,20
63001,2021,11,30,30
63001,2021,12,31,31
63001,2022,1,15,15
63001,2022,2,21,21
63001,2022,3,29,29
63001,2022,4,29,29
63001,2022,5,27,27
63001,2022,6,23,23
63001,2022,7,25,25
63001,2022,8,32,32
63001,2022,9,36,36
63001,2022,10,31,31
63001,2022,11,35,35
63001,2022,12,17,17
63001,2023,1,17,17
63001,2023,2,27,27
63001,2023,3,31,31
63001,2023,4,20,20
63001,2023,5,27,27
63001,2023,6,27,27
63001,2023,7,23,23
63001,2023,8,36,36
63001,2023,9,36,36
63001,2023,10,29,29
63001,2023,11,40,40
63001,2023,12,20,20
63001,2024,1,18,18
63001,2024,2,21,21
63001,2024,3,20,20
63001,2024,4,24,24
63001,2024,5,17,17
63001,2024,6,15,15
63001,2024,7,26,26
63001,2024,8,21,21
63001,2024,9,31,31
63001,2024,10,20,20
63001,2024,11,30,30
63001,2024,12,19,19
63111,2021,6,1,1
63111,2022,5,1,1
63111,2023,1,1,1
63111,2023,4,1,1
63111,2023,6,1,1
63111,2024,5,2,2
63111,2024,7,1,1
63111,2024,8,2,2
63111,2024,12,1,1
63130,2021,1,7,7
63130,2021,2,17,17
63130,2021,3,11,11
63130,2021,4,5,5
63130,2021,5,9,9
63130,2021,6,8,8
63130,2021,7,5,5
63130,2021,8,9,9
63130,2021,9,4,4
63130,2021,10,12,12
63130,2021,11,8,8
63130,2021,12,3,3
63130,2022,1,2,2
63130,2022,2,3,3
63130,2022,3,4,4
63130,2022,4,8,8
63130,2022,5,7,7
63130,2022,6,6,6
63130,2022,7,10,10
63130,2022,8,9,9
63130,2022,9,3,3
63130,2022,10,7,7
63130,2022,11,4,4
63130,2022,12,10,10
63130,2023,1,1,1
63130,2023,2,11,11
63130,2023,3,2,2
63130,2023,4,7,7
63130,2023,5,9,9
63130,2023,6,5,5
63130,2023,7,3,3
63130,2023,8,4,4
63130,2023,9,6,6
63130,2023,10,7,7
63130,2023,11,4,4
63130,2023,12,5,5
63130,2024,1,5,5
63130,2024,2,1,1
63130,2024,3,8,8
63130,2024,4,8,8
63130,2024,5,5,5
63130,2024,6,6,6
63130,2024,7,8,8
63130,2024,8,3,3
63130,2024,9,7,7
63130,2024,10,6,6
63130,2024,11,5,5
63130,2024,12,2,2
63190,2021,2,3,3
63190,2021,3,3,3
63190,2021,4,1,1
63190,2021,5,2,2
63190,2021,6,1,1
63190,2021,7,3,3
63190,2021,8,2,2
63190,2021,9,2,2
63190,2021,12,3,3
63190,2022,1,1,1
63190,2022,2,2,2
63190,2022,3,1,1
63190,2022,4,1,1
63190,2022,5,2,2
63190,2022,6,2,2
63190,2022,7,3,3
63190,2022,8,5,5
63190,2022,9,6,6
63190,2022,10,6,6
63190,2022,11,5,5
63190,2023,2,2,2
63190,2023,3,1,1
63190,2023,4,5,5
63190,2023,5,4,4
63190,2023,6,1,1
63190,2023,7,5,5
63190,2023,8,6,6
63190,2023,10,1,1
63190,2023,11,3,3
63190,2023,12,2,2
63190,2024,1,2,2
63190,2024,3,5,5
63190,2024,4,4,4
63190,2024,5,3,3
63190,2024,6,1,1
63190,2024,7,1,1
63190,2024,8,1,1
63190,2024,9,4,4
63190,2024,10,3,3
63190,2024,11,1,1
63212,2021,2,1,1
63212,2021,3,3,3
63212,2021,9,1,1
63212,2021,10,1,1
63212,2021,11,2,2
63212,2022,4,1,1
63212,2022,6,1,1
63212,2022,12,1,1
63212,2023,1,2,2
63212,2023,2,2,2
63212,2023,4,2,2
63212,2023,5,1,1
63212,2024,2,1,1
63212,2024,7,1,1
63212,2024,8,1,1
63212,2024,10,1,1
63272,2021,1,3,3
63272,2021,4,1,1
63272,2021,6,2,2
63272,2021,9,1,1
63272,2021,11,1,1
63272,2021,12,1,1
63272,2022,6,1,1
63272,2022,7,2,2
63272,2022,8,1,1
63272,2022,11,1,1
63272,2023,2,1,1
63272,2023,7,1,1
63272,2023,8,3,3
63272,2024,1,3,3
63272,2024,2,1,1
63272,2024,4,1,1
63272,2024,5,2,2
63272,2024,6,2,2
63272,2024,7,2,2
63272,2024,8,1,1
63272,2024,9,1,1
63272,2024,12,1,1
63302,2021,2,1,1
63302,2021,4,2,2
63302,2022,3,1,1
63302,2022,5,2,2
63302,2022,9,1,1
63302,2022,11,3,3
63302,2023,1,1,1
63302,2023,2,1,1
63302,2023,3,1,1
63302,2023,5,1,1
63302,2023,7,1,1
63302,2023,11,2,2
63302,2024,4,1,1
63302,2024,5,1,1
63302,2024,6,1,1
63302,2024,10,1,1
63302,2024,11,1,1
63401,2021,1,1,1
63401,2021,2,3,3
63401,2021,3,2,2
63401,2021,4,2,2
63401,2021,5,2,2
63401,2021,6,4,4
63401,2021,9,2,2
63401,2021,10,2,2
63401,2021,11,4,4
63401,2021,12,2,2
63401,2022,1,3,3
63401,2022,2,7,7
63401,2022,3,6,6
63401,2022,4,5,5
63401,2022,5,9,9
63401,2022,6,4,4
63401,2022,7,5,5
63401,2022,8,2,2
63401,2022,9,1,1
63401,2022,10,6,6
63401,2022,11,3,3
63401,2022,12,2,2
63401,2023,1,3,3
63401,2023,2,2,2
63401,2023,3,4,4
63401,2023,4,2,2
63401,2023,5,5,5
63401,2023,6,2,2
63401,2023,8,8,8
63401,2023,9,6,6
63401,2023,10,4,4
63401,2023,11,3,3
63401,2023,12,5,5
63401,2024,1,4,4
63401,2024,2,4,4
63401,2024,3,1,1
63401,2024,4,5,5
63401,2024,5,2,2
63401,2024,6,6,6
63401,2024,7,5,5
63401,2024,8,4,4
63401,2024,9,2,2
63401,2024,10,6,6
63401,2024,11,10,10
63401,2024,12,2,2
63470,2021,1,2,2
63470,2021,2,3,3
63470,2021,3,3,3
63470,2021,4,3,3
63470,2021,5,1,1
63470,2021,6,2,2
63470,2021,7,5,5
63470,2021,8,2,2
63470,2021,9,2,2
63470,2021,10,1,1
63470,2021,11,1,1
63470,2021,12,4,4
63470,2022,2,4,4
63470,2022,3,4,4
63470,2022,4,3,3
63470,2022,5,1,1
63470,2022,6,2,2
63470,2022,7,4,4
63470,2022,8,2,2
63470,2022,9,1,1
63470,2022,10,2,2
63470,2022,11,3,3
63470,2023,1,1,1
63470,2023,2,1,1
63470,2023,3,2,2
63470,2023,4,2,2
63470,2023,5,4,4
63470,2023,6,5,5
63470,2023,7,3,3
63470,2023,9,1,1
63470,2023,10,3,3
63470,2023,11,2,2
63470,2023,12,2,2
63470,2024,1,2,2
63470,2024,2,5,5
63470,2024,3,3,3
63470,2024,4,3,3
63470,2024,5,1,1
63470,2024,6,1,1
63470,2024,9,2,2
63470,2024,10,2,2
63470,2024,11,3,3
63470,2024,12,3,3
63548,2021,2,1,1
63548,2021,5,1,1
63548,2021,6,1,1
63548,2022,1,1,1
63548,2022,3,2,2
63548,2022,10,1,1
63548,2023,1,1,1
63548,2023,6,1,1
63548,2023,7,1,1
63548,2023,8,2,2
63548,2023,9,2,2
63548,2023,10,1,1
63548,2023,11,1,1
63548,2024,2,1,1
63548,2024,7,1,1
63548,2024,8,1,1
63548,2024,12,1,1
63594,2021,1,5,5
63594,2021,2,2,2
63594,2021,3,2,2
63594,2021,4,5,5
63594,2021,5,2,2
63594,2021,6,3,3
63594,2021,7,1,1
63594,2021,8,2,2
63594,2021,9,2,2
63594,2021,10,3,3
63594,2021,11,5,5
63594,2021,12,1,1
63594,2022,1,1,1
63594,2022,2,2,2
63594,2022,3,1,1
63594,2022,4,1,1
63594,2022,5,2,2
63594,2022,6,2,2
63594,2022,7,1,1
63594,2022,8,1,1
63594,2022,9,4,4
63594,2022,10,3,3
63594,2022,11,1,1
63594,2022,12,1,1
63594,2023,1,2,2
63594,2023,2,3,3
63594,2023,3,1,1
63594,2023,4,4,4
63594,2023,5,3,3
63594,2023,6,3,3
63594,2023,7,2,2
63594,2023,8,2,2
63594,2023,10,1,1
63594,2023,11,2,2
63594,2023,12,3,3
63594,2024,1,6,6
63594,2024,2,2,2
63594,2024,3,2,2
63594,2024,4,2,2
63594,2024,5,2,2
63594,2024,6,2,2
63594,2024,7,2,2
63594,2024,8,4,4
63594,2024,10,2,2
63594,2024,11,3,3
63594,2024,12,3,3
63690,2021,1,1,1
63690,2021,7,1,1
63690,2021,11,1,1
63690,2021,12,1,1
63690,2022,4,1,1
63690,2022,6,1,1
63690,2022,7,2,2
63690,2022,8,2,2
63690,2022,10,1,1
63690,2023,2,1,1
63690,2023,3,4,4
63690,2023,5,2,2
63690,2023,7,1,1
63690,2023,9,1,1
63690,2023,10,2,2
63690,2023,11,1,1
63690,2024,1,1,1
63690,2024,2,2,2
63690,2024,10,1,1
66001,2021,1,32,32
66001,2021,2,31,31
66001,2021,3,40,40
66001,2021,4,40,40
66001,2021,5,39,39
66001,2021,6,29,29
66001,2021,7,33,33
66001,2021,8,42,42
66001,2021,9,51,51
66001,2021,10,48,48
66001,2021,11,48,48
66001,2021,12,47,47
66001,2022,1,40,40
66001,2022,2,51,51
66001,2022,3,46,46
66001,2022,4,49,49
66001,2022,5,62,62
66001,2022,6,38,38
66001,2022,7,56,56
66001,2022,8,54,54
66001,2022,9,60,60
66001,2022,10,64,64
66001,2022,11,63,63
66001,2022,12,39,39
66001,2023,1,49,49
66001,2023,2,51,51
66001,2023,3,80,80
66001,2023,4,47,47
66001,2023,5,64,64
66001,2023,6,65,65
66001,2023,7,61,61
66001,2023,8,59,59
66001,2023,9,62,62
66001,2023,10,68,68
66001,2023,11,51,51
66001,2023,12,35,35
66001,2024,1,46,46
66001,2024,2,39,39
66001,2024,3,43,43
66001,2024,4,55,55
66001,2024,5,44,44
66001,2024,6,56,56
66001,2024,7,59,59
66001,2024,8,69,69
66001,2024,9,58,58
66001,2024,10,57,57
66001,2024,11,43,43
66001,2024,12,40,40
66045,2021,1,1,1
66045,2021,2,1,1
66045,2021,3,1,1
66045,2021,4,2,2
66045,2021,6,1,1
66045,2021,7,1,1
66045,2021,9,1,1
66045,2021,10,3,3
66045,2022,4,4,4
66045,2022,5,1,1
66045,2022,7,2,2
66045,2022,8,2,2
66045,2022,9,1,1
66045,2022,10,1,1
66045,2022,12,4,4
66045,2023,1,2,2
66045,2023,2,1,1
66045,2023,3,1,1
66045,2023,5,1,1
66045,2023,7,1,1
66045,2023,8,1,1
66045,2023,10,1,1
66045,2023,12,2,2
66045,2024,1,2,2
66045,2024,2,1,1
66045,2024,3,1,1
66045,2024,4,1,1
66045,2024,8,2,2
66045,2024,9,1,1
66045,2024,10,3,3
66075,2021,11,1,1
66075,2022,3,1,1
66075,2022,7,1,1
66075,2022,8,1,1
66075,2022,9,1,1
66075,2022,12,2,2
66075,2023,6,3,3
66075,2023,7,1,1
66075,2024,7,1,1
66075,2024,8,1,1
66075,2024,9,1,1
66075,2024,10,1,1
66075,2024,11,1,1
66088,2021,1,3,3
66088,2021,2,2,2
66088,2021,3,3,3
66088,2021,5,3,3
66088,2021,6,2,2
66088,2021,7,3,3
66088,2021,8,1,1
66088,2021,9,5,5
66088,2021,10,3,3
66088,2021,11,2,2
66088,2021,12,1,1
66088,2022,2,2,2
66088,2022,3,3,3
66088,2022,4,3,3
66088,2022,5,3,3
66088,2022,6,2,2
66088,2022,8,3,3
66088,2022,9,2,2
66088,2022,11,2,2
66088,2022,12,3,3
66088,2023,1,1,1
66088,2023,3,4,4
66088,2023,5,3,3
66088,2023,7,1,1
66088,2023,8,1,1
66088,2023,9,2,2
66088,2023,10,1,1
66088,2023,11,1,1
66088,2023,12,2,2
66088,2024,2,1,1
66088,2024,3,2,2
66088,2024,4,1,1
66088,2024,5,1,1
66088,2024,7,1,1
66088,2024,8,1,1
66088,2024,9,1,1
66088,2024,10,1,1
66088,2024,11,1,1
66088,2024,12,1,1
66170,2021,1,10,10
66170,2021,2,20,20
66170,2021,3,30,30
66170,2021,4,21,21
66170,2021,5,28,28
66170,2021,6,21,21
66170,2021,7,20,20
66170,2021,8,22,22
66170,2021,9,35,35
66170,2021,10,41,41
66170,2021,11,27,27
66170,2021,12,19,19
66170,2022,1,26,26
66170,2022,2,28,28
66170,2022,3,35,35
66170,2022,4,30,30
66170,2022,5,23,23
66170,2022,6,39,39
66170,2022,7,29,29
66170,2022,8,36,36
66170,2022,9,49,49
66170,2022,10,42,42
66170,2022,11,50,50
66170,2022,12,24,24
66170,2023,1,26,26
66170,2023,2,31,31
66170,2023,3,51,51
66170,2023,4,43,43
66170,2023,5,39,39
66170,2023,6,32,32
66170,2023,7,34,34
66170,2023,8,37,37
66170,2023,9,33,33
66170,2023,10,28,28
66170,2023,11,32,32
66170,2023,12,36,36
66170,2024,1,30,30
66170,2024,2,28,28
66170,2024,3,33,33
66170,2024,4,45,45
66170,2024,5,42,42
66170,2024,6,26,26
66170,2024,7,39,39
66170,2024,8,39,39
66170,2024,9,30,30
66170,2024,10,46,46
66170,2024,11,28,28
66170,2024,12,23,23
66318,2021,1,1,1
66318,2021,4,1,1
66318,2021,7,1,1
66318,2021,9,1,1
66318,2021,10,1,1
66318,2021,12,2,2
66318,2022,3,2,2
66318,2022,5,1,1
66318,2022,6,1,1
66318,2022,8,2,2
66318,2022,9,1,1
66318,2022,10,1,1
66318,2023,2,2,2
66318,2023,3,3,3
66318,2023,5,1,1
66318,2023,6,3,3
66318,2023,9,4,4
66318,2023,10,2,2
66318,2023,12,1,1
66318,2024,1,2,2
66318,2024,2,1,1
66318,2024,5,3,3
66318,2024,7,1,1
66318,2024,9,3,3
66318,2024,11,2,2
66383,2021,1,1,1
66383,2021,4,2,2
66383,2021,5,2,2
66383,2021,7,1,1
66383,2021,9,1,1
66383,2021,12,2,2
66383,2022,3,2,2
66383,2022,4,1,1
66383,2022,5,1,1
66383,2022,8,1,1
66383,2022,9,1,1
66383,2022,10,1,1
66383,2023,1,2,2
66383,2023,2,1,1
66383,2023,3,2,2
66383,2023,4,1,1
66383,2023,6,1,1
66383,2023,8,1,1
66383,2023,10,2,2
66383,2024,3,4,4
66383,2024,5,1,1
66383,2024,10,1,1
66400,2021,1,2,2
66400,2021,2,7,7
66400,2021,3,2,2
66400,2021,4,2,2
66400,2021,5,1,1
66400,2021,6,3,3
66400,2021,7,3,3
66400,2021,8,2,2
66400,2021,9,5,5
66400,2021,10,2,2
66400,2021,11,2,2
66400,2021,12,7,7
66400,2022,1,2,2
66400,2022,2,2,2
66400,2022,3,5,5
66400,2022,4,3,3
66400,2022,5,4,4
66400,2022,6,3,3
66400,2022,7,2,2
66400,2022,9,7,7
66400,2022,10,8,8
66400,2022,11,8,8
66400,2022,12,5,5
66400,2023,1,7,7
66400,2023,2,5,5
66400,2023,3,5,5
66400,2023,4,4,4
66400,2023,5,3,3
66400,2023,6,6,6
66400,2023,7,7,7
66400,2023,8,3,3
66400,2023,9,3,3
66400,2023,10,5,5
66400,2023,11,2,2
66400,2023,12,1,1
66400,2024,1,5,5
66400,2024,2,3,3
66400,2024,3,3,3
66400,2024,4,1,1
66400,2024,5,3,3
66400,2024,7,4,4
66400,2024,9,7,7
66400,2024,10,1,1
66400,2024,11,3,3
66400,2024,12,2,2
66440,2021,2,1,1
66440,2021,3,1,1
66440,2021,5,2,2
66440,2021,6,2,2
66440,2021,8,2,2
66440,2021,9,2,2
66440,2021,10,1,1
66440,2021,11,5,5
66440,2021,12,1,1
66440,2022,1,1,1
66440,2022,2,1,1
66440,2022,3,1,1
66440,2022,4,1,1
66440,2022,5,2,2
66440,2022,7,2,2
66440,2022,11,2,2
66440,2023,1,2,2
66440,2023,2,2,2
66440,2023,5,1,1
66440,2023,6,1,1
66440,2023,9,2,2
66440,2023,10,2,2
66440,2023,11,2,2
66440,2023,12,1,1
66440,2024,1,1,1
66440,2024,2,1,1
66440,2024,3,1,1
66440,2024,4,1,1
66440,2024,7,2,2
66440,2024,8,1,1
66440,2024,9,1,1
66440,2024,10,1,1
66440,2024,11,1,1
66440,2024,12,1,1
66456,2021,1,2,2
66456,2021,2,2,2
66456,2021,3,2,2
66456,2021,4,3,3
66456,2021,5,1,1
66456,2021,6,1,1
66456,2021,7,4,4
66456,2021,8,2,2
66456,2021,10,3,3
66456,2021,11,3,3
66456,2021,12,2,2
66456,2022,1,1,1
66456,2022,2,3,3
66456,2022,3,8,8
66456,2022,4,3,3
66456,2022,5,1,1
66456,2022,6,4,4
66456,2022,7,2,2
66456,2022,8,1,1
66456,2022,9,2,2
66456,2022,10,1,1
66456,2022,12,1,1
66456,2023,1,2,2
66456,2023,2,1,1
66456,2023,3,3,3
66456,2023,5,1,1
66456,2023,6,1,1
66456,2023,8,1,1
66456,2023,9,1,1
66456,2023,10,3,3
66456,2023,11,2,2
66456,2024,1,2,2
66456,2024,3,1,1
66456,2024,4,1,1
66456,2024,5,1,1
66456,2024,6,2,2
66456,2024,7,2,2
66456,2024,9,1,1
66456,2024,10,2,2
66456,2024,12,1,1
66572,2021,1,1,1
66572,2021,2,2,2
66572,2021,3,1,1
66572,2021,4,1,1
66572,2021,8,2,2
66572,2021,9,1,1
66572,2021,10,2,2
66572,2021,11,2,2
66572,2022,2,1,1
66572,2022,3,6,6
66572,2022,4,3,3
66572,2022,5,2,2
66572,2022,8,3,3
66572,2023,2,2,2
66572,2023,3,1,1
66572,2023,4,3,3
66572,2023,5,2,2
66572,2023,8,2,2
66572,2023,9,1,1
66572,2023,10,1,1
66572,2023,11,3,3
66572,2023,12,4,4
66572,2024,3,2,2
66572,2024,7,2,2
66572,2024,11,1,1
66572,2024,12,1,1
66594,2021,1,1,1
66594,2021,2,1,1
66594,2021,3,2,2
66594,2021,4,2,2
66594,2021,5,2,2
66594,2021,6,3,3
66594,2021,7,3,3
66594,2021,8,1,1
66594,2021,9,5,5
66594,2021,10,1,1
66594,2021,11,2,2
66594,2021,12,2,2
66594,2022,2,3,3
66594,2022,3,1,1
66594,2022,4,5,5
66594,2022,5,2,2
66594,2022,6,2,2
66594,2022,8,5,5
66594,2022,9,2,2
66594,2022,10,1,1
66594,2022,11,5,5
66594,2023,1,2,2
66594,2023,3,1,1
66594,2023,4,3,3
66594,2023,6,2,2
66594,2023,7,2,2
66594,2023,8,1,1
66594,2023,9,1,1
66594,2023,11,2,2
66594,2023,12,4,4
66594,2024,1,2,2
66594,2024,2,2,2
66594,2024,3,3,3
66594,2024,4,1,1
66594,2024,7,4,4
66594,2024,9,2,2
66594,2024,11,1,1
66682,2021,1,4,4
66682,2021,2,8,8
66682,2021,3,5,5
66682,2021,4,4,4
66682,2021,5,4,4
66682,2021,6,5,5
66682,2021,7,4,4
66682,2021,8,3,3
66682,2021,9,8,8
66682,2021,10,4,4
66682,2021,11,5,5
66682,2021,12,5,5
66682,2022,1,8,8
66682,2022,2,13,13
66682,2022,3,11,11
66682,2022,4,8,8
66682,2022,5,9,9
66682,2022,6,5,5
66682,2022,7,12,12
66682,2022,8,11,11
66682,2022,9,8,8
66682,2022,10,8,8
66682,2022,11,12,12
66682,2022,12,9,9
66682,2023,1,3,3
66682,2023,2,10,10
66682,2023,3,9,9
66682,2023,4,7,7
66682,2023,5,6,6
66682,2023,6,4,4
66682,2023,7,9,9
66682,2023,8,11,11
66682,2023,9,8,8
66682,2023,10,9,9
66682,2023,11,10,10
66682,2023,12,8,8
66682,2024,1,9,9
66682,2024,2,8,8
66682,2024,3,9,9
66682,2024,4,9,9
66682,2024,5,5,5
66682,2024,6,10,10
66682,2024,7,7,7
66682,2024,8,10,10
66682,2024,9,8,8
66682,2024,10,10,10
66682,2024,11,8,8
66682,2024,12,9,9
66687,2021,3,1,1
66687,2021,4,1,1
66687,2021,7,1,1
66687,2021,8,1,1
66687,2021,9,1,1
66687,2021,10,1,1
66687,2022,1,1,1
66687,2022,4,1,1
66687,2022,5,4,4
66687,2022,7,1,1
66687,2022,8,4,4
66687,2022,9,2,2
66687,2022,11,2,2
66687,2022,12,4,4
66687,2023,2,3,3
66687,2023,4,1,1
66687,2023,6,1,1
66687,2023,7,1,1
66687,2023,8,1,1
66687,2023,9,3,3
66687,2023,10,2,2
66687,2023,11,2,2
66687,2023,12,1,1
66687,2024,1,3,3
66687,2024,2,1,1
66687,2024,3,2,2
66687,2024,5,1,1
66687,2024,6,1,1
66687,2024,8,1,1
66687,2024,11,1,1
66687,2024,12,1,1
68001,2021,1,33,33
68001,2021,2,35,35
68001,2021,3,49,49
68001,2021,4,30,30
68001,2021,5,30,30
68001,2021,6,31,31
68001,2021,7,30,30
68001,2021,8,33,33
68001,2021,9,32,32
68001,2021,10,45,45
68001,2021,11,53,53
68001,2021,12,45,45
68001,2022,1,28,28
68001,2022,2,41,41
68001,2022,3,59,59
68001,2022,4,61,61
68001,2022,5,55,55
68001,2022,6,42,42
68001,2022,7,39,39
68001,2022,8,56,56
68001,2022,9,58,58
68001,2022,10,46,46
68001,2022,11,45,45
68001,2022,12,48,48
68001,2023,1,38,38
68001,2023,2,57,57
68001,2023,3,48,48
68001,2023,4,57,57
68001,2023,5,61,61
68001,2023,6,65,65
68001,2023,7,71,71
68001,2023,8,65,65
68001,2023,9,84,84
68001,2023,10,43,43
68001,2023,11,37,37
68001,2023,12,34,34
68001,2024,1,37,37
68001,2024,2,41,41
68001,2024,3,64,64
68001,2024,4,46,46
68001,2024,5,54,54
68001,2024,6,68,68
68001,2024,7,36,36
68001,2024,8,53,53
68001,2024,9,55,55
68001,2024,10,49,49
68001,2024,11,44,44
68001,2024,12,26,26
68020,2021,11,1,1
68051,2021,12,1,1
68051,2022,5,1,1
68051,2022,8,1,1
68051,2022,10,1,1
68051,2023,3,3,3
68051,2024,3,1,1
68051,2024,4,1,1
68051,2024,5,1,1
68077,2021,2,1,1
68077,2021,3,3,3
68077,2021,5,1,1
68077,2021,6,2,2
68077,2021,7,2,2
68077,2021,8,1,1
68077,2021,9,2,2
68077,2021,10,1,1
68077,2021,11,1,1
68077,2021,12,2,2
68077,2022,3,2,2
68077,2022,4,3,3
68077,2022,5,3,3
68077,2022,6,3,3
68077,2022,7,2,2
68077,2022,8,2,2
68077,2022,9,2,2
68077,2022,10,1,1
68077,2022,12,2,2
68077,2023,1,3,3
68077,2023,3,6,6
68077,2023,4,1,1
68077,2023,8,2,2
68077,2023,9,1,1
68077,2023,10,3,3
68077,2023,11,2,2
68077,2023,12,1,1
68077,2024,1,1,1
68077,2024,2,1,1
68077,2024,4,1,1
68077,2024,5,2,2
68077,2024,6,1,1
68077,2024,7,2,2
68077,2024,8,4,4
68077,2024,9,3,3
68077,2024,12,1,1
68079,2021,7,1,1
68079,2021,10,1,1
68079,2021,12,1,1
68079,2022,5,1,1
68079,2022,9,1,1
68079,2022,12,1,1
68079,2023,3,1,1
68079,2023,6,1,1
68079,2023,7,4,4
68079,2023,10,1,1
68079,2023,11,1,1
68079,2023,12,1,1
68079,2024,5,1,1
68079,2024,9,1,1
68081,2021,1,6,6
68081,2021,2,8,8
68081,2021,3,8,8
68081,2021,4,8,8
68081,2021,5,6,6
68081,2021,6,8,8
68081,2021,7,7,7
68081,2021,8,8,8
68081,2021,9,10,10
68081,2021,10,9,9
68081,2021,11,14,14
68081,2021,12,11,11
68081,2022,1,13,13
68081,2022,2,8,8
68081,2022,3,5,5
68081,2022,4,7,7
68081,2022,5,11,11
68081,2022,6,10,10
68081,2022,7,7,7
68081,2022,8,12,12
68081,2022,9,13,13
68081,2022,10,16,16
68081,2022,11,13,13
68081,2022,12,12,12
68081,2023,1,9,9
68081,2023,2,15,15
68081,2023,3,15,15
68081,2023,4,15,15
68081,2023,5,23,23
68081,2023,6,17,17
68081,2023,7,12,12
68081,2023,8,11,11
68081,2023,9,14,14
68081,2023,10,14,14
68081,2023,11,13,13
68081,2023,12,11,11
68081,2024,1,15,15
68081,2024,2,20,20
68081,2024,3,19,19
68081,2024,4,36,36
68081,2024,5,30,30
68081,2024,6,32,32
68081,2024,7,21,21
68081,2024,8,25,25
68081,2024,9,15,15
68081,2024,10,20,20
68081,2024,11,16,16
68081,2024,12,12,12
68092,2022,2,1,1
68092,2022,3,1,1
68092,2022,8,1,1
68092,2022,12,1,1
68092,2023,2,1,1
68092,2023,9,1,1
68092,2023,10,2,2
68092,2023,11,1,1
68092,2024,7,1,1
68101,2021,5,1,1
68101,2021,9,1,1
68101,2021,12,1,1
68101,2022,2,1,1
68101,2023,7,1,1
68101,2023,8,1,1
68101,2023,9,1,1
68101,2023,11,1,1
68101,2024,1,1,1
68101,2024,4,1,1
68101,2024,9,2,2
68101,2024,11,1,1
68121,2023,7,1,1
68121,2023,9,1,1
68132,2021,1,1,1
68132,2021,9,1,1
68132,2023,3,1,1
68147,2021,10,1,1
68147,2021,11,1,1
68147,2021,12,1,1
68147,2022,7,1,1
68147,2023,1,1,1
68147,2023,7,2,2
68147,2023,9,1,1
68147,2023,10,1,1
68147,2023,11,1,1
68147,2024,4,2,2
68147,2024,5,1,1
68147,2024,6,1,1
68152,2022,8,2,2
68152,2022,10,1,1
68152,2023,3,1,1
68152,2023,5,1,1
68160,2022,7,1,1
68160,2023,1,1,1
68162,2021,2,2,2
68162,2021,3,1,1
68162,2021,5,1,1
68162,2021,9,1,1
68162,2022,5,1,1
68162,2022,10,1,1
68162,2022,12,1,1
68162,2023,1,1,1
68162,2023,2,1,1
68162,2023,3,1,1
68162,2024,2,2,2
68167,2021,2,1,1
68167,2021,7,2,2
68167,2022,2,1,1
68167,2022,3,1,1
68167,2022,5,1,1
68167,2022,7,1,1
68167,2022,9,1,1
68167,2022,12,1,1
68167,2023,3,1,1
68167,2023,6,2,2
68167,2023,8,1,1
68167,2023,11,2,2
68167,2023,12,1,1
68167,2024,1,2,2
68167,2024,4,1,1
68167,2024,5,2,2
68167,2024,6,1,1
68167,2024,8,1,1
68167,2024,12,1,1
68169,2021,6,1,1
68169,2021,10,1,1
68169,2022,2,1,1
68169,2022,4,1,1
68169,2023,4,1,1
68169,2024,2,1,1
68169,2024,9,1,1
68176,2021,2,1,1
68176,2021,5,1,1
68176,2022,4,1,1
68176,2023,5,1,1
68176,2023,6,2,2
68176,2024,3,1,1
68176,2024,9,1,1
68179,2021,4,1,1
68179,2022,9,1,1
68179,2024,2,1,1
68179,2024,5,1,1
68190,2021,1,1,1
68190,2021,2,1,1
68190,2021,5,2,2
68190,2021,6,2,2
68190,2021,8,1,1
68190,2021,9,6,6
68190,2021,10,4,4
68190,2021,11,1,1
68190,2022,1,3,3
68190,2022,2,1,1
68190,2022,3,3,3
68190,2022,5,4,4
68190,2022,7,1,1
68190,2022,8,1,1
68190,2022,9,1,1
68190,2022,11,2,2
68190,2022,12,1,1
68190,2023,1,2,2
68190,2023,2,4,4
68190,2023,3,2,2
68190,2023,4,5,5
68190,2023,6,2,2
68190,2023,7,1,1
68190,2023,8,3,3
68190,2023,9,3,3
68190,2023,10,2,2
68190,2024,3,1,1
68190,2024,5,1,1
68190,2024,6,1,1
68190,2024,7,2,2
68190,2024,8,1,1
68190,2024,9,1,1
68190,2024,10,3,3
68190,2024,11,1,1
68190,2024,12,1,1
68207,2021,4,1,1
68207,2021,7,1,1
68207,2021,11,1,1
68207,2022,1,3,3
68207,2022,4,1,1
68207,2022,5,1,1
68207,2022,6,1,1
68207,2023,2,1,1
68207,2023,4,1,1
68207,2023,5,1,1
68207,2023,8,2,2
68207,2023,9,1,1
68207,2023,10,1,1
68207,2024,2,1,1
68209,2021,10,1,1
68209,2022,4,1,1
68209,2022,7,1,1
68209,2022,10,1,1
68209,2023,9,1,1
68209,2023,12,1,1
68209,2024,11,1,1
68211,2022,2,1,1
68211,2022,6,1,1
68211,2022,10,1,1
68211,2023,1,1,1
68211,2023,3,1,1
68211,2023,11,3,3
68211,2024,4,1,1
68211,2024,7,1,1
68211,2024,12,1,1
68217,2022,5,1,1
68217,2022,6,1,1
68217,2023,7,1,1
68217,2024,1,1,1
68217,2024,5,1,1
68229,2021,1,1,1
68229,2021,5,1,1
68229,2021,7,1,1
68229,2022,4,1,1
68229,2022,10,1,1
68229,2023,5,1,1
68229,2023,6,1,1
68229,2023,7,2,2
68229,2023,11,1,1
68229,2023,12,3,3
68229,2024,3,1,1
68229,2024,4,2,2
68229,2024,8,1,1
68229,2024,9,1,1
68229,2024,11,1,1
68229,2024,12,1,1
68235,2021,1,1,1
68235,2021,3,1,1
68235,2021,6,1,1
68235,2021,9,1,1
68235,2021,10,1,1
68235,2022,3,1,1
68235,2022,8,1,1
68235,2023,9,2,2
68235,2024,9,1,1
68235,2024,11,1,1
68250,2021,5,1,1
68250,2022,1,1,1
68250,2022,2,1,1
68250,2022,3,1,1
68250,2024,10,1,1
68250,2024,11,1,1
68255,2021,2,1,1
68255,2021,3,1,1
68255,2021,5,2,2
68255,2021,6,1,1
68255,2021,10,3,3
68255,2021,12,1,1
68255,2022,1,1,1
68255,2022,3,2,2
68255,2022,5,2,2
68255,2022,12,1,1
68255,2023,6,1,1
68255,2023,7,1,1
68255,2023,8,1,1
68255,2023,10,1,1
68255,2024,2,1,1
68255,2024,3,1,1
68255,2024,4,1,1
68264,2023,7,1,1
68266,2023,3,1,1
68266,2023,9,2,2
68266,2023,10,1,1
68266,2024,2,2,2
68266,2024,6,1,1
68266,2024,11,1,1
68271,2021,4,1,1
68276,2021,1,14,14
68276,2021,2,10,10
68276,2021,3,15,15
68276,2021,4,17,17
68276,2021,5,17,17
68276,2021,6,17,17
68276,2021,7,22,22
68276,2021,8,23,23
68276,2021,9,16,16
68276,2021,10,12,12
68276,2021,11,18,18
68276,2021,12,15,15
68276,2022,1,15,15
68276,2022,2,16,16
68276,2022,3,28,28
68276,2022,4,25,25
68276,2022,5,24,24
68276,2022,6,15,15
68276,2022,7,22,22
68276,2022,8,18,18
68276,2022,9,31,31
68276,2022,10,30,30
68276,2022,11,29,29
68276,2022,12,20,20
68276,2023,1,12,12
68276,2023,2,23,23
68276,2023,3,29,29
68276,2023,4,23,23
68276,2023,5,34,34
68276,2023,6,23,23
68276,2023,7,22,22
68276,2023,8,26,26
68276,2023,9,20,20
68276,2023,10,27,27
68276,2023,11,15,15
68276,2023,12,28,28
68276,2024,1,9,9
68276,2024,2,24,24
68276,2024,3,18,18
68276,2024,4,21,21
68276,2024,5,21,21
68276,2024,6,14,14
68276,2024,7,22,22
68276,2024,8,24,24
68276,2024,9,30,30
68276,2024,10,22,22
68276,2024,11,18,18
68276,2024,12,13,13
68296,2021,2,1,1
68296,2021,5,1,1
68296,2021,11,1,1
68296,2022,12,1,1
68296,2023,2,1,1
68298,2022,5,3,3
68298,2023,4,1,1
68298,2024,2,1,1
68298,2024,9,1,1
68307,2021,1,12,12
68307,2021,2,12,12
68307,2021,3,6,6
68307,2021,4,15,15
68307,2021,5,12,12
68307,2021,6,17,17
68307,2021,7,9,9
68307,2021,8,16,16
68307,2021,9,10,10
68307,2021,10,13,13
68307,2021,11,15,15
68307,2021,12,9,9
68307,2022,1,8,8
68307,2022,2,10,10
68307,2022,3,7,7
68307,2022,4,8,8
68307,2022,5,13,13
68307,2022,6,17,17
68307,2022,7,9,9
68307,2022,8,22,22
68307,2022,9,10,10
68307,2022,10,13,13
68307,2022,11,24,24
68307,2022,12,11,11
68307,2023,1,6,6
68307,2023,2,11,11
68307,2023,3,23,23
68307,2023,4,20,20
68307,2023,5,21,21
68307,2023,6,11,11
68307,2023,7,18,18
68307,2023,8,17,17
68307,2023,9,19,19
68307,2023,10,19,19
68307,2023,11,13,13
68307,2023,12,17,17
68307,2024,1,7,7
68307,2024,2,14,14
68307,2024,3,13,13
68307,2024,4,16,16
68307,2024,5,22,22
68307,2024,6,21,21
68307,2024,7,14,14
68307,2024,8,12,12
68307,2024,9,22,22
68307,2024,10,11,11
68307,2024,11,18,18
68307,2024,12,12,12
68318,2022,4,1,1
68318,2022,11,1,1
68318,2022,12,1,1
68318,2023,4,1,1
68318,2023,12,2,2
68318,2024,1,1,1
68318,2024,4,1,1
68318,2024,5,1,1
68318,2024,10,1,1
68320,2021,4,1,1
68320,2022,10,1,1
68320,2023,1,1,1
68320,2023,10,1,1
68322,2021,8,2,2
68322,2022,6,1,1
68324,2022,7,1,1
68324,2022,10,1,1
68324,2023,1,1,1
68324,2023,8,1,1
68324,2023,12,1,1
68324,2024,3,1,1
68324,2024,8,1,1
68327,2021,1,1,1
68327,2021,9,1,1
68327,2021,10,1,1
68327,2021,11,1,1
68327,2021,12,2,2
68327,2022,7,1,1
68327,2023,4,1,1
68327,2023,10,1,1
68368,2021,6,1,1
68368,2021,12,1,1
68368,2022,8,1,1
68370,2023,8,1,1
68377,2021,3,2,2
68377,2021,12,1,1
68377,2022,4,1,1
68377,2022,5,2,2
68377,2022,8,1,1
68377,2022,10,1,1
68377,2022,11,1,1
68377,2022,12,1,1
68377,2024,6,1,1
68385,2021,8,1,1
68385,2021,9,2,2
68385,2021,11,1,1
68385,2021,12,1,1
68385,2022,10,2,2
68385,2022,12,1,1
68385,2023,2,1,1
68385,2023,6,1,1
68385,2023,7,1,1
68385,2023,8,1,1
68385,2024,1,1,1
68385,2024,2,1,1
68385,2024,3,1,1
68385,2024,5,1,1
68385,2024,6,1,1
68385,2024,7,1,1
68385,2024,9,2,2
68385,2024,10,1,1
68385,2024,11,1,1
68385,2024,12,1,1
68397,2021,8,1,1
68397,2021,12,1,1
68397,2022,5,1,1
68406,2021,1,1,1
68406,2021,2,2,2
68406,2021,3,3,3
68406,2021,4,2,2
68406,2021,5,1,1
68406,2021,6,1,1
68406,2021,7,1,1
68406,2021,8,1,1
68406,2021,9,2,2
68406,2021,10,4,4
68406,2021,11,1,1
68406,2022,1,2,2
68406,2022,2,2,2
68406,2022,3,2,2
68406,2022,6,2,2
68406,2022,7,1,1
68406,2022,8,1,1
68406,2022,9,1,1
68406,2022,10,4,4
68406,2022,11,2,2
68406,2023,2,3,3
68406,2023,3,6,6
68406,2023,4,3,3
68406,2023,5,3,3
68406,2023,6,1,1
68406,2023,7,1,1
68406,2023,8,2,2
68406,2023,9,2,2
68406,2023,10,4,4
68406,2023,12,1,1
68406,2024,2,2,2
68406,2024,3,2,2
68406,2024,5,2,2
68406,2024,6,3,3
68406,2024,7,1,1
68406,2024,8,2,2
68406,2024,9,4,4
68406,2024,10,2,2
68406,2024,11,4,4
68418,2021,1,1,1
68418,2021,2,1,1
68418,2021,4,2,2
68418,2021,6,4,4
68418,2021,10,1,1
68418,2021,12,2,2
68418,2022,2,1,1
68418,2022,3,1,1
68418,2022,4,1,1
68418,2022,9,2,2
68418,2022,10,2,2
68418,2022,12,2,2
68418,2023,1,1,1
68418,2023,2,2,2
68418,2023,3,1,1
68418,2023,5,1,1
68418,2023,6,1,1
68418,2023,9,2,2
68418,2023,10,1,1
68418,2024,1,1,1
68418,2024,3,1,1
68418,2024,9,2,2
68418,2024,10,1,1
68425,2021,8,1,1
68425,2021,10,1,1
68425,2023,10,1,1
68425,2024,1,1,1
68432,2021,3,1,1
68432,2021,5,3,3
68432,2021,6,1,1
68432,2021,7,1,1
68432,2021,8,1,1
68432,2021,10,4,4
68432,2021,11,1,1
68432,2021,12,1,1
68432,2022,1,2,2
68432,2022,2,3,3
68432,2022,3,3,3
68432,2022,4,2,2
68432,2022,6,4,4
68432,2022,7,1,1
68432,2022,8,3,3
68432,2022,9,7,7
68432,2022,10,4,4
68432,2022,11,2,2
68432,2022,12,4,4
68432,2023,1,2,2
68432,2023,2,5,5
68432,2023,3,1,1
68432,2023,5,5,5
68432,2023,6,4,4
68432,2023,7,2,2
68432,2023,8,3,3
68432,2023,9,4,4
68432,2023,10,2,2
68432,2023,11,3,3
68432,2023,12,2,2
68432,2024,1,4,4
68432,2024,2,2,2
68432,2024,3,3,3
68432,2024,4,1,1
68432,2024,5,3,3
68432,2024,6,4,4
68432,2024,7,1,1
68432,2024,9,2,2
68432,2024,10,1,1
68432,2024,12,1,1
68444,2021,5,1,1
68444,2022,2,1,1
68444,2022,6,1,1
68444,2022,8,1,1
68444,2023,3,3,3
68444,2023,4,1,1
68444,2023,6,1,1
68444,2024,5,1,1
68444,2024,7,1,1
68464,2021,1,1,1
68464,2021,3,1,1
68464,2022,4,1,1
68464,2022,5,1,1
68464,2022,8,1,1
68464,2022,10,1,1
68464,2023,10,1,1
68464,2024,1,1,1
68464,2024,2,2,2
68464,2024,9,1,1
68468,2021,9,1,1
68468,2022,5,1,1
68468,2023,9,1,1
68498,2021,6,1,1
68498,2021,8,1,1
68498,2021,12,2,2
68498,2022,7,1,1
68498,2023,1,1,1
68498,2024,4,1,1
68498,2024,6,1,1
68498,2024,12,1,1
68500,2021,2,1,1
68500,2021,4,1,1
68500,2021,5,2,2
68500,2021,7,2,2
68500,2021,8,1,1
68500,2021,9,1,1
68500,2022,6,1,1
68500,2022,7,1,1
68500,2022,8,1,1
68500,2022,10,1,1
68500,2023,3,1,1
68500,2023,5,1,1
68500,2023,8,2,2
68500,2023,9,2,2
68500,2023,12,2,2
68500,2024,2,1,1
68500,2024,4,1,1
68500,2024,5,2,2
68500,2024,6,2,2
68500,2024,7,2,2
68500,2024,8,3,3
68500,2024,10,1,1
68500,2024,11,3,3
68502,2021,6,2,2
68502,2021,7,1,1
68502,2022,1,1,1
68522,2022,2,1,1
68522,2023,2,1,1
68522,2023,6,1,1
68522,2023,11,1,1
68522,2024,1,1,1
68524,2023,2,1,1
68524,2023,8,1,1
68524,2023,12,1,1
68533,2021,4,1,1
68533,2022,4,1,1
68533,2023,2,1,1
68533,2023,3,1,1
68533,2023,8,1,1
68533,2024,8,1,1
68547,2021,1,6,6
68547,2021,2,7,7
68547,2021,3,14,14
68547,2021,4,9,9
68547,2021,5,13,13
68547,2021,6,9,9
68547,2021,7,6,6
68547,2021,8,5,5
68547,2021,9,10,10
68547,2021,10,10,10
68547,2021,11,7,7
68547,2021,12,8,8
68547,2022,1,6,6
68547,2022,2,8,8
68547,2022,3,11,11
68547,2022,4,10,10
68547,2022,5,12,12
68547,2022,6,10,10
68547,2022,7,8,8
68547,2022,8,13,13
68547,2022,9,8,8
68547,2022,10,7,7
68547,2022,11,11,11
68547,2022,12,18,18
68547,2023,1,6,6
68547,2023,2,10,10
68547,2023,3,12,12
68547,2023,4,12,12
68547,2023,5,19,19
68547,2023,6,12,12
68547,2023,7,15,15
68547,2023,8,11,11
68547,2023,9,12,12
68547,2023,10,11,11
68547,2023,11,9,9
68547,2023,12,8,8
68547,2024,1,10,10
68547,2024,2,11,11
68547,2024,3,9,9
68547,2024,4,13,13
68547,2024,5,10,10
68547,2024,6,11,11
68547,2024,7,15,15
68547,2024,8,18,18
68547,2024,9,15,15
68547,2024,10,17,17
68547,2024,11,9,9
68547,2024,12,11,11
68549,2021,3,2,2
68549,2022,3,1,1
68549,2024,1,1,1
68549,2024,6,1,1
68572,2021,3,1,1
68572,2021,8,1,1
68572,2021,11,1,1
68572,2022,1,1,1
68572,2022,3,2,2
68572,2022,4,1,1
68572,2022,6,1,1
68572,2022,7,1,1
68572,2022,8,2,2
68572,2022,11,1,1
68572,2023,3,1,1
68572,2023,5,1,1
68572,2023,11,2,2
68572,2023,12,1,1
68572,2024,2,1,1
68572,2024,4,1,1
68572,2024,5,1,1
68572,2024,12,1,1
68573,2021,1,1,1
68573,2021,7,1,1
68573,2021,11,1,1
68573,2022,10,3,3
68573,2022,11,1,1
68573,2022,12,2,2
68573,2023,1,1,1
68573,2023,4,1,1
68573,2023,6,1,1
68573,2023,7,2,2
68573,2023,8,1,1
68573,2024,3,1,1
68573,2024,9,1,1
68575,2021,2,1,1
68575,2021,8,1,1
68575,2021,9,3,3
68575,2022,5,1,1
68575,2022,8,3,3
68575,2022,11,1,1
68575,2023,6,1,1
68575,2023,7,1,1
68575,2023,9,1,1
68575,2023,11,1,1
68575,2024,6,1,1
68575,2024,11,2,2
68615,2021,2,1,1
68615,2021,3,1,1
68615,2021,6,4,4
68615,2021,7,1,1
68615,2021,11,1,1
68615,2021,12,2,2
68615,2022,1,1,1
68615,2022,2,1,1
68615,2022,3,1,1
68615,2022,4,2,2
68615,2022,5,2,2
68615,2022,6,2,2
68615,2022,7,1,1
68615,2022,8,4,4
68615,2022,9,1,1
68615,2022,11,2,2
68615,2023,1,2,2
68615,2023,2,3,3
68615,2023,3,3,3
68615,2023,4,1,1
68615,2023,5,1,1
68615,2023,6,2,2
68615,2023,7,3,3
68615,2023,9,2,2
68615,2023,12,1,1
68615,2024,1,1,1
68615,2024,4,1,1
68615,2024,5,1,1
68615,2024,7,1,1
68615,2024,8,3,3
68615,2024,11,4,4
68615,2024,12,3,3
68655,2021,2,1,1
68655,2021,3,1,1
68655,2021,9,2,2
68655,2021,11,1,1
68655,2022,1,1,1
68655,2022,2,2,2
68655,2022,3,1,1
68655,2022,4,4,4
68655,2022,7,1,1
68655,2022,8,2,2
68655,2022,10,1,1
68655,2022,11,1,1
68655,2022,12,2,2
68655,2023,1,2,2
68655,2023,2,1,1
68655,2023,4,1,1
68655,2023,5,1,1
68655,2023,6,1,1
68655,2023,7,1,1
68655,2023,8,1,1
68655,2023,9,1,1
68655,2023,10,1,1
68655,2024,1,1,1
68655,2024,2,1,1
68655,2024,3,1,1
68655,2024,4,3,3
68655,2024,5,2,2
68655,2024,6,1,1
68655,2024,7,1,1
68655,2024,9,2,2
68655,2024,10,1,1
68655,2024,12,1,1
68669,2021,7,1,1
68669,2021,9,1,1
68669,2022,4,1,1
68669,2022,10,1,1
68669,2023,4,1,1
68669,2023,7,1,1
68669,2023,10,1,1
68669,2023,11,1,1
68669,2024,2,1,1
68669,2024,4,1,1
68669,2024,9,2,2
68669,2024,11,1,1
68669,2024,12,1,1
68673,2021,1,1,1
68673,2021,2,1,1
68673,2021,5,1,1
68673,2021,8,2,2
68673,2021,11,1,1
68673,2021,12,1,1
68673,2022,4,1,1
68673,2022,8,1,1
68673,2022,9,1,1
68673,2023,6,1,1
68679,2021,1,4,4
68679,2021,2,3,3
68679,2021,3,3,3
68679,2021,4,7,7
68679,2021,5,4,4
68679,2021,6,2,2
68679,2021,7,1,1
68679,2021,8,2,2
68679,2021,9,6,6
68679,2021,10,1,1
68679,2021,11,4,4
68679,2021,12,4,4
68679,2022,1,6,6
68679,2022,2,6,6
68679,2022,3,9,9
68679,2022,4,6,6
68679,2022,5,2,2
68679,2022,6,7,7
68679,2022,7,3,3
68679,2022,8,4,4
68679,2022,9,7,7
68679,2022,10,7,7
68679,2022,11,5,5
68679,2022,12,9,9
68679,2023,1,3,3
68679,2023,2,2,2
68679,2023,3,4,4
68679,2023,4,6,6
68679,2023,5,10,10
68679,2023,6,2,2
68679,2023,7,10,10
68679,2023,8,10,10
68679,2023,9,16,16
68679,2023,10,12,12
68679,2023,11,3,3
68679,2023,12,3,3
68679,2024,1,8,8
68679,2024,2,5,5
68679,2024,3,13,13
68679,2024,4,11,11
68679,2024,5,6,6
68679,2024,6,4,4
68679,2024,7,5,5
68679,2024,8,5,5
68679,2024,9,6,6
68679,2024,10,7,7
68679,2024,11,6,6
68679,2024,12,3,3
68682,2021,4,1,1
68682,2021,7,1,1
68684,2021,12,1,1
68684,2022,9,1,1
68684,2022,11,1,1
68684,2023,4,1,1
68684,2023,5,1,1
68684,2023,11,2,2
68684,2024,4,1,1
68684,2024,9,1,1
68686,2022,1,1,1
68686,2022,11,1,1
68689,2021,2,1,1
68689,2021,6,1,1
68689,2021,9,1,1
68689,2021,10,3,3
68689,2021,12,2,2
68689,2022,1,1,1
68689,2022,2,2,2
68689,2022,3,2,2
68689,2022,4,1,1
68689,2022,7,1,1
68689,2022,9,1,1
68689,2023,1,2,2
68689,2023,2,4,4
68689,2023,3,3,3
68689,2023,4,3,3
68689,2023,5,2,2
68689,2023,8,1,1
68689,2023,9,1,1
68689,2023,10,2,2
68689,2023,11,1,1
68689,2023,12,1,1
68689,2024,1,1,1
68689,2024,3,2,2
68689,2024,4,2,2
68689,2024,5,1,1
68689,2024,8,2,2
68689,2024,9,2,2
68689,2024,11,1,1
68689,2024,12,1,1
68705,2022,2,1,1
68720,2021,10,1,1
68720,2022,3,1,1
68745,2021,2,1,1
68745,2023,3,1,1
68745,2023,5,2,2
68745,2023,7,1,1
68745,2023,10,1,1
68745,2024,5,1,1
68745,2024,6,1,1
68745,2024,9,2,2
68745,2024,10,1,1
68745,2024,12,2,2
68755,2021,3,1,1
68755,2021,7,1,1
68755,2021,8,1,1
68755,2021,9,1,1
68755,2021,11,2,2
68755,2021,12,1,1
68755,2022,2,1,1
68755,2022,3,3,3
68755,2022,4,4,4
68755,2022,5,2,2
68755,2022,6,3,3
68755,2022,7,1,1
68755,2022,8,1,1
68755,2022,9,3,3
68755,2022,10,2,2
68755,2022,11,1,1
68755,2022,12,1,1
68755,2023,1,1,1
68755,2023,2,2,2
68755,2023,3,3,3
68755,2023,4,2,2
68755,2023,5,2,2
68755,2023,6,1,1
68755,2023,7,2,2
68755,2023,9,5,5
68755,2023,10,1,1
68755,2023,11,1,1
68755,2024,2,1,1
68755,2024,3,5,5
68755,2024,5,3,3
68755,2024,6,1,1
68755,2024,7,3,3
68755,2024,8,1,1
68755,2024,9,2,2
68755,2024,10,3,3
68755,2024,11,1,1
68755,2024,12,2,2
68770,2021,5,1,1
68770,2021,8,1,1
68770,2022,4,1,1
68770,2022,8,1,1
68770,2023,4,1,1
68770,2023,7,1,1
68770,2023,9,2,2
68770,2023,10,3,3
68770,2023,12,1,1
68770,2024,3,1,1
68770,2024,8,1,1
68770,2024,9,1,1
68773,2021,2,1,1
68773,2021,11,1,1
68773,2023,1,1,1
68773,2024,5,1,1
68773,2024,9,1,1
68780,2021,1,1,1
68780,2022,7,1,1
68780,2023,5,1,1
68780,2023,9,1,1
68780,2024,5,1,1
68780,2024,12,1,1
68820,2021,1,1,1
68820,2021,3,1,1
68820,2022,5,1,1
68820,2022,7,1,1
68820,2022,8,1,1
68820,2022,9,2,2
68820,2023,5,1,1
68820,2023,9,2,2
68820,2023,11,1,1
68820,2024,2,2,2
68820,2024,3,1,1
68820,2024,4,1,1
68820,2024,7,1,1
68820,2024,8,1,1
68820,2024,9,3,3
68820,2024,10,1,1
68855,2021,7,1,1
68855,2023,7,1,1
68855,2024,3,1,1
68855,2024,4,2,2
68855,2024,5,1,1
68855,2024,6,1,1
68855,2024,8,1,1
68855,2024,11,2,2
68861,2021,2,4,4
68861,2021,3,2,2
68861,2021,4,4,4
68861,2021,9,1,1
68861,2021,10,1,1
68861,2021,11,2,2
68861,2022,2,1,1
68861,2022,4,1,1
68861,2022,5,1,1
68861,2022,7,1,1
68861,2022,8,1,1
68861,2022,9,3,3
68861,2022,10,1,1
68861,2022,12,1,1
68861,2023,1,2,2
68861,2023,3,3,3
68861,2023,5,1,1
68861,2023,8,1,1
68861,2023,9,1,1
68861,2023,10,4,4
68861,2023,11,2,2
68861,2023,12,2,2
68861,2024,2,2,2
68861,2024,3,2,2
68861,2024,4,2,2
68861,2024,5,3,3
68861,2024,6,1,1
68861,2024,7,1,1
68861,2024,8,5,5
68861,2024,9,1,1
68861,2024,10,3,3
68867,2024,9,1,1
68872,2021,1,1,1
68872,2021,11,2,2
68872,2022,2,1,1
68872,2022,6,1,1
68872,2022,7,1,1
68872,2022,9,2,2
68872,2022,10,1,1
68872,2022,12,1,1
68872,2023,5,1,1
68872,2023,6,1,1
68872,2023,8,2,2
68872,2024,7,1,1
68872,2024,12,2,2
68895,2021,4,1,1
68895,2021,5,2,2
68895,2021,9,1,1
68895,2021,11,1,1
68895,2021,12,2,2
68895,2022,2,1,1
68895,2022,3,1,1
68895,2022,5,1,1
68895,2022,9,2,2
68895,2023,1,1,1
68895,2023,3,1,1
68895,2023,8,1,1
68895,2023,10,1,1
68895,2024,1,2,2
68895,2024,5,1,1
68895,2024,9,1,1
68895,2024,12,1,1
70001,2021,1,5,5
70001,2021,2,10,10
70001,2021,3,13,13
70001,2021,4,10,10
70001,2021,5,11,11
70001,2021,6,15,15
70001,2021,7,16,16
70001,2021,8,14,14
70001,2021,9,9,9
70001,2021,10,29,29
70001,2021,11,14,14
70001,2021,12,18,18
70001,2022,1,8,8
70001,2022,2,10,10
70001,2022,3,23,23
70001,2022,4,18,18
70001,2022,5,13,13
70001,2022,6,14,14
70001,2022,7,19,19
70001,2022,8,14,14
70001,2022,9,20,20
70001,2022,10,21,21
70001,2022,11,22,22
70001,2022,12,17,17
70001,2023,1,15,15
70001,2023,2,15,15
70001,2023,3,22,22
70001,2023,4,13,13
70001,2023,5,22,22
70001,2023,6,14,14
70001,2023,7,25,25
70001,2023,8,24,24
70001,2023,9,26,26
70001,2023,10,22,22
70001,2023,11,24,24
70001,2023,12,10,10
70001,2024,1,11,11
70001,2024,2,18,18
70001,2024,3,30,30
70001,2024,4,20,20
70001,2024,5,29,29
70001,2024,6,17,17
70001,2024,7,22,22
70001,2024,8,18,18
70001,2024,9,31,31
70001,2024,10,20,20
70001,2024,11,20,20
70001,2024,12,13,13
70110,2021,1,1,1
70110,2021,4,2,2
70110,2021,5,1,1
70110,2021,7,1,1
70110,2021,8,4,4
70110,2021,11,2,2
70110,2022,4,1,1
70110,2022,9,1,1
70110,2022,11,1,1
70110,2023,2,1,1
70110,2023,4,2,2
70110,2023,6,2,2
70110,2023,8,1,1
70110,2023,10,3,3
70110,2023,11,1,1
70110,2024,1,2,2
70110,2024,3,2,2
70110,2024,4,1,1
70110,2024,7,3,3
70110,2024,8,1,1
70124,2021,9,1,1
70124,2021,10,2,2
70124,2022,1,1,1
70124,2022,7,1,1
70124,2022,10,1,1
70124,2022,11,2,2
70124,2023,2,1,1
70124,2023,4,1,1
70124,2024,1,1,1
70124,2024,4,1,1
70124,2024,11,1,1
70204,2021,2,1,1
70204,2021,3,1,1
70204,2021,7,1,1
70204,2021,9,1,1
70204,2022,3,1,1
70204,2022,4,1,1
70204,2022,5,2,2
70204,2022,7,1,1
70204,2023,7,1,1
70204,2023,10,2,2
70204,2024,2,2,2
70204,2024,3,3,3
70204,2024,4,1,1
70204,2024,5,1,1
70204,2024,7,2,2
70204,2024,11,4,4
70215,2021,1,3,3
70215,2021,2,4,4
70215,2021,3,1,1
70215,2021,4,2,2
70215,2021,5,3,3
70215,2021,6,1,1
70215,2021,7,1,1
70215,2021,8,4,4
70215,2021,9,6,6
70215,2021,10,6,6
70215,2021,11,2,2
70215,2021,12,1,1
70215,2022,1,2,2
70215,2022,2,2,2
70215,2022,3,6,6
70215,2022,4,4,4
70215,2022,5,2,2
70215,2022,6,3,3
70215,2022,7,4,4
70215,2022,8,2,2
70215,2022,9,4,4
70215,2022,10,4,4
70215,2022,11,5,5
70215,2022,12,2,2
70215,2023,1,1,1
70215,2023,2,2,2
70215,2023,3,6,6
70215,2023,4,10,10
70215,2023,5,4,4
70215,2023,6,2,2
70215,2023,7,4,4
70215,2023,8,6,6
70215,2023,9,9,9
70215,2023,10,4,4
70215,2023,11,4,4
70215,2023,12,4,4
70215,2024,1,1,1
70215,2024,2,3,3
70215,2024,3,6,6
70215,2024,4,4,4
70215,2024,5,1,1
70215,2024,6,2,2
70215,2024,7,7,7
70215,2024,8,4,4
70215,2024,9,3,3
70215,2024,10,4,4
70215,2024,11,4,4
70215,2024,12,3,3
70221,2021,1,1,1
70221,2021,2,1,1
70221,2021,3,1,1
70221,2021,5,1,1
70221,2021,6,1,1
70221,2021,8,2,2
70221,2021,9,1,1
70221,2021,10,1,1
70221,2021,11,1,1
70221,2022,1,2,2
70221,2022,2,1,1
70221,2022,4,4,4
70221,2022,5,4,4
70221,2022,6,1,1
70221,2022,7,2,2
70221,2022,9,1,1
70221,2022,10,1,1
70221,2022,11,3,3
70221,2022,12,1,1
70221,2023,2,3,3
70221,2023,3,1,1
70221,2023,5,5,5
70221,2023,7,1,1
70221,2023,8,2,2
70221,2023,9,2,2
70221,2023,10,2,2
70221,2023,11,1,1
70221,2023,12,1,1
70221,2024,1,4,4
70221,2024,2,1,1
70221,2024,5,4,4
70221,2024,8,1,1
70221,2024,9,1,1
70221,2024,10,2,2
70221,2024,11,1,1
70221,2024,12,2,2
70230,2021,3,1,1
70230,2021,7,1,1
70230,2021,12,1,1
70230,2022,1,1,1
70230,2022,2,1,1
70230,2022,7,1,1
70230,2022,8,1,1
70230,2022,11,2,2
70230,2023,1,1,1
70230,2023,8,1,1
70230,2023,9,2,2
70230,2024,3,1,1
70230,2024,4,1,1
70230,2024,5,1,1
70230,2024,6,2,2
70230,2024,7,1,1
70230,2024,9,1,1
70233,2021,2,1,1
70233,2021,6,1,1
70233,2021,10,1,1
70233,2022,3,1,1
70233,2022,6,1,1
70233,2022,9,2,2
70233,2022,10,2,2
70233,2022,12,1,1
70233,2023,6,1,1
70233,2023,10,1,1
70233,2023,11,1,1
70233,2024,3,1,1
70233,2024,4,3,3
70233,2024,5,2,2
70233,2024,6,3,3
70233,2024,9,1,1
70235,2021,1,1,1
70235,2021,2,1,1
70235,2021,3,2,2
70235,2021,4,1,1
70235,2021,5,2,2
70235,2021,6,1,1
70235,2021,7,1,1
70235,2021,9,2,2
70235,2021,10,4,4
70235,2021,11,2,2
70235,2021,12,1,1
70235,2022,2,1,1
70235,2022,3,1,1
70235,2022,4,1,1
70235,2022,5,1,1
70235,2022,6,1,1
70235,2022,7,2,2
70235,2022,9,2,2
70235,2022,12,2,2
70235,2023,2,1,1
70235,2023,6,2,2
70235,2023,7,2,2
70235,2023,9,1,1
70235,2023,10,6,6
70235,2023,11,3,3
70235,2024,1,3,3
70235,2024,2,1,1
70235,2024,3,2,2
70235,2024,4,1,1
70235,2024,5,5,5
70235,2024,6,1,1
70235,2024,7,1,1
70235,2024,8,1,1
70235,2024,9,3,3
70235,2024,10,2,2
70235,2024,11,1,1
70265,2021,1,1,1
70265,2021,4,1,1
70265,2021,9,1,1
70265,2023,7,1,1
70265,2023,9,2,2
70265,2024,3,1,1
70265,2024,4,1,1
70265,2024,6,2,2
70265,2024,11,3,3
70265,2024,12,1,1
70400,2021,1,1,1
70400,2021,10,1,1
70400,2022,4,1,1
70400,2022,7,1,1
70400,2022,10,1,1
70400,2023,4,1,1
70400,2023,6,1,1
70400,2024,3,1,1
70400,2024,4,1,1
70400,2024,11,1,1
70418,2021,3,3,3
70418,2021,5,1,1
70418,2021,6,1,1
70418,2021,7,1,1
70418,2021,8,1,1
70418,2021,9,1,1
70418,2021,11,2,2
70418,2022,2,1,1
70418,2022,3,2,2
70418,2022,5,1,1
70418,2022,6,1,1
70418,2022,10,3,3
70418,2022,12,1,1
70418,2023,1,2,2
70418,2023,3,1,1
70418,2023,4,1,1
70418,2023,6,1,1
70418,2023,7,2,2
70418,2023,8,4,4
70418,2023,11,1,1
70418,2023,12,2,2
70418,2024,2,2,2
70418,2024,3,5,5
70418,2024,4,4,4
70418,2024,5,3,3
70418,2024,6,1,1
70418,2024,7,4,4
70418,2024,8,2,2
70418,2024,9,1,1
70418,2024,10,1,1
70418,2024,11,3,3
70418,2024,12,3,3
70429,2021,4,2,2
70429,2021,6,2,2
70429,2021,8,1,1
70429,2021,9,1,1
70429,2021,10,1,1
70429,2021,11,1,1
70429,2021,12,1,1
70429,2022,2,1,1
70429,2022,3,3,3
70429,2022,4,2,2
70429,2022,7,3,3
70429,2022,11,1,1
70429,2023,3,1,1
70429,2023,7,2,2
70429,2023,8,1,1
70429,2023,9,3,3
70429,2023,10,1,1
70429,2023,11,1,1
70429,2023,12,2,2
70429,2024,1,1,1
70429,2024,2,2,2
70429,2024,5,1,1
70429,2024,8,1,1
70473,2021,3,1,1
70473,2021,4,1,1
70473,2021,7,1,1
70473,2021,8,1,1
70473,2021,9,1,1
70473,2021,10,1,1
70473,2022,1,1,1
70473,2022,2,1,1
70473,2022,6,1,1
70473,2022,9,3,3
70473,2022,11,1,1
70473,2023,1,1,1
70473,2023,3,2,2
70473,2023,4,1,1
70473,2023,5,1,1
70473,2023,6,2,2
70473,2023,9,2,2
70473,2023,12,1,1
70473,2024,2,2,2
70473,2024,4,2,2
70473,2024,5,2,2
70473,2024,6,1,1
70473,2024,7,1,1
70473,2024,9,2,2
70473,2024,10,3,3
70473,2024,11,1,1
70508,2021,1,1,1
70508,2021,4,1,1
70508,2021,6,1,1
70508,2021,7,1,1
70508,2021,8,1,1
70508,2021,10,1,1
70508,2021,11,4,4
70508,2021,12,3,3
70508,2022,1,2,2
70508,2022,2,1,1
70508,2022,3,1,1
70508,2022,4,1,1
70508,2022,5,1,1
70508,2022,6,1,1
70508,2022,7,1,1
70508,2022,8,2,2
70508,2022,9,3,3
70508,2022,10,4,4
70508,2022,11,1,1
70508,2023,1,2,2
70508,2023,2,2,2
70508,2023,3,1,1
70508,2023,4,2,2
70508,2023,5,2,2
70508,2023,6,1,1
70508,2023,7,1,1
70508,2023,10,2,2
70508,2023,12,1,1
70508,2024,1,2,2
70508,2024,3,3,3
70508,2024,4,2,2
70508,2024,5,5,5
70508,2024,8,3,3
70508,2024,10,3,3
70508,2024,11,2,2
70523,2021,7,2,2
70523,2021,8,1,1
70523,2021,10,1,1
70523,2021,12,2,2
70523,2022,4,1,1
70523,2022,11,2,2
70523,2022,12,1,1
70523,2023,3,1,1
70523,2023,4,1,1
70523,2023,5,1,1
70523,2023,7,1,1
70523,2023,8,1,1
70523,2023,10,1,1
70523,2023,11,1,1
70523,2023,12,1,1
70523,2024,1,3,3
70523,2024,4,3,3
70523,2024,5,2,2
70523,2024,6,2,2
70523,2024,8,2,2
70523,2024,10,1,1
70523,2024,11,2,2
70523,2024,12,1,1
70670,2021,1,1,1
70670,2021,3,1,1
70670,2021,4,2,2
70670,2021,7,2,2
70670,2021,8,2,2
70670,2021,10,6,6
70670,2021,11,2,2
70670,2021,12,1,1
70670,2022,2,4,4
70670,2022,3,3,3
70670,2022,4,1,1
70670,2022,5,1,1
70670,2022,6,1,1
70670,2022,7,1,1
70670,2022,10,3,3
70670,2022,11,2,2
70670,2022,12,2,2
70670,2023,1,3,3
70670,2023,2,3,3
70670,2023,3,2,2
70670,2023,5,1,1
70670,2023,6,7,7
70670,2023,7,3,3
70670,2023,9,3,3
70670,2023,10,5,5
70670,2023,11,3,3
70670,2024,1,1,1
70670,2024,3,5,5
70670,2024,4,4,4
70670,2024,5,9,9
70670,2024,6,2,2
70670,2024,7,4,4
70670,2024,8,5,5
70670,2024,9,4,4
70670,2024,10,2,2
70670,2024,11,7,7
70670,2024,12,4,4
70678,2021,1,1,1
70678,2021,7,1,1
70678,2021,9,2,2
70678,2021,10,2,2
70678,2021,11,2,2
70678,2021,12,1,1
70678,2022,6,2,2
70678,2022,8,1,1
70678,2022,9,2,2
70678,2022,10,3,3
70678,2022,11,3,3
70678,2023,7,1,1
70678,2023,9,2,2
70678,2023,10,2,2
70678,2023,12,2,2
70678,2024,1,1,1
70678,2024,2,1,1
70678,2024,6,1,1
70678,2024,7,1,1
70678,2024,8,2,2
70702,2021,1,1,1
70702,2021,3,1,1
70702,2021,4,1,1
70702,2021,7,1,1
70702,2021,10,1,1
70702,2021,11,1,1
70702,2021,12,1,1
70702,2022,2,3,3
70702,2022,3,2,2
70702,2022,6,1,1
70702,2022,7,1,1
70702,2022,9,2,2
70702,2023,1,2,2
70702,2023,2,2,2
70702,2023,3,2,2
70702,2023,4,1,1
70702,2023,5,1,1
70702,2023,6,1,1
70702,2023,7,1,1
70702,2023,8,1,1
70702,2023,9,1,1
70702,2023,11,2,2
70702,2023,12,2,2
70702,2024,1,1,1
70702,2024,3,3,3
70702,2024,5,1,1
70702,2024,6,1,1
70702,2024,7,3,3
70702,2024,9,2,2
70702,2024,11,1,1
70702,2024,12,1,1
70708,2021,1,1,1
70708,2021,2,1,1
70708,2021,3,3,3
70708,2021,4,3,3
70708,2021,5,1,1
70708,2021,6,2,2
70708,2021,7,3,3
70708,2021,8,1,1
70708,2021,9,3,3
70708,2021,10,2,2
70708,2021,11,2,2
70708,2021,12,1,1
70708,2022,1,3,3
70708,2022,2,2,2
70708,2022,3,4,4
70708,2022,4,1,1
70708,2022,5,2,2
70708,2022,6,1,1
70708,2022,7,1,1
70708,2022,8,2,2
70708,2022,9,2,2
70708,2022,10,1,1
70708,2022,11,1,1
70708,2023,1,5,5
70708,2023,2,3,3
70708,2023,3,2,2
70708,2023,4,2,2
70708,2023,5,2,2
70708,2023,6,1,1
70708,2023,7,2,2
70708,2023,8,2,2
70708,2023,9,1,1
70708,2023,10,3,3
70708,2024,1,1,1
70708,2024,2,3,3
70708,2024,3,3,3
70708,2024,5,2,2
70708,2024,6,1,1
70708,2024,7,1,1
70708,2024,8,2,2
70708,2024,10,4,4
70708,2024,11,2,2
70708,2024,12,3,3
70713,2021,1,1,1
70713,2021,2,3,3
70713,2021,3,5,5
70713,2021,4,2,2
70713,2021,5,1,1
70713,2021,6,1,1
70713,2021,7,3,3
70713,2021,8,2,2
70713,2021,10,2,2
70713,2021,11,1,1
70713,2021,12,4,4
70713,2022,1,4,4
70713,2022,3,3,3
70713,2022,4,2,2
70713,2022,5,4,4
70713,2022,7,3,3
70713,2022,8,4,4
70713,2022,10,1,1
70713,2022,11,4,4
70713,2022,12,3,3
70713,2023,1,1,1
70713,2023,2,2,2
70713,2023,3,1,1
70713,2023,5,1,1
70713,2023,6,2,2
70713,2023,7,2,2
70713,2023,8,3,3
70713,2023,9,1,1
70713,2023,11,2,2
70713,2023,12,1,1
70713,2024,1,1,1
70713,2024,2,2,2
70713,2024,3,5,5
70713,2024,4,2,2
70713,2024,5,3,3
70713,2024,6,5,5
70713,2024,7,1,1
70713,2024,9,1,1
70713,2024,10,2,2
70713,2024,12,1,1
70717,2021,1,1,1
70717,2021,4,1,1
70717,2021,5,2,2
70717,2021,6,3,3
70717,2021,9,1,1
70717,2021,12,1,1
70717,2022,1,3,3
70717,2022,7,1,1
70717,2022,10,1,1
70717,2022,12,1,1
70717,2023,3,1,1
70717,2023,7,1,1
70717,2023,8,1,1
70717,2023,12,1,1
70717,2024,3,1,1
70717,2024,5,1,1
70717,2024,6,1,1
70717,2024,7,1,1
70717,2024,8,3,3
70717,2024,9,4,4
70717,2024,10,1,1
70717,2024,11,2,2
70742,2021,1,2,2
70742,2021,2,3,3
70742,2021,9,1,1
70742,2021,10,4,4
70742,2022,1,1,1
70742,2022,2,2,2
70742,2022,4,1,1
70742,2022,5,1,1
70742,2022,6,1,1
70742,2022,9,1,1
70742,2022,10,2,2
70742,2022,11,1,1
70742,2023,1,1,1
70742,2023,3,1,1
70742,2023,5,1,1
70742,2023,6,2,2
70742,2023,7,1,1
70742,2023,8,1,1
70742,2023,9,1,1
70742,2023,10,1,1
70742,2023,11,1,1
70742,2024,1,1,1
70742,2024,2,2,2
70742,2024,3,4,4
70742,2024,4,2,2
70742,2024,6,2,2
70742,2024,7,1,1
70742,2024,8,3,3
70742,2024,9,2,2
70742,2024,10,1,1
70742,2024,11,4,4
70771,2021,2,2,2
70771,2021,4,2,2
70771,2021,7,1,1
70771,2021,8,1,1
70771,2022,1,1,1
70771,2022,2,1,1
70771,2022,4,1,1
70771,2022,5,1,1
70771,2022,8,1,1
70771,2022,11,3,3
70771,2023,1,1,1
70771,2023,4,1,1
70771,2023,8,1,1
70771,2023,10,2,2
70771,2023,12,1,1
70771,2024,4,1,1
70771,2024,12,1,1
70820,2021,1,4,4
70820,2021,2,1,1
70820,2021,4,1,1
70820,2021,5,1,1
70820,2021,6,1,1
70820,2021,7,2,2
70820,2021,8,3,3
70820,2021,9,2,2
70820,2021,10,4,4
70820,2021,11,2,2
70820,2022,1,1,1
70820,2022,2,2,2
70820,2022,3,2,2
70820,2022,4,5,5
70820,2022,5,2,2
70820,2022,6,1,1
70820,2022,7,1,1
70820,2022,8,2,2
70820,2022,9,2,2
70820,2022,10,3,3
70820,2022,11,1,1
70820,2022,12,2,2
70820,2023,1,1,1
70820,2023,2,2,2
70820,2023,3,1,1
70820,2023,4,3,3
70820,2023,5,1,1
70820,2023,6,2,2
70820,2023,8,2,2
70820,2023,9,1,1
70820,2023,10,1,1
70820,2023,11,1,1
70820,2023,12,3,3
70820,2024,1,2,2
70820,2024,2,1,1
70820,2024,4,2,2
70820,2024,7,1,1
70820,2024,8,1,1
70820,2024,9,3,3
70820,2024,10,2,2
70820,2024,11,1,1
70820,2024,12,1,1
70823,2021,6,2,2
70823,2021,7,2,2
70823,2021,8,2,2
70823,2021,11,2,2
70823,2021,12,1,1
70823,2022,1,1,1
70823,2022,3,2,2
70823,2022,5,1,1
70823,2022,7,1,1
70823,2022,10,1,1
70823,2022,11,3,3
70823,2022,12,1,1
70823,2023,1,2,2
70823,2023,2,2,2
70823,2023,3,2,2
70823,2023,5,2,2
70823,2023,8,1,1
70823,2023,11,3,3
70823,2023,12,1,1
70823,2024,2,1,1
70823,2024,3,2,2
70823,2024,4,1,1
70823,2024,6,5,5
70823,2024,7,3,3
70823,2024,9,1,1
73001,2021,1,31,31
73001,2021,2,40,40
73001,2021,3,49,49
73001,2021,4,53,53
73001,2021,5,52,52
73001,2021,6,31,31
73001,2021,7,53,53
73001,2021,8,49,49
73001,2021,9,49,49
73001,2021,10,56,56
73001,2021,11,51,51
73001,2021,12,44,44
73001,2022,1,37,37
73001,2022,2,34,34
73001,2022,3,55,55
73001,2022,4,53,53
73001,2022,5,54,54
73001,2022,6,64,64
73001,2022,7,59,59
73001,2022,8,59,59
73001,2022,9,71,71
73001,2022,10,67,67
73001,2022,11,63,63
73001,2022,12,52,52
73001,2023,1,47,47
73001,2023,2,41,41
73001,2023,3,72,72
73001,2023,4,43,43
73001,2023,5,56,56
73001,2023,6,54,54
73001,2023,7,41,41
73001,2023,8,64,64
73001,2023,9,65,65
73001,2023,10,44,44
73001,2023,11,54,54
73001,2023,12,49,49
73001,2024,1,39,39
73001,2024,2,54,54
73001,2024,3,52,52
73001,2024,4,50,50
73001,2024,5,51,51
73001,2024,6,39,39
73001,2024,7,55,55
73001,2024,8,42,42
73001,2024,9,51,51
73001,2024,10,48,48
73001,2024,11,55,55
73001,2024,12,25,25
73024,2021,2,1,1
73024,2021,6,1,1
73024,2021,7,1,1
73024,2021,8,1,1
73024,2021,9,1,1
73024,2021,10,1,1
73024,2023,5,1,1
73024,2023,7,1,1
73024,2024,4,1,1
73024,2024,8,2,2
73026,2021,9,1,1
73026,2021,11,2,2
73026,2022,3,2,2
73026,2022,5,2,2
73026,2022,6,1,1
73026,2022,7,1,1
73026,2022,8,1,1
73026,2023,2,1,1
73026,2023,3,1,1
73026,2023,5,1,1
73026,2023,7,1,1
73026,2023,8,1,1
73026,2023,10,2,2
73026,2023,11,1,1
73026,2023,12,1,1
73026,2024,2,1,1
73026,2024,5,1,1
73026,2024,8,1,1
73026,2024,11,1,1
73030,2021,2,1,1
73030,2021,5,2,2
73030,2021,7,1,1
73030,2021,8,1,1
73030,2021,11,1,1
73030,2022,1,1,1
73030,2022,8,1,1
73030,2022,10,1,1
73030,2022,12,1,1
73030,2023,2,1,1
73030,2023,3,1,1
73030,2023,6,1,1
73030,2023,7,1,1
73030,2023,8,1,1
73030,2023,9,1,1
73030,2023,12,1,1
73030,2024,4,1,1
73030,2024,5,2,2
73030,2024,8,3,3
73030,2024,9,1,1
73030,2024,10,2,2
73043,2021,1,1,1
73043,2021,3,1,1
73043,2021,9,1,1
73043,2022,1,1,1
73043,2022,4,2,2
73043,2022,5,2,2
73043,2022,6,1,1
73043,2022,7,2,2
73043,2022,9,1,1
73043,2022,10,2,2
73043,2022,12,2,2
73043,2023,3,1,1
73043,2023,4,1,1
73043,2023,7,1,1
73043,2023,10,1,1
73043,2024,1,1,1
73043,2024,4,1,1
73043,2024,9,3,3
73055,2021,1,1,1
73055,2021,2,1,1
73055,2021,3,1,1
73055,2021,4,2,2
73055,2021,6,2,2
73055,2021,8,4,4
73055,2021,12,1,1
73055,2022,5,1,1
73055,2022,6,3,3
73055,2022,8,2,2
73055,2022,9,2,2
73055,2022,11,1,1
73055,2022,12,2,2
73055,2023,4,1,1
73055,2023,5,1,1
73055,2023,10,3,3
73055,2023,12,1,1
73055,2024,3,1,1
73055,2024,4,2,2
73055,2024,7,1,1
73055,2024,9,2,2
73055,2024,12,1,1
73067,2021,3,1,1
73067,2021,4,1,1
73067,2021,5,1,1
73067,2021,10,1,1
73067,2021,11,1,1
73067,2021,12,1,1
73067,2022,2,1,1
73067,2022,3,1,1
73067,2022,5,1,1
73067,2022,6,1,1
73067,2022,7,1,1
73067,2022,9,2,2
73067,2022,11,1,1
73067,2023,2,1,1
73067,2023,3,1,1
73067,2023,5,2,2
73067,2023,6,3,3
73067,2023,8,1,1
73067,2023,9,1,1
73067,2024,1,1,1
73067,2024,2,1,1
73067,2024,7,5,5
73067,2024,9,1,1
73067,2024,10,2,2
73124,2021,1,1,1
73124,2021,2,2,2
73124,2021,3,5,5
73124,2021,4,2,2
73124,2021,5,2,2
73124,2021,6,3,3
73124,2021,7,1,1
73124,2021,8,4,4
73124,2021,9,3,3
73124,2021,10,2,2
73124,2021,11,3,3
73124,2021,12,3,3
73124,2022,1,3,3
73124,2022,2,2,2
73124,2022,4,2,2
73124,2022,5,2,2
73124,2022,7,2,2
73124,2022,9,1,1
73124,2022,10,2,2
73124,2022,12,1,1
73124,2023,1,1,1
73124,2023,2,1,1
73124,2023,3,1,1
73124,2023,4,1,1
73124,2023,5,3,3
73124,2023,6,2,2
73124,2023,7,3,3
73124,2023,8,1,1
73124,2023,9,1,1
73124,2023,10,1,1
73124,2023,11,3,3
73124,2023,12,1,1
73124,2024,1,3,3
73124,2024,2,2,2
73124,2024,3,1,1
73124,2024,4,2,2
73124,2024,5,2,2
73124,2024,6,2,2
73124,2024,7,1,1
73124,2024,8,2,2
73124,2024,11,5,5
73148,2021,3,1,1
73148,2021,5,1,1
73148,2021,12,2,2
73148,2022,3,2,2
73148,2022,5,1,1
73148,2022,8,1,1
73148,2023,2,1,1
73148,2023,3,2,2
73148,2023,9,1,1
73148,2023,10,2,2
73148,2023,11,1,1
73148,2024,2,1,1
73148,2024,3,1,1
73148,2024,4,1,1
73148,2024,5,1,1
73148,2024,6,3,3
73148,2024,7,1,1
73148,2024,9,2,2
73148,2024,10,2,2
73152,2021,3,2,2
73152,2021,11,1,1
73152,2022,1,1,1
73152,2022,6,1,1
73152,2023,2,1,1
73152,2023,3,1,1
73152,2023,4,1,1
73152,2023,5,1,1
73152,2023,9,1,1
73152,2023,12,1,1
73152,2024,5,1,1
73152,2024,9,1,1
73168,2021,1,3,3
73168,2021,2,4,4
73168,2021,3,4,4
73168,2021,4,8,8
73168,2021,5,7,7
73168,2021,6,4,4
73168,2021,7,5,5
73168,2021,8,6,6
73168,2021,9,3,3
73168,2021,10,1,1
73168,2021,11,2,2
73168,2021,12,4,4
73168,2022,1,1,1
73168,2022,2,3,3
73168,2022,3,2,2
73168,2022,4,5,5
73168,2022,5,6,6
73168,2022,6,1,1
73168,2022,7,4,4
73168,2022,8,2,2
73168,2022,9,5,5
73168,2022,10,3,3
73168,2022,11,2,2
73168,2022,12,2,2
73168,2023,1,3,3
73168,2023,2,1,1
73168,2023,3,3,3
73168,2023,4,5,5
73168,2023,5,2,2
73168,2023,6,8,8
73168,2023,7,3,3
73168,2023,8,6,6
73168,2023,9,9,9
73168,2023,11,2,2
73168,2023,12,3,3
73168,2024,1,3,3
73168,2024,2,3,3
73168,2024,3,5,5
73168,2024,4,3,3
73168,2024,5,7,7
73168,2024,6,2,2
73168,2024,7,6,6
73168,2024,8,5,5
73168,2024,9,5,5
73168,2024,10,11,11
73168,2024,11,5,5
73168,2024,12,1,1
73200,2021,6,1,1
73200,2021,12,2,2
73200,2022,1,1,1
73200,2022,2,1,1
73200,2022,4,1,1
73200,2022,7,1,1
73200,2022,8,1,1
73200,2022,12,2,2
73200,2023,2,1,1
73200,2023,3,1,1
73200,2023,6,1,1
73200,2023,7,1,1
73200,2024,3,2,2
73200,2024,11,1,1
73217,2021,2,2,2
73217,2021,3,1,1
73217,2021,4,2,2
73217,2021,5,2,2
73217,2021,6,1,1
73217,2021,8,1,1
73217,2021,9,1,1
73217,2021,10,3,3
73217,2021,11,2,2
73217,2022,3,1,1
73217,2022,4,2,2
73217,2022,5,1,1
73217,2022,7,3,3
73217,2022,9,1,1
73217,2022,10,1,1
73217,2022,11,2,2
73217,2023,2,1,1
73217,2023,3,1,1
73217,2023,4,1,1
73217,2023,5,2,2
73217,2023,6,2,2
73217,2023,8,1,1
73217,2023,9,2,2
73217,2023,12,3,3
73217,2024,2,2,2
73217,2024,3,1,1
73217,2024,4,4,4
73217,2024,5,3,3
73217,2024,6,1,1
73217,2024,7,3,3
73217,2024,8,2,2
73217,2024,10,1,1
73217,2024,11,1,1
73226,2021,2,1,1
73226,2021,4,1,1
73226,2021,7,1,1
73226,2021,11,1,1
73226,2022,4,1,1
73226,2022,5,1,1
73226,2022,6,1,1
73226,2022,12,1,1
73226,2023,1,1,1
73226,2023,6,1,1
73226,2023,10,2,2
73226,2024,3,1,1
73226,2024,4,1,1
73226,2024,9,2,2
73226,2024,12,1,1
73236,2021,4,1,1
73236,2021,5,1,1
73236,2021,11,1,1
73236,2022,7,1,1
73236,2022,8,1,1
73236,2022,9,1,1
73236,2022,10,3,3
73236,2023,5,1,1
73236,2024,2,2,2
73236,2024,7,1,1
73236,2024,9,1,1
73236,2024,10,1,1
73268,2021,1,7,7
73268,2021,2,6,6
73268,2021,3,5,5
73268,2021,4,7,7
73268,2021,5,5,5
73268,2021,6,1,1
73268,2021,7,3,3
73268,2021,8,2,2
73268,2021,9,5,5
73268,2021,10,1,1
73268,2021,11,5,5
73268,2021,12,2,2
73268,2022,1,3,3
73268,2022,2,4,4
73268,2022,3,6,6
73268,2022,4,4,4
73268,2022,5,5,5
73268,2022,6,7,7
73268,2022,7,12,12
73268,2022,8,2,2
73268,2022,9,11,11
73268,2022,10,10,10
73268,2022,11,4,4
73268,2022,12,5,5
73268,2023,1,7,7
73268,2023,2,6,6
73268,2023,3,6,6
73268,2023,4,6,6
73268,2023,5,5,5
73268,2023,6,8,8
73268,2023,7,2,2
73268,2023,8,8,8
73268,2023,9,9,9
73268,2023,10,7,7
73268,2023,11,3,3
73268,2023,12,4,4
73268,2024,1,6,6
73268,2024,2,4,4
73268,2024,3,9,9
73268,2024,4,4,4
73268,2024,5,3,3
73268,2024,6,4,4
73268,2024,7,5,5
73268,2024,8,3,3
73268,2024,9,2,2
73268,2024,10,6,6
73268,2024,11,4,4
73268,2024,12,4,4
73270,2021,4,2,2
73270,2021,5,1,1
73270,2021,6,1,1
73270,2021,8,1,1
73270,2021,9,2,2
73270,2021,11,1,1
73270,2021,12,1,1
73270,2022,4,2,2
73270,2022,6,1,1
73270,2022,9,1,1
73270,2022,10,1,1
73270,2023,1,1,1
73270,2023,2,1,1
73270,2023,5,1,1
73270,2023,6,1,1
73270,2023,7,1,1
73270,2023,8,1,1
73270,2023,9,2,2
73270,2023,11,1,1
73270,2024,1,2,2
73270,2024,6,1,1
73270,2024,7,1,1
73275,2021,1,1,1
73275,2021,2,2,2
73275,2021,4,2,2
73275,2021,5,1,1
73275,2021,6,1,1
73275,2021,7,1,1
73275,2021,8,2,2
73275,2021,9,4,4
73275,2021,10,1,1
73275,2021,11,2,2
73275,2021,12,2,2
73275,2022,2,2,2
73275,2022,3,1,1
73275,2022,4,3,3
73275,2022,5,2,2
73275,2022,6,2,2
73275,2022,7,1,1
73275,2022,8,1,1
73275,2022,9,3,3
73275,2022,11,2,2
73275,2023,2,3,3
73275,2023,3,2,2
73275,2023,4,2,2
73275,2023,5,1,1
73275,2023,6,2,2
73275,2023,8,1,1
73275,2023,10,2,2
73275,2023,11,2,2
73275,2024,1,3,3
73275,2024,2,1,1
73275,2024,3,1,1
73275,2024,4,2,2
73275,2024,5,1,1
73275,2024,6,3,3
73275,2024,7,1,1
73275,2024,8,3,3
73275,2024,10,2,2
73275,2024,11,2,2
73275,2024,12,2,2
73283,2021,1,2,2
73283,2021,3,6,6
73283,2021,4,2,2
73283,2021,5,2,2
73283,2021,7,5,5
73283,2021,8,1,1
73283,2021,10,1,1
73283,2021,12,1,1
73283,2022,2,1,1
73283,2022,3,2,2
73283,2022,4,2,2
73283,2022,5,7,7
73283,2022,6,2,2
73283,2022,7,5,5
73283,2022,9,4,4
73283,2022,10,4,4
73283,2022,11,2,2
73283,2022,12,3,3
73283,2023,2,3,3
73283,2023,3,6,6
73283,2023,4,1,1
73283,2023,5,3,3
73283,2023,6,4,4
73283,2023,7,1,1
73283,2023,8,2,2
73283,2023,10,1,1
73283,2023,11,1,1
73283,2023,12,4,4
73283,2024,1,4,4
73283,2024,2,4,4
73283,2024,3,2,2
73283,2024,4,2,2
73283,2024,5,2,2
73283,2024,6,6,6
73283,2024,7,6,6
73283,2024,8,4,4
73283,2024,9,1,1
73283,2024,10,4,4
73283,2024,11,1,1
73283,2024,12,1,1
73319,2021,1,3,3
73319,2021,2,1,1
73319,2021,3,1,1
73319,2021,4,4,4
73319,2021,5,1,1
73319,2021,6,1,1
73319,2021,8,2,2
73319,2021,9,1,1
73319,2021,12,1,1
73319,2022,1,5,5
73319,2022,3,2,2
73319,2022,4,2,2
73319,2022,5,1,1
73319,2022,6,4,4
73319,2022,9,1,1
73319,2022,10,2,2
73319,2022,11,1,1
73319,2023,2,1,1
73319,2023,4,1,1
73319,2023,5,1,1
73319,2023,6,6,6
73319,2023,7,1,1
73319,2023,8,3,3
73319,2023,9,1,1
73319,2023,10,1,1
73319,2023,11,4,4
73319,2024,1,1,1
73319,2024,2,3,3
73319,2024,3,3,3
73319,2024,4,1,1
73319,2024,5,2,2
73319,2024,6,4,4
73319,2024,7,3,3
73319,2024,8,3,3
73319,2024,9,4,4
73319,2024,10,4,4
73319,2024,11,1,1
73347,2021,2,1,1
73347,2021,9,3,3
73347,2021,11,1,1
73347,2021,12,1,1
73347,2022,1,1,1
73347,2022,4,1,1
73347,2022,6,2,2
73347,2022,7,1,1
73347,2022,8,2,2
73347,2022,11,3,3
73347,2022,12,1,1
73347,2023,4,1,1
73347,2023,6,1,1
73347,2023,7,2,2
73347,2023,8,1,1
73347,2023,9,1,1
73347,2023,10,1,1
73347,2023,11,1,1
73347,2024,1,1,1
73347,2024,4,1,1
73347,2024,7,1,1
73347,2024,8,1,1
73347,2024,11,1,1
73349,2021,2,2,2
73349,2021,3,3,3
73349,2021,4,2,2
73349,2021,5,5,5
73349,2021,6,6,6
73349,2021,7,2,2
73349,2021,8,1,1
73349,2021,9,2,2
73349,2021,11,6,6
73349,2021,12,3,3
73349,2022,1,2,2
73349,2022,2,1,1
73349,2022,3,6,6
73349,2022,4,2,2
73349,2022,5,5,5
73349,2022,6,1,1
73349,2022,7,2,2
73349,2022,8,1,1
73349,2022,9,1,1
73349,2022,10,3,3
73349,2022,11,4,4
73349,2022,12,4,4
73349,2023,1,1,1
73349,2023,2,2,2
73349,2023,4,5,5
73349,2023,5,3,3
73349,2023,6,2,2
73349,2023,7,1,1
73349,2023,8,5,5
73349,2023,9,1,1
73349,2023,10,3,3
73349,2023,12,2,2
73349,2024,1,2,2
73349,2024,2,3,3
73349,2024,3,3,3
73349,2024,4,2,2
73349,2024,5,1,1
73349,2024,6,2,2
73349,2024,8,2,2
73349,2024,10,2,2
73349,2024,11,2,2
73352,2021,1,1,1
73352,2021,3,3,3
73352,2021,5,1,1
73352,2021,6,1,1
73352,2021,8,1,1
73352,2021,9,2,2
73352,2021,10,1,1
73352,2021,11,1,1
73352,2022,3,1,1
73352,2022,8,1,1
73352,2022,12,1,1
73352,2023,1,1,1
73352,2023,3,1,1
73352,2023,4,1,1
73352,2023,6,3,3
73352,2023,8,1,1
73352,2023,11,1,1
73352,2023,12,1,1
73352,2024,1,1,1
73352,2024,7,2,2
73352,2024,8,1,1
73352,2024,12,1,1
73408,2021,3,1,1
73408,2021,4,1,1
73408,2021,5,2,2
73408,2021,8,2,2
73408,2021,9,1,1
73408,2021,10,4,4
73408,2021,11,3,3
73408,2021,12,2,2
73408,2022,1,3,3
73408,2022,3,1,1
73408,2022,5,2,2
73408,2022,6,2,2
73408,2022,7,2,2
73408,2022,8,3,3
73408,2022,9,1,1
73408,2022,10,1,1
73408,2022,11,1,1
73408,2022,12,2,2
73408,2023,1,1,1
73408,2023,2,4,4
73408,2023,3,2,2
73408,2023,4,1,1
73408,2023,5,2,2
73408,2023,6,2,2
73408,2023,7,1,1
73408,2023,8,2,2
73408,2023,9,2,2
73408,2023,10,1,1
73408,2023,11,1,1
73408,2023,12,4,4
73408,2024,1,1,1
73408,2024,3,1,1
73408,2024,5,2,2
73408,2024,6,1,1
73408,2024,7,1,1
73408,2024,8,3,3
73408,2024,9,1,1
73408,2024,10,2,2
73408,2024,11,2,2
73408,2024,12,2,2
73411,2021,1,1,1
73411,2021,2,1,1
73411,2021,3,1,1
73411,2021,4,2,2
73411,2021,5,3,3
73411,2021,6,5,5
73411,2021,7,3,3
73411,2021,8,3,3
73411,2021,9,1,1
73411,2021,10,1,1
73411,2021,12,4,4
73411,2022,2,6,6
73411,2022,3,4,4
73411,2022,4,4,4
73411,2022,5,1,1
73411,2022,6,1,1
73411,2022,7,1,1
73411,2022,8,2,2
73411,2022,10,3,3
73411,2022,12,4,4
73411,2023,1,3,3
73411,2023,2,6,6
73411,2023,3,3,3
73411,2023,4,3,3
73411,2023,5,4,4
73411,2023,6,6,6
73411,2023,7,2,2
73411,2023,8,4,4
73411,2023,9,2,2
73411,2023,10,4,4
73411,2023,11,2,2
73411,2023,12,4,4
73411,2024,1,1,1
73411,2024,2,1,1
73411,2024,3,5,5
73411,2024,5,2,2
73411,2024,6,1,1
73411,2024,7,3,3
73411,2024,8,2,2
73411,2024,9,3,3
73411,2024,10,2,2
73411,2024,11,9,9
73411,2024,12,3,3
73443,2021,1,3,3
73443,2021,3,3,3
73443,2021,4,3,3
73443,2021,5,2,2
73443,2021,6,1,1
73443,2021,7,2,2
73443,2021,8,3,3
73443,2021,9,3,3
73443,2021,10,1,1
73443,2021,11,3,3
73443,2021,12,2,2
73443,2022,1,2,2
73443,2022,2,1,1
73443,2022,3,5,5
73443,2022,4,1,1
73443,2022,5,3,3
73443,2022,6,2,2
73443,2022,8,1,1
73443,2022,9,2,2
73443,2022,10,4,4
73443,2022,11,4,4
73443,2022,12,1,1
73443,2023,1,6,6
73443,2023,2,2,2
73443,2023,3,2,2
73443,2023,4,3,3
73443,2023,5,3,3
73443,2023,6,3,3
73443,2023,7,2,2
73443,2023,10,2,2
73443,2023,11,1,1
73443,2023,12,1,1
73443,2024,1,3,3
73443,2024,2,4,4
73443,2024,3,2,2
73443,2024,4,2,2
73443,2024,5,3,3
73443,2024,6,2,2
73443,2024,7,1,1
73443,2024,8,1,1
73443,2024,10,3,3
73443,2024,11,1,1
73443,2024,12,2,2
73449,2021,1,5,5
73449,2021,2,2,2
73449,2021,3,4,4
73449,2021,4,1,1
73449,2021,5,2,2
73449,2021,6,3,3
73449,2021,7,5,5
73449,2021,8,6,6
73449,2021,9,2,2
73449,2021,10,4,4
73449,2021,11,4,4
73449,2021,12,2,2
73449,2022,1,1,1
73449,2022,2,4,4
73449,2022,3,5,5
73449,2022,4,3,3
73449,2022,5,7,7
73449,2022,6,2,2
73449,2022,7,5,5
73449,2022,8,2,2
73449,2022,9,5,5
73449,2022,10,3,3
73449,2022,11,3,3
73449,2022,12,7,7
73449,2023,1,2,2
73449,2023,2,7,7
73449,2023,3,3,3
73449,2023,4,4,4
73449,2023,5,6,6
73449,2023,6,3,3
73449,2023,7,3,3
73449,2023,8,3,3
73449,2023,9,4,4
73449,2023,10,5,5
73449,2023,11,10,10
73449,2023,12,3,3
73449,2024,1,3,3
73449,2024,2,4,4
73449,2024,3,2,2
73449,2024,4,5,5
73449,2024,5,7,7
73449,2024,6,2,2
73449,2024,7,7,7
73449,2024,8,6,6
73449,2024,9,6,6
73449,2024,10,4,4
73449,2024,11,3,3
73461,2021,10,1,1
73461,2022,10,1,1
73461,2023,3,1,1
73461,2023,5,1,1
73483,2021,2,2,2
73483,2021,4,1,1
73483,2021,8,2,2
73483,2021,9,1,1
73483,2022,3,1,1
73483,2022,4,1,1
73483,2022,5,2,2
73483,2022,11,1,1
73483,2023,1,1,1
73483,2023,2,3,3
73483,2023,4,1,1
73483,2023,7,1,1
73483,2023,8,2,2
73483,2023,11,1,1
73483,2023,12,1,1
73483,2024,2,1,1
73483,2024,5,1,1
73483,2024,6,1,1
73483,2024,7,2,2
73483,2024,8,1,1
73483,2024,9,2,2
73504,2021,1,2,2
73504,2021,3,2,2
73504,2021,4,2,2
73504,2021,5,1,1
73504,2021,6,1,1
73504,2021,8,1,1
73504,2021,9,3,3
73504,2021,10,1,1
73504,2021,12,1,1
73504,2022,1,2,2
73504,2022,3,2,2
73504,2022,4,2,2
73504,2022,6,2,2
73504,2022,9,1,1
73504,2022,11,1,1
73504,2022,12,3,3
73504,2023,2,1,1
73504,2023,4,2,2
73504,2023,5,1,1
73504,2023,6,3,3
73504,2023,7,1,1
73504,2023,8,2,2
73504,2023,9,3,3
73504,2023,10,2,2
73504,2023,12,1,1
73504,2024,2,1,1
73504,2024,3,2,2
73504,2024,5,1,1
73504,2024,6,2,2
73504,2024,7,1,1
73504,2024,10,2,2
73520,2021,1,1,1
73520,2021,2,1,1
73520,2021,3,2,2
73520,2021,5,1,1
73520,2021,6,1,1
73520,2021,8,2,2
73520,2021,10,1,1
73520,2021,11,2,2
73520,2022,1,1,1
73520,2022,2,4,4
73520,2022,3,2,2
73520,2022,4,1,1
73520,2022,5,1,1
73520,2022,8,2,2
73520,2022,10,1,1
73520,2023,2,1,1
73520,2023,3,2,2
73520,2023,4,1,1
73520,2023,5,2,2
73520,2023,7,2,2
73520,2023,8,1,1
73520,2023,9,1,1
73520,2024,2,1,1
73520,2024,4,3,3
73520,2024,5,1,1
73520,2024,7,1,1
73520,2024,8,3,3
73520,2024,12,1,1
73547,2021,10,1,1
73547,2022,7,1,1
73547,2022,8,2,2
73547,2022,9,1,1
73547,2024,3,1,1
73547,2024,12,1,1
73555,2021,1,1,1
73555,2021,4,1,1
73555,2021,5,1,1
73555,2021,6,2,2
73555,2021,7,1,1
73555,2021,8,1,1
73555,2021,9,1,1
73555,2021,10,1,1
73555,2021,12,3,3
73555,2022,2,2,2
73555,2022,5,3,3
73555,2022,6,2,2
73555,2022,8,2,2
73555,2022,9,1,1
73555,2022,11,1,1
73555,2022,12,1,1
73555,2023,1,2,2
73555,2023,3,2,2
73555,2023,4,2,2
73555,2023,5,2,2
73555,2023,6,2,2
73555,2023,7,2,2
73555,2023,8,2,2
73555,2023,12,1,1
73555,2024,1,4,4
73555,2024,4,1,1
73555,2024,5,1,1
73555,2024,6,1,1
73555,2024,7,2,2
73555,2024,8,5,5
73555,2024,10,5,5
73555,2024,11,1,1
73555,2024,12,1,1
73563,2021,1,1,1
73563,2021,3,1,1
73563,2022,3,1,1
73563,2022,9,2,2
73563,2022,10,2,2
73563,2022,11,1,1
73563,2023,3,1,1
73563,2023,8,1,1
73563,2023,10,1,1
73563,2023,11,1,1
73563,2024,2,1,1
73563,2024,3,1,1
73563,2024,4,2,2
73563,2024,6,1,1
73563,2024,9,1,1
73585,2021,1,1,1
73585,2021,4,5,5
73585,2021,6,1,1
73585,2021,8,2,2
73585,2021,10,1,1
73585,2021,11,2,2
73585,2021,12,1,1
73585,2022,2,1,1
73585,2022,3,1,1
73585,2022,6,1,1
73585,2022,7,1,1
73585,2022,8,2,2
73585,2022,9,1,1
73585,2022,10,1,1
73585,2022,11,1,1
73585,2022,12,1,1
73585,2023,5,1,1
73585,2023,6,4,4
73585,2023,7,2,2
73585,2023,8,4,4
73585,2023,9,2,2
73585,2023,10,1,1
73585,2024,1,1,1
73585,2024,2,3,3
73585,2024,3,3,3
73585,2024,6,1,1
73585,2024,7,1,1
73585,2024,8,1,1
73585,2024,9,1,1
73585,2024,10,1,1
73585,2024,11,3,3
73585,2024,12,1,1
73616,2021,1,1,1
73616,2021,4,1,1
73616,2021,6,1,1
73616,2021,7,1,1
73616,2021,8,2,2
73616,2021,9,1,1
73616,2021,10,1,1
73616,2021,11,1,1
73616,2021,12,1,1
73616,2022,1,1,1
73616,2022,2,1,1
73616,2022,5,2,2
73616,2022,7,2,2
73616,2022,8,1,1
73616,2022,9,1,1
73616,2022,10,1,1
73616,2022,11,1,1
73616,2023,2,2,2
73616,2023,3,2,2
73616,2023,4,3,3
73616,2023,5,2,2
73616,2023,6,1,1
73616,2023,9,2,2
73616,2023,10,2,2
73616,2023,11,2,2
73616,2024,1,1,1
73616,2024,3,1,1
73616,2024,4,2,2
73616,2024,5,3,3
73616,2024,6,1,1
73616,2024,8,2,2
73616,2024,9,1,1
73616,2024,10,1,1
73616,2024,11,1,1
73616,2024,12,1,1
73622,2021,2,3,3
73622,2021,5,1,1
73622,2021,11,1,1
73622,2021,12,1,1
73622,2022,8,1,1
73622,2022,11,1,1
73622,2023,8,1,1
73622,2024,5,1,1
73622,2024,6,1,1
73622,2024,11,2,2
73624,2021,1,3,3
73624,2021,2,4,4
73624,2021,3,3,3
73624,2021,4,2,2
73624,2021,5,1,1
73624,2021,6,1,1
73624,2021,8,2,2
73624,2021,9,2,2
73624,2021,10,1,1
73624,2021,11,4,4
73624,2021,12,1,1
73624,2022,1,1,1
73624,2022,2,1,1
73624,2022,4,6,6
73624,2022,5,3,3
73624,2022,6,1,1
73624,2022,7,2,2
73624,2022,8,7,7
73624,2022,9,3,3
73624,2022,10,1,1
73624,2022,11,5,5
73624,2022,12,4,4
73624,2023,1,3,3
73624,2023,2,4,4
73624,2023,3,7,7
73624,2023,4,2,2
73624,2023,6,1,1
73624,2023,8,4,4
73624,2023,9,5,5
73624,2023,10,1,1
73624,2023,11,2,2
73624,2023,12,1,1
73624,2024,2,2,2
73624,2024,3,3,3
73624,2024,4,1,1
73624,2024,6,1,1
73624,2024,7,3,3
73624,2024,9,2,2
73624,2024,11,1,1
73671,2021,1,2,2
73671,2021,2,1,1
73671,2021,6,2,2
73671,2021,8,2,2
73671,2022,3,2,2
73671,2022,4,3,3
73671,2022,5,1,1
73671,2022,7,1,1
73671,2022,8,1,1
73671,2022,10,1,1
73671,2022,11,3,3
73671,2022,12,1,1
73671,2023,2,1,1
73671,2023,3,1,1
73671,2023,4,1,1
73671,2023,6,1,1
73671,2023,7,2,2
73671,2023,8,1,1
73671,2023,9,1,1
73671,2023,11,1,1
73671,2023,12,3,3
73671,2024,2,1,1
73671,2024,3,1,1
73671,2024,4,1,1
73671,2024,5,1,1
73671,2024,7,2,2
73671,2024,9,1,1
73671,2024,10,2,2
73671,2024,11,2,2
73671,2024,12,1,1
73675,2021,3,1,1
73675,2021,4,1,1
73675,2021,6,1,1
73675,2021,7,1,1
73675,2021,10,4,4
73675,2021,11,2,2
73675,2021,12,2,2
73675,2022,1,2,2
73675,2022,2,3,3
73675,2022,3,1,1
73675,2022,4,2,2
73675,2022,5,2,2
73675,2022,6,3,3
73675,2022,7,1,1
73675,2022,8,1,1
73675,2022,9,1,1
73675,2022,11,1,1
73675,2023,2,1,1
73675,2023,5,2,2
73675,2023,6,1,1
73675,2023,7,2,2
73675,2023,8,2,2
73675,2023,9,2,2
73675,2023,10,3,3
73675,2023,12,1,1
73675,2024,2,1,1
73675,2024,3,1,1
73675,2024,4,1,1
73675,2024,5,1,1
73675,2024,6,1,1
73675,2024,9,1,1
73675,2024,10,2,2
73675,2024,12,1,1
73678,2021,3,1,1
73678,2021,4,2,2
73678,2021,6,1,1
73678,2021,8,2,2
73678,2021,10,1,1
73678,2021,12,1,1
73678,2022,3,3,3
73678,2022,6,1,1
73678,2022,7,1,1
73678,2022,9,2,2
73678,2022,10,3,3
73678,2022,11,1,1
73678,2022,12,1,1
73678,2023,1,1,1
73678,2023,3,1,1
73678,2023,6,1,1
73678,2023,7,1,1
73678,2023,9,1,1
73678,2023,10,1,1
73678,2023,11,1,1
73678,2024,3,1,1
73678,2024,6,3,3
73678,2024,8,1,1
73678,2024,10,3,3
73678,2024,11,1,1
73678,2024,12,1,1
73686,2021,1,1,1
73686,2021,2,2,2
73686,2021,4,1,1
73686,2021,7,2,2
73686,2021,10,1,1
73686,2021,11,1,1
73686,2021,12,1,1
73686,2022,2,1,1
73686,2022,3,1,1
73686,2022,8,1,1
73686,2022,12,1,1
73686,2023,2,1,1
73686,2024,4,2,2
73686,2024,5,1,1
73686,2024,11,1,1
73770,2021,9,1,1
73770,2022,3,1,1
73770,2022,4,1,1
73770,2022,5,1,1
73770,2022,6,1,1
73770,2022,8,1,1
73770,2022,9,2,2
73770,2023,1,1,1
73770,2023,4,1,1
73770,2023,5,1,1
73770,2024,3,1,1
73770,2024,8,1,1
73854,2021,1,1,1
73854,2021,3,2,2
73854,2021,4,1,1
73854,2021,5,1,1
73854,2022,3,2,2
73854,2022,4,1,1
73854,2023,3,1,1
73854,2023,8,1,1
73854,2023,11,1,1
73854,2024,4,1,1
73854,2024,6,1,1
73854,2024,7,1,1
73854,2024,9,1,1
73854,2024,11,2,2
73854,2024,12,1,1
73861,2021,7,1,1
73861,2021,8,2,2
73861,2021,9,1,1
73861,2021,10,1,1
73861,2021,11,3,3
73861,2021,12,1,1
73861,2022,2,2,2
73861,2022,3,1,1
73861,2022,4,1,1
73861,2022,5,1,1
73861,2022,6,2,2
73861,2022,7,2,2
73861,2023,2,3,3
73861,2023,3,2,2
73861,2023,10,2,2
73861,2024,1,1,1
73861,2024,4,1,1
73861,2024,5,1,1
73861,2024,6,2,2
73861,2024,7,1,1
73861,2024,8,2,2
73861,2024,10,1,1
73861,2024,11,1,1
73861,2024,12,1,1
73870,2021,1,1,1
73870,2021,3,1,1
73870,2021,5,1,1
73870,2021,8,1,1
73870,2021,9,1,1
73870,2021,10,1,1
73870,2021,12,1,1
73870,2022,4,2,2
73870,2022,7,1,1
73870,2023,3,2,2
73870,2023,5,2,2
73870,2023,7,1,1
73870,2023,8,2,2
73870,2023,9,1,1
73870,2023,10,1,1
73870,2023,11,1,1
73870,2023,12,1,1
73870,2024,3,1,1
73870,2024,8,1,1
73870,2024,11,1,1
73873,2021,3,1,1
73873,2021,5,2,2
73873,2021,9,1,1
73873,2021,10,1,1
73873,2022,2,1,1
73873,2022,8,1,1
73873,2022,11,2,2
73873,2023,3,1,1
73873,2023,4,1,1
73873,2023,8,1,1
73873,2023,10,1,1
73873,2024,2,1,1
73873,2024,3,1,1
73873,2024,4,2,2
73873,2024,5,3,3
73873,2024,7,1,1
73873,2024,8,1,1
76001,2021,1,82,82
76001,2021,2,127,127
76001,2021,3,181,181
76001,2021,4,102,102
76001,2021,5,80,80
76001,2021,6,90,90
76001,2021,7,95,95
76001,2021,8,101,101
76001,2021,9,141,141
76001,2021,10,121,121
76001,2021,11,105,105
76001,2021,12,109,109
76001,2022,1,129,129
76001,2022,2,150,150
76001,2022,3,182,182
76001,2022,4,149,149
76001,2022,5,152,152
76001,2022,6,154,154
76001,2022,7,116,116
76001,2022,8,172,172
76001,2022,9,199,199
76001,2022,10,196,196
76001,2022,11,171,171
76001,2022,12,160,160
76001,2023,1,129,129
76001,2023,2,169,169
76001,2023,3,189,189
76001,2023,4,168,168
76001,2023,5,174,174
76001,2023,6,183,183
76001,2023,7,156,156
76001,2023,8,147,147
76001,2023,9,183,183
76001,2023,10,185,185
76001,2023,11,176,176
76001,2023,12,126,126
76001,2024,1,145,145
76001,2024,2,150,150
76001,2024,3,114,114
76001,2024,4,160,160
76001,2024,5,216,216
76001,2024,6,124,124
76001,2024,7,128,128
76001,2024,8,136,136
76001,2024,9,175,175
76001,2024,10,151,151
76001,2024,11,124,124
76001,2024,12,120,120
76020,2021,1,1,1
76020,2021,2,3,3
76020,2021,3,1,1
76020,2021,4,1,1
76020,2021,5,3,3
76020,2021,7,1,1
76020,2021,8,1,1
76020,2021,10,2,2
76020,2021,12,3,3
76020,2022,1,1,1
76020,2022,3,1,1
76020,2022,4,1,1
76020,2022,5,3,3
76020,2022,6,2,2
76020,2022,7,2,2
76020,2022,9,3,3
76020,2022,10,3,3
76020,2022,11,1,1
76020,2022,12,3,3
76020,2023,1,2,2
76020,2023,2,4,4
76020,2023,3,2,2
76020,2023,4,1,1
76020,2023,5,4,4
76020,2023,6,3,3
76020,2023,7,2,2
76020,2023,8,1,1
76020,2023,9,3,3
76020,2023,10,4,4
76020,2023,11,1,1
76020,2023,12,1,1
76020,2024,1,2,2
76020,2024,2,1,1
76020,2024,3,1,1
76020,2024,4,2,2
76020,2024,5,3,3
76020,2024,6,1,1
76020,2024,7,2,2
76020,2024,9,5,5
76020,2024,11,4,4
76036,2021,1,3,3
76036,2021,2,3,3
76036,2021,4,1,1
76036,2021,6,1,1
76036,2021,10,1,1
76036,2021,11,2,2
76036,2022,2,3,3
76036,2022,3,1,1
76036,2022,5,2,2
76036,2022,7,1,1
76036,2022,8,2,2
76036,2022,10,2,2
76036,2022,11,2,2
76036,2022,12,1,1
76036,2023,1,2,2
76036,2023,2,2,2
76036,2023,3,1,1
76036,2023,5,1,1
76036,2023,6,1,1
76036,2023,7,2,2
76036,2023,8,1,1
76036,2023,10,1,1
76036,2023,12,1,1
76036,2024,1,1,1
76036,2024,2,1,1
76036,2024,3,2,2
76036,2024,5,1,1
76036,2024,6,1,1
76036,2024,7,1,1
76036,2024,8,1,1
76036,2024,9,1,1
76036,2024,10,1,1
76036,2024,11,2,2
76036,2024,12,1,1
76041,2021,1,1,1
76041,2021,4,1,1
76041,2021,5,2,2
76041,2021,6,4,4
76041,2021,7,2,2
76041,2021,8,2,2
76041,2021,9,2,2
76041,2021,12,1,1
76041,2022,2,1,1
76041,2022,3,1,1
76041,2022,5,3,3
76041,2022,6,1,1
76041,2022,7,1,1
76041,2022,11,1,1
76041,2023,4,3,3
76041,2023,5,1,1
76041,2023,6,1,1
76041,2023,7,1,1
76041,2023,8,2,2
76041,2023,11,1,1
76041,2023,12,1,1
76041,2024,5,2,2
76041,2024,6,1,1
76041,2024,7,3,3
76041,2024,8,1,1
76041,2024,10,2,2
76041,2024,11,1,1
76054,2021,1,1,1
76054,2021,10,1,1
76054,2021,11,1,1
76054,2022,6,1,1
76054,2022,10,1,1
76054,2023,1,1,1
76054,2023,2,1,1
76054,2023,3,1,1
76054,2023,9,1,1
76054,2023,12,1,1
76054,2024,2,1,1
76054,2024,4,1,1
76054,2024,9,1,1
76100,2021,3,1,1
76100,2021,6,1,1
76100,2021,7,1,1
76100,2021,8,1,1
76100,2021,9,3,3
76100,2022,2,1,1
76100,2022,5,2,2
76100,2022,6,1,1
76100,2022,8,1,1
76100,2023,3,3,3
76100,2023,8,1,1
76100,2023,12,2,2
76100,2024,1,1,1
76100,2024,2,2,2
76100,2024,4,2,2
76100,2024,5,1,1
76100,2024,7,1,1
76100,2024,8,2,2
76100,2024,9,1,1
76100,2024,11,1,1
76100,2024,12,1,1
76109,2021,1,7,7
76109,2021,2,3,3
76109,2021,3,10,10
76109,2021,4,11,11
76109,2021,5,5,5
76109,2021,6,1,1
76109,2021,7,5,5
76109,2021,8,5,5
76109,2021,9,4,4
76109,2021,10,7,7
76109,2021,11,7,7
76109,2022,1,6,6
76109,2022,2,7,7
76109,2022,3,14,14
76109,2022,4,2,2
76109,2022,5,7,7
76109,2022,6,8,8
76109,2022,7,6,6
76109,2022,8,7,7
76109,2022,9,12,12
76109,2022,10,14,14
76109,2022,11,11,11
76109,2022,12,15,15
76109,2023,1,10,10
76109,2023,2,10,10
76109,2023,3,5,5
76109,2023,4,8,8
76109,2023,5,7,7
76109,2023,6,15,15
76109,2023,7,9,9
76109,2023,8,25,25
76109,2023,9,14,14
76109,2023,10,10,10
76109,2023,11,10,10
76109,2023,12,4,4
76109,2024,1,10,10
76109,2024,2,10,10
76109,2024,3,6,6
76109,2024,4,15,15
76109,2024,5,12,12
76109,2024,6,5,5
76109,2024,7,7,7
76109,2024,8,7,7
76109,2024,9,7,7
76109,2024,10,12,12
76109,2024,11,6,6
76109,2024,12,11,11
76111,2021,1,3,3
76111,2021,2,8,8
76111,2021,3,6,6
76111,2021,4,5,5
76111,2021,5,2,2
76111,2021,6,5,5
76111,2021,7,3,3
76111,2021,8,5,5
76111,2021,9,2,2
76111,2021,10,3,3
76111,2021,11,6,6
76111,2021,12,9,9
76111,2022,1,3,3
76111,2022,2,5,5
76111,2022,3,8,8
76111,2022,4,9,9
76111,2022,5,14,14
76111,2022,6,7,7
76111,2022,7,5,5
76111,2022,8,9,9
76111,2022,9,10,10
76111,2022,10,12,12
76111,2022,11,13,13
76111,2022,12,5,5
76111,2023,1,6,6
76111,2023,2,8,8
76111,2023,3,9,9
76111,2023,4,10,10
76111,2023,5,14,14
76111,2023,6,14,14
76111,2023,7,8,8
76111,2023,8,12,12
76111,2023,9,9,9
76111,2023,10,9,9
76111,2023,11,7,7
76111,2023,12,7,7
76111,2024,1,3,3
76111,2024,2,5,5
76111,2024,3,6,6
76111,2024,4,4,4
76111,2024,5,10,10
76111,2024,6,3,3
76111,2024,7,4,4
76111,2024,8,5,5
76111,2024,9,10,10
76111,2024,10,9,9
76111,2024,11,6,6
76111,2024,12,5,5
76113,2021,1,1,1
76113,2021,2,1,1
76113,2021,3,1,1
76113,2021,5,1,1
76113,2021,8,1,1
76113,2022,1,2,2
76113,2022,2,1,1
76113,2022,3,2,2
76113,2022,4,2,2
76113,2022,5,2,2
76113,2022,6,3,3
76113,2022,8,1,1
76113,2022,9,2,2
76113,2022,10,4,4
76113,2022,11,2,2
76113,2022,12,3,3
76113,2023,2,1,1
76113,2023,3,2,2
76113,2023,4,4,4
76113,2023,5,1,1
76113,2023,6,2,2
76113,2023,7,3,3
76113,2023,8,3,3
76113,2023,9,1,1
76113,2023,10,2,2
76113,2023,11,2,2
76113,2023,12,3,3
76113,2024,1,2,2
76113,2024,3,2,2
76113,2024,4,1,1
76113,2024,5,4,4
76113,2024,7,1,1
76113,2024,8,2,2
76113,2024,9,1,1
76113,2024,10,1,1
76113,2024,12,1,1
76122,2021,1,5,5
76122,2021,3,2,2
76122,2021,4,1,1
76122,2021,5,3,3
76122,2021,6,1,1
76122,2021,7,2,2
76122,2021,8,2,2
76122,2021,9,1,1
76122,2021,10,1,1
76122,2021,11,1,1
76122,2022,1,3,3
76122,2022,2,2,2
76122,2022,3,1,1
76122,2022,4,1,1
76122,2022,5,4,4
76122,2022,6,2,2
76122,2022,7,2,2
76122,2022,9,3,3
76122,2022,10,4,4
76122,2022,11,1,1
76122,2022,12,2,2
76122,2023,2,1,1
76122,2023,3,1,1
76122,2023,4,1,1
76122,2023,5,3,3
76122,2023,6,2,2
76122,2023,7,5,5
76122,2023,8,1,1
76122,2023,9,2,2
76122,2023,10,2,2
76122,2023,11,1,1
76122,2023,12,3,3
76122,2024,1,1,1
76122,2024,2,2,2
76122,2024,3,3,3
76122,2024,4,1,1
76122,2024,5,2,2
76122,2024,7,1,1
76122,2024,9,1,1
76122,2024,11,1,1
76122,2024,12,1,1
76126,2021,4,1,1
76126,2021,5,4,4
76126,2021,8,1,1
76126,2022,4,2,2
76126,2022,6,1,1
76126,2022,8,1,1
76126,2022,10,1,1
76126,2022,11,1,1
76126,2023,2,1,1
76126,2023,3,1,1
76126,2023,4,3,3
76126,2023,5,2,2
76126,2023,6,1,1
76126,2023,7,1,1
76126,2023,8,2,2
76126,2023,9,2,2
76126,2023,10,1,1
76126,2023,12,1,1
76126,2024,1,2,2
76126,2024,2,2,2
76126,2024,3,2,2
76126,2024,5,1,1
76126,2024,6,1,1
76126,2024,7,1,1
76126,2024,8,1,1
76126,2024,9,2,2
76126,2024,10,1,1
76126,2024,11,1,1
76130,2021,1,1,1
76130,2021,2,3,3
76130,2021,3,4,4
76130,2021,4,2,2
76130,2021,5,2,2
76130,2021,6,1,1
76130,2021,7,1,1
76130,2021,9,3,3
76130,2021,11,5,5
76130,2021,12,1,1
76130,2022,1,1,1
76130,2022,2,7,7
76130,2022,3,8,8
76130,2022,4,3,3
76130,2022,5,4,4
76130,2022,6,2,2
76130,2022,7,1,1
76130,2022,8,10,10
76130,2022,9,6,6
76130,2022,10,6,6
76130,2022,11,2,2
76130,2022,12,1,1
76130,2023,1,3,3
76130,2023,2,1,1
76130,2023,3,5,5
76130,2023,4,6,6
76130,2023,5,1,1
76130,2023,6,5,5
76130,2023,7,3,3
76130,2023,8,7,7
76130,2023,9,5,5
76130,2023,10,3,3
76130,2023,11,2,2
76130,2023,12,3,3
76130,2024,1,3,3
76130,2024,2,2,2
76130,2024,3,4,4
76130,2024,4,2,2
76130,2024,5,6,6
76130,2024,6,2,2
76130,2024,7,4,4
76130,2024,8,3,3
76130,2024,9,2,2
76130,2024,10,3,3
76130,2024,11,5,5
76130,2024,12,5,5
76147,2021,1,7,7
76147,2021,2,3,3
76147,2021,3,12,12
76147,2021,4,6,6
76147,2021,5,6,6
76147,2021,6,5,5
76147,2021,7,8,8
76147,2021,8,8,8
76147,2021,9,10,10
76147,2021,10,11,11
76147,2021,11,11,11
76147,2021,12,11,11
76147,2022,1,7,7
76147,2022,2,4,4
76147,2022,3,15,15
76147,2022,4,12,12
76147,2022,5,13,13
76147,2022,6,5,5
76147,2022,7,5,5
76147,2022,8,11,11
76147,2022,9,5,5
76147,2022,10,16,16
76147,2022,11,12,12
76147,2022,12,9,9
76147,2023,1,15,15
76147,2023,2,19,19
76147,2023,3,14,14
76147,2023,4,4,4
76147,2023,5,13,13
76147,2023,6,9,9
76147,2023,7,11,11
76147,2023,8,17,17
76147,2023,9,18,18
76147,2023,10,13,13
76147,2023,11,9,9
76147,2023,12,10,10
76147,2024,1,11,11
76147,2024,2,15,15
76147,2024,3,13,13
76147,2024,4,13,13
76147,2024,5,8,8
76147,2024,6,8,8
76147,2024,7,16,16
76147,2024,8,16,16
76147,2024,9,10,10
76147,2024,10,10,10
76147,2024,11,15,15
76147,2024,12,13,13
76233,2021,1,2,2
76233,2021,2,3,3
76233,2021,3,4,4
76233,2021,4,2,2
76233,2021,5,2,2
76233,2021,6,2,2
76233,2021,7,1,1
76233,2021,8,1,1
76233,2021,9,4,4
76233,2021,10,2,2
76233,2021,11,2,2
76233,2022,1,2,2
76233,2022,2,4,4
76233,2022,3,2,2
76233,2022,4,4,4
76233,2022,5,4,4
76233,2022,6,3,3
76233,2022,7,2,2
76233,2022,8,11,11
76233,2022,9,3,3
76233,2022,10,5,5
76233,2022,11,2,2
76233,2022,12,1,1
76233,2023,1,3,3
76233,2023,3,4,4
76233,2023,4,1,1
76233,2023,5,3,3
76233,2023,6,5,5
76233,2023,7,5,5
76233,2023,8,7,7
76233,2023,9,4,4
76233,2023,10,1,1
76233,2023,11,1,1
76233,2024,1,2,2
76233,2024,2,3,3
76233,2024,3,2,2
76233,2024,5,1,1
76233,2024,6,2,2
76233,2024,7,2,2
76233,2024,8,3,3
76233,2024,9,2,2
76233,2024,10,2,2
76233,2024,11,7,7
76233,2024,12,4,4
76243,2021,2,1,1
76243,2021,5,1,1
76243,2021,8,1,1
76243,2021,9,1,1
76243,2021,10,1,1
76243,2021,11,1,1
76243,2021,12,1,1
76243,2023,2,1,1
76243,2023,6,1,1
76243,2024,2,1,1
76243,2024,3,1,1
76243,2024,6,1,1
76243,2024,9,1,1
76246,2021,1,3,3
76246,2021,3,3,3
76246,2021,5,3,3
76246,2021,9,1,1
76246,2021,10,2,2
76246,2021,11,1,1
76246,2021,12,1,1
76246,2022,1,1,1
76246,2022,2,1,1
76246,2022,3,1,1
76246,2022,4,2,2
76246,2022,10,1,1
76246,2022,11,1,1
76246,2022,12,1,1
76246,2023,1,1,1
76246,2023,3,2,2
76246,2023,12,1,1
76246,2024,3,2,2
76246,2024,4,1,1
76246,2024,5,1,1
76246,2024,6,1,1
76246,2024,8,1,1
76246,2024,9,1,1
76246,2024,10,1,1
76248,2021,1,5,5
76248,2021,2,1,1
76248,2021,3,2,2
76248,2021,6,1,1
76248,2021,7,3,3
76248,2021,8,3,3
76248,2021,11,1,1
76248,2022,2,1,1
76248,2022,3,2,2
76248,2022,4,2,2
76248,2022,7,2,2
76248,2022,8,3,3
76248,2022,9,3,3
76248,2022,10,3,3
76248,2022,11,4,4
76248,2022,12,2,2
76248,2023,1,2,2
76248,2023,2,2,2
76248,2023,3,2,2
76248,2023,4,3,3
76248,2023,5,2,2
76248,2023,6,4,4
76248,2023,7,1,1
76248,2023,8,2,2
76248,2023,9,3,3
76248,2023,10,2,2
76248,2023,11,5,5
76248,2023,12,5,5
76248,2024,1,4,4
76248,2024,3,4,4
76248,2024,4,2,2
76248,2024,5,6,6
76248,2024,6,3,3
76248,2024,7,5,5
76248,2024,8,4,4
76248,2024,9,5,5
76248,2024,10,4,4
76248,2024,11,1,1
76248,2024,12,3,3
76250,2021,3,3,3
76250,2021,4,1,1
76250,2021,10,1,1
76250,2022,1,2,2
76250,2022,2,2,2
76250,2022,3,2,2
76250,2022,4,1,1
76250,2022,5,1,1
76250,2022,7,1,1
76250,2022,8,1,1
76250,2022,9,1,1
76250,2022,11,1,1
76250,2022,12,1,1
76250,2023,3,1,1
76250,2023,4,1,1
76250,2023,6,1,1
76250,2023,7,2,2
76250,2023,9,1,1
76250,2024,3,1,1
76250,2024,7,1,1
76250,2024,8,2,2
76250,2024,9,1,1
76250,2024,10,1,1
76250,2024,11,2,2
76275,2021,1,2,2
76275,2021,2,3,3
76275,2021,3,3,3
76275,2021,4,8,8
76275,2021,5,1,1
76275,2021,6,5,5
76275,2021,7,6,6
76275,2021,8,6,6
76275,2021,9,4,4
76275,2021,10,6,6
76275,2021,11,8,8
76275,2021,12,1,1
76275,2022,1,1,1
76275,2022,2,4,4
76275,2022,3,2,2
76275,2022,4,1,1
76275,2022,5,5,5
76275,2022,6,3,3
76275,2022,7,2,2
76275,2022,8,1,1
76275,2022,9,4,4
76275,2022,10,3,3
76275,2022,11,7,7
76275,2022,12,3,3
76275,2023,1,4,4
76275,2023,2,6,6
76275,2023,3,4,4
76275,2023,4,5,5
76275,2023,6,5,5
76275,2023,7,3,3
76275,2023,8,5,5
76275,2023,9,4,4
76275,2023,10,2,2
76275,2023,11,4,4
76275,2023,12,3,3
76275,2024,1,2,2
76275,2024,2,8,8
76275,2024,3,4,4
76275,2024,4,5,5
76275,2024,5,8,8
76275,2024,6,4,4
76275,2024,7,7,7
76275,2024,8,4,4
76275,2024,9,10,10
76275,2024,10,3,3
76275,2024,11,5,5
76275,2024,12,5,5
76306,2021,2,3,3
76306,2021,3,1,1
76306,2021,4,2,2
76306,2021,5,2,2
76306,2021,6,1,1
76306,2021,9,1,1
76306,2021,10,1,1
76306,2021,12,1,1
76306,2022,1,1,1
76306,2022,4,1,1
76306,2022,5,1,1
76306,2022,7,2,2
76306,2022,8,1,1
76306,2022,10,1,1
76306,2022,12,5,5
76306,2023,1,2,2
76306,2023,3,1,1
76306,2023,4,1,1
76306,2023,5,1,1
76306,2023,6,2,2
76306,2023,7,3,3
76306,2023,9,3,3
76306,2023,10,2,2
76306,2023,11,5,5
76306,2023,12,1,1
76306,2024,1,1,1
76306,2024,4,2,2
76306,2024,5,1,1
76306,2024,7,2,2
76306,2024,9,2,2
76306,2024,10,3,3
76306,2024,12,1,1
76318,2021,2,2,2
76318,2021,3,3,3
76318,2021,4,3,3
76318,2021,5,3,3
76318,2021,6,1,1
76318,2021,7,2,2
76318,2021,8,3,3
76318,2021,9,2,2
76318,2021,12,2,2
76318,2022,2,2,2
76318,2022,3,2,2
76318,2022,4,1,1
76318,2022,5,1,1
76318,2022,6,4,4
76318,2022,7,2,2
76318,2022,8,2,2
76318,2022,9,2,2
76318,2022,11,2,2
76318,2022,12,2,2
76318,2023,3,4,4
76318,2023,4,2,2
76318,2023,5,1,1
76318,2023,6,1,1
76318,2023,7,2,2
76318,2023,8,4,4
76318,2023,9,1,1
76318,2023,10,2,2
76318,2023,11,2,2
76318,2024,2,1,1
76318,2024,3,5,5
76318,2024,5,3,3
76318,2024,7,2,2
76318,2024,8,1,1
76318,2024,9,3,3
76318,2024,11,2,2
76318,2024,12,3,3
76364,2021,1,4,4
76364,2021,2,7,7
76364,2021,3,11,11
76364,2021,4,8,8
76364,2021,5,3,3
76364,2021,6,6,6
76364,2021,7,4,4
76364,2021,8,5,5
76364,2021,9,6,6
76364,2021,10,9,9
76364,2021,11,7,7
76364,2021,12,3,3
76364,2022,1,3,3
76364,2022,2,5,5
76364,2022,3,7,7
76364,2022,4,10,10
76364,2022,5,13,13
76364,2022,6,10,10
76364,2022,7,11,11
76364,2022,8,19,19
76364,2022,9,19,19
76364,2022,10,14,14
76364,2022,11,13,13
76364,2022,12,9,9
76364,2023,1,12,12
76364,2023,2,13,13
76364,2023,3,20,20
76364,2023,4,17,17
76364,2023,5,14,14
76364,2023,6,18,18
76364,2023,7,14,14
76364,2023,8,14,14
76364,2023,9,14,14
76364,2023,10,14,14
76364,2023,11,15,15
76364,2023,12,12,12
76364,2024,1,12,12
76364,2024,2,11,11
76364,2024,3,4,4
76364,2024,4,7,7
76364,2024,5,8,8
76364,2024,6,10,10
76364,2024,7,11,11
76364,2024,8,12,12
76364,2024,9,15,15
76364,2024,10,12,12
76364,2024,11,13,13
76364,2024,12,6,6
76377,2021,2,1,1
76377,2021,8,1,1
76377,2021,9,2,2
76377,2021,10,1,1
76377,2021,11,1,1
76377,2021,12,2,2
76377,2022,2,1,1
76377,2022,3,1,1
76377,2022,5,2,2
76377,2022,6,3,3
76377,2023,4,3,3
76377,2023,5,1,1
76377,2023,8,1,1
76377,2023,11,2,2
76377,2024,4,1,1
76377,2024,5,1,1
76377,2024,6,2,2
76377,2024,11,1,1
76400,2021,1,4,4
76400,2021,2,1,1
76400,2021,3,3,3
76400,2021,5,3,3
76400,2021,6,2,2
76400,2021,7,1,1
76400,2021,9,3,3
76400,2021,11,1,1
76400,2022,1,2,2
76400,2022,2,2,2
76400,2022,3,1,1
76400,2022,4,1,1
76400,2022,5,1,1
76400,2022,6,1,1
76400,2022,7,1,1
76400,2022,8,3,3
76400,2022,9,1,1
76400,2022,10,4,4
76400,2022,11,1,1
76400,2022,12,1,1
76400,2023,2,2,2
76400,2023,3,3,3
76400,2023,6,1,1
76400,2023,7,1,1
76400,2023,8,1,1
76400,2023,9,2,2
76400,2023,10,2,2
76400,2023,11,3,3
76400,2023,12,4,4
76400,2024,1,3,3
76400,2024,4,4,4
76400,2024,5,1,1
76400,2024,7,1,1
76400,2024,9,1,1
76400,2024,10,1,1
76400,2024,11,1,1
76403,2021,2,1,1
76403,2021,3,3,3
76403,2021,7,1,1
76403,2021,9,1,1
76403,2021,10,1,1
76403,2021,11,1,1
76403,2021,12,1,1
76403,2022,1,1,1
76403,2022,2,1,1
76403,2022,4,2,2
76403,2022,5,1,1
76403,2023,2,1,1
76403,2023,3,1,1
76403,2023,6,1,1
76403,2023,8,1,1
76403,2023,10,1,1
76403,2023,11,1,1
76403,2023,12,1,1
76403,2024,2,1,1
76403,2024,4,1,1
76403,2024,5,1,1
76403,2024,6,1,1
76403,2024,7,2,2
76403,2024,9,2,2
76403,2024,10,1,1
76497,2021,3,3,3
76497,2021,5,2,2
76497,2021,7,1,1
76497,2021,9,1,1
76497,2021,10,2,2
76497,2021,11,1,1
76497,2021,12,1,1
76497,2022,2,1,1
76497,2022,3,1,1
76497,2022,6,1,1
76497,2022,9,1,1
76497,2022,10,1,1
76497,2022,12,1,1
76497,2023,1,1,1
76497,2023,2,1,1
76497,2023,3,1,1
76497,2023,4,1,1
76497,2023,5,1,1
76497,2023,7,2,2
76497,2023,10,1,1
76497,2023,11,1,1
76497,2024,2,1,1
76497,2024,6,1,1
76497,2024,7,2,2
76497,2024,8,1,1
76497,2024,9,2,2
76497,2024,11,2,2
76497,2024,12,1,1
76520,2021,1,19,19
76520,2021,2,17,17
76520,2021,3,21,21
76520,2021,4,22,22
76520,2021,5,10,10
76520,2021,6,12,12
76520,2021,7,14,14
76520,2021,8,18,18
76520,2021,9,21,21
76520,2021,10,27,27
76520,2021,11,21,21
76520,2021,12,26,26
76520,2022,1,13,13
76520,2022,2,20,20
76520,2022,3,33,33
76520,2022,4,38,38
76520,2022,5,26,26
76520,2022,6,20,20
76520,2022,7,22,22
76520,2022,8,36,36
76520,2022,9,24,24
76520,2022,10,27,27
76520,2022,11,29,29
76520,2022,12,14,14
76520,2023,1,11,11
76520,2023,2,15,15
76520,2023,3,22,22
76520,2023,4,37,37
76520,2023,5,37,37
76520,2023,6,24,24
76520,2023,7,20,20
76520,2023,8,30,30
76520,2023,9,24,24
76520,2023,10,30,30
76520,2023,11,16,16
76520,2023,12,17,17
76520,2024,1,14,14
76520,2024,2,10,10
76520,2024,3,10,10
76520,2024,4,12,12
76520,2024,5,17,17
76520,2024,6,11,11
76520,2024,7,12,12
76520,2024,8,22,22
76520,2024,9,18,18
76520,2024,10,18,18
76520,2024,11,15,15
76520,2024,12,8,8
76563,2021,1,2,2
76563,2021,9,1,1
76563,2021,10,1,1
76563,2021,11,2,2
76563,2022,2,1,1
76563,2022,3,1,1
76563,2022,5,3,3
76563,2022,6,3,3
76563,2022,8,1,1
76563,2022,9,1,1
76563,2022,10,4,4
76563,2022,11,6,6
76563,2022,12,4,4
76563,2023,2,7,7
76563,2023,3,7,7
76563,2023,4,3,3
76563,2023,5,4,4
76563,2023,6,6,6
76563,2023,7,5,5
76563,2023,8,4,4
76563,2023,9,2,2
76563,2023,10,6,6
76563,2023,11,1,1
76563,2024,1,1,1
76563,2024,2,2,2
76563,2024,3,2,2
76563,2024,4,2,2
76563,2024,5,1,1
76563,2024,6,1,1
76563,2024,7,1,1
76563,2024,8,8,8
76563,2024,9,3,3
76563,2024,10,3,3
76563,2024,11,3,3
76563,2024,12,2,2
76606,2021,3,2,2
76606,2021,5,2,2
76606,2021,7,1,1
76606,2021,8,1,1
76606,2021,9,2,2
76606,2021,10,2,2
76606,2021,12,3,3
76606,2022,2,2,2
76606,2022,3,3,3
76606,2022,4,2,2
76606,2022,5,1,1
76606,2022,7,1,1
76606,2022,8,2,2
76606,2022,9,3,3
76606,2022,10,4,4
76606,2022,11,5,5
76606,2022,12,3,3
76606,2023,1,1,1
76606,2023,2,6,6
76606,2023,3,2,2
76606,2023,4,2,2
76606,2023,5,4,4
76606,2023,6,3,3
76606,2023,7,2,2
76606,2023,8,1,1
76606,2023,9,1,1
76606,2023,10,5,5
76606,2023,11,3,3
76606,2023,12,1,1
76606,2024,1,2,2
76606,2024,2,2,2
76606,2024,4,1,1
76606,2024,5,3,3
76606,2024,6,1,1
76606,2024,7,2,2
76606,2024,8,1,1
76606,2024,9,3,3
76606,2024,10,1,1
76606,2024,11,1,1
76606,2024,12,3,3
76616,2021,3,1,1
76616,2021,4,1,1
76616,2021,8,1,1
76616,2022,1,1,1
76616,2022,2,1,1
76616,2022,3,1,1
76616,2022,4,1,1
76616,2022,9,1,1
76616,2023,1,1,1
76616,2023,6,1,1
76616,2023,8,1,1
76616,2023,9,1,1
76616,2023,10,4,4
76616,2024,1,1,1
76616,2024,2,1,1
76616,2024,4,1,1
76616,2024,5,1,1
76616,2024,7,3,3
76616,2024,9,1,1
76616,2024,11,1,1
76622,2021,1,4,4
76622,2021,2,2,2
76622,2021,3,7,7
76622,2021,5,1,1
76622,2021,7,1,1
76622,2021,8,4,4
76622,2021,9,5,5
76622,2021,10,5,5
76622,2021,11,4,4
76622,2021,12,1,1
76622,2022,1,2,2
76622,2022,2,4,4
76622,2022,3,1,1
76622,2022,5,2,2
76622,2022,6,1,1
76622,2022,7,2,2
76622,2022,8,2,2
76622,2022,9,4,4
76622,2022,10,3,3
76622,2022,11,11,11
76622,2022,12,4,4
76622,2023,1,6,6
76622,2023,2,4,4
76622,2023,3,5,5
76622,2023,4,4,4
76622,2023,5,2,2
76622,2023,6,7,7
76622,2023,7,1,1
76622,2023,8,3,3
76622,2023,9,2,2
76622,2023,10,3,3
76622,2023,11,2,2
76622,2023,12,6,6
76622,2024,1,5,5
76622,2024,2,4,4
76622,2024,3,1,1
76622,2024,4,3,3
76622,2024,5,5,5
76622,2024,6,4,4
76622,2024,7,1,1
76622,2024,8,5,5
76622,2024,9,5,5
76622,2024,10,5,5
76622,2024,12,3,3
76670,2021,1,1,1
76670,2021,3,2,2
76670,2021,4,1,1
76670,2021,5,1,1
76670,2021,7,1,1
76670,2021,8,2,2
76670,2021,9,1,1
76670,2021,11,2,2
76670,2021,12,1,1
76670,2022,1,1,1
76670,2022,2,3,3
76670,2022,5,3,3
76670,2022,6,2,2
76670,2022,7,1,1
76670,2022,8,1,1
76670,2022,9,1,1
76670,2022,10,3,3
76670,2022,11,1,1
76670,2023,1,2,2
76670,2023,3,1,1
76670,2023,4,1,1
76670,2023,5,1,1
76670,2023,6,1,1
76670,2023,7,1,1
76670,2023,8,4,4
76670,2023,9,1,1
76670,2023,10,1,1
76670,2023,11,2,2
76670,2024,3,1,1
76670,2024,4,1,1
76670,2024,5,1,1
76670,2024,6,1,1
76670,2024,8,2,2
76670,2024,9,2,2
76670,2024,11,1,1
76670,2024,12,1,1
76736,2021,2,1,1
76736,2021,7,5,5
76736,2021,8,2,2
76736,2021,9,3,3
76736,2021,11,3,3
76736,2021,12,2,2
76736,2022,1,1,1
76736,2022,2,2,2
76736,2022,3,2,2
76736,2022,4,2,2
76736,2022,5,2,2
76736,2022,6,1,1
76736,2022,7,1,1
76736,2022,8,6,6
76736,2022,9,3,3
76736,2022,10,3,3
76736,2022,11,3,3
76736,2022,12,6,6
76736,2023,1,3,3
76736,2023,2,3,3
76736,2023,3,5,5
76736,2023,4,3,3
76736,2023,5,11,11
76736,2023,6,6,6
76736,2023,7,7,7
76736,2023,8,2,2
76736,2023,9,4,4
76736,2023,10,4,4
76736,2023,11,5,5
76736,2023,12,5,5
76736,2024,1,2,2
76736,2024,2,2,2
76736,2024,3,1,1
76736,2024,4,3,3
76736,2024,5,3,3
76736,2024,6,1,1
76736,2024,7,5,5
76736,2024,8,3,3
76736,2024,9,2,2
76736,2024,10,2,2
76736,2024,11,3,3
76736,2024,12,1,1
76823,2021,3,1,1
76823,2021,12,1,1
76823,2022,6,1,1
76823,2022,9,1,1
76823,2022,10,1,1
76823,2022,12,1,1
76823,2023,3,1,1
76823,2023,4,1,1
76823,2023,5,3,3
76823,2023,6,2,2
76823,2023,8,1,1
76823,2023,10,1,1
76823,2023,11,2,2
76823,2023,12,1,1
76823,2024,1,1,1
76823,2024,2,2,2
76823,2024,3,1,1
76823,2024,4,1,1
76823,2024,6,3,3
76823,2024,7,1,1
76823,2024,10,1,1
76823,2024,12,2,2
76828,2021,9,1,1
76828,2021,11,1,1
76828,2022,2,1,1
76828,2022,3,1,1
76828,2022,4,3,3
76828,2022,5,1,1
76828,2022,7,1,1
76828,2022,8,1,1
76828,2022,9,2,2
76828,2022,12,3,3
76828,2023,5,2,2
76828,2023,6,1,1
76828,2023,8,1,1
76828,2023,10,2,2
76828,2024,3,2,2
76828,2024,5,1,1
76828,2024,7,1,1
76828,2024,9,2,2
76828,2024,10,1,1
76828,2024,11,1,1
76828,2024,12,1,1
76834,2021,1,7,7
76834,2021,2,7,7
76834,2021,3,9,9
76834,2021,4,8,8
76834,2021,5,10,10
76834,2021,6,9,9
76834,2021,7,9,9
76834,2021,8,12,12
76834,2021,9,13,13
76834,2021,10,10,10
76834,2021,11,7,7
76834,2021,12,4,4
76834,2022,1,4,4
76834,2022,2,14,14
76834,2022,3,6,6
76834,2022,4,6,6
76834,2022,5,7,7
76834,2022,6,8,8
76834,2022,7,12,12
76834,2022,8,6,6
76834,2022,9,17,17
76834,2022,10,13,13
76834,2022,11,17,17
76834,2022,12,7,7
76834,2023,1,5,5
76834,2023,2,13,13
76834,2023,3,12,12
76834,2023,4,12,12
76834,2023,5,16,16
76834,2023,6,9,9
76834,2023,7,17,17
76834,2023,8,16,16
76834,2023,9,17,17
76834,2023,10,14,14
76834,2023,11,12,12
76834,2023,12,10,10
76834,2024,1,7,7
76834,2024,2,7,7
76834,2024,3,9,9
76834,2024,4,12,12
76834,2024,5,9,9
76834,2024,6,10,10
76834,2024,7,9,9
76834,2024,8,7,7
76834,2024,9,10,10
76834,2024,10,9,9
76834,2024,11,14,14
76834,2024,12,8,8
76845,2021,11,1,1
76845,2022,4,1,1
76845,2022,6,1,1
76845,2022,9,1,1
76845,2023,1,2,2
76845,2023,2,1,1
76845,2023,5,3,3
76845,2023,8,1,1
76845,2023,12,1,1
76845,2024,11,1,1
76845,2024,12,1,1
76863,2021,2,2,2
76863,2021,8,1,1
76863,2021,11,1,1
76863,2022,3,2,2
76863,2022,4,1,1
76863,2022,11,1,1
76863,2023,1,1,1
76863,2023,2,1,1
76863,2023,3,2,2
76863,2023,7,1,1
76863,2023,8,1,1
76863,2024,2,2,2
76863,2024,8,2,2
76863,2024,10,1,1
76863,2024,12,1,1
76869,2021,2,2,2
76869,2021,4,4,4
76869,2021,5,1,1
76869,2021,6,1,1
76869,2021,7,1,1
76869,2021,11,1,1
76869,2021,12,2,2
76869,2022,3,1,1
76869,2022,5,4,4
76869,2022,7,1,1
76869,2022,10,2,2
76869,2022,11,3,3
76869,2022,12,1,1
76869,2023,1,2,2
76869,2023,2,1,1
76869,2023,3,1,1
76869,2023,5,2,2
76869,2023,7,2,2
76869,2023,8,2,2
76869,2023,9,1,1
76869,2023,10,4,4
76869,2023,11,3,3
76869,2024,2,1,1
76869,2024,4,2,2
76869,2024,5,2,2
76869,2024,6,1,1
76869,2024,7,2,2
76869,2024,8,4,4
76869,2024,9,6,6
76869,2024,10,2,2
76869,2024,11,5,5
76890,2021,1,1,1
76890,2021,6,2,2
76890,2021,7,1,1
76890,2021,12,1,1
76890,2022,1,1,1
76890,2022,3,2,2
76890,2022,4,2,2
76890,2022,5,1,1
76890,2022,10,1,1
76890,2022,12,2,2
76890,2023,1,1,1
76890,2023,6,1,1
76890,2023,7,1,1
76890,2024,7,1,1
76890,2024,9,1,1
76890,2024,10,2,2
76892,2021,1,5,5
76892,2021,2,8,8
76892,2021,3,7,7
76892,2021,4,3,3
76892,2021,5,1,1
76892,2021,6,6,6
76892,2021,7,6,6
76892,2021,8,10,10
76892,2021,9,7,7
76892,2021,10,5,5
76892,2021,11,8,8
76892,2021,12,3,3
76892,2022,1,10,10
76892,2022,2,5,5
76892,2022,3,11,11
76892,2022,4,6,6
76892,2022,5,5,5
76892,2022,6,7,7
76892,2022,7,11,11
76892,2022,8,3,3
76892,2022,9,13,13
76892,2022,10,12,12
76892,2022,11,11,11
76892,2022,12,7,7
76892,2023,1,9,9
76892,2023,2,7,7
76892,2023,3,5,5
76892,2023,4,13,13
76892,2023,5,15,15
76892,2023,6,14,14
76892,2023,7,8,8
76892,2023,8,9,9
76892,2023,9,17,17
76892,2023,10,13,13
76892,2023,11,13,13
76892,2023,12,4,4
76892,2024,1,8,8
76892,2024,2,9,9
76892,2024,3,11,11
76892,2024,4,10,10
76892,2024,5,5,5
76892,2024,6,10,10
76892,2024,7,6,6
76892,2024,8,13,13
76892,2024,9,10,10
76892,2024,10,9,9
76892,2024,11,12,12
76892,2024,12,7,7
76895,2021,1,2,2
76895,2021,2,1,1
76895,2021,3,4,4
76895,2021,4,4,4
76895,2021,5,4,4
76895,2021,6,3,3
76895,2021,8,1,1
76895,2021,9,1,1
76895,2021,10,4,4
76895,2021,11,3,3
76895,2022,2,3,3
76895,2022,3,2,2
76895,2022,4,1,1
76895,2022,5,4,4
76895,2022,6,1,1
76895,2022,8,2,2
76895,2022,10,3,3
76895,2022,11,3,3
76895,2023,5,3,3
76895,2023,6,5,5
76895,2023,8,1,1
76895,2023,10,1,1
76895,2023,11,6,6
76895,2023,12,2,2
76895,2024,1,2,2
76895,2024,2,3,3
76895,2024,3,1,1
76895,2024,4,2,2
76895,2024,5,4,4
76895,2024,6,1,1
76895,2024,7,4,4
76895,2024,8,2,2
76895,2024,11,1,1
76895,2024,12,4,4
81001,2021,1,2,2
81001,2021,2,2,2
81001,2021,3,2,2
81001,2021,4,5,5
81001,2021,5,5,5
81001,2021,7,7,7
81001,2021,8,1,1
81001,2021,9,1,1
81001,2021,10,4,4
81001,2021,11,8,8
81001,2021,12,2,2
81001,2022,1,3,3
81001,2022,2,3,3
81001,2022,3,7,7
81001,2022,4,9,9
81001,2022,5,6,6
81001,2022,6,4,4
81001,2022,7,3,3
81001,2022,8,10,10
81001,2022,9,6,6
81001,2022,10,7,7
81001,2022,11,5,5
81001,2022,12,3,3
81001,2023,1,3,3
81001,2023,2,8,8
81001,2023,3,3,3
81001,2023,4,2,2
81001,2023,5,5,5
81001,2023,6,2,2
81001,2023,7,16,16
81001,2023,8,6,6
81001,2023,9,6,6
81001,2023,10,4,4
81001,2023,11,4,4
81001,2023,12,4,4
81001,2024,1,7,7
81001,2024,2,5,5
81001,2024,3,2,2
81001,2024,4,8,8
81001,2024,5,1,1
81001,2024,6,7,7
81001,2024,7,4,4
81001,2024,8,3,3
81001,2024,9,7,7
81001,2024,10,5,5
81001,2024,12,3,3
81065,2021,1,1,1
81065,2021,2,1,1
81065,2021,3,3,3
81065,2021,4,2,2
81065,2021,5,2,2
81065,2021,6,1,1
81065,2021,7,4,4
81065,2021,8,6,6
81065,2021,9,2,2
81065,2021,10,3,3
81065,2021,11,2,2
81065,2021,12,1,1
81065,2022,2,2,2
81065,2022,3,4,4
81065,2022,4,4,4
81065,2022,6,3,3
81065,2022,7,1,1
81065,2022,10,5,5
81065,2022,11,2,2
81065,2022,12,1,1
81065,2023,2,1,1
81065,2023,3,3,3
81065,2023,4,4,4
81065,2023,5,1,1
81065,2023,6,3,3
81065,2023,7,2,2
81065,2023,9,4,4
81065,2023,10,4,4
81065,2023,11,3,3
81065,2023,12,2,2
81065,2024,1,2,2
81065,2024,3,2,2
81065,2024,4,3,3
81065,2024,5,1,1
81065,2024,6,1,1
81065,2024,7,3,3
81065,2024,8,4,4
81065,2024,9,4,4
81065,2024,10,4,4
81065,2024,11,1,1
81065,2024,12,2,2
81220,2021,1,1,1
81220,2022,5,1,1
81220,2022,9,1,1
81220,2023,7,1,1
81220,2023,8,1,1
81220,2023,9,1,1
81220,2023,10,1,1
81220,2023,11,1,1
81220,2023,12,1,1
81220,2024,2,1,1
81220,2024,9,1,1
81300,2021,1,1,1
81300,2021,2,1,1
81300,2021,3,1,1
81300,2021,4,5,5
81300,2021,5,1,1
81300,2021,7,2,2
81300,2021,9,1,1
81300,2021,10,2,2
81300,2021,11,3,3
81300,2021,12,1,1
81300,2022,2,1,1
81300,2022,3,2,2
81300,2022,4,1,1
81300,2022,5,2,2
81300,2022,6,1,1
81300,2022,7,1,1
81300,2022,9,2,2
81300,2022,11,2,2
81300,2022,12,1,1
81300,2023,1,1,1
81300,2023,2,1,1
81300,2023,3,2,2
81300,2023,4,2,2
81300,2023,5,1,1
81300,2023,6,1,1
81300,2023,7,1,1
81300,2023,8,2,2
81300,2023,10,1,1
81300,2023,11,1,1
81300,2024,1,1,1
81300,2024,2,4,4
81300,2024,3,1,1
81300,2024,4,1,1
81300,2024,7,2,2
81300,2024,8,1,1
81300,2024,10,3,3
81300,2024,12,1,1
81591,2022,8,1,1
81591,2023,2,1,1
81591,2023,5,1,1
81591,2024,3,1,1
81736,2021,1,4,4
81736,2021,2,3,3
81736,2021,3,2,2
81736,2021,4,3,3
81736,2021,5,3,3
81736,2021,6,3,3
81736,2021,7,4,4
81736,2021,8,4,4
81736,2021,9,5,5
81736,2021,10,2,2
81736,2021,11,6,6
81736,2021,12,2,2
81736,2022,1,1,1
81736,2022,2,1,1
81736,2022,3,2,2
81736,2022,4,7,7
81736,2022,5,3,3
81736,2022,6,3,3
81736,2022,7,4,4
81736,2022,8,5,5
81736,2022,9,5,5
81736,2022,10,8,8
81736,2022,11,2,2
81736,2022,12,3,3
81736,2023,1,5,5
81736,2023,2,3,3
81736,2023,3,3,3
81736,2023,4,4,4
81736,2023,5,3,3
81736,2023,6,5,5
81736,2023,7,5,5
81736,2023,8,2,2
81736,2023,9,1,1
81736,2023,10,6,6
81736,2023,11,2,2
81736,2023,12,2,2
81736,2024,1,1,1
81736,2024,2,2,2
81736,2024,3,5,5
81736,2024,4,1,1
81736,2024,5,4,4
81736,2024,6,2,2
81736,2024,7,3,3
81736,2024,8,7,7
81736,2024,9,7,7
81736,2024,10,2,2
81736,2024,11,1,1
81736,2024,12,2,2
81794,2021,1,3,3
81794,2021,2,4,4
81794,2021,3,2,2
81794,2021,4,1,1
81794,2021,5,3,3
81794,2021,6,2,2
81794,2021,7,2,2
81794,2021,8,3,3
81794,2021,9,2,2
81794,2021,10,2,2
81794,2021,11,5,5
81794,2021,12,3,3
81794,2022,1,1,1
81794,2022,2,1,1
81794,2022,3,5,5
81794,2022,4,3,3
81794,2022,5,3,3
81794,2022,6,1,1
81794,2022,7,2,2
81794,2022,9,5,5
81794,2022,10,1,1
81794,2022,11,2,2
81794,2022,12,5,5
81794,2023,1,6,6
81794,2023,2,1,1
81794,2023,3,2,2
81794,2023,4,3,3
81794,2023,5,1,1
81794,2023,6,4,4
81794,2023,7,6,6
81794,2023,8,2,2
81794,2023,9,3,3
81794,2023,10,1,1
81794,2023,11,3,3
81794,2023,12,1,1
81794,2024,1,3,3
81794,2024,2,2,2
81794,2024,3,4,4
81794,2024,4,3,3
81794,2024,5,9,9
81794,2024,6,1,1
81794,2024,7,1,1
81794,2024,8,4,4
81794,2024,9,8,8
81794,2024,10,7,7
81794,2024,11,5,5
81794,2024,12,4,4
85001,2021,1,12,12
85001,2021,2,8,8
85001,2021,3,20,20
85001,2021,4,18,18
85001,2021,5,12,12
85001,2021,6,10,10
85001,2021,7,11,11
85001,2021,8,15,15
85001,2021,9,16,16
85001,2021,10,13,13
85001,2021,11,17,17
85001,2021,12,7,7
85001,2022,1,6,6
85001,2022,2,8,8
85001,2022,3,16,16
85001,2022,4,8,8
85001,2022,5,16,16
85001,2022,6,11,11
85001,2022,7,16,16
85001,2022,8,14,14
85001,2022,9,20,20
85001,2022,10,16,16
85001,2022,11,19,19
85001,2022,12,10,10
85001,2023,1,11,11
85001,2023,2,13,13
85001,2023,3,22,22
85001,2023,4,21,21
85001,2023,5,14,14
85001,2023,6,13,13
85001,2023,7,19,19
85001,2023,8,8,8
85001,2023,9,13,13
85001,2023,10,10,10
85001,2023,11,13,13
85001,2023,12,7,7
85001,2024,1,16,16
85001,2024,2,3,3
85001,2024,3,7,7
85001,2024,4,17,17
85001,2024,5,16,16
85001,2024,6,18,18
85001,2024,7,11,11
85001,2024,8,25,25
85001,2024,9,17,17
85001,2024,10,16,16
85001,2024,11,17,17
85001,2024,12,12,12
85010,2021,1,3,3
85010,2021,2,2,2
85010,2021,4,2,2
85010,2021,5,1,1
85010,2021,6,1,1
85010,2021,8,1,1
85010,2021,9,4,4
85010,2021,11,5,5
85010,2021,12,1,1
85010,2022,1,2,2
85010,2022,2,1,1
85010,2022,3,3,3
85010,2022,4,4,4
85010,2022,6,2,2
85010,2022,7,2,2
85010,2022,10,5,5
85010,2022,11,5,5
85010,2022,12,1,1
85010,2023,1,1,1
85010,2023,2,1,1
85010,2023,3,1,1
85010,2023,4,5,5
85010,2023,5,5,5
85010,2023,6,5,5
85010,2023,7,3,3
85010,2023,8,6,6
85010,2023,11,6,6
85010,2023,12,1,1
85010,2024,1,1,1
85010,2024,2,2,2
85010,2024,3,1,1
85010,2024,4,2,2
85010,2024,5,2,2
85010,2024,6,1,1
85010,2024,9,1,1
85010,2024,11,1,1
85010,2024,12,2,2
85015,2021,10,2,2
85015,2022,6,1,1
85015,2022,11,1,1
85015,2023,5,1,1
85125,2021,2,1,1
85125,2021,4,1,1
85125,2021,6,1,1
85125,2021,7,1,1
85125,2022,5,2,2
85125,2022,9,1,1
85125,2022,10,1,1
85125,2022,11,2,2
85125,2023,4,2,2
85125,2023,5,2,2
85125,2023,7,1,1
85125,2023,8,2,2
85125,2023,11,1,1
85125,2023,12,2,2
85125,2024,1,1,1
85125,2024,2,1,1
85125,2024,4,1,1
85125,2024,6,2,2
85125,2024,11,1,1
85136,2022,6,1,1
85136,2023,11,1,1
85136,2024,6,1,1
85136,2024,8,1,1
85139,2021,1,1,1
85139,2021,3,1,1
85139,2021,10,1,1
85139,2021,11,1,1
85139,2021,12,1,1
85139,2022,1,1,1
85139,2022,7,1,1
85139,2022,10,1,1
85139,2022,11,1,1
85139,2023,2,2,2
85139,2023,3,2,2
85139,2023,4,2,2
85139,2023,7,1,1
85139,2023,9,1,1
85139,2023,12,3,3
85139,2024,1,2,2
85139,2024,3,1,1
85139,2024,4,1,1
85139,2024,7,1,1
85139,2024,9,3,3
85139,2024,10,2,2
85139,2024,11,1,1
85162,2021,3,1,1
85162,2021,5,2,2
85162,2021,6,1,1
85162,2021,8,1,1
85162,2021,12,1,1
85162,2022,2,1,1
85162,2022,3,1,1
85162,2022,6,1,1
85162,2022,11,1,1
85162,2023,2,1,1
85162,2023,4,1,1
85162,2023,10,2,2
85162,2023,11,2,2
85162,2024,6,3,3
85162,2024,9,3,3
85225,2021,4,1,1
85225,2021,11,1,1
85225,2021,12,1,1
85225,2022,5,1,1
85225,2022,7,1,1
85225,2022,9,1,1
85225,2022,10,2,2
85225,2023,2,1,1
85225,2023,6,1,1
85225,2024,5,1,1
85225,2024,6,1,1
85225,2024,7,1,1
85225,2024,12,1,1
85230,2021,4,1,1
85230,2021,9,2,2
85230,2021,10,1,1
85230,2021,11,1,1
85230,2022,2,2,2
85230,2022,4,1,1
85230,2022,5,1,1
85230,2023,1,1,1
85230,2023,7,1,1
85230,2023,9,1,1
85230,2023,10,1,1
85230,2023,12,1,1
85230,2024,1,1,1
85230,2024,9,1,1
85230,2024,11,2,2
85230,2024,12,1,1
85250,2021,1,2,2
85250,2021,2,3,3
85250,2021,3,5,5
85250,2021,4,5,5
85250,2021,5,2,2
85250,2021,6,2,2
85250,2021,8,2,2
85250,2021,9,3,3
85250,2021,10,4,4
85250,2021,11,2,2
85250,2021,12,2,2
85250,2022,1,1,1
85250,2022,2,3,3
85250,2022,5,2,2
85250,2022,6,3,3
85250,2022,7,4,4
85250,2022,8,2,2
85250,2022,9,4,4
85250,2022,10,3,3
85250,2022,12,2,2
85250,2023,1,2,2
85250,2023,2,1,1
85250,2023,3,5,5
85250,2023,4,1,1
85250,2023,5,3,3
85250,2023,7,4,4
85250,2023,8,1,1
85250,2023,10,3,3
85250,2023,12,2,2
85250,2024,1,1,1
85250,2024,2,1,1
85250,2024,3,1,1
85250,2024,4,3,3
85250,2024,6,2,2
85250,2024,7,1,1
85250,2024,9,2,2
85250,2024,10,4,4
85250,2024,11,1,1
85250,2024,12,2,2
85263,2021,1,1,1
85263,2021,2,1,1
85263,2021,8,1,1
85263,2021,12,1,1
85263,2022,3,1,1
85263,2022,5,1,1
85263,2022,6,1,1
85263,2022,7,2,2
85263,2022,12,1,1
85263,2023,2,1,1
85263,2023,3,1,1
85263,2023,4,1,1
85263,2023,8,1,1
85263,2023,10,1,1
85263,2023,11,2,2
85263,2024,2,1,1
85263,2024,4,1,1
85263,2024,8,1,1
85263,2024,9,1,1
85263,2024,12,1,1
85279,2022,8,1,1
85279,2024,12,1,1
85300,2022,7,1,1
85300,2022,8,1,1
85300,2022,9,1,1
85300,2022,10,1,1
85300,2023,4,1,1
85300,2024,4,1,1
85300,2024,11,1,1
85315,2021,10,1,1
85315,2022,8,1,1
85325,2022,2,1,1
85325,2022,4,2,2
85325,2022,5,3,3
85325,2022,9,1,1
85325,2023,6,1,1
85325,2023,10,1,1
85325,2023,12,1,1
85325,2024,9,2,2
85325,2024,11,1,1
85325,2024,12,1,1
85400,2021,2,1,1
85400,2021,4,1,1
85400,2021,8,3,3
85400,2022,2,2,2
85400,2022,6,1,1
85400,2022,11,2,2
85400,2023,3,1,1
85400,2023,4,1,1
85400,2023,8,1,1
85400,2024,4,1,1
85400,2024,5,1,1
85400,2024,6,2,2
85400,2024,8,1,1
85410,2021,1,1,1
85410,2021,2,2,2
85410,2021,4,1,1
85410,2021,5,1,1
85410,2021,7,3,3
85410,2021,8,2,2
85410,2021,9,2,2
85410,2021,10,2,2
85410,2021,12,1,1
85410,2022,2,5,5
85410,2022,4,1,1
85410,2022,5,2,2
85410,2022,6,2,2
85410,2022,7,2,2
85410,2022,8,1,1
85410,2022,10,1,1
85410,2022,12,1,1
85410,2023,1,1,1
85410,2023,2,1,1
85410,2023,3,2,2
85410,2023,4,1,1
85410,2023,5,1,1
85410,2023,7,2,2
85410,2023,8,4,4
85410,2023,9,1,1
85410,2023,10,3,3
85410,2023,11,3,3
85410,2023,12,1,1
85410,2024,2,1,1
85410,2024,4,2,2
85410,2024,5,1,1
85410,2024,7,3,3
85430,2021,2,2,2
85430,2021,3,3,3
85430,2021,4,1,1
85430,2021,5,1,1
85430,2021,10,1,1
85430,2021,11,1,1
85430,2021,12,1,1
85430,2022,4,1,1
85430,2022,5,1,1
85430,2022,7,1,1
85430,2022,10,1,1
85430,2022,11,1,1
85430,2023,4,1,1
85430,2023,5,2,2
85430,2023,6,1,1
85430,2023,7,3,3
85430,2023,8,1,1
85430,2023,10,1,1
85430,2023,11,1,1
85430,2024,2,1,1
85430,2024,6,1,1
85430,2024,8,1,1
85430,2024,10,1,1
85430,2024,11,1,1
85440,2021,1,1,1
85440,2021,2,3,3
85440,2021,3,1,1
85440,2021,4,1,1
85440,2021,5,4,4
85440,2021,6,2,2
85440,2021,7,2,2
85440,2021,9,2,2
85440,2021,10,2,2
85440,2022,1,2,2
85440,2022,4,2,2
85440,2022,5,2,2
85440,2022,6,2,2
85440,2022,7,3,3
85440,2022,8,4,4
85440,2022,9,4,4
85440,2022,11,1,1
85440,2022,12,2,2
85440,2023,1,1,1
85440,2023,4,3,3
85440,2023,5,1,1
85440,2023,6,1,1
85440,2023,7,4,4
85440,2023,8,1,1
85440,2023,9,1,1
85440,2023,10,3,3
85440,2023,11,3,3
85440,2023,12,1,1
85440,2024,1,4,4
85440,2024,4,1,1
85440,2024,5,4,4
85440,2024,6,2,2
85440,2024,7,1,1
85440,2024,8,3,3
85440,2024,9,5,5
85440,2024,10,2,2
85440,2024,11,5,5
85440,2024,12,4,4
86001,2021,1,6,6
86001,2021,2,1,1
86001,2021,3,7,7
86001,2021,4,3,3
86001,2021,5,4,4
86001,2021,6,9,9
86001,2021,7,2,2
86001,2021,8,6,6
86001,2021,9,4,4
86001,2021,10,3,3
86001,2021,11,7,7
86001,2021,12,7,7
86001,2022,1,6,6
86001,2022,2,6,6
86001,2022,3,4,4
86001,2022,4,12,12
86001,2022,5,11,11
86001,2022,6,4,4
86001,2022,7,1,1
86001,2022,8,9,9
86001,2022,9,3,3
86001,2022,10,13,13
86001,2022,11,6,6
86001,2022,12,5,5
86001,2023,1,9,9
86001,2023,2,10,10
86001,2023,3,7,7
86001,2023,4,3,3
86001,2023,5,5,5
86001,2023,6,4,4
86001,2023,7,8,8
86001,2023,8,7,7
86001,2023,9,4,4
86001,2023,10,5,5
86001,2023,11,9,9
86001,2023,12,3,3
86001,2024,1,2,2
86001,2024,2,6,6
86001,2024,3,6,6
86001,2024,4,1,1
86001,2024,5,1,1
86001,2024,6,3,3
86001,2024,7,2,2
86001,2024,8,3,3
86001,2024,9,5,5
86001,2024,10,2,2
86001,2024,11,4,4
86001,2024,12,5,5
86219,2021,1,1,1
86219,2021,7,1,1
86219,2021,10,2,2
86219,2022,4,2,2
86219,2022,5,2,2
86219,2022,7,2,2
86219,2022,9,1,1
86219,2022,10,1,1
86219,2022,12,1,1
86219,2023,3,2,2
86219,2023,4,1,1
86219,2023,11,1,1
86219,2024,2,1,1
86219,2024,10,1,1
86320,2021,1,4,4
86320,2021,2,4,4
86320,2021,4,4,4
86320,2021,5,4,4
86320,2021,6,7,7
86320,2021,7,2,2
86320,2021,9,4,4
86320,2021,10,3,3
86320,2021,11,4,4
86320,2021,12,3,3
86320,2022,2,6,6
86320,2022,3,4,4
86320,2022,4,4,4
86320,2022,5,3,3
86320,2022,6,1,1
86320,2022,8,1,1
86320,2022,9,1,1
86320,2022,10,5,5
86320,2022,11,3,3
86320,2022,12,1,1
86320,2023,1,2,2
86320,2023,2,1,1
86320,2023,3,5,5
86320,2023,4,2,2
86320,2023,5,5,5
86320,2023,6,5,5
86320,2023,7,4,4
86320,2023,8,5,5
86320,2023,9,1,1
86320,2023,12,6,6
86320,2024,1,3,3
86320,2024,2,3,3
86320,2024,4,3,3
86320,2024,5,1,1
86320,2024,6,4,4
86320,2024,7,3,3
86320,2024,8,4,4
86320,2024,9,3,3
86320,2024,10,2,2
86320,2024,11,2,2
86320,2024,12,4,4
86568,2021,1,3,3
86568,2021,2,4,4
86568,2021,3,7,7
86568,2021,4,10,10
86568,2021,5,2,2
86568,2021,6,4,4
86568,2021,7,4,4
86568,2021,8,4,4
86568,2021,9,7,7
86568,2021,10,5,5
86568,2021,11,3,3
86568,2021,12,9,9
86568,2022,1,5,5
86568,2022,2,3,3
86568,2022,3,5,5
86568,2022,4,12,12
86568,2022,5,8,8
86568,2022,6,8,8
86568,2022,7,7,7
86568,2022,8,8,8
86568,2022,9,7,7
86568,2022,10,12,12
86568,2022,11,12,12
86568,2022,12,3,3
86568,2023,1,7,7
86568,2023,2,4,4
86568,2023,3,10,10
86568,2023,4,4,4
86568,2023,5,9,9
86568,2023,6,12,12
86568,2023,7,8,8
86568,2023,8,4,4
86568,2023,9,4,4
86568,2023,10,6,6
86568,2023,11,16,16
86568,2023,12,4,4
86568,2024,1,4,4
86568,2024,2,1,1
86568,2024,3,14,14
86568,2024,4,5,5
86568,2024,5,8,8
86568,2024,6,5,5
86568,2024,7,6,6
86568,2024,8,4,4
86568,2024,9,6,6
86568,2024,10,5,5
86568,2024,11,8,8
86568,2024,12,5,5
86569,2021,1,1,1
86569,2021,2,1,1
86569,2021,3,3,3
86569,2021,4,2,2
86569,2021,9,3,3
86569,2021,10,1,1
86569,2021,11,1,1
86569,2021,12,1,1
86569,2022,3,2,2
86569,2022,4,1,1
86569,2022,5,3,3
86569,2022,6,1,1
86569,2022,8,3,3
86569,2022,9,1,1
86569,2022,10,2,2
86569,2023,1,1,1
86569,2023,2,2,2
86569,2023,3,1,1
86569,2023,4,1,1
86569,2023,5,4,4
86569,2023,6,1,1
86569,2023,7,5,5
86569,2023,11,2,2
86569,2024,1,3,3
86569,2024,9,2,2
86569,2024,10,1,1
86569,2024,12,1,1
86571,2021,1,1,1
86571,2021,3,2,2
86571,2021,4,1,1
86571,2021,8,1,1
86571,2021,10,3,3
86571,2021,11,1,1
86571,2022,2,1,1
86571,2022,3,1,1
86571,2022,4,1,1
86571,2022,7,1,1
86571,2022,11,2,2
86571,2023,1,1,1
86571,2023,2,1,1
86571,2023,7,1,1
86571,2024,4,1,1
86571,2024,6,2,2
86571,2024,7,2,2
86571,2024,11,1,1
86571,2024,12,1,1
86573,2021,1,1,1
86573,2021,2,1,1
86573,2021,3,2,2
86573,2021,4,1,1
86573,2021,6,1,1
86573,2021,7,3,3
86573,2021,12,1,1
86573,2022,1,1,1
86573,2022,2,1,1
86573,2022,3,1,1
86573,2022,4,3,3
86573,2022,6,1,1
86573,2022,7,1,1
86573,2022,8,2,2
86573,2022,9,2,2
86573,2022,10,4,4
86573,2022,11,2,2
86573,2022,12,1,1
86573,2023,1,1,1
86573,2023,2,4,4
86573,2023,3,3,3
86573,2023,6,1,1
86573,2023,7,3,3
86573,2023,8,2,2
86573,2023,9,1,1
86573,2023,10,5,5
86573,2023,11,3,3
86573,2023,12,5,5
86573,2024,4,1,1
86573,2024,8,1,1
86573,2024,9,1,1
86573,2024,10,1,1
86573,2024,11,1,1
86573,2024,12,1,1
86749,2021,3,1,1
86749,2021,5,1,1
86749,2021,6,2,2
86749,2021,8,2,2
86749,2021,9,3,3
86749,2021,10,1,1
86749,2021,11,2,2
86749,2022,1,2,2
86749,2022,2,1,1
86749,2022,3,1,1
86749,2022,4,1,1
86749,2022,5,1,1
86749,2022,6,3,3
86749,2022,7,1,1
86749,2022,8,2,2
86749,2022,10,1,1
86749,2022,11,4,4
86749,2022,12,1,1
86749,2023,1,2,2
86749,2023,2,2,2
86749,2023,3,1,1
86749,2023,4,1,1
86749,2023,5,1,1
86749,2023,6,2,2
86749,2023,7,2,2
86749,2023,8,1,1
86749,2023,9,1,1
86749,2023,10,1,1
86749,2023,11,1,1
86749,2023,12,1,1
86749,2024,1,1,1
86749,2024,2,2,2
86749,2024,3,1,1
86749,2024,4,1,1
86749,2024,6,2,2
86749,2024,7,3,3
86749,2024,8,2,2
86749,2024,10,1,1
86749,2024,12,1,1
86755,2021,2,1,1
86755,2021,3,1,1
86755,2021,4,1,1
86755,2021,5,1,1
86755,2021,6,1,1
86755,2021,8,1,1
86755,2021,9,2,2
86755,2021,10,2,2
86755,2022,9,1,1
86755,2022,12,2,2
86755,2023,2,1,1
86755,2023,4,2,2
86755,2023,12,1,1
86755,2024,7,1,1
86755,2024,9,1,1
86755,2024,10,2,2
86757,2021,1,4,4
86757,2021,3,3,3
86757,2021,5,2,2
86757,2021,7,2,2
86757,2021,8,1,1
86757,2022,1,1,1
86757,2022,4,1,1
86757,2022,6,2,2
86757,2022,7,2,2
86757,2022,10,1,1
86757,2023,1,3,3
86757,2023,2,1,1
86757,2023,3,2,2
86757,2023,4,4,4
86757,2023,9,1,1
86757,2023,10,1,1
86757,2024,1,2,2
86757,2024,2,1,1
86757,2024,3,2,2
86757,2024,5,2,2
86757,2024,6,1,1
86757,2024,7,3,3
86757,2024,10,1,1
86757,2024,12,3,3
86760,2021,3,1,1
86760,2021,6,1,1
86760,2021,9,2,2
86760,2021,10,1,1
86760,2021,12,1,1
86760,2022,1,1,1
86760,2022,3,2,2
86760,2022,5,2,2
86760,2022,6,1,1
86760,2022,7,2,2
86760,2022,9,1,1
86760,2022,10,2,2
86760,2022,11,1,1
86760,2023,2,3,3
86760,2023,3,4,4
86760,2023,4,1,1
86760,2023,5,2,2
86760,2023,8,1,1
86760,2023,11,1,1
86760,2023,12,2,2
86760,2024,1,1,1
86760,2024,2,2,2
86760,2024,5,2,2
86760,2024,11,1,1
86865,2021,1,5,5
86865,2021,2,2,2
86865,2021,4,2,2
86865,2021,5,6,6
86865,2021,6,4,4
86865,2021,7,3,3
86865,2021,8,7,7
86865,2021,9,2,2
86865,2021,10,1,1
86865,2021,11,1,1
86865,2021,12,7,7
86865,2022,1,1,1
86865,2022,2,1,1
86865,2022,3,7,7
86865,2022,4,4,4
86865,2022,5,5,5
86865,2022,6,4,4
86865,2022,7,4,4
86865,2022,8,3,3
86865,2022,9,3,3
86865,2022,10,5,5
86865,2022,11,3,3
86865,2023,1,2,2
86865,2023,2,4,4
86865,2023,3,3,3
86865,2023,4,2,2
86865,2023,5,2,2
86865,2023,6,3,3
86865,2023,7,5,5
86865,2023,8,2,2
86865,2023,9,3,3
86865,2023,10,3,3
86865,2023,11,2,2
86865,2024,1,5,5
86865,2024,2,1,1
86865,2024,3,2,2
86865,2024,4,3,3
86865,2024,5,4,4
86865,2024,7,3,3
86865,2024,8,6,6
86865,2024,9,2,2
86865,2024,10,3,3
86865,2024,11,5,5
86885,2021,1,2,2
86885,2021,2,2,2
86885,2021,3,1,1
86885,2021,4,1,1
86885,2021,5,4,4
86885,2021,6,7,7
86885,2021,7,3,3
86885,2021,8,3,3
86885,2021,9,3,3
86885,2021,10,3,3
86885,2021,11,1,1
86885,2021,12,1,1
86885,2022,1,3,3
86885,2022,2,2,2
86885,2022,3,4,4
86885,2022,4,3,3
86885,2022,5,3,3
86885,2022,6,2,2
86885,2022,8,3,3
86885,2022,9,3,3
86885,2022,10,1,1
86885,2022,11,7,7
86885,2022,12,3,3
86885,2023,1,1,1
86885,2023,2,3,3
86885,2023,3,1,1
86885,2023,4,2,2
86885,2023,6,3,3
86885,2023,7,3,3
86885,2023,9,1,1
86885,2023,10,4,4
86885,2023,11,5,5
86885,2023,12,2,2
86885,2024,1,3,3
86885,2024,3,3,3
86885,2024,4,3,3
86885,2024,5,2,2
86885,2024,6,3,3
86885,2024,7,4,4
86885,2024,8,3,3
86885,2024,9,7,7
86885,2024,10,2,2
86885,2024,11,2,2
86885,2024,12,3,3
88001,2021,3,1,1
88001,2021,8,2,2
88001,2021,9,2,2
88001,2021,11,2,2
88001,2022,1,1,1
88001,2022,2,4,4
88001,2022,3,3,3
88001,2022,4,2,2
88001,2022,6,2,2
88001,2022,7,3,3
88001,2022,8,5,5
88001,2022,9,2,2
88001,2022,10,1,1
88001,2022,11,1,1
88001,2023,1,4,4
88001,2023,2,4,4
88001,2023,3,3,3
88001,2023,5,5,5
88001,2023,6,3,3
88001,2023,7,2,2
88001,2023,8,3,3
88001,2023,10,1,1
88001,2023,11,5,5
88001,2023,12,3,3
88001,2024,1,3,3
88001,2024,2,2,2
88001,2024,3,2,2
88001,2024,4,2,2
88001,2024,5,1,1
88001,2024,6,3,3
88001,2024,7,4,4
88001,2024,8,5,5
88001,2024,9,3,3
88001,2024,10,1,1
88001,2024,11,3,3
88564,2021,10,1,1
88564,2022,1,1,1
88564,2022,5,1,1
88564,2023,5,2,2
88564,2023,12,1,1
88564,2024,5,1,1
88564,2024,6,1,1
88564,2024,8,1,1
88564,2024,10,1,1
88564,2024,11,2,2
91001,2021,3,2,2
91001,2021,4,6,6
91001,2021,5,1,1
91001,2021,6,8,8
91001,2021,7,6,6
91001,2021,8,8,8
91001,2021,9,2,2
91001,2021,10,2,2
91001,2021,11,4,4
91001,2021,12,3,3
91001,2022,1,3,3
91001,2022,2,6,6
91001,2022,3,5,5
91001,2022,4,2,2
91001,2022,5,5,5
91001,2022,6,9,9
91001,2022,7,5,5
91001,2022,8,5,5
91001,2022,9,5,5
91001,2022,10,9,9
91001,2022,11,4,4
91001,2022,12,1,1
91001,2023,1,5,5
91001,2023,3,5,5
91001,2023,4,4,4
91001,2023,5,3,3
91001,2023,6,2,2
91001,2023,7,7,7
91001,2023,8,11,11
91001,2023,9,14,14
91001,2023,10,3,3
91001,2023,11,7,7
91001,2023,12,2,2
91001,2024,1,8,8
91001,2024,2,5,5
91001,2024,3,2,2
91001,2024,4,9,9
91001,2024,5,6,6
91001,2024,6,3,3
91001,2024,7,2,2
91001,2024,8,4,4
91001,2024,9,6,6
91001,2024,10,6,6
91001,2024,11,6,6
91001,2024,12,4,4
91263,2022,9,1,1
91263,2022,12,1,1
91263,2024,5,1,1
91263,2024,7,1,1
91263,2024,9,2,2
91405,2022,7,1,1
91405,2023,6,1,1
91405,2023,7,2,2
91405,2023,12,1,1
91405,2024,3,2,2
91405,2024,4,1,1
91405,2024,6,1,1
91405,2024,12,1,1
91407,2021,11,1,1
91407,2021,12,1,1
91407,2022,5,1,1
91407,2022,11,1,1
91407,2022,12,2,2
91407,2023,1,1,1
91407,2023,5,1,1
91407,2023,7,1,1
91407,2024,4,1,1
91407,2024,6,1,1
91407,2024,7,1,1
91407,2024,10,1,1
91407,2024,11,2,2
91407,2024,12,1,1
91430,2024,11,1,1
91460,2021,12,1,1
91460,2022,8,1,1
91460,2022,10,1,1
91460,2023,6,1,1
91460,2024,8,1,1
91460,2024,9,1,1
91460,2024,11,2,2
91536,2021,11,1,1
91536,2021,12,2,2
91536,2023,2,1,1
91536,2023,9,2,2
91536,2023,10,1,1
91536,2023,11,1,1
91536,2024,11,1,1
91540,2021,4,1,1
91540,2021,6,1,1
91540,2021,8,2,2
91540,2021,9,2,2
91540,2021,11,2,2
91540,2021,12,1,1
91540,2022,3,1,1
91540,2022,6,1,1
91540,2022,7,1,1
91540,2022,8,1,1
91540,2022,9,1,1
91540,2022,11,1,1
91540,2023,4,1,1
91540,2023,5,1,1
91540,2023,6,2,2
91540,2024,1,2,2
91540,2024,4,4,4
91540,2024,5,1,1
91540,2024,6,1,1
91540,2024,11,1,1
91540,2024,12,1,1
91669,2022,3,1,1
91669,2023,6,1,1
91669,2023,10,1,1
91669,2023,11,2,2
91669,2024,4,1,1
91669,2024,5,1,1
91798,2021,1,1,1
91798,2021,3,1,1
91798,2021,7,2,2
91798,2021,12,2,2
91798,2022,3,1,1
91798,2022,4,1,1
91798,2023,2,1,1
91798,2023,9,1,1
91798,2023,12,1,1
91798,2024,4,1,1
91798,2024,7,3,3
91798,2024,9,1,1
91798,2024,12,1,1
94001,2021,1,1,1
94001,2021,2,2,2
94001,2021,3,2,2
94001,2021,5,2,2
94001,2021,6,2,2
94001,2021,7,2,2
94001,2021,8,3,3
94001,2021,10,5,5
94001,2021,11,1,1
94001,2021,12,4,4
94001,2022,1,3,3
94001,2022,2,5,5
94001,2022,4,1,1
94001,2022,5,4,4
94001,2022,6,1,1
94001,2022,7,8,8
94001,2022,8,1,1
94001,2022,9,4,4
94001,2022,10,4,4
94001,2022,11,2,2
94001,2022,12,1,1
94001,2023,1,1,1
94001,2023,2,3,3
94001,2023,3,3,3
94001,2023,4,3,3
94001,2023,5,2,2
94001,2023,7,3,3
94001,2023,8,8,8
94001,2023,9,2,2
94001,2023,11,1,1
94001,2023,12,1,1
94001,2024,2,1,1
94001,2024,3,4,4
94001,2024,4,1,1
94001,2024,5,2,2
94001,2024,6,2,2
94001,2024,7,3,3
94001,2024,8,3,3
94001,2024,9,3,3
94001,2024,10,4,4
94001,2024,11,2,2
94001,2024,12,3,3
94343,2022,11,1,1
94343,2022,12,1,1
94343,2023,5,2,2
94343,2024,4,1,1
94343,2024,10,1,1
94663,2022,3,1,1
94883,2023,3,1,1
94883,2023,12,1,1
95001,2021,1,2,2
95001,2021,2,1,1
95001,2021,3,3,3
95001,2021,4,7,7
95001,2021,5,5,5
95001,2021,6,3,3
95001,2021,7,6,6
95001,2021,8,4,4
95001,2021,9,4,4
95001,2021,10,6,6
95001,2021,11,3,3
95001,2021,12,1,1
95001,2022,1,1,1
95001,2022,2,1,1
95001,2022,3,3,3
95001,2022,4,3,3
95001,2022,5,2,2
95001,2022,6,1,1
95001,2022,7,1,1
95001,2022,8,3,3
95001,2022,9,1,1
95001,2022,10,8,8
95001,2022,11,2,2
95001,2022,12,2,2
95001,2023,1,4,4
95001,2023,2,6,6
95001,2023,3,7,7
95001,2023,4,8,8
95001,2023,5,4,4
95001,2023,6,5,5
95001,2023,7,3,3
95001,2023,8,8,8
95001,2023,9,7,7
95001,2023,10,15,15
95001,2023,11,7,7
95001,2023,12,4,4
95001,2024,1,4,4
95001,2024,2,4,4
95001,2024,3,3,3
95001,2024,4,3,3
95001,2024,5,3,3
95001,2024,6,3,3
95001,2024,7,7,7
95001,2024,8,2,2
95001,2024,9,5,5
95001,2024,10,3,3
95001,2024,11,4,4
95001,2024,12,4,4
95015,2021,2,1,1
95015,2021,5,2,2
95015,2021,6,1,1
95015,2021,7,1,1
95015,2022,1,1,1
95015,2022,6,1,1
95015,2022,7,1,1
95015,2022,9,1,1
95015,2022,11,1,1
95015,2023,2,1,1
95015,2023,3,2,2
95015,2023,4,2,2
95015,2023,7,1,1
95015,2023,9,1,1
95015,2023,10,1,1
95015,2023,11,1,1
95015,2024,2,2,2
95015,2024,4,1,1
95015,2024,7,1,1
95015,2024,9,1,1
95015,2024,10,1,1
95015,2024,12,2,2
95025,2021,2,1,1
95025,2021,7,1,1
95025,2021,12,2,2
95025,2022,2,2,2
95025,2023,2,1,1
95025,2023,8,1,1
95025,2023,9,1,1
95025,2023,10,1,1
95025,2023,11,1,1
95025,2024,1,3,3
95025,2024,3,2,2
95025,2024,7,1,1
95025,2024,8,2,2
95025,2024,10,1,1
95200,2021,12,1,1
95200,2022,1,1,1
95200,2022,6,1,1
95200,2022,8,1,1
95200,2022,10,1,1
95200,2023,2,1,1
95200,2023,4,1,1
95200,2023,7,1,1
95200,2023,10,1,1
95200,2024,4,1,1
95200,2024,5,1,1
95200,2024,7,1,1
95200,2024,8,1,1
95200,2024,9,1,1
95200,2024,10,2,2
95200,2024,11,1,1
97001,2021,1,1,1
97001,2021,3,1,1
97001,2021,4,1,1
97001,2021,5,3,3
97001,2021,6,7,7
97001,2021,7,4,4
97001,2021,8,3,3
97001,2021,9,3,3
97001,2021,10,4,4
97001,2021,11,5,5
97001,2021,12,3,3
97001,2022,1,3,3
97001,2022,2,3,3
97001,2022,3,3,3
97001,2022,4,2,2
97001,2022,6,4,4
97001,2022,8,4,4
97001,2022,10,1,1
97001,2022,11,2,2
97001,2022,12,6,6
97001,2023,1,1,1
97001,2023,2,4,4
97001,2023,3,9,9
97001,2023,4,6,6
97001,2023,5,11,11
97001,2023,6,6,6
97001,2023,7,13,13
97001,2023,8,8,8
97001,2023,9,11,11
97001,2023,10,4,4
97001,2023,11,6,6
97001,2023,12,8,8
97001,2024,1,3,3
97001,2024,2,7,7
97001,2024,3,4,4
97001,2024,4,1,1
97001,2024,5,4,4
97001,2024,6,10,10
97001,2024,7,5,5
97001,2024,8,7,7
97001,2024,9,8,8
97001,2024,10,10,10
97001,2024,11,8,8
97001,2024,12,10,10
97161,2021,1,1,1
97161,2021,11,2,2
97161,2022,3,1,1
97161,2022,9,1,1
97161,2022,12,1,1
97161,2023,1,2,2
97161,2023,3,1,1
97161,2023,4,1,1
97161,2023,6,1,1
97161,2023,7,3,3
97161,2023,11,1,1
97161,2024,1,1,1
97161,2024,3,3,3
97161,2024,12,3,3
97511,2021,6,1,1
97511,2022,3,1,1
97511,2022,10,1,1
97511,2023,3,1,1
97511,2023,5,1,1
97511,2023,10,1,1
97511,2023,12,1,1
97511,2024,2,1,1
97511,2024,3,1,1
97511,2024,4,1,1
97511,2024,5,4,4
97511,2024,6,2,2
97511,2024,10,1,1
97511,2024,12,1,1
97666,2021,3,1,1
97666,2021,7,2,2
97666,2021,9,1,1
97666,2021,11,1,1
97666,2022,7,1,1
97666,2022,9,3,3
97666,2022,10,1,1
97666,2022,11,4,4
97666,2022,12,1,1
97666,2023,1,1,1
97666,2023,4,1,1
97666,2023,5,1,1
97666,2023,6,1,1
97666,2023,8,1,1
97666,2023,9,1,1
97666,2023,10,2,2
97666,2023,12,2,2
97666,2024,1,1,1
97666,2024,5,1,1
97666,2024,6,1,1
97666,2024,8,2,2
97666,2024,12,1,1
97777,2024,5,1,1
97889,2022,1,1,1
97889,2022,10,3,3
97889,2023,9,1,1
97889,2024,5,1,1
97889,2024,6,2,2
99001,2021,5,1,1
99001,2021,8,1,1
99001,2021,9,1,1
99001,2021,10,2,2
99001,2021,11,1,1
99001,2022,4,3,3
99001,2022,5,3,3
99001,2022,6,1,1
99001,2022,8,3,3
99001,2022,9,2,2
99001,2022,10,5,5
99001,2022,11,1,1
99001,2023,1,1,1
99001,2023,2,1,1
99001,2023,4,1,1
99001,2023,5,1,1
99001,2023,7,3,3
99001,2023,8,1,1
99001,2023,9,3,3
99001,2023,10,1,1
99001,2023,11,2,2
99001,2024,1,2,2
99001,2024,2,1,1
99001,2024,4,2,2
99001,2024,5,1,1
99001,2024,7,1,1
99001,2024,10,3,3
99001,2024,11,1,1
99524,2021,8,1,1
99524,2021,9,1,1
99524,2021,11,1,1
99524,2021,12,2,2
99524,2022,3,1,1
99524,2022,7,1,1
99524,2022,12,1,1
99524,2023,4,2,2
99524,2023,5,2,2
99524,2023,6,1,1
99524,2023,8,1,1
99524,2023,9,1,1
99524,2023,12,1,1
99524,2024,1,1,1
99524,2024,3,1,1
99524,2024,4,3,3
99524,2024,9,1,1
99524,2024,10,4,4
99624,2022,2,2,2
99624,2022,3,1,1
99624,2022,8,1,1
99624,2023,3,1,1
99624,2023,4,1,1
99624,2023,9,2,2
99624,2023,10,1,1
99624,2023,11,1,1
99624,2024,10,1,1
99624,2024,11,1,1
99773,2021,1,1,1
99773,2021,10,1,1
99773,2022,1,1,1
99773,2022,5,1,1
99773,2022,6,3,3
99773,2022,7,1,1
99773,2022,8,1,1
99773,2023,1,2,2
99773,2023,9,1,1
99773,2023,11,1,1
99773,2024,1,1,1
99773,2024,3,1,1
99773,2024,4,1,1
99773,2024,5,2,2
99773,2024,7,1,1
99773,2024,8,1,1
99773,2024,12,1,1
