cod_dpto,departamento,cod_mpio,municipio,population_total,need_proxy_z,access_spatial_z,brecha_spatial_z,baseline_e2sfca_recomputed,baseline_access_z_recomputed,baseline_gap_recomputed,baseline_top_decile,regional_hub,distributed_outreach_e2sfca,distributed_outreach_access_z,distributed_outreach_gap_z,distributed_outreach_access_gain_z,distributed_outreach_gap_reduction_z,regional_hubs_e2sfca,regional_hubs_access_z,regional_hubs_gap_z,regional_hubs_access_gain_z,regional_hubs_gap_reduction_z,connectivity_relief_e2sfca,connectivity_relief_access_z,connectivity_relief_gap_z,connectivity_relief_access_gain_z,connectivity_relief_gap_reduction_z,combined_e2sfca,combined_access_z,combined_gap_z,combined_access_gain_z,combined_gap_reduction_z
05,Antioquia,05001,Medellín,2524747,0.4826169183533658,4.367970431344897,-3.8853535129915313,0.0033252561143804972,4.3679704313449,-3.885353512991534,False,False,0.0033261833001864763,4.369646795510662,-3.887029877157296,0.001676364165762223,0.001676364165762223,0.0033252561143804972,4.3679704313449,-3.885353512991534,0.0,0.0,0.003324536935238463,4.366670145970927,-3.884053227617561,-0.0013002853739729758,-0.0013002853739729758,0.003325464121044442,4.368346510136689,-3.8857295917833232,0.0003760787917892472,0.0003760787917892472
05,Antioquia,05002,Abejorral,21121,2.3228800251529105,0.6979571078168942,1.6249229173360162,0.001295396295835781,0.6979571078168946,1.6249229173360158,True,False,0.0012996107767720485,0.7055769449339943,1.6173030802189161,0.0076198371170996815,0.0076198371170996815,0.001295396295835781,0.6979571078168946,1.6249229173360158,0.0,0.0,0.001390572722527312,0.8700373425466654,1.452842682606245,0.17208023472977085,0.17208023472977074,0.0013947872034635795,0.8776571796637653,1.4452228454891451,0.17970007184687076,0.17970007184687065
05,Antioquia,05004,Abriaquí,2810,0.002051817258757,-0.5007413725506488,0.5027931898094058,0.0006324041850851723,-0.5007413725506491,0.5027931898094061,False,False,0.0006458573904172535,-0.4764177998773923,0.47846961713614933,0.0243235726732568,0.0243235726732568,0.0006324041850851723,-0.5007413725506491,0.5027931898094061,0.0,0.0,0.0006235653443721999,-0.5167221131342067,0.5187739303929637,-0.015980740583557584,-0.015980740583557584,0.0006368118285434459,-0.4927722950461628,0.49482411230491985,0.007969077504486277,0.007969077504486277
05,Antioquia,05021,Alejandría,5196,-0.3890101023015225,0.4447882359460878,-0.8337983382476103,0.0011553702863871741,0.4447882359460881,-0.8337983382476106,False,False,0.0011553702863871741,0.4447882359460881,-0.8337983382476106,0.0,0.0,0.0011553702863871741,0.4447882359460881,-0.8337983382476106,0.0,0.0,0.0011551701912480546,0.444426461295527,-0.8334365635970495,-0.0003617746505610864,-0.0003617746505610864,0.0011551701912480546,0.444426461295527,-0.8334365635970495,-0.0003617746505610864,-0.0003617746505610864
05,Antioquia,05030,Amagá,32595,-0.4824775258514398,2.766680990111605,-3.249158515963045,0.002439593636323126,2.766680990111607,-3.249158515963047,False,False,0.002447559045568897,2.781082555082872,-3.263560080934312,0.014401564971265213,0.014401564971265213,0.002439593636323126,2.766680990111607,-3.249158515963047,0.0,0.0,0.002436961509441207,2.761922069994264,-3.244399595845704,-0.004758920117343024,-0.004758920117343024,0.0024445058105482544,2.7755622658967676,-3.2580397917482076,0.008881275785160625,0.008881275785160625
05,Antioquia,05031,Amalfi,28716,-0.1412188632151213,-0.1808688904714887,0.0396500272563674,0.0008093235151235929,-0.18086889047148888,0.03965002725636757,False,False,0.0008093235151235929,-0.18086889047148888,0.03965002725636757,0.0,0.0,0.0008093235151235929,-0.18086889047148888,0.03965002725636757,0.0,0.0,0.00080877107769861,-0.18186770462189467,0.040648841406773356,-0.0009988141504057857,-0.0009988141504057857,0.00080877107769861,-0.18186770462189467,0.040648841406773356,-0.0009988141504057857,-0.0009988141504057857
05,Antioquia,05034,Andes,45212,-0.2938064814609328,-0.2072970639786068,-0.0865094174823259,0.0007947062691491131,-0.20729706397860695,-0.08650941748232585,False,False,0.0008197235209762692,-0.1620655427253102,-0.1317409387356226,0.04523152125329674,0.04523152125329674,0.0007947062691491131,-0.20729706397860695,-0.08650941748232585,0.0,0.0,0.0007833459421661491,-0.22783668499391607,-0.06596979646701673,-0.020539621015309123,-0.020539621015309123,0.0008073006381647314,-0.18452627869261345,-0.10928020276831935,0.022770785285993494,0.022770785285993494
05,Antioquia,05036,Angelópolis,6149,-0.0712129897205789,2.8207791637663617,-2.8919921534869406,0.0024695149742797093,2.8207791637663635,-2.8919921534869424,False,False,0.0024704421600856884,2.8224555279321257,-2.8936685176527046,0.001676364165762223,0.001676364165762223,0.0024695149742797093,2.8207791637663635,-2.8919921534869424,0.0,0.0,0.002467149710303637,2.816502735302417,-2.887715725022996,-0.004276428463946491,-0.004276428463946491,0.002468076896109616,2.818179099468179,-2.8893920891887577,-0.002600064298184712,-0.002600064298184712
05,Antioquia,05038,Angostura,12413,-0.1748166402935783,-0.2631069122223538,0.0882902719287754,0.0007638382154276738,-0.2631069122223539,0.08829027192877559,False,False,0.0007772914207597551,-0.2387833395490971,0.06396669925551882,0.02432357267325677,0.02432357267325677,0.0007638382154276738,-0.2631069122223539,0.08829027192877559,0.0,0.0,0.0007628358157817844,-0.26491926400266136,0.09010262370908306,-0.0018123517803074751,-0.0018123517803074751,0.0007760822999530304,-0.24096944591461747,0.06615280562103917,0.022137466307736414,0.022137466307736414
05,Antioquia,05040,Anorí,20688,-0.7338919916794339,-0.462002409459703,-0.2718895822197308,0.0006538304464249556,-0.4620024094597033,-0.2718895822197306,False,False,0.0006538304464249556,-0.4620024094597033,-0.2718895822197306,0.0,0.0,0.0006538304464249556,-0.4620024094597033,-0.2718895822197306,0.0,0.0,0.0006522921333519923,-0.4647836997842638,-0.26910829189517005,-0.002781290324560537,-0.002781290324560537,0.0006522921333519923,-0.4647836997842638,-0.26910829189517005,-0.002781290324560537,-0.002781290324560537
05,Antioquia,05042,Santafé de Antioquia,28130,-0.3816752784237587,0.3004547193033002,-0.682129997727059,0.0010755403838567906,0.3004547193033004,-0.6821299977270592,False,False,0.0010889935891888719,0.3247782919765572,-0.7064535704003159,0.0243235726732568,0.024323572673256688,0.0010755403838567906,0.3004547193033004,-0.6821299977270592,0.0,0.0,0.001072379581665517,0.2947399472540034,-0.676415225677762,-0.0057147720492970455,-0.0057147720492971565,0.001085626065836763,0.3186897653420473,-0.700365043765806,0.01823504603874687,0.018235046038746816
05,Antioquia,05044,Anzá,7628,0.091589925563595,0.2079519297233231,-0.1163620041597281,0.0010243777097411581,0.20795192972332327,-0.11636200415972826,False,False,0.0010243777097411581,0.20795192972332327,-0.11636200415972826,0.0,0.0,0.0010243777097411581,0.20795192972332327,-0.11636200415972826,0.0,0.0,0.0010239607478212847,0.2071980570729269,-0.1156081315093319,-0.0007538726503963644,-0.0007538726503963644,0.0010239607478212847,0.2071980570729269,-0.1156081315093319,-0.0007538726503963644,-0.0007538726503963644
05,Antioquia,05045,Apartadó,124423,-0.022540575116782,0.4639579482127426,-0.4864985233295246,0.001165972926005316,0.4639579482127429,-0.48649852332952487,False,False,0.0011791387347622098,0.48776190408761877,-0.5103024792044007,0.02380395587487588,0.02380395587487588,0.001165972926005316,0.4639579482127429,-0.48649852332952487,0.0,0.0,0.0011441341608811894,0.42447317283923724,-0.4470137479560192,-0.03948477537350564,-0.03948477537350564,0.0011572999696380832,0.44827712871411307,-0.47081770383089505,-0.015680819498629817,-0.015680819498629817
05,Antioquia,05051,Arboletes,31449,-0.6973793525775659,-0.6920437168796157,-0.0053356356979501,0.0005265961381613849,-0.6920437168796162,-0.005335635697949703,False,False,0.0005413491935059396,-0.6653699982402279,-0.03200935433733798,0.026673718639388277,0.026673718639388277,0.0005265961381613849,-0.6920437168796162,-0.005335635697949703,0.0,0.0,0.0005061412411640498,-0.7290264404281976,0.03164708785063175,-0.03698272354858145,-0.03698272354858145,0.0005208942965086044,-0.7023527217888094,0.004973369211243472,-0.010309004909193176,-0.010309004909193176
05,Antioquia,05055,Argelia,8170,-0.4102057746153671,-0.1916498390592205,-0.2185559355561465,0.0008033606445792985,-0.19164983905922064,-0.21855593555614647,False,False,0.0008042878303852774,-0.1899734748934587,-0.22023229972190841,0.0016763641657619455,0.0016763641657619455,0.0008033606445792985,-0.19164983905922064,-0.21855593555614647,0.0,0.0,0.0008021162315399084,-0.19389975424686542,-0.2163060203685017,-0.00224991518764478,-0.00224991518764478,0.0008030434173458873,-0.19222339008110345,-0.21798238453426366,-0.0005735510218828066,-0.0005735510218828066
05,Antioquia,05059,Armenia,5308,0.0521091737090459,2.72265724196028,-2.670548068251234,0.0024152443957192247,2.722657241960282,-2.670548068251236,False,False,0.0024232098049649957,2.737058806931547,-2.684949633222501,0.014401564971265213,0.014401564971265213,0.0024152443957192247,2.722657241960282,-2.670548068251236,0.0,0.0,0.0024130525875137032,2.71869442381718,-2.666585250108134,-0.003962818143101732,-0.003962818143101732,0.002420596888620751,2.7323346197196847,-2.6802254460106387,0.009677377759402805,0.009677377759402805
05,Antioquia,05079,Barbosa,62506,0.0501328936357619,0.5707953108896038,-0.5206624172538419,0.0012250639566091439,0.5707953108896041,-0.5206624172538422,False,False,0.001228431024493579,0.5768830140325528,-0.5267501203967909,0.006087703142948708,0.006087703142948708,0.0012250639566091439,0.5707953108896041,-0.5206624172538422,0.0,0.0,0.0012246420868478967,0.570032564797275,-0.5198996711615131,-0.0007627460923290696,-0.0007627460923290696,0.0012279682546079453,0.5760463199759057,-0.5259134263401438,0.005251009086301606,0.005251009086301606
05,Antioquia,05086,Belmira,6193,-0.8495650033762857,0.3290768558983167,-1.1786418592746024,0.0010913710961385846,0.329076855898317,-1.1786418592746026,False,False,0.0011118645343199392,0.36612926241592103,-1.2156942657922067,0.03705240651760405,0.03705240651760411,0.0010913710961385846,0.329076855898317,-1.1786418592746026,0.0,0.0,0.0010908098249291318,0.3280620701490818,-1.1776270735253676,-0.001014785749235192,-0.001014785749235081,0.001111011023507752,0.36458610361062593,-1.2141511069869115,0.035509247712308956,0.0355092477123089
05,Antioquia,05088,Bello,593344,0.3079480368458163,4.165857240362552,-3.857909203516736,0.0032134686604923107,4.165857240362555,-3.8579092035167384,False,False,0.003216835728376746,4.171944943505504,-3.8639969066596875,0.006087703142949152,0.006087703142949152,0.0032134686604923107,4.165857240362555,-3.8579092035167384,0.0,0.0,0.003212743977569468,4.164547004080291,-3.856598967234475,-0.001310236282263233,-0.001310236282263233,0.0032160701453295168,4.1705607592589224,-3.862612722413106,0.004703518896367775,0.004703518896367775
05,Antioquia,05091,Betania,10758,-0.4046787297223593,-0.3788815513317899,-0.0257971783905693,0.0006998040370152513,-0.37888155133179013,-0.025797178390569164,False,False,0.0007294644617346501,-0.32525511225101916,-0.07942361747134014,0.05362643908077097,0.05362643908077097,0.0006998040370152513,-0.37888155133179013,-0.025797178390569164,0.0,0.0,0.0006902266832079529,-0.39619753333005747,-0.008481196392301826,-0.017315981998267338,-0.017315981998267338,0.0007182786812374684,-0.34547915091795933,-0.059199578804399966,0.0334024004138308,0.0334024004138308
05,Antioquia,05093,Betulia,16861,-0.1399264095845562,0.1973905568515583,-0.3373169664361145,0.0010185362850565047,0.19739055685155846,-0.33731696643611464,False,False,0.001025574508496297,0.21011575765706214,-0.35004216724161835,0.012725200805503684,0.012725200805503711,0.0010185362850565047,0.19739055685155846,-0.33731696643611464,0.0,0.0,0.0010177002333950087,0.1958789644209798,-0.335805374005536,-0.001511592430578662,-0.0015115924305786343,0.001024317348696077,0.20784279615772147,-0.34776920574227765,0.010452239306163014,0.010452239306163014
05,Antioquia,05101,Ciudad Bolívar,27391,-0.412734791630736,-0.2706312756563533,-0.1421035159743827,0.0007596765403468541,-0.2706312756563535,-0.14210351597438253,False,False,0.000788409779260274,-0.2186812007413445,-0.1940535908893915,0.05195007491500897,0.05195007491500897,0.0007596765403468541,-0.2706312756563535,-0.14210351597438253,0.0,0.0,0.0007526140891070916,-0.2834002806437412,-0.12933451098699483,-0.0127690049873877,-0.0127690049873877,0.0007797389013306281,-0.2343582623974052,-0.1783765292333308,0.03627301325894827,0.03627301325894827
05,Antioquia,05107,Briceño,8023,-0.7004285665082519,-0.3366188157318578,-0.363809750776394,0.0007231792733573399,-0.3366188157318581,-0.3638097507763938,False,False,0.0007366324786894211,-0.31229524305860146,-0.38813332344965046,0.024323572673256633,0.024323572673256633,0.0007231792733573399,-0.3366188157318581,-0.3638097507763938,0.0,0.0,0.0007133972381944044,-0.35430486432063757,-0.34612370218761435,-0.01768604858877948,-0.01768604858877948,0.0007266437223656505,-0.33035504623259343,-0.3700735202756585,0.00626376949926466,0.00626376949926466
05,Antioquia,05113,Buriticá,10848,-0.8495650033762857,-0.5893641293519521,-0.2602008740243335,0.0005833875311437922,-0.5893641293519525,-0.26020087402433323,False,False,0.0006249701658065887,-0.5141821774527955,-0.3353828259234902,0.075181951899157,0.075181951899157,0.0005833875311437922,-0.5893641293519525,-0.26020087402433323,0.0,0.0,0.000572013479605132,-0.6099285645449721,-0.23963643883131358,-0.020564435193019648,-0.020564435193019648,0.0006129571579526198,-0.5359018540910182,-0.3136631492852675,0.05346227526093428,0.05346227526093428
05,Antioquia,05120,Cáceres,29159,-0.3981867680830799,-0.2810013231573878,-0.117185444925692,0.000753940936444873,-0.281001323157388,-0.11718544492569188,False,False,0.000760951572982628,-0.2683259998346083,-0.1298607682484716,0.012675323322779708,0.012675323322779708,0.000753940936444873,-0.281001323157388,-0.11718544492569188,0.0,0.0,0.0007491958599649692,-0.28958048401534886,-0.10860628406773104,-0.008579160857960844,-0.008579160857960844,0.0007562064965027242,-0.27690516069256915,-0.12128160739051075,0.004096162464818864,0.004096162464818864
05,Antioquia,05125,Caicedo,9036,-0.3198962858055751,0.7852168423835302,-1.1051131281891051,0.0013436590712971575,0.7852168423835306,-1.1051131281891058,False,False,0.0013470261391815928,0.7913045455264797,-1.1112008313320547,0.006087703142949041,0.00608770314294893,0.0013436590712971575,0.7852168423835306,-1.1051131281891058,0.0,0.0,0.0013406567015286103,0.7797885182440708,-1.0996848040496459,-0.005428324139459817,-0.005428324139459928,0.001343982869288659,0.7858022734227015,-1.1056985592282766,0.0005854310391708584,0.0005854310391708584
05,Antioquia,05129,Caldas,88316,-0.3076375460674243,3.186857677333342,-3.4944952234007665,0.0026719905512369766,3.1868576773333444,-3.4944952234007687,False,False,0.0026729177370429552,3.1885340414991057,-3.49617158756653,0.0016763641657613348,0.0016763641657613348,0.0026719905512369766,3.1868576773333444,-3.4944952234007687,0.0,0.0,0.002669658935037981,3.1826420844941294,-3.4902796305615538,-0.00421559283921491,-0.00421559283921491,0.00267058612084396,3.1843184486598908,-3.491955994727315,-0.002539228673453575,-0.002539228673453575
05,Antioquia,05134,Campamento,9940,-0.127318544829665,-0.2689672363050214,0.1416486914753564,0.000760596909380419,-0.2689672363050215,0.1416486914753565,False,False,0.0007639639772648542,-0.2628795331620727,0.13556098833240768,0.006087703142948819,0.006087703142948819,0.000760596909380419,-0.2689672363050215,0.1416486914753565,0.0,0.0,0.0007588394406225626,-0.2721447629982892,0.1448262181686242,-0.003177526693267707,-0.003177526693267707,0.0007621656083826112,-0.26613100781965854,0.13881246298999353,0.0028362284853629682,0.0028362284853629682
05,Antioquia,05138,Cañasgordas,15570,0.5336970000829456,-0.726856986058933,1.2605539861418786,0.0005073411518630394,-0.7268569860589335,1.260553986141879,False,False,0.0005418835536765624,-0.6644038680041239,1.1981008680870695,0.062453118054809575,0.062453118054809575,0.0005073411518630394,-0.7268569860589335,1.260553986141879,0.0,0.0,0.0004960920260446043,-0.7471955539021544,1.2808925539851002,-0.020338567843220967,-0.020338567843221078,0.0005300809899847177,-0.685743058821701,1.2194400589046466,0.041113927237232506,0.041113927237232506
05,Antioquia,05142,Caracolí,4538,-0.5858978299535808,-0.4424463189603245,-0.1434515109932562,0.0006646467892589245,-0.4424463189603248,-0.14345151099325593,False,False,0.0006646467892589245,-0.4424463189603248,-0.14345151099325593,0.0,0.0,0.0006646467892589245,-0.4424463189603248,-0.14345151099325593,0.0,0.0,0.0006646434880970294,-0.4424522875045697,-0.14344554244901103,-5.968544244894236e-06,-5.968544244894236e-06,0.0006646434880970294,-0.4424522875045697,-0.14344554244901103,-5.968544244894236e-06,-5.968544244894236e-06
05,Antioquia,05145,Caramanta,4556,0.2009368693122438,0.0273033238461673,0.1736335454660764,0.0009244621742864647,0.027303323846167387,0.17363354546607643,False,False,0.0009253893600924436,0.02897968801192935,0.17195718130031445,0.0016763641657619628,0.0016763641657619732,0.0009244621742864647,0.027303323846167387,0.17363354546607643,0.0,0.0,0.0009191311423286353,0.017664747756014322,0.1832721215562295,-0.009638576090153065,-0.009638576090153061,0.0009200583281346142,0.01934111192177628,0.18159575739046752,-0.007962211924391106,-0.007962211924391088
05,Antioquia,05147,Carepa,50543,-0.4471182202239601,0.4764103162737798,-0.92352853649774,0.0011728602474792692,0.4764103162737801,-0.9235285364977401,False,False,0.0012056905091621442,0.535767862391149,-0.9828860826151091,0.05935754611736893,0.05935754611736899,0.0011728602474792692,0.4764103162737801,-0.9235285364977401,0.0,0.0,0.0011493263990082366,0.43386080785279935,-0.8809790280767594,-0.042549508420980764,-0.04254950842098071,0.0011821566606911116,0.4932183539701683,-0.9403365741941283,0.016808037696388167,0.016808037696388167
05,Antioquia,05148,El Carmen de Viboral,68325,0.2186797037225264,0.8593788604797109,-0.6406991567571845,0.001384677587396415,0.8593788604797113,-0.6406991567571849,False,False,0.001387543434433077,0.8645603497193391,-0.6458806459968127,0.005181489239627801,0.005181489239627801,0.001384677587396415,0.8593788604797113,-0.6406991567571849,0.0,0.0,0.0013840975422382009,0.858330131183508,-0.6396504274609816,-0.0010487292962033656,-0.0010487292962033656,0.0013869633892748627,0.8635116204231357,-0.6448319167006092,0.0041327599434243245,0.0041327599434243245
05,Antioquia,05150,Carolina,3947,0.9693176411520676,-0.0927578656985948,1.0620755068506624,0.0008580571335033112,-0.0927578656985949,1.0620755068506624,False,False,0.0008614242013877464,-0.08667016255564602,1.0559878037077137,0.006087703142948875,0.006087703142948708,0.0008580571335033112,-0.0927578656985949,1.0620755068506624,0.0,0.0,0.0008573461832515049,-0.09404327313050578,1.0633609142825735,-0.0012854074319108844,-0.0012854074319110786,0.0008606723510115535,-0.08802951795187511,1.0573471591039427,0.004728347746719791,0.004728347746719708
05,Antioquia,05154,Caucasia,93572,-0.0951216191743676,0.0615087169098757,-0.1566303360842433,0.0009433809483716782,0.061508716909875825,-0.15663033608424343,False,False,0.0009520351819991663,0.07715568544811519,-0.17227730462248278,0.01564696853823936,0.015646968538239353,0.0009433809483716782,0.061508716909875825,-0.15663033608424343,0.0,0.0,0.0009394921391057394,0.054477698467978286,-0.14959931764234588,-0.007031018441897539,-0.007031018441897546,0.0009481463727332275,0.07012466700621764,-0.16524628618058523,0.008615950096341814,0.008615950096341807
05,Antioquia,05172,Chigorodó,56758,0.3520582582001864,-0.110077232178604,0.4621354903787905,0.0008484779077618021,-0.11007723217860416,0.46213549037879054,False,False,0.0008769928594692684,-0.058521823410925454,0.4105800816111118,0.0515554087676787,0.05155540876767872,0.0008484779077618021,-0.11007723217860416,0.46213549037879054,0.0,0.0,0.0008371060666863792,-0.13063767082493705,0.4826959290251234,-0.02056043864633289,-0.02056043864633289,0.0008656210183938454,-0.07908226205725853,0.4311405202574449,0.030994970121345625,0.03099497012134561
05,Antioquia,05190,Cisneros,10040,-0.1345122346558265,-0.5409133126868467,0.4064010780310202,0.0006101853537276164,-0.5409133126868471,0.40640107803102055,False,False,0.0006101853537276164,-0.5409133126868471,0.40640107803102055,0.0,0.0,0.0006101853537276164,-0.5409133126868471,0.40640107803102055,0.0,0.0,0.0006100134824830075,-0.541224058163891,0.40671182350806445,-0.00031074547704390554,-0.00031074547704390554,0.0006100134824830075,-0.541224058163891,0.40671182350806445,-0.00031074547704390554,-0.00031074547704390554
05,Antioquia,05197,Cocorná,16062,-0.3281074370118451,0.8931010050339722,-1.2212084420458171,0.0014033290799637633,0.8931010050339726,-1.2212084420458176,False,False,0.0014042562657697421,0.8947773691997346,-1.2228848062115798,0.001676364165762001,0.001676364165762223,0.0014033290799637633,0.8931010050339726,-1.2212084420458176,0.0,0.0,0.0014031091248932802,0.8927033233655759,-1.220810760377421,-0.00039768166839670993,-0.0003976816683965989,0.001404036310699259,0.8943796875313378,-1.222487124543183,0.00127868249736518,0.001278682497365402
05,Antioquia,05206,Concepción,5108,-0.6153203610520424,0.4526087300489976,-1.06792909110104,0.0011596957493599904,0.45260873004899793,-1.0679290911010404,False,False,0.0011596957493599904,0.45260873004899793,-1.0679290911010404,0.0,0.0,0.0011596957493599904,0.45260873004899793,-1.0679290911010404,0.0,0.0,0.0011594660456640238,0.4521934227371535,-1.067513783789196,-0.00041530731184441505,-0.00041530731184447056,0.0011594660456640238,0.4521934227371535,-1.067513783789196,-0.00041530731184441505,-0.00041530731184447056
05,Antioquia,05209,Concordia,22182,-0.4719772551594592,0.5782884224012156,-1.050265677560675,0.0012292083464607519,0.5782884224012159,-1.0502656775606751,False,False,0.001237173755706523,0.5926899873724816,-1.0646672425319408,0.014401564971265657,0.014401564971265657,0.0012292083464607519,0.5782884224012159,-1.0502656775606751,0.0,0.0,0.0012263207967251665,0.5730676943956998,-1.045044949555159,-0.005220728005516095,-0.005220728005516095,0.0012338650978322137,0.5867078902982035,-1.0586851454576627,0.008419467896987554,0.008419467896987554
05,Antioquia,05212,Copacabana,89546,0.2461263050614252,2.98968996398895,-2.743563658927524,0.002562938407947374,2.989689963988951,-2.743563658927526,False,False,0.002567232661637788,2.9974540312976616,-2.7513277262362363,0.007764067308710487,0.007764067308710487,0.002562938407947374,2.989689963988951,-2.743563658927526,0.0,0.0,0.0025623568264835713,2.9886384570319815,-2.742512151970556,-0.00105150695696965,-0.00105150695696965,0.0025666101800495985,2.9963285763763734,-2.750202271314948,0.006638612387422249,0.006638612387422249
05,Antioquia,05234,Dabeiba,24651,-0.8495650033762857,-0.9161671782324996,0.0666021748562138,0.00040263495096982374,-0.9161671782325002,0.06660217485621445,False,False,0.0004127210884174698,-0.8979313087021922,0.04836630532590647,0.01823586953030798,0.01823586953030798,0.00040263495096982374,-0.9161671782325002,0.06660217485621445,0.0,0.0,0.00038884814129447136,-0.9410939119582623,0.0915289085819766,-0.02492673372576215,-0.02492673372576215,0.00039876845770566886,-0.9231578490488489,0.07359284567256319,-0.006990670816348743,-0.006990670816348743
05,Antioquia,05237,Donmatías,19689,0.5481696483999042,0.7231653356557938,-0.1749956872558895,0.0013093387980220438,0.7231653356557941,-0.17499568725588988,False,False,0.0013127058659064788,0.7292530387987428,-0.18108339039883858,0.006087703142948708,0.006087703142948708,0.0013093387980220438,0.7231653356557941,-0.17499568725588988,0.0,0.0,0.0013088598860353316,0.7222994564675007,-0.17412980806759648,-0.0008658791882933947,-0.0008658791882933947,0.0013121860537953802,0.7283132116461314,-0.18014356324622716,0.005147875990337281,0.005147875990337281
05,Antioquia,05240,Ebéjico,12627,-0.7548060239676981,2.522950819854042,-3.2777568438217397,0.002304788109596238,2.5229508198540436,-3.2777568438217415,False,False,0.002308155177480673,2.5290385229969923,-3.2838445469646906,0.006087703142948708,0.006087703142949152,0.002304788109596238,2.5229508198540436,-3.2777568438217415,0.0,0.0,0.002304032342454934,2.5215843828948357,-3.276390406862534,-0.0013664369592079062,-0.0013664369592074621,0.0023073585102149825,2.5275981380734667,-3.282404162041165,0.004647318219423102,0.004647318219423546
05,Antioquia,05250,El Bagre,55742,-0.377327266556129,-0.3017169909028847,-0.0756102756532443,0.0007424832391931136,-0.30171699090288495,-0.07561027565324407,False,False,0.0007424832391931136,-0.30171699090288495,-0.07561027565324407,0.0,0.0,0.0007424832391931136,-0.30171699090288495,-0.07561027565324407,0.0,0.0,0.0007412945611941382,-0.30386613640237653,-0.0734611301537525,-0.002149145499491578,-0.002149145499491578,0.0007412945611941382,-0.30386613640237653,-0.0734611301537525,-0.002149145499491578,-0.002149145499491578
05,Antioquia,05264,Entrerríos,12568,0.2928808588059883,0.56717113648522,-0.2742902776792317,0.0012230594499901366,0.5671711364852203,-0.27429027767923203,False,False,0.0012435528881714914,0.6042235430028249,-0.3113426841968366,0.03705240651760455,0.03705240651760455,0.0012230594499901366,0.5671711364852203,-0.27429027767923203,0.0,0.0,0.0012224054308255467,0.5659886612098545,-0.2731078024038662,-0.0011824752753658574,-0.0011824752753658574,0.001242606629404167,0.602512694671399,-0.3096318358654107,0.03534155818617868,0.03534155818617868
05,Antioquia,05266,Envigado,260430,0.1152606423955891,4.703693732089569,-4.58843308969398,0.003510942426188137,4.7036937320895715,-4.588433089693982,False,False,0.003511869611994116,4.705370096255334,-4.5901094538597444,0.001676364165762223,0.001676364165762223,0.003510942426188137,4.7036937320895715,-4.588433089693982,0.0,0.0,0.0035098931664779135,4.701796656694916,-4.586536014299327,-0.0018970753946554453,-0.0018970753946554453,0.003510820352283892,4.703473020860678,-4.588212378465089,-0.00022071122889322226,-0.00022071122889322226
05,Antioquia,05282,Fredonia,26245,0.0166537440747512,0.6700903634265101,-0.6534366193517589,0.0012799833859291434,0.6700903634265105,-0.6534366193517593,False,False,0.0012898874564055978,0.6879970534716424,-0.6713433093968912,0.0179066900451319,0.0179066900451319,0.0012799833859291434,0.6700903634265105,-0.6534366193517593,0.0,0.0,0.0012767554900917747,0.6642542851801828,-0.6476005411054316,-0.005836078246327703,-0.005836078246327703,0.0012862384524295052,0.6813996061565526,-0.6647458620818014,0.01130924273004208,0.01130924273004208
05,Antioquia,05284,Frontino,21716,-0.7944663833269103,-0.4203989527992381,-0.3740674305276722,0.0006768410399958974,-0.42039895279923833,-0.374067430527672,False,False,0.0006768410399958974,-0.42039895279923833,-0.374067430527672,0.0,0.0,0.0006768410399958974,-0.42039895279923833,-0.374067430527672,0.0,0.0,0.0006640771578991955,-0.44347621997152054,-0.3509901633553898,-0.0230772671722822,-0.0230772671722822,0.0006640771578991955,-0.44347621997152054,-0.3509901633553898,-0.0230772671722822,-0.0230772671722822
05,Antioquia,05306,Giraldo,6331,-0.8495650033762857,0.1861767519401989,-1.0357417553164847,0.0010123340045752212,0.186176751940199,-1.0357417553164847,False,False,0.0010257872099073025,0.2105003246134558,-1.0600653279897414,0.0243235726732568,0.024323572673256688,0.0010123340045752212,0.186176751940199,-1.0357417553164847,0.0,0.0,0.0010091936176064987,0.18049889088252846,-1.0300638942588143,-0.005677861057670541,-0.00567786105767043,0.0010224401017777448,0.20444870897057235,-1.054013712346858,0.018271957030373348,0.01827195703037332
05,Antioquia,05308,Girardota,60604,-0.0006040400955434,2.899908733894554,-2.9005127739900973,0.0025132810101772375,2.8999087338945557,-2.900512773990099,False,False,0.0025166480780616724,2.905996437037504,-2.9066004771330474,0.006087703142948264,0.006087703142948264,0.0025132810101772375,2.8999087338945557,-2.900512773990099,0.0,0.0,0.0025127380234740804,2.8989270067738553,-2.8995310468693987,-0.0009817271207004374,-0.0009817271207004374,0.002516064191234129,2.904940761952486,-2.9055448020480292,0.005032028057930127,0.005032028057930127
05,Antioquia,05310,Gómez Plata,10301,0.1958378407097365,-0.5676206791837991,0.7634585198935356,0.0005954136879781318,-0.5676206791837994,0.763458519893536,False,False,0.0005987807558625668,-0.5615329760408507,0.7573708167505873,0.006087703142948708,0.006087703142948708,0.0005954136879781318,-0.5676206791837994,0.763458519893536,0.0,0.0,0.0005951381799376227,-0.5681188013546852,0.7639566420644217,-0.0004981221708857397,-0.0004981221708857397,0.0005984643476976713,-0.5621050461760545,0.757942886885791,0.005515633007744936,0.005515633007744936
05,Antioquia,05313,Granada,10463,-0.2777779284492881,0.6088008678513482,-0.8865787963006364,0.001246084575925015,0.6088008678513486,-0.8865787963006366,False,False,0.001247011761730994,0.6104772320171106,-0.8882551604663986,0.001676364165762001,0.001676364165762001,0.001246084575925015,0.6088008678513486,-0.8865787963006366,0.0,0.0,0.0012458565025442038,0.6083885081708068,-0.886166436620095,-0.00041235968054176286,-0.00041235968054165184,0.0012467836883501826,0.6100648723365688,-0.887842800785857,0.0012640044852202381,0.0012640044852203491
05,Antioquia,05315,Guadalupe,6975,-0.8495650033762857,-0.1434176586552281,-0.7061473447210576,0.0008300375409096769,-0.1434176586552282,-0.7061473447210576,False,False,0.0008334046087941121,-0.13732995551227933,-0.7122350478640064,0.006087703142948875,0.006087703142948819,0.0008300375409096769,-0.1434176586552282,-0.7061473447210576,0.0,0.0,0.0008292882053510847,-0.14477246722806758,-0.7047925361482181,-0.0013548085728393722,-0.0013548085728394277,0.0008326143731111333,-0.1387587120494369,-0.7108062913268488,0.004658946605791303,0.004658946605791248
05,Antioquia,05318,Guarne,64068,0.2523076373576511,3.2794903364134114,-3.02718269905576,0.002723225055304343,3.2794903364134136,-3.0271826990557624,False,False,0.002724152241110322,3.281166700579176,-3.0288590632215247,0.001676364165762223,0.001676364165762223,0.002723225055304343,3.2794903364134136,-3.0271826990557624,0.0,0.0,0.002722706022539214,3.2785519183285943,-3.026244280970943,-0.0009384180848193147,-0.0009384180848193147,0.0027236332083451927,3.2802282824943556,-3.0279206451367044,0.0007379460809420202,0.0007379460809420202
05,Antioquia,05321,Guatapé,9518,1.2875297393078913,0.7858798543875511,0.5016498849203401,0.0013440257788013366,0.7858798543875516,0.5016498849203397,False,False,0.0013449529646073154,0.7875562185533135,0.4999735207545778,0.00167636416576189,0.00167636416576189,0.0013440257788013366,0.7858798543875516,0.5016498849203397,0.0,0.0,0.001343821533528672,0.7855105762408054,0.5020191630670858,-0.0003692781467461437,-0.0003692781467461437,0.0013447487193346509,0.7871869404065674,0.5003427989013238,0.0013070860190158573,0.0013070860190158573
05,Antioquia,05347,Heliconia,5126,-0.1492987335798158,2.858220616282703,-3.007519349862519,0.002490223591200427,2.8582206162827046,-3.0075193498625206,False,False,0.002491150777006406,2.859896980448467,-3.009195714028283,0.001676364165762223,0.001676364165762223,0.002490223591200427,2.8582206162827046,-3.0075193498625206,0.0,0.0,0.0024892243814572117,2.8564140318885034,-3.0057127654683193,-0.0018065843942012272,-0.0018065843942012272,0.0024901515672631908,2.858090396054266,-3.007389129634082,-0.00013022022843856007,-0.00013022022843856007
05,Antioquia,05353,Hispania,5862,-0.0331053425149856,0.6071870088242652,-0.6402923513392509,0.001245191961293109,0.6071870088242657,-0.6402923513392513,False,False,0.0012601361006383967,0.6342062098571654,-0.667311552372151,0.027019201032899676,0.027019201032899676,0.001245191961293109,0.6071870088242657,-0.6402923513392513,0.0,0.0,0.0012372697572498646,0.592863559428997,-0.6259689019439827,-0.01432344939526864,-0.01432344939526864,0.0012514859687407821,0.6185666573006345,-0.6516719998156202,0.011379648476368853,0.011379648476368853
05,Antioquia,05360,Itagüí,302075,-0.1563885214640416,4.4463132265772405,-4.602701748041282,0.003368586990346293,4.446313226577243,-4.602701748041285,False,False,0.003369514176152272,4.447989590743005,-4.604378112207047,0.001676364165762223,0.001676364165762223,0.003368586990346293,4.446313226577243,-4.602701748041285,0.0,0.0,0.003367538621919297,4.4444177626344175,-4.600806284098459,-0.0018954639428256925,-0.0018954639428256925,0.003368465807725276,4.446094126800181,-4.602482648264222,-0.00021909977706258132,-0.00021909977706258132
05,Antioquia,05361,Ituango,29342,-0.5233373071068467,-0.8641643140912129,0.3408270069843662,0.0004313973872511623,-0.8641643140912134,0.34082700698436674,False,False,0.0004729504256024404,-0.7890358727136241,0.2656985656067774,0.07512844137758934,0.07512844137758934,0.0004313973872511623,-0.8641643140912134,0.34082700698436674,0.0,0.0,0.0003940070781072612,-0.9317664861600847,0.40842917905323806,-0.06760217206887131,-0.06760217206887131,0.00043500667858512975,-0.8576386677568516,0.33430136065000493,0.006525646334361812,0.006525646334361812
05,Antioquia,05364,Jardín,15350,-0.0700720828601716,-0.2165189975874523,0.1464469147272807,0.0007896056793605486,-0.2165189975874525,0.14644691472728089,False,False,0.0008045498187058363,-0.1894997965545528,0.1194277136943812,0.027019201032899703,0.02701920103289969,0.0007896056793605486,-0.2165189975874525,0.14644691472728089,0.0,0.0,0.0007799620710267588,-0.23395476864344003,0.16388268578326842,-0.017435771055987537,-0.017435771055987537,0.0007941782825176763,-0.20825167077180257,0.13817958791163099,0.008267326815649928,0.0082673268156499
05,Antioquia,05368,Jericó,14317,-0.682418026636433,0.7352489903780237,-1.4176670170144567,0.0013160221866148252,0.7352489903780242,-1.4176670170144572,False,False,0.001330966325960113,0.7622681914109238,-1.444686218047357,0.027019201032899676,0.027019201032899787,0.0013160221866148252,0.7352489903780242,-1.4176670170144572,0.0,0.0,0.0013086706087978531,0.7219572407257828,-1.4043752673622159,-0.013291749652241336,-0.013291749652241336,0.0013228868202887706,0.7476603385974203,-1.4300783652338533,0.012411348219396157,0.012411348219396157
05,Antioquia,05376,La Ceja,72033,0.6786233302386635,1.2886555420098251,-0.6100322117711616,0.0016221076482874589,1.288655542009826,-0.6100322117711625,False,False,0.001624973495324121,1.293837031249454,-0.6152137010107905,0.005181489239628023,0.005181489239628023,0.0016221076482874589,1.288655542009826,-0.6100322117711625,0.0,0.0,0.0016215362250210808,1.2876224012077755,-0.608999070969112,-0.001033140802050525,-0.001033140802050525,0.0016244020720577429,1.2928038904474035,-0.61418056020874,0.004148348437577498,0.004148348437577498
05,Antioquia,05380,La Estrella,81925,0.2312113266990929,4.446977050584404,-4.215765723885311,0.0033689541469639783,4.446977050584406,-4.215765723885314,False,False,0.0033698813327699573,4.448653414750169,-4.217442088051076,0.001676364165762223,0.001676364165762223,0.0033689541469639783,4.446977050584406,-4.215765723885314,0.0,0.0,0.003367827508593601,4.444940073551654,-4.213728746852562,-0.002036977032751963,-0.002036977032751963,0.00336875469439958,4.446616437717416,-4.215405111018323,-0.00036061286699062833,-0.00036061286699062833
05,Antioquia,05390,La Pintada,8554,0.5492211001919104,0.7087278356628739,-0.1595067354709635,0.0013013535133561845,0.7087278356628743,-0.15950673547096395,False,False,0.0013042193603928463,0.7139093249025021,-0.16468822471059175,0.005181489239627801,0.005181489239627801,0.0013013535133561845,0.7087278356628743,-0.15950673547096395,0.0,0.0,0.0012966860418345762,0.7002889855930351,-0.1510678854011247,-0.008438850069839243,-0.008438850069839243,0.001299551888871238,0.7054704748326629,-0.1562493746407525,-0.003257360830211442,-0.003257360830211442
05,Antioquia,05400,La Unión,23718,0.8656612181321042,0.910608131501396,-0.0449469133692919,0.0014130121544982837,0.9106081315013966,-0.04494691336929246,False,False,0.0014158780015349455,0.9157896207410243,-0.05012840260892015,0.00518148923962769,0.00518148923962769,0.0014130121544982837,0.9106081315013966,-0.04494691336929246,0.0,0.0,0.0014124795188906723,0.9096451192979624,-0.043983901165858263,-0.0009630122034341992,-0.0009630122034341992,0.0014153453659273344,0.9148266085375906,-0.0491653904054864,0.004218477036193935,0.004218477036193935
05,Antioquia,05411,Liborina,10817,-0.6283351553607112,0.1630500412785587,-0.79138519663927,0.0009995427756153096,0.16305004127855888,-0.79138519663927,False,False,0.0010200362137966642,0.20010244779616296,-0.8284376031568741,0.03705240651760408,0.03705240651760411,0.0009995427756153096,0.16305004127855888,-0.79138519663927,0.0,0.0,0.0009963411049085128,0.15726137841418558,-0.7855965337748967,-0.005788662864373295,-0.005788662864373295,0.001016542303487133,0.19378541187572973,-0.8221205672364409,0.030735370597170852,0.030735370597170908
05,Antioquia,05425,Maceo,8808,-0.1703406431400032,-0.4976997260692401,0.3273590829292369,0.0006340864994068255,-0.4976997260692404,0.3273590829292372,False,False,0.0006340864994068255,-0.4976997260692404,0.3273590829292372,0.0,0.0,0.0006340864994068255,-0.4976997260692404,0.3273590829292372,0.0,0.0,0.0006340831982449306,-0.49770569461348513,0.32736505147348194,-5.968544244727703e-06,-5.968544244727703e-06,0.0006340831982449306,-0.49770569461348513,0.32736505147348194,-5.968544244727703e-06,-5.968544244727703e-06
05,Antioquia,05440,Marinilla,73095,0.4927261780364412,1.294445118269288,-0.8017189402328468,0.0016253098241869695,1.2944451182692889,-0.8017189402328477,False,False,0.0016262370099929483,1.2961214824350509,-0.8033953043986097,0.001676364165762001,0.001676364165762001,0.0016253098241869695,1.2944451182692889,-0.8017189402328477,0.0,0.0,0.0016250793311078815,1.2940283837423499,-0.8013022057059087,-0.00041673452693902213,-0.00041673452693902213,0.0016260065169138604,1.2957047479081119,-0.8029785698716707,0.0012596296388229788,0.0012596296388229788
05,Antioquia,05467,Montebello,6595,-0.6681364009513827,1.3424557918609763,-2.0105921928123593,0.0016518642065812411,1.3424557918609774,-2.0105921928123602,False,False,0.0016560786875175085,1.3500756289780769,-2.0182120299294595,0.0076198371170994594,0.007619837117099237,0.0016518642065812411,1.3424557918609774,-2.0105921928123602,0.0,0.0,0.001649227007607922,1.3376877013354875,-2.00582410228687,-0.0047680905254898764,-0.0047680905254900985,0.0016534414885441895,1.3453075384525874,-2.0134439394039703,0.002851746591610027,0.002851746591610027
05,Antioquia,05475,Murindó,5769,-0.0199434863076532,-1.160518029196103,1.1405745428884495,0.0002674861298964927,-1.1605180291961037,1.1405745428884504,False,False,0.0003558848646792146,-1.0006919508276968,0.9807484645200436,0.1598260783684069,0.1598260783684068,0.000612900234305756,-0.5360047727953076,0.5160612864876544,0.6245132564007961,0.624513256400796,0.000250954075805932,-1.1904082010312909,1.1704647147236376,-0.029890171835187163,-0.029890171835187163,0.0006033082623265202,-0.5533471846412353,0.5334036983335821,0.6071708445548684,0.6071708445548682
05,Antioquia,05480,Mutatá,13872,-0.4182927884857741,-1.3229082581554628,0.9046154696696886,0.00017766918057490102,-1.3229082581554636,0.9046154696696895,False,False,0.0001850100750295226,-1.3096358241632535,0.8913430356774794,0.01327243399221012,0.01327243399221012,0.00017766918057490102,-1.3229082581554636,0.9046154696696895,0.0,0.0,0.0001647434014624804,-1.3462782372674071,0.927985448781633,-0.023369979111943495,-0.023369979111943495,0.00017208429591710202,-1.3330058032751972,0.9147130147894231,-0.010097545119733597,-0.010097545119733597
05,Antioquia,05483,Nariño,10906,0.1378451100411099,-0.3781662256502716,0.5160113356913815,0.0007001996788644998,-0.3781662256502718,0.5160113356913817,False,False,0.0007011268646704786,-0.3764898614845098,0.5143349715256197,0.001676364165762001,0.001676364165762001,0.0007001996788644998,-0.3781662256502718,0.5160113356913817,0.0,0.0,0.0006984369546250373,-0.38135325432359707,0.5191983643647069,-0.003187028673325265,-0.0031870286733252096,0.0006993641404310162,-0.3796768901578351,0.517522000198945,-0.0015106645075633196,-0.0015106645075633196
05,Antioquia,05490,Necoclí,42718,-0.0652912610713421,-0.6003054224335868,0.5350141613622447,0.000577335975132551,-0.6003054224335871,0.535014161362245,False,False,0.0005809332882405255,-0.5938014328898001,0.528510171818458,0.006503989543786948,0.006503989543786948,0.000577335975132551,-0.6003054224335871,0.535014161362245,0.0,0.0,0.0005454515404615049,-0.6579529008391604,0.5926616397678183,-0.05764747840557327,-0.05764747840557327,0.0005490488535694795,-0.6514489112953731,0.586157650224031,-0.05114348886178599,-0.05114348886178599
05,Antioquia,05495,Nechí,28955,-0.3123596423367742,-0.344270676651028,0.0319110343142538,0.0007189470802703718,-0.34427067665102823,0.031911034314254016,False,False,0.0007372800298032634,-0.3111244621042938,-0.0012351802324804262,0.03314621454673444,0.03314621454673444,0.0007189470802703718,-0.34427067665102823,0.031911034314254016,0.0,0.0,0.0007168611688676142,-0.3480420319780714,0.03568238964129716,-0.0037713553270431466,-0.0037713553270431466,0.0007351941184005058,-0.31489581743133693,0.0025361750945627204,0.029374859219691296,0.029374859219691296
05,Antioquia,05501,Olaya,3431,-0.5008265501579134,0.4164724217058602,-0.9172989718637736,0.0011397089989506584,0.4164724217058604,-0.9172989718637738,False,False,0.0011602024371320132,0.4535248282234649,-0.9543513783813784,0.0370524065176045,0.03705240651760455,0.0011397089989506584,0.4164724217058604,-0.9172989718637738,0.0,0.0,0.0011393125667967796,0.41575566714314716,-0.9165822173010606,-0.000716754562713251,-0.000716754562713251,0.0011595137653753998,0.4522797006046913,-0.9531062507626047,0.0358072788988309,0.03580727889883084
05,Antioquia,05541,Peñol,23491,0.8822359213070396,0.9041175741234624,-0.0218816528164228,0.0014094222706313878,0.904117574123463,-0.021881652816423403,False,False,0.0014103494564373666,0.9057939382892249,-0.023558016982185292,0.00167636416576189,0.00167636416576189,0.0014094222706313878,0.904117574123463,-0.021881652816423403,0.0,0.0,0.001409195532747507,0.9037076290389854,-0.021471707731945733,-0.00040994508447766975,-0.00040994508447766975,0.0014101227185534858,0.9053839932047473,-0.023148071897707623,0.0012664190812842202,0.0012664190812842202
05,Antioquia,05543,Peque,8733,0.9315847995435652,-0.7812716914913534,1.7128564910349189,0.0004772447422976821,-0.7812716914913539,1.712856491034919,True,False,0.0005264578894895993,-0.6922936723015513,1.6238784718451165,0.08897801918980264,0.08897801918980264,0.0004772447422976821,-0.7812716914913539,1.712856491034919,0.0,0.0,0.0005595780600032637,-0.6324119671945392,1.5639967667381045,0.1488597242968147,0.1488597242968146,0.0006149512894943114,-0.5322964379632568,1.463881237506822,0.24897525352809713,0.24897525352809713
05,Antioquia,05576,Pueblorrico,9040,0.3416622861071341,0.5756715099294587,-0.2340092238223245,0.0012277609496785622,0.575671509929459,-0.23400922382232492,False,False,0.00124270508902385,0.6026907109623588,-0.2610284248552247,0.027019201032899787,0.027019201032899787,0.0012277609496785622,0.575671509929459,-0.23400922382232492,0.0,0.0,0.00122061505110481,0.5627516310616404,-0.22108934495450627,-0.012919878867818646,-0.012919878867818646,0.0012348312625957275,0.5884547289332779,-0.24679244282614377,0.012783219003818846,0.012783219003818846
05,Antioquia,05579,Puerto Berrío,39164,-0.6662555917239159,-0.2759221289258969,-0.3903334627980189,0.0007567502047968408,-0.2759221289258971,-0.3903334627980188,False,False,0.0007567502047968408,-0.2759221289258971,-0.3903334627980188,0.0,0.0,0.0007567502047968408,-0.2759221289258971,-0.3903334627980188,0.0,0.0,0.0007567502047968408,-0.2759221289258971,-0.3903334627980188,0.0,0.0,0.0007567502047968408,-0.2759221289258971,-0.3903334627980188,0.0,0.0
05,Antioquia,05585,Puerto Nare,15465,-0.6174560542022343,-0.8262541526424861,0.2087980984402518,0.00045236524394693544,-0.8262541526424867,0.20879809844025243,False,False,0.00045236524394693544,-0.8262541526424867,0.20879809844025243,0.0,0.0,0.00045236524394693544,-0.8262541526424867,0.20879809844025243,0.0,0.0,0.00045229932766078606,-0.8263733301572075,0.20891727595497323,-0.00011917751472079186,-0.00011917751472079186,0.00045229932766078606,-0.8263733301572075,0.20891727595497323,-0.00011917751472079186,-0.00011917751472079186
05,Antioquia,05591,Puerto Triunfo,20006,0.0475570847414552,-0.25028774434647,0.2978448290879252,0.0007709284114254969,-0.25028774434647016,0.29784482908792537,False,False,0.0007709284114254969,-0.25028774434647016,0.29784482908792537,0.0,0.0,0.0007709284114254969,-0.25028774434647016,0.29784482908792537,0.0,0.0,0.0007706087799913506,-0.25086564219499075,0.29842272693644595,-0.000577897848520581,-0.000577897848520581,0.0007706087799913506,-0.25086564219499075,0.29842272693644595,-0.000577897848520581,-0.000577897848520581
05,Antioquia,05604,Remedios,32457,-0.5177815761670514,-0.1503514686715008,-0.3674301074955506,0.0008262024969736716,-0.1503514686715009,-0.36743010749555055,False,False,0.0008262024969736716,-0.1503514686715009,-0.36743010749555055,0.0,0.0,0.0008262024969736716,-0.1503514686715009,-0.36743010749555055,0.0,0.0,0.0008262024969736716,-0.1503514686715009,-0.36743010749555055,0.0,0.0,0.0008262024969736716,-0.1503514686715009,-0.36743010749555055,0.0,0.0
05,Antioquia,05607,Retiro,26766,-0.1343163249082381,3.3369584392568545,-3.4712747641650927,0.0027550102785519146,3.3369584392568568,-3.471274764165095,False,False,0.0027578761255885767,3.3421399284964846,-3.4764562534047228,0.005181489239627801,0.005181489239627801,0.0027550102785519146,3.3369584392568568,-3.471274764165095,0.0,0.0,0.0027540002230898608,3.335132245659952,-3.4694485705681903,-0.0018261935969046128,-0.0018261935969046128,0.0027568660701265224,3.3403137348995795,-3.4746300598078177,0.0033552956427227443,0.0033552956427227443
05,Antioquia,05615,Rionegro,151872,0.899459191500164,3.580515828191962,-2.681056636691798,0.0028897202410851797,3.5805158281919636,-2.6810566366917996,False,False,0.002890647426891159,3.5821921923577262,-2.6827330008575623,0.0016763641657626671,0.0016763641657626671,0.0028897202410851797,3.5805158281919636,-2.6810566366917996,0.0,0.0,0.002889194207185706,3.5795647519639116,-2.6801055604637476,-0.0009510762280520169,-0.0009510762280520169,0.0028901213929916846,3.5812411161296733,-2.6817819246295094,0.0007252879377097621,0.0007252879377097621
05,Antioquia,05628,Sabanalarga,9827,-0.7278064165245267,-0.7939459763826225,0.0661395598580958,0.0004702346801094489,-0.7939459763826231,0.06613955985809639,False,False,0.0005167148680586965,-0.7099091835482677,-0.017897232976259003,0.08403679283435539,0.08403679283435539,0.0004702346801094489,-0.7939459763826231,0.06613955985809639,0.0,0.0,0.0004611558615069991,-0.810360600155398,0.0825541836308713,-0.016414623772774917,-0.016414623772774917,0.0005069376020509211,-0.7275866094416177,-0.00021980708290902928,0.06635936694100542,0.06635936694100542
05,Antioquia,05631,Sabaneta,103765,0.1767003590899497,4.430977414083476,-4.254277054993526,0.0033601048550455136,4.430977414083479,-4.254277054993529,False,False,0.0033610320408514927,4.432653778249241,-4.255953419159291,0.001676364165762223,0.001676364165762223,0.0033601048550455136,4.430977414083479,-4.254277054993529,0.0,0.0,0.003358978391033481,4.428940752292913,-4.252240393202963,-0.00203666179056583,-0.00203666179056583,0.0033599055768394597,4.430617116458675,-4.253916757368725,-0.00036029762480360716,-0.00036029762480360716
05,Antioquia,05642,Salgar,18915,0.1625600892949149,0.4431473109666504,-0.2805872216717355,0.0011544627017580796,0.44314731096665066,-0.2805872216717358,False,False,0.0011831959406714994,0.49509738588165947,-0.3325372965867446,0.051950074915008804,0.051950074915008804,0.0011544627017580796,0.44314731096665066,-0.2805872216717358,0.0,0.0,0.0011499002061588672,0.4348982587490193,-0.2723381694541044,-0.008249052217631392,-0.008249052217631392,0.0011770250183824036,0.4839402769953551,-0.3213801877004402,0.040792966028704414,0.040792966028704414
05,Antioquia,05647,San Andrés de Cuerquía,7406,0.1198016990208801,-0.3100242550029528,0.4298259540238329,0.0007378885469911362,-0.31002425500295305,0.42982595402383317,False,False,0.0007843687349403837,-0.22598746216859777,0.3457891611894779,0.08403679283435528,0.08403679283435528,0.0007378885469911362,-0.31002425500295305,0.42982595402383317,0.0,0.0,0.0007288097283886864,-0.3264388787757281,0.4462405777966082,-0.016414623772775028,-0.016414623772775028,0.0007745914689326084,-0.24366488806194775,0.36346658708282786,0.0663593669410053,0.0663593669410053
05,Antioquia,05649,San Carlos,16912,-0.2128162630185446,-0.4297601741289219,0.2169439111103773,0.0006716634111007079,-0.4297601741289222,0.2169439111103776,False,False,0.0006716634111007079,-0.4297601741289222,0.2169439111103776,0.0,0.0,0.0006716634111007079,-0.4297601741289222,0.2169439111103776,0.0,0.0,0.0006716575683565301,-0.42977073788745496,0.21695447486891037,-1.0563758532755596e-05,-1.0563758532755596e-05,0.0006716575683565301,-0.42977073788745496,0.21695447486891037,-1.0563758532755596e-05,-1.0563758532755596e-05
05,Antioquia,05652,San Francisco,6013,-0.2525976162190089,-0.354454706970855,0.1018570907518461,0.0007133143612269473,-0.35445470697085524,0.10185709075184635,False,False,0.0007142415470329261,-0.35277834280509324,0.10018072658608435,0.001676364165762001,0.001676364165762001,0.0007133143612269473,-0.35445470697085524,0.10185709075184635,0.0,0.0,0.0007126087219966913,-0.3557305120057567,0.10313289578674784,-0.0012758050349014893,-0.0012758050349014893,0.0007135359078026701,-0.3540541478399948,0.10145653162098589,0.00040055913086045614,0.00040055913086045614
05,Antioquia,05656,San Jerónimo,17982,-0.3172452912231391,2.199630455691051,-2.5168757469141902,0.0021259617790419932,2.1996304556910524,-2.5168757469141916,False,False,0.0021293288469264285,2.205718158834001,-2.5229634500571403,0.006087703142948708,0.006087703142948708,0.0021259617790419932,2.1996304556910524,-2.5168757469141916,0.0,0.0,0.0021254296587142557,2.198668375120426,-2.515913666343565,-0.0009620805706265223,-0.0009620805706265223,0.0021287558264743043,2.204682130299057,-2.521927421522196,0.005051674608004486,0.005051674608004486
05,Antioquia,05658,San José de La Montaña,3963,1.2638973814194865,-0.2993650991659591,1.5632624805854456,0.0007437840547797348,-0.29936509916595927,1.5632624805854458,True,False,0.0007691750462475406,-0.2534578517131567,1.5173552331326432,0.04590724745280256,0.04590724745280261,0.0007437840547797348,-0.29936509916595927,1.5632624805854458,0.0,0.0,0.0012843633671993234,0.67800942733009,0.5858879540893965,0.9773745264960492,0.9773745264960493,0.0013301451077432453,0.7607834180438701,0.5031139633756164,1.0601485172098293,1.0601485172098295
05,Antioquia,05659,San Juan de Urabá,20025,-0.2520510792852819,-0.8353421219521155,0.5832910426668336,0.0004473387489161079,-0.8353421219521161,0.5832910426668342,False,False,0.0004545701495803522,-0.82226765417701,0.5702165748917281,0.013074467775106124,0.013074467775106124,0.0004473387489161079,-0.8353421219521161,0.5832910426668342,0.0,0.0,0.0004252356298486727,-0.875304852741659,0.6232537734563771,-0.03996273078954293,-0.03996273078954293,0.00043246703051291697,-0.8622303849665529,0.610179305681271,-0.02688826301443681,-0.02688826301443681
05,Antioquia,05660,San Luis,14242,-0.2614698319856351,-0.3921295469917644,0.1306597150061293,0.0006924766592387079,-0.39212954699176467,0.13065971500612955,False,False,0.0006934038450446868,-0.39045318282600266,0.12898335084036755,0.001676364165762001,0.001676364165762001,0.0006924766592387079,-0.39212954699176467,0.13065971500612955,0.0,0.0,0.0006921511850603837,-0.3927180085988182,0.1312481766131831,-0.0005884616070535587,-0.0005884616070535587,0.0006930783708663625,-0.3910416444330562,0.1295718124474211,0.0010879025587084423,0.0010879025587084423
05,Antioquia,05664,San Pedro de Los Milagros,22297,1.2432880121279153,2.597047759481558,-1.353759747353643,0.002345770631229822,2.5970477594815593,-1.353759747353644,False,False,0.0023491376991142568,2.6031354626245076,-1.3598474504965923,0.006087703142948264,0.006087703142948264,0.002345770631229822,2.5970477594815593,-1.353759747353644,0.0,0.0,0.0023451068301644827,2.5958475984006264,-1.3525595862727111,-0.0012001610809329044,-0.0012001610809329044,0.0023484329979245313,2.6018613535792574,-1.3585733414513421,0.004813594097698104,0.004813594097698104
05,Antioquia,05665,San Pedro de Urabá,32352,-0.4797202849686957,-0.4070641797565849,-0.0726561052121107,0.0006842164137622996,-0.4070641797565852,-0.07265610521211047,False,False,0.000687813726870274,-0.40056019021279815,-0.07916009475589753,0.006503989543787059,0.006503989543787059,0.0006842164137622996,-0.4070641797565852,-0.07265610521211047,0.0,0.0,0.0006590797324619207,-0.45251163107261094,-0.027208653896084734,-0.04544745131602573,-0.04544745131602573,0.0006626770455698953,-0.44600764152882366,-0.033712643439872014,-0.03894346177223845,-0.03894346177223845
05,Antioquia,05667,San Rafael,17222,-0.571659618869902,-0.5344604225593222,-0.0371991963105797,0.0006137544040902876,-0.5344604225593226,-0.03719919631057944,False,False,0.0006137544040902876,-0.5344604225593226,-0.03719919631057944,0.0,0.0,0.0006137544040902876,-0.5344604225593226,-0.03719919631057944,0.0,0.0,0.0006137327308584887,-0.5344996080482608,-0.03716001082164122,-3.918548893822038e-05,-3.918548893822038e-05,0.0006137327308584887,-0.5344996080482608,-0.03716001082164122,-3.918548893822038e-05,-3.918548893822038e-05
05,Antioquia,05670,San Roque,24238,-0.1584476314028848,-0.625458114021006,0.4670104826181213,0.0005634241896754701,-0.6254581140210064,0.4670104826181216,False,False,0.0005634241896754701,-0.6254581140210064,0.4670104826181216,0.0,0.0,0.0005634241896754701,-0.6254581140210064,0.4670104826181216,0.0,0.0,0.0005633682888444995,-0.6255591834606712,0.4671115520577864,-0.00010106943966481374,-0.00010106943966481374,0.0005633682888444995,-0.6255591834606712,0.4671115520577864,-0.00010106943966481374,-0.00010106943966481374
05,Antioquia,05674,San Vicente,24534,-0.2643257600443047,1.0557821700394523,-1.320107930083757,0.001493306944066236,1.055782170039453,-1.3201079300837577,False,False,0.0014942341298722149,1.0574585342052147,-1.3217842942495195,0.001676364165761779,0.001676364165761779,0.001493306944066236,1.055782170039453,-1.3201079300837577,0.0,0.0,0.001492992552153784,1.0552137453152588,-1.3195395053595635,-0.0005684247241941609,-0.0005684247241941609,0.0014939197379597628,1.0568901094810208,-1.3212158695253255,0.00110793944156784,0.00110793944156784
05,Antioquia,05679,Santa Bárbara,29171,-0.2753199359500304,0.9269233606321224,-1.2022432965821528,0.0014220359985891208,0.9269233606321229,-1.2022432965821532,False,False,0.0014249018456257828,0.932104849871751,-1.2074247858217815,0.005181489239628134,0.005181489239628245,0.0014220359985891208,0.9269233606321229,-1.2022432965821532,0.0,0.0,0.0014191293049259088,0.9216680201529709,-1.1969879561030012,-0.005255340479151993,-0.005255340479151993,0.001421995151962571,0.926849509392599,-1.2021694453426295,-7.385123952385886e-05,-7.385123952374784e-05
05,Antioquia,05686,Santa Rosa de Osos,39788,-0.007537112459864,0.4266514016300022,-0.4341885140898662,0.0011453389246540145,0.42665140163000254,-0.43418851408986653,False,False,0.0011487059925384495,0.4327391047729512,-0.4402762172328152,0.006087703142948653,0.006087703142948653,0.0011453389246540145,0.42665140163000254,-0.43418851408986653,0.0,0.0,0.0011449052677013239,0.4258673441400838,-0.4334044565999478,-0.0007840574899187214,-0.0007840574899187214,0.0011482314354613722,0.4318810993187141,-0.4394182117785781,0.005229697688711565,0.005229697688711565
05,Antioquia,05690,Santo Domingo,13434,0.3973683643393085,0.4096784670984069,-0.0123101027590984,0.001135951308105703,0.4096784670984072,-0.012310102759098718,False,False,0.001135951308105703,0.4096784670984072,-0.012310102759098718,0.0,0.0,0.001135951308105703,0.4096784670984072,-0.012310102759098718,0.0,0.0,0.0011357512129665833,0.40931669244784613,-0.011948328108537631,-0.0003617746505610864,-0.0003617746505610864,0.0011357512129665833,0.40931669244784613,-0.011948328108537631,-0.0003617746505610864,-0.0003617746505610864
05,Antioquia,05697,El Santuario,39396,-0.3332469060854949,0.8388273970024166,-1.1720743030879115,0.0013733107104269477,0.8388273970024172,-1.172074303087912,False,False,0.0013742378962329266,0.840503761168179,-1.173750667253674,0.00167636416576189,0.001676364165762001,0.0013733107104269477,0.8388273970024172,-1.172074303087912,0.0,0.0,0.0013731417683102633,0.8385219474272926,-1.1717688535127875,-0.00030544957512457227,-0.00030544957512446125,0.0013740689541162422,0.8401983115930546,-1.1734452176785495,0.0013709145906374287,0.0013709145906375397
05,Antioquia,05736,Segovia,39116,-0.4519072359946757,-0.0960440375560814,-0.3558631984385942,0.0008562395738319114,-0.0960440375560815,-0.3558631984385942,False,False,0.0008562395738319114,-0.0960440375560815,-0.3558631984385942,0.0,0.0,0.0008562395738319114,-0.0960440375560815,-0.3558631984385942,0.0,0.0,0.0008562395738319114,-0.0960440375560815,-0.3558631984385942,0.0,0.0,0.0008562395738319114,-0.0960440375560815,-0.3558631984385942,0.0,0.0
05,Antioquia,05756,Sonsón,36144,0.2097724317651353,-0.1872604426512959,0.3970328744164312,0.0008057883903694815,-0.18726044265129602,0.3970328744164313,False,False,0.0008067155761754604,-0.18558407848553407,0.39535651025066937,0.0016763641657619455,0.0016763641657619455,0.0008057883903694815,-0.18726044265129602,0.3970328744164313,0.0,0.0,0.0008046177030134768,-0.18937706083102,0.3991494925961553,-0.0021166181797239725,-0.0021166181797239725,0.0008055448888194557,-0.18770069666525802,0.3974731284303933,-0.00044025401396199926,-0.0004402540139619715
05,Antioquia,05761,Sopetrán,16366,0.539528912476853,0.6896169973599016,-0.1500880848830486,0.0012907834365335157,0.6896169973599019,-0.15008808488304892,False,False,0.0013042366418655968,0.7139405700331584,-0.1744116575563054,0.024323572673256466,0.024323572673256466,0.0012907834365335157,0.6896169973599019,-0.15008808488304892,0.0,0.0,0.0012903581015344568,0.6888479860719066,-0.1493190735950536,-0.0007690112879953359,-0.0007690112879953359,0.0013036045857057028,0.7127978041599504,-0.17326889168309745,0.023180806800048526,0.023180806800048526
05,Antioquia,05789,Támesis,16676,-0.4190582992533899,-0.0960144808432524,-0.3230438184101375,0.0008562559214520564,-0.09601448084325247,-0.3230438184101374,False,False,0.0008712000607973441,-0.06899527981035275,-0.35006301944303714,0.027019201032899717,0.02701920103289973,0.0008562559214520564,-0.09601448084325247,-0.3230438184101374,0.0,0.0,0.0008489472955183208,-0.10922857292411448,-0.3098297263292754,-0.013214092080862008,-0.013214092080861994,0.0008631635070092384,-0.08352547505247679,-0.3355328242009131,0.012489005790775679,0.01248900579077572
05,Antioquia,05790,Tarazá,29027,-0.2312501759782243,-0.5020754017790826,0.2708252258008583,0.0006316663424429666,-0.5020754017790829,0.27082522580085866,False,False,0.0006447707620810436,-0.4783824382406822,0.2471322622624579,0.023692963538400724,0.023692963538400752,0.0006316663424429666,-0.5020754017790829,0.27082522580085866,0.0,0.0,0.0006194184169767837,-0.5242198125584911,0.29296963658026687,-0.022144410779408208,-0.022144410779408208,0.0006325228366148606,-0.5005268490200906,0.2692766730418663,0.0015485527589923498,0.0015485527589923498
05,Antioquia,05792,Tarso,6530,0.2498423163715565,0.6574844035122237,-0.4076420871406672,0.0012730111138286168,0.6574844035122241,-0.40764208714066763,False,False,0.0012879552531739045,0.6845036045451238,-0.4346612881735673,0.027019201032899676,0.027019201032899676,0.0012730111138286168,0.6574844035122241,-0.40764208714066763,0.0,0.0,0.0012666561419879838,0.645994530609331,-0.39615221423777447,-0.011489872902893161,-0.011489872902893161,0.0012808723534789013,0.6716976284809685,-0.42185531210941196,0.014213224968744331,0.014213224968744331
05,Antioquia,05809,Titiribí,11449,0.0910144967486261,2.834211005509022,-2.743196508760396,0.0024769440360947405,2.8342110055090237,-2.7431965087603976,False,False,0.002484909445340512,2.84861257048029,-2.7575980737316637,0.014401564971266101,0.014401564971266101,0.0024769440360947405,2.8342110055090237,-2.7431965087603976,0.0,0.0,0.0024743354955767834,2.829494729848802,-2.7384802331001756,-0.004716275660221925,-0.004716275660221925,0.0024818797966838307,2.8431349257513054,-2.7521204290026793,0.008923920242281724,0.008923920242281724
05,Antioquia,05819,Toledo,4867,-0.1120336906627649,-0.3579677375503513,0.2459340468875863,0.0007113713275139843,-0.35796773755035144,0.24593404688758652,False,False,0.0007529539621767807,-0.28278578565119444,0.17075209498842953,0.075181951899157,0.075181951899157,0.0007113713275139843,-0.35796773755035144,0.24593404688758652,0.0,0.0,0.0007023297051992198,-0.3743151099444136,0.26228141928164866,-0.016347372394062143,-0.016347372394062143,0.0007432733835467075,-0.3002883994904596,0.18825470882769468,0.05767933805989184,0.05767933805989184
05,Antioquia,05837,Turbo,130019,-0.1501622691035266,0.1843354106521732,-0.3344976797556998,0.0010113155710265392,0.18433541065217332,-0.3344976797556999,False,False,0.0010383209184071421,0.23316143488687657,-0.38332370399040316,0.04882602423470325,0.04882602423470328,0.0010113155710265392,0.18433541065217332,-0.3344976797556999,0.0,0.0,0.0009793248283462503,0.12649572596380418,-0.2766579950673308,-0.05783968468836914,-0.057839684688369086,0.0010063301757268531,0.17532175019850743,-0.325484019302034,-0.00901366045366589,-0.009013660453665862
05,Antioquia,05842,Uramita,7406,-0.5264427692438971,-0.8994946112553917,0.3730518420114945,0.0004118564362330689,-0.8994946112553922,0.3730518420114951,False,False,0.0004463988380465919,-0.8370414932005827,0.31059872395668564,0.062453118054809464,0.062453118054809464,0.0004118564362330689,-0.8994946112553922,0.3730518420114951,0.0,0.0,0.0003977669949403979,-0.9249685069366418,0.3985257376927447,-0.02547389568124958,-0.02547389568124958,0.00043175595888051137,-0.8635160118561883,0.3370732426122912,0.03597859939920389,0.03597859939920389
05,Antioquia,05847,Urrao,31776,-0.2470868397346768,-0.0068687871076261,-0.2402180526270506,0.0009055618083136032,-0.006868787107626194,-0.2402180526270506,False,False,0.0009126000317533953,0.005856413697877301,-0.2529432534325541,0.012725200805503495,0.01272520080550349,0.0009055618083136032,-0.006868787107626194,-0.2402180526270506,0.0,0.0,0.0009020459344108757,-0.01322553349423386,-0.23386130624044293,-0.006356746386607666,-0.006356746386607659,0.0009086630497119442,-0.0012617017574919765,-0.2458251379771848,0.005607085350134217,0.005607085350134211
05,Antioquia,05854,Valdivia,14927,-0.2082993060534559,-0.8980796366193803,0.6897803305659244,0.0004126390492387183,-0.8980796366193808,0.6897803305659249,False,False,0.00042609225457079954,-0.873756063946124,0.6654567578926681,0.0243235726732568,0.0243235726732568,0.0004126390492387183,-0.8980796366193808,0.6897803305659249,0.0,0.0,0.00040125403281606386,-0.9186638964672765,0.7103645904138206,-0.020584259847895692,-0.020584259847895692,0.0004145005169873099,-0.8947140783792326,0.6864147723257766,0.003365558240148281,0.003365558240148281
05,Antioquia,05856,Valparaíso,6683,-0.6705254054423885,-0.1598764947778884,-0.5106489106645,0.0008209342687522657,-0.15987649477788857,-0.5106489106644999,False,False,0.0008238001157889277,-0.1546950055382606,-0.5158303999041278,0.005181489239627968,0.005181489239627912,0.0008209342687522657,-0.15987649477788857,-0.5106489106644999,0.0,0.0,0.0008155814316236128,-0.1695544949044765,-0.500970910537912,-0.009678000126587927,-0.009678000126587927,0.0008184472786602748,-0.16437300566484853,-0.5061523997775399,-0.004496510886959959,-0.0044965108869600146
05,Antioquia,05858,Vegachí,12126,0.1371755813113565,-0.1680674346533826,0.3052430159647391,0.0008164039147007447,-0.16806743465338278,0.30524301596473924,False,False,0.0008164039147007447,-0.16806743465338278,0.30524301596473924,0.0,0.0,0.0008164039147007447,-0.16806743465338278,0.30524301596473924,0.0,0.0,0.0008164039147007447,-0.16806743465338278,0.30524301596473924,0.0,0.0,0.0008164039147007447,-0.16806743465338278,0.30524301596473924,0.0,0.0
05,Antioquia,05861,Venecia,12343,0.0228885895047088,0.7206775084433922,-0.6977889189386833,0.0013079627974332826,0.7206775084433926,-0.6977889189386838,False,False,0.0013159282066790537,0.7350790734146583,-0.7121904839099494,0.014401564971265657,0.014401564971265657,0.0013079627974332826,0.7206775084433926,-0.6977889189386838,0.0,0.0,0.0013045399278913922,0.7144889151678027,-0.6916003256630938,-0.00618859327558996,-0.00618859327558996,0.0013120842289984396,0.7281291110703066,-0.7052405215655978,0.007451602626914022,0.007451602626914022
05,Antioquia,05873,Vigía del Fuerte,11150,-0.8495650033762857,-0.4424593105042192,-0.4071056928720665,0.0006646396037229038,-0.44245931050421944,-0.40710569287206627,False,False,0.0007222086211244477,-0.3383737677707534,-0.5111912356055324,0.10408554273346604,0.1040855427334661,0.001010053708132167,0.1820539458965765,-1.0316189492728622,0.6245132564007959,0.624513256400796,0.0006478805658445586,-0.47275987202138536,-0.37680513135490035,-0.030300561517165925,-0.030300561517165925,0.0009716959691965947,0.11270264800503785,-0.9622676513813235,0.5551619585092573,0.5551619585092573
05,Antioquia,05885,Yalí,7746,-0.2316865458538302,-0.6595920476677781,0.4279055018139479,0.0005445449393157335,-0.6595920476677785,0.42790550181394826,False,False,0.0005445449393157335,-0.6595920476677785,0.42790550181394826,0.0,0.0,0.0005445449393157335,-0.6595920476677785,0.42790550181394826,0.0,0.0,0.0005445449393157335,-0.6595920476677785,0.42790550181394826,0.0,0.0,0.0005445449393157335,-0.6595920476677785,0.42790550181394826,0.0,0.0
05,Antioquia,05887,Yarumal,41862,0.6938913097855482,0.0899580000140135,0.6039333097715347,0.0009591160565439774,0.08995800001401355,0.6039333097715347,False,False,0.000979609494725332,0.12701040653161785,0.5668809032539304,0.0370524065176043,0.03705240651760433,0.0009591160565439774,0.08995800001401355,0.6039333097715347,0.0,0.0,0.0009501916787603942,0.07382260727865259,0.6200687025068956,-0.016135392735360965,-0.01613539273536091,0.0009703928773390146,0.11034664074019712,0.5835446690453512,0.02038864072618357,0.020388640726183516
05,Antioquia,05890,Yolombó,24828,-0.2230634233497408,-0.597556472411059,0.3744930490613182,0.0005788564010008017,-0.5975564724110594,0.37449304906131853,False,False,0.0005788564010008017,-0.5975564724110594,0.37449304906131853,0.0,0.0,0.0005788564010008017,-0.5975564724110594,0.37449304906131853,0.0,0.0,0.0005787341811442648,-0.5977774475236225,0.37471402417388167,-0.00022097511256313762,-0.00022097511256313762,0.0005787341811442648,-0.5977774475236225,0.37471402417388167,-0.00022097511256313762,-0.00022097511256313762
05,Antioquia,05893,Yondó,21677,-0.4079830010725591,-0.8840664373704741,0.476083436297915,0.0004203896560014402,-0.8840664373704746,0.47608343629791555,False,False,0.0004203896560014402,-0.8840664373704746,0.47608343629791555,0.0,0.0,0.0004203896560014402,-0.8840664373704746,0.47608343629791555,0.0,0.0,0.0004203896560014402,-0.8840664373704746,0.47608343629791555,0.0,0.0,0.0004203896560014402,-0.8840664373704746,0.47608343629791555,0.0,0.0
05,Antioquia,05895,Zaragoza,26532,-0.398591977222119,-0.563009480569722,0.164417503347603,0.0005979641110847831,-0.5630094805697223,0.16441750334760336,False,False,0.0005979641110847831,-0.5630094805697223,0.16441750334760336,0.0,0.0,0.0005979641110847831,-0.5630094805697223,0.16441750334760336,0.0,0.0,0.0005970972342470921,-0.5645768053254114,0.16598482810329246,-0.0015673247556891035,-0.0015673247556891035,0.0005970972342470921,-0.5645768053254114,0.16598482810329246,-0.0015673247556891035,-0.0015673247556891035
08,Atlántico,08001,Barranquilla,1279120,0.0116740135912271,0.4544178290351315,-0.4427438154439044,0.0011606963499071821,0.45441782903513184,-0.44274381544390473,False,False,0.0011606963499071821,0.45441782903513184,-0.44274381544390473,0.0,0.0,0.0011606963499071821,0.45441782903513184,-0.44274381544390473,0.0,0.0,0.001160137333219282,0.45340711949059825,-0.44173310589937115,-0.0010107095445335834,-0.0010107095445335834,0.001160137333219282,0.45340711949059825,-0.44173310589937115,-0.0010107095445335834,-0.0010107095445335834
08,Atlántico,08078,Baranoa,73740,0.0729199094821028,-0.0631501099677987,0.1360700194499015,0.0008744329851357669,-0.0631501099677988,0.1360700194499016,False,False,0.0008768808918995381,-0.05872426225372586,0.13164417173582865,0.004425847714072936,0.00442584771407295,0.0008744329851357669,-0.0631501099677988,0.1360700194499016,0.0,0.0,0.0008736153185669862,-0.06462846190826928,0.13754837139037207,-0.001478351940470482,-0.0014783519404704681,0.0008760632253307573,-0.060202614194196535,0.13312252367629934,0.00294749577360226,0.00294749577360226
08,Atlántico,08137,Campo de La Cruz,26781,-0.3522918177947731,-1.1525726445619917,0.8002808267672183,0.0002718806689866565,-1.1525726445619922,0.800280826767219,False,False,0.0002952941215085956,-1.1102408136048614,0.7579489958100882,0.04233183095713078,0.04233183095713078,0.0002718806689866565,-1.1525726445619922,0.800280826767219,0.0,0.0,0.00026934843895520344,-1.1571509498561643,0.8048591320613911,-0.004578305294172136,-0.004578305294172136,0.0002927618914771425,-1.1148191188990335,0.7625273011042604,0.03775352566295864,0.03775352566295864
08,Atlántico,08141,Candelaria,19104,-0.6825778935069101,-0.8184153473001164,0.1358374537932063,0.0004567008347438032,-0.8184153473001169,0.13583745379320677,False,False,0.0004765536956093479,-0.7825211130180012,0.09994321951109109,0.03589423428211569,0.03589423428211569,0.0004567008347438032,-0.8184153473001169,0.13583745379320677,0.0,0.0,0.00045468212635783927,-0.8220651986864638,0.13948730517955366,-0.0036498513863468807,-0.0036498513863468807,0.00047453498722338397,-0.7861709644043482,0.10359307089743808,0.0322443828957687,0.0322443828957687
08,Atlántico,08296,Galapa,69030,0.1242289027515678,0.4843318371889776,-0.3601029344374098,0.001177241587706139,0.4843318371889779,-0.3601029344374101,False,False,0.001177241587706139,0.4843318371889779,-0.3601029344374101,0.0,0.0,0.001177241587706139,0.4843318371889779,-0.3601029344374101,0.0,0.0,0.0011766357547061987,0.4832364831348205,-0.3590075803832527,-0.0010953540541573936,-0.0010953540541573936,0.0011766357547061987,0.4832364831348205,-0.3590075803832527,-0.0010953540541573936,-0.0010953540541573936
08,Atlántico,08372,Juan de Acosta,23939,0.2164825619437729,-0.4325517886206297,0.6490343505644026,0.0006701193877999594,-0.43255178862062993,0.6490343505644028,False,False,0.0006725672945637305,-0.4281259409065572,0.6446085028503301,0.004425847714072728,0.004425847714072728,0.0006701193877999594,-0.43255178862062993,0.6490343505644028,0.0,0.0,0.0006690493316099457,-0.43448646432502885,0.6509690262688017,-0.0019346757043989249,-0.0019346757043988694,0.0006714972383737168,-0.4300606166109561,0.6465431785547291,0.0024911720096738033,0.0024911720096737477
08,Atlántico,08421,Luruaco,32443,-0.3798948729396398,-0.4731447517112176,0.0932498787715778,0.00064766769146278,-0.4731447517112179,0.09324987877157809,False,False,0.0006501155982265512,-0.46871890399714494,0.08882403105750514,0.00442584771407295,0.00442584771407295,0.00064766769146278,-0.4731447517112179,0.09324987877157809,0.0,0.0,0.0006460666295169517,-0.47603949282550634,0.09614461988586653,-0.002894741114288446,-0.002894741114288446,0.0006485145362807229,-0.47161364511143344,0.09171877217179364,0.0015311065997844486,0.0015311065997844486
08,Atlántico,08433,Malambo,149019,0.1187353944253684,0.4729228062152699,-0.3541874117899015,0.0011709313289957432,0.4729228062152702,-0.3541874117899018,False,False,0.0011733792357595143,0.47734865392934295,-0.35861325950397455,0.004425847714072728,0.004425847714072728,0.0011709313289957432,0.4729228062152702,-0.3541874117899018,0.0,0.0,0.0011699640598733232,0.4711739708847281,-0.3524385764593597,-0.0017488353305420978,-0.0017488353305420978,0.0011724119666370943,0.47559981859880085,-0.35686442417343245,0.0026770123835306303,0.0026770123835306303
08,Atlántico,08436,Manatí,23362,0.2448753591065555,-0.3888864073912033,0.6337617664977588,0.0006942704180566683,-0.3888864073912035,0.6337617664977591,False,False,0.0007018366753265063,-0.3752065144567967,0.6200818735633522,0.013679892934406801,0.013679892934406856,0.0006942704180566683,-0.3888864073912035,0.6337617664977591,0.0,0.0,0.0006922261171148988,-0.3925825304559842,0.6374578895625397,-0.0036961230647806764,-0.003696123064780621,0.0006997923743847368,-0.3789026375215774,0.6237779966281329,0.009983769869626125,0.009983769869626125
08,Atlántico,08520,Palmar de Varela,34647,-0.2424130961775961,-0.8623387562822976,0.6199256601047015,0.0004324070910631325,-0.8623387562822982,0.6199256601047021,False,False,0.0004399633302322232,-0.8486769762061701,0.606263880028574,0.01366178007612806,0.01366178007612806,0.0004324070910631325,-0.8623387562822982,0.6199256601047021,0.0,0.0,0.0004313154663757334,-0.8643124281144343,0.6218993319368382,-0.001973671832136148,-0.001973671832136148,0.0004388717055448241,-0.8506506480383064,0.6082375518607103,0.011688108243991802,0.011688108243991802
08,Atlántico,08549,Piojó,7724,-0.6232867040149297,-0.5511389950874139,-0.0721477089275157,0.0006045295971969677,-0.5511389950874143,-0.07214770892751543,False,False,0.0006069775039607388,-0.5467131473733415,-0.07657355664158816,0.004425847714072728,0.004425847714072728,0.0006045295971969677,-0.5511389950874143,-0.07214770892751543,0.0,0.0,0.000603420123115975,-0.5531449388585813,-0.0701417651563484,-0.002005943771167029,-0.002005943771167029,0.0006058680298797461,-0.5487190911445086,-0.07456761287042113,0.002419903942905699,0.002419903942905699
08,Atlántico,08558,Polonuevo,21012,-0.3636590656033895,-0.0251720229945889,-0.3384870426088006,0.0008954384109847412,-0.02517202299458893,-0.3384870426088006,False,False,0.000902994650153832,-0.011510242918460695,-0.3521488226849288,0.013661780076128236,0.013661780076128227,0.0008954384109847412,-0.02517202299458893,-0.3384870426088006,0.0,0.0,0.0008943820852913368,-0.027081873780028062,-0.33657719182336143,-0.0019098507854391315,-0.0019098507854391489,0.0009019383244604276,-0.013420093703899827,-0.35023897189948966,0.011751929290689104,0.011751929290689078
08,Atlántico,08560,Ponedera,27097,-0.0058093355163306,-0.8984417994009781,0.8926324638846476,0.0004124387394269186,-0.8984417994009787,0.8926324638846481,False,False,0.0004199949785960094,-0.8847800193248506,0.8789706838085201,0.01366178007612806,0.01366178007612806,0.0004124387394269186,-0.8984417994009787,0.8926324638846481,0.0,0.0,0.00041096113991033516,-0.90111331881486,0.8953039832985294,-0.002671519413881329,-0.002671519413881329,0.0004185173790794259,-0.887451538738732,0.8816422032224014,0.010990260662246731,0.010990260662246731
08,Atlántico,08573,Puerto Colombia,62582,-0.1492161456942868,0.3970133188104576,-0.5462294645047444,0.0011289462993116462,0.39701331881045787,-0.5462294645047446,False,False,0.0011289462993116462,0.39701331881045787,-0.5462294645047446,0.0,0.0,0.0011289462993116462,0.39701331881045787,-0.5462294645047446,0.0,0.0,0.001128511412132132,0.3962270370542167,-0.5454431827485035,-0.0007862817562411806,-0.0007862817562411806,0.001128511412132132,0.3962270370542167,-0.5454431827485035,-0.0007862817562411806,-0.0007862817562411806
08,Atlántico,08606,Repelón,29894,-0.6529275290986859,-0.434222100167429,-0.2187054289312568,0.0006691955496570395,-0.4342221001674293,-0.2187054289312566,False,False,0.0006716434564208106,-0.42979625245335656,-0.22313127664532934,0.004425847714072728,0.004425847714072728,0.0006691955496570395,-0.4342221001674293,-0.2187054289312566,0.0,0.0,0.0006675389416522179,-0.4372172692889687,-0.2157102598097172,-0.0029951691215394094,-0.0029951691215394094,0.000669986848415989,-0.432791421574896,-0.22013610752378993,0.0014306785925333187,0.0014306785925333187
08,Atlántico,08634,Sabanagrande,38726,0.488161365905613,-0.0149590113710102,0.5031203772766233,0.0009010871593933992,-0.014959011371010283,0.5031203772766233,False,False,0.0009086433985624899,-0.0012972312948822424,0.4894585972004952,0.01366178007612804,0.01366178007612806,0.0009010871593933992,-0.014959011371010283,0.5031203772766233,0.0,0.0,0.0009001431466606091,-0.016665798842375464,0.5048271647479885,-0.0017067874713651808,-0.001706787471365212,0.0009076993858296998,-0.0030040187662474242,0.49116538467186044,0.011954992604762859,0.011954992604762849
08,Atlántico,08638,Sabanalarga,103909,0.2644636326960946,-0.4386559302751725,0.7031195629712671,0.0006667432278847277,-0.43865593027517275,0.7031195629712673,False,False,0.0006691911346484989,-0.4342300825610998,0.6986937152571944,0.00442584771407295,0.00442584771407295,0.0006667432278847277,-0.43865593027517275,0.7031195629712673,0.0,0.0,0.0006649980400657819,-0.441811252868918,0.7062748855650125,-0.0031553225937452356,-0.00315532259374518,0.0006674459468295531,-0.43738540515484503,0.7018490378509397,0.0012705251203277146,0.001270525120327659
08,Atlántico,08675,Santa Lucía,19147,-0.4956665133516851,-0.7030771263473123,0.2074106129956272,0.000520493633193229,-0.7030771263473128,0.20741061299562769,False,False,0.000547455258548086,-0.654330152111803,0.1586636387601179,0.04874697423550978,0.04874697423550978,0.000520493633193229,-0.7030771263473128,0.20741061299562769,0.0,0.0,0.0005173106733910446,-0.7088319596493708,0.21316544629768575,-0.00575483330205806,-0.00575483330205806,0.0005441480240496485,-0.6603096757037322,0.16464316235204712,0.04276745064358056,0.04276745064358056
08,Atlántico,08685,Santo Tomás,36050,-0.2361029806089765,-0.1420199102460137,-0.0940830703629627,0.0008308106262045204,-0.1420199102460138,-0.0940830703629627,False,False,0.0008383668653736111,-0.12835813016988573,-0.10774485043909077,0.01366178007612806,0.01366178007612806,0.0008308106262045204,-0.1420199102460138,-0.0940830703629627,0.0,0.0,0.0008297572689369885,-0.14392439407832516,-0.09217858653065134,-0.001904483832311371,-0.001904483832311371,0.0008373135081060792,-0.13026261400219713,-0.10584036660677937,0.011757296243816662,0.011757296243816662
08,Atlántico,08758,Soledad,710269,-0.1497652528896346,0.3917555133247892,-0.5415207662144239,0.0011260382422698199,0.3917555133247895,-0.5415207662144241,False,False,0.0011260382422698199,0.3917555133247895,-0.5415207662144241,0.0,0.0,0.0011260382422698199,0.3917555133247895,-0.5415207662144241,0.0,0.0,0.0011254091194875591,0.39061805103703046,-0.540383303926665,-0.0011374622877590168,-0.0011374622877591278,0.0011254091194875591,0.39061805103703046,-0.540383303926665,-0.0011374622877590168,-0.0011374622877591278
08,Atlántico,08770,Suan,14150,0.5044112826309259,-1.203208801427282,1.707620084058208,0.00024387414935702926,-1.2032088014272826,1.7076200840582085,True,False,0.00027083577471188625,-1.154461827191773,1.658873109822699,0.048746974235509555,0.048746974235509555,0.00024387414935702926,-1.2032088014272826,1.7076200840582085,0.0,0.0,0.0005987381654121,-0.5616099801370156,1.0660212627679415,0.641598821290267,0.641598821290267,0.0006255755160707038,-0.513087696191377,1.017498978822303,0.6901211052359056,0.6901211052359055
08,Atlántico,08832,Tubará,20017,-0.7537800556106299,-0.0668181392381501,-0.6869619163724797,0.0008724042226837617,-0.06681813923815018,-0.6869619163724797,False,False,0.0008724042226837617,-0.06681813923815018,-0.6869619163724797,0.0,0.0,0.0008724042226837617,-0.06681813923815018,-0.6869619163724797,0.0,0.0,0.0008719105921752581,-0.06771062970796357,-0.6860694259026663,-0.0008924904698133923,-0.0008924904698134339,0.0008719105921752581,-0.06771062970796357,-0.6860694259026663,-0.0008924904698133923,-0.0008924904698134339
08,Atlántico,08849,Usiacurí,15033,-0.0575828267895371,-0.732642537826361,0.6750597110368239,0.0005041412018831513,-0.7326425378263615,0.6750597110368244,False,False,0.0005065891086469224,-0.7282166901122887,0.6706338633227517,0.004425847714072728,0.004425847714072728,0.0005041412018831513,-0.7326425378263615,0.6750597110368244,0.0,0.0,0.0005029558602766526,-0.734785651084252,0.6772028242947149,-0.0021431132578905165,-0.0021431132578905165,0.0005054037670404237,-0.7303598033701793,0.6727769765806422,0.0022827344561822116,0.0022827344561822116
11,"Bogotá, D.C.",11001,"Bogotá, D.C.",7918660,-0.2744763394311255,1.8958592644103671,-2.1703356038414925,0.001957947965233991,1.8958592644103682,-2.170335603841494,False,False,0.001958400023404705,1.896676591545165,-2.1711529309762905,0.0008173271347968747,0.0008173271347966526,0.001957947965233991,1.8958592644103682,-2.170335603841494,0.0,0.0,0.0019578539724454907,1.895689324209099,-2.1701656636402245,-0.00016994020126914755,-0.0001699402012693696,0.001958305814918614,1.8965062613598067,-2.170982600790932,0.0006469969494384831,0.000646996949438261
13,Bolívar,13001,Cartagena de Indias,1010408,0.135490559238377,0.6359535560492257,-0.5004629968108487,0.0012611025461282844,0.6359535560492261,-0.5004629968108492,False,False,0.0012611025461282844,0.6359535560492261,-0.5004629968108492,0.0,0.0,0.0012611025461282844,0.6359535560492261,-0.5004629968108492,0.0,0.0,0.001257993432980112,0.6303322384715773,-0.49484167923320027,-0.005621317577648832,-0.005621317577648888,0.001257993432980112,0.6303322384715773,-0.49484167923320027,-0.005621317577648832,-0.005621317577648888
13,Bolívar,13006,Achí,27507,-0.3951111470167914,-1.1247201171751475,0.7296089701583561,0.0002872857155637413,-1.1247201171751482,0.7296089701583568,False,False,0.0002969644314691447,-1.1072208711666534,0.712109724149862,0.01749924600849484,0.01749924600849484,0.0002872857155637413,-1.1247201171751482,0.7296089701583568,0.0,0.0,0.0002820764158301677,-1.1341385997983338,0.7390274527815424,-0.009418482623185565,-0.009418482623185565,0.00029175513173557106,-1.116639353789839,0.7215282067730475,0.008080763385309275,0.008080763385309275
13,Bolívar,13030,Altos del Rosario,11401,-0.044362207858275,-1.084578159126852,1.040215951268577,0.00030948796402904474,-1.0845781591268526,1.0402159512685776,False,False,0.00030948796402904474,-1.0845781591268526,1.0402159512685776,0.0,0.0,0.00030948796402904474,-1.0845781591268526,1.0402159512685776,0.0,0.0,0.00030626308501661374,-1.0904087829139044,1.0460465750556294,-0.005830623787051792,-0.005830623787051792,0.00030626308501661374,-1.0904087829139044,1.0460465750556294,-0.005830623787051792,-0.005830623787051792
13,Bolívar,13042,Arenal,8533,-0.0082149422912905,-1.017361742877287,1.0091468005859965,0.0003466649142098163,-1.0173617428772876,1.0091468005859972,False,False,0.0003466649142098163,-1.0173617428772876,1.0091468005859972,0.0,0.0,0.0003466649142098163,-1.0173617428772876,1.0091468005859972,0.0,0.0,0.0003434609742960745,-1.0231545084977456,1.014939566206455,-0.00579276562045794,-0.00579276562045794,0.0003434609742960745,-1.0231545084977456,1.014939566206455,-0.00579276562045794,-0.00579276562045794
13,Bolívar,13052,Arjona,73374,0.3114803277310009,-0.7431230447632825,1.0546033724942834,0.0004983445036061038,-0.743123044763283,1.0546033724942838,False,False,0.0005081148128996674,-0.7254581967009791,1.03693852443198,0.01766484806230384,0.01766484806230384,0.0004983445036061038,-0.743123044763283,1.0546033724942838,0.0,0.0,0.0004955264874259596,-0.748218055183491,1.059698382914492,-0.0050950104202081015,-0.0050950104202081015,0.0005051438680353428,-0.730829704199145,1.042310031930146,0.012293340564138,0.012293340564137889
13,Bolívar,13062,Arroyohondo,8531,-0.5691063675777011,-0.685099452270455,0.1159930846927539,0.0005304369644627803,-0.6850994522704553,0.11599308469275427,False,False,0.0005522902574123176,-0.6455884103970011,0.07648204281930004,0.03951104187345422,0.03951104187345422,0.0005304369644627803,-0.6850994522704553,0.11599308469275427,0.0,0.0,0.0005257794071683615,-0.6935203772867783,0.12441400970907723,-0.008420925016322967,-0.008420925016322967,0.0005475084254216458,-0.6542340257031949,0.08512765812549383,0.030865426567260434,0.030865426567260434
13,Bolívar,13074,Barranco de Loba,17222,-0.0132955985649335,-1.0691159958461371,1.0558203972812037,0.0003180399831048581,-1.0691159958461378,1.0558203972812044,False,False,0.0003180399831048581,-1.0691159958461378,1.0558203972812044,0.0,0.0,0.0003180399831048581,-1.0691159958461378,1.0558203972812044,0.0,0.0,0.0003146676764932608,-1.0752131706768886,1.0619175721119551,-0.0060971748307507845,-0.0060971748307507845,0.0003146676764932608,-1.0752131706768886,1.0619175721119551,-0.0060971748307507845,-0.0060971748307507845
13,Bolívar,13140,Calamar,24810,0.2989867156089267,-0.698972947443499,0.9979596630524256,0.0005227636270898618,-0.6989729474434995,0.9979596630524261,False,False,0.0005446169200393992,-0.659461905570045,0.9584486211789718,0.039511041873454444,0.03951104187345433,0.0005227636270898618,-0.6989729474434995,0.9979596630524261,0.0,0.0,0.0005181258711801292,-0.7073580712951515,1.0063447869040782,-0.008385123851652021,-0.008385123851652132,0.0005398548894334134,-0.6680717197115682,0.967058435320495,0.03090122773193127,0.030901227731931158
13,Bolívar,13160,Cantagallo,8825,0.2443927596691443,-0.3363500533839668,0.5807428130531112,0.0007233279240140622,-0.336350053383967,0.5807428130531114,False,False,0.0007233279240140622,-0.336350053383967,0.5807428130531114,0.0,0.0,0.0007233279240140622,-0.336350053383967,0.5807428130531114,0.0,0.0,0.0007233279240140622,-0.336350053383967,0.5807428130531114,0.0,0.0,0.0007233279240140622,-0.336350053383967,0.5807428130531114,0.0,0.0
13,Bolívar,13188,Cicuco,15697,0.4980595151955224,-0.3323812439101257,0.8304407591056481,0.0007255230459845364,-0.3323812439101259,0.8304407591056483,False,False,0.0007279748108540447,-0.3279484206899963,0.8260079358855187,0.004432823220129611,0.004432823220129611,0.0007255230459845364,-0.3323812439101259,0.8304407591056483,0.0,0.0,0.0006992097416391871,-0.3799560452098108,0.8780155604053332,-0.04757480129968489,-0.04757480129968494,0.0007016615065086954,-0.3755232219896812,0.8735827371852036,-0.043141978079555277,-0.04314197807955533
13,Bolívar,13212,Córdoba,18180,-0.1742147395274583,-0.8652516715453457,0.6910369320178873,0.00043079597711720197,-0.8652516715453462,0.691036932017888,False,False,0.00044363527846054494,-0.8420380453804408,0.6678233058529826,0.02321362616490541,0.02321362616490541,0.00043079597711720197,-0.8652516715453462,0.691036932017888,0.0,0.0,0.000416558075623471,-0.8909939852281376,0.7167792457006792,-0.02574231368279134,-0.02574231368279123,0.0004290968957054988,-0.8683236331467044,0.6941088936192461,-0.003071961601358142,-0.003071961601358142
13,Bolívar,13222,Clemencia,15919,0.2576879010895888,-0.0089274924153377,0.2666153935049265,0.0009044231521796981,-0.008927492415337749,0.2666153935049265,False,False,0.0009068710589434692,-0.004501644701265005,0.2621895457908538,0.004425847714072744,0.004425847714072728,0.0009044231521796981,-0.008927492415337749,0.2666153935049265,0.0,0.0,0.0009021491613058605,-0.01303889790665314,0.2707267989962419,-0.004111405491315391,-0.00411140549131539,0.0009045970680696316,-0.008613050192580398,0.2663009512821692,0.0003144422227573506,0.00031444222275733846
13,Bolívar,13244,El Carmen de Bolívar,76463,0.5575765715620258,-0.63732232469268,1.1948988962547058,0.0005568621741190716,-0.6373223246926805,1.1948988962547062,False,False,0.0005927433347350719,-0.5724487130662486,1.1300252846282743,0.0648736116264319,0.0648736116264319,0.0005568621741190716,-0.6373223246926805,1.1948988962547062,0.0,0.0,0.0005341346352226462,-0.6784140147684425,1.2359905863304683,-0.04109169007576208,-0.04109169007576208,0.0005690583815884725,-0.615271420733557,1.1728479922955828,0.022050903959123458,0.022050903959123458
13,Bolívar,13248,El Guamo,9616,-0.0713852224062221,-1.070181406717076,0.998796184310854,0.00031745071147924975,-1.0701814067170767,0.9987961843108546,False,False,0.0003459928953398449,-1.018576761857379,0.947191539451157,0.051604644859697624,0.051604644859697624,0.00031745071147924975,-1.0701814067170767,0.9987961843108546,0.0,0.0,0.000309216366420757,-1.085069211184708,1.0136839887784859,-0.014887804467631272,-0.014887804467631272,0.00033728621199663526,-1.0343185601733966,0.9629333377671745,0.035862846543680105,0.035862846543680105
13,Bolívar,13268,El Peñón,8018,0.3262702597549766,-0.8751392780329474,1.201409537787924,0.0004253272081124423,-0.875139278032948,1.2014095377879246,False,False,0.0004253272081124423,-0.875139278032948,1.2014095377879246,0.0,0.0,0.0004253272081124423,-0.875139278032948,1.2014095377879246,0.0,0.0,0.00042011037847591637,-0.8845713748199825,1.210841634574959,-0.009432096787034494,-0.009432096787034494,0.00042011037847591637,-0.8845713748199825,1.210841634574959,-0.009432096787034494,-0.009432096787034494
13,Bolívar,13300,Hatillo de Loba,13252,-0.2982366951526553,-0.8778506250463126,0.5796139298936573,0.0004238275802170126,-0.8778506250463132,0.5796139298936579,False,False,0.0004238275802170126,-0.8778506250463132,0.5796139298936579,0.0,0.0,0.0004238275802170126,-0.8778506250463132,0.5796139298936579,0.0,0.0,0.00041944510360027897,-0.8857742005693725,0.5875375054167172,-0.007923575523059334,-0.007923575523059334,0.00041944510360027897,-0.8857742005693725,0.5875375054167172,-0.007923575523059334,-0.007923575523059334
13,Bolívar,13430,Magangué,149065,0.0007996193571843,-0.4732742266351852,0.4740738459923695,0.0006475960797484612,-0.4732742266351855,0.4740738459923698,False,False,0.0006500478446179693,-0.4688414034150561,0.4696410227722404,0.004432823220129389,0.004432823220129389,0.0006475960797484612,-0.4732742266351855,0.4740738459923698,0.0,0.0,0.0006240603418391149,-0.5158271511855569,0.5166267705427412,-0.04255292455037141,-0.04255292455037141,0.000626512106708623,-0.5113943279654275,0.5121939473226118,-0.03812010133024202,-0.03812010133024202
13,Bolívar,13433,Mahates,31676,-0.3046900450955174,-0.6315312276901657,0.3268411825946483,0.0005600651911313909,-0.631531227690166,0.3268411825946486,False,False,0.0005698355004249544,-0.6138663796278624,0.309176334532345,0.017664848062303617,0.017664848062303617,0.0005600651911313909,-0.631531227690166,0.3268411825946486,0.0,0.0,0.0005557219289741713,-0.6393839029532287,0.3346938578577113,-0.007852675263062658,-0.007852675263062658,0.0005653393095835544,-0.6219955519688829,0.3173055068733655,0.00953567572128311,0.00953567572128311
13,Bolívar,13440,Margarita,11721,-0.5691063675777011,-0.7673535566419165,0.1982471890642154,0.00048494276957699456,-0.767353556641917,0.1982471890642159,False,False,0.00048494276957699456,-0.767353556641917,0.1982471890642159,0.0,0.0,0.00048494276957699456,-0.767353556641917,0.1982471890642159,0.0,0.0,0.0004761578914838171,-0.7832367320971783,0.2141303645194772,-0.0158831754552613,-0.0158831754552613,0.0004761578914838171,-0.7832367320971783,0.2141303645194772,-0.0158831754552613,-0.0158831754552613
13,Bolívar,13442,María La Baja,48970,-0.1048647701332969,-0.6178743154353754,0.5130095453020785,0.0005676187379410632,-0.6178743154353757,0.5130095453020789,False,False,0.0005995388888923823,-0.5601622615240107,0.45529749139071385,0.057712053911365024,0.057712053911365024,0.0005676187379410632,-0.6178743154353757,0.5130095453020789,0.0,0.0,0.0005627853156003152,-0.6266132067749267,0.5217484366416298,-0.00873889133955097,-0.00873889133955097,0.0005940565713263785,-0.5700743639890324,0.46520959385573557,0.0477999514463433,0.0477999514463433
13,Bolívar,13458,Montecristo,16510,-0.3516887480152112,-0.9408478284533608,0.5891590804381496,0.0003889842484348468,-0.9408478284533613,0.5891590804381501,False,False,0.0003986629643402502,-0.9233485824448663,0.5716598344296551,0.017499246008495062,0.017499246008495062,0.0003889842484348468,-0.9408478284533613,0.5891590804381501,0.0,0.0,0.0003882784494343962,-0.9421239223548818,0.5904351743396706,-0.001276093901520503,-0.001276093901520503,0.00039795716533979963,-0.9246246763463868,0.5729359283311756,0.01622315210697456,0.01622315210697456
13,Bolívar,13468,Mompós,48552,0.0962850496819452,-0.5009014299534014,0.5971864796353465,0.0006323156584064201,-0.5009014299534017,0.5971864796353469,False,False,0.0006323156584064201,-0.5009014299534017,0.5971864796353469,0.0,0.0,0.0006323156584064201,-0.5009014299534017,0.5971864796353469,0.0,0.0,0.0006127241331736905,-0.5363231659646606,0.6326082156466057,-0.035421736011258864,-0.035421736011258864,0.0006127241331736905,-0.5363231659646606,0.6326082156466057,-0.035421736011258864,-0.035421736011258864
13,Bolívar,13473,Morales,25591,-0.5223508037860463,-1.055495135063078,0.5331443312770316,0.00032557359008668373,-1.0554951350630783,0.5331443312770321,False,False,0.00032557359008668373,-1.0554951350630783,0.5331443312770321,0.0,0.0,0.00032557359008668373,-1.0554951350630783,0.5331443312770321,0.0,0.0,0.00032368934507578836,-1.0589018748938785,0.5365510711078323,-0.0034067398308001984,-0.0034067398308001984,0.00032368934507578836,-1.0589018748938785,0.5365510711078323,-0.0034067398308001984,-0.0034067398308001984
13,Bolívar,13490,Norosí,12515,-0.5691063675777011,-1.0543536361031922,0.4852472685254911,0.0003262049455252942,-1.0543536361031929,0.4852472685254918,False,False,0.0003262049455252942,-1.0543536361031929,0.4852472685254918,0.0,0.0,0.0003262049455252942,-1.0543536361031929,0.4852472685254918,0.0,0.0,0.00032241162795254623,-1.0612120043043718,0.49210563672667074,-0.0068583682011789104,-0.0068583682011789104,0.00032241162795254623,-1.0612120043043718,0.49210563672667074,-0.0068583682011789104,-0.0068583682011789104
13,Bolívar,13549,Pinillos,25747,-0.4761618200193653,-0.9686937224852984,0.4925319024659332,0.00037358287072198644,-0.9686937224852991,0.49253190246593376,False,False,0.00037358287072198644,-0.9686937224852991,0.49253190246593376,0.0,0.0,0.00037358287072198644,-0.9686937224852991,0.49253190246593376,0.0,0.0,0.0003656631775898199,-0.9830126321202228,0.5068508121008575,-0.014318909634923771,-0.014318909634923715,0.0003656631775898199,-0.9830126321202228,0.5068508121008575,-0.014318909634923771,-0.014318909634923715
13,Bolívar,13580,Regidor,7810,-0.262698779103377,-0.7842212629728771,0.5215224838695001,0.0004756133540425259,-0.7842212629728775,0.5215224838695005,False,False,0.0004756133540425259,-0.7842212629728775,0.5215224838695005,0.0,0.0,0.0004756133540425259,-0.7842212629728775,0.5215224838695005,0.0,0.0,0.0004685773780793004,-0.7969424003111067,0.5342436212077297,-0.012721137338229216,-0.012721137338229216,0.0004685773780793004,-0.7969424003111067,0.5342436212077297,-0.012721137338229216,-0.012721137338229216
13,Bolívar,13600,Río Viejo,12277,-0.2767250937341965,-1.0633986759522658,0.7866735822180693,0.0003212021944919219,-1.0633986759522664,0.7866735822180699,False,False,0.0003212021944919219,-1.0633986759522664,0.7866735822180699,0.0,0.0,0.0003212021944919219,-1.0633986759522664,0.7866735822180699,0.0,0.0,0.00031748184894767777,-1.07012510976349,0.7934000160292936,-0.00672643381122362,-0.00672643381122362,0.00031748184894767777,-1.07012510976349,0.7934000160292936,-0.00672643381122362,-0.00672643381122362
13,Bolívar,13620,San Cristóbal,9542,-0.0675253015570616,-0.7753347320979975,0.7078094305409359,0.0004805284348226236,-0.7753347320979981,0.7078094305409365,False,False,0.0004916428649253796,-0.755239695885212,0.6877143943281504,0.020095036212786077,0.020095036212786077,0.0004805284348226236,-0.7753347320979981,0.7078094305409365,0.0,0.0,0.00047784227699866703,-0.7801913408711533,0.7126660393140917,-0.004856608773155191,-0.004856608773155191,0.0004888324324051699,-0.7603209949482383,0.6927956933911767,0.015013737149759732,0.015013737149759732
13,Bolívar,13647,San Estanislao,21053,-0.0007685378184101,0.1782319977618353,-0.1790005355802454,0.0010079398141859142,0.1782319977618355,-0.1790005355802456,False,False,0.0010139358937826034,0.1890729887542875,-0.1898415265726976,0.010840990992452004,0.010840990992452004,0.0010079398141859142,0.1782319977618355,-0.1790005355802456,0.0,0.0,0.001004707854467638,0.1723885719652288,-0.1731571097836389,-0.005843425796606683,-0.005843425796606683,0.001010579659368074,0.1830048726678097,-0.1837734104862198,0.004772874905974223,0.004772874905974223
13,Bolívar,13650,San Fernando,12766,-0.3816519365903542,-0.8956641781618273,0.5140122415714732,0.0004139750231532864,-0.8956641781618279,0.5140122415714736,False,False,0.0004139750231532864,-0.8956641781618279,0.5140122415714736,0.0,0.0,0.0004139750231532864,-0.8956641781618279,0.5140122415714736,0.0,0.0,0.0004044990012301869,-0.9127969507770086,0.5311450141866545,-0.017132772615180758,-0.01713277261518087,0.0004044990012301869,-0.9127969507770086,0.5311450141866545,-0.017132772615180758,-0.01713277261518087
13,Bolívar,13654,San Jacinto,27176,0.9718951467999936,-0.8932929940340464,1.86518814083404,0.00041528650923223234,-0.8932929940340469,1.8651881408340405,True,False,0.0004444760676652401,-0.8405178874092751,1.8124130342092686,0.052775106624771806,0.05277510662477192,0.00041528650923223234,-0.8932929940340469,1.8651881408340405,0.0,0.0,0.0006162525174313823,-0.5299438006912797,1.5018389474912732,0.3633491933427673,0.3633491933427673,0.0006504063541911457,-0.46819321337840963,1.4400883601784031,0.4250997806556373,0.42509978065563736
13,Bolívar,13655,San Jacinto del Cauca,10708,-0.0104018321872288,-0.9376399755358764,0.9272381433486476,0.0003907584904244489,-0.9376399755358771,0.9272381433486483,False,False,0.0004293287550322748,-0.8679044284259261,0.8575025962386973,0.069735547109951,0.069735547109951,0.0003907584904244489,-0.9376399755358771,0.9272381433486483,0.0,0.0,0.00038865133197723943,-0.9414497457995141,0.9310479136122853,-0.0038097702636370467,-0.0038097702636370467,0.0004272215965850653,-0.8717141986895632,0.8613123665023344,0.06592577684631384,0.06592577684631384
13,Bolívar,13657,San Juan Nepomuceno,42048,0.1707519481043317,-1.0055096529395873,1.1762616010439189,0.0003532202258693358,-1.0055096529395877,1.1762616010439193,False,False,0.00038958805549273054,-0.9397561373291624,1.110508085433494,0.0657535156104253,0.0657535156104252,0.0003532202258693358,-1.0055096529395877,1.1762616010439193,0.0,0.0,0.00034603881272888735,-1.018493742612391,1.1892456907167226,-0.01298408967280329,-0.01298408967280329,0.00038163689681632414,-0.9541319370830673,1.124883885187399,0.0513777158565204,0.05137771585652029
13,Bolívar,13667,San Martín de Loba,15853,-0.1162501386018977,-0.9853016601530225,0.8690515215511246,0.00036439713149742143,-0.9853016601530229,0.8690515215511252,False,False,0.00036439713149742143,-0.9853016601530229,0.8690515215511252,0.0,0.0,0.00036439713149742143,-0.9853016601530229,0.8690515215511252,0.0,0.0,0.0003584629039364752,-0.996030821849092,0.8797806832471943,-0.010729161696069078,-0.010729161696069078,0.0003584629039364752,-0.996030821849092,0.8797806832471943,-0.010729161696069078,-0.010729161696069078
13,Bolívar,13670,San Pablo,29026,0.1316745791896109,-0.357144248409974,0.4888188275995849,0.0007118267938487639,-0.3571442484099742,0.4888188275995851,False,False,0.0007118267938487639,-0.3571442484099742,0.4888188275995851,0.0,0.0,0.0007118267938487639,-0.3571442484099742,0.4888188275995851,0.0,0.0,0.0007118267938487639,-0.3571442484099742,0.4888188275995851,0.0,0.0,0.0007118267938487639,-0.3571442484099742,0.4888188275995851,0.0,0.0
13,Bolívar,13673,Santa Catalina,15213,-0.4118038456566814,0.3913493298435564,-0.8031531755002378,0.0011258135849035304,0.39134932984355664,-0.803153175500238,False,False,0.0011282614916673015,0.39577517755762937,-0.8075790232143107,0.004425847714072728,0.004425847714072728,0.0011258135849035304,0.39134932984355664,-0.803153175500238,0.0,0.0,0.0011235483086659227,0.38725368052948145,-0.7990575261861628,-0.004095649314075189,-0.004095649314075245,0.0011259962154296938,0.3916795282435542,-0.8034833739002356,0.00033019839999753886,0.00033019839999759437
13,Bolívar,13683,Santa Rosa,22371,0.7145429637804701,0.679790139922724,0.0347528238577461,0.0012853482674221625,0.6797901399227243,0.03475282385774581,False,False,0.0012877961741859336,0.684215987636797,0.03032697614367308,0.004425847714072728,0.004425847714072728,0.0012853482674221625,0.6797901399227243,0.03475282385774581,0.0,0.0,0.0012821764925715923,0.6740555291607019,0.040487434619768226,-0.0057346107620224185,-0.0057346107620224185,0.0012846243993353634,0.6784813768747746,0.0360615869056955,-0.0013087630479496903,-0.0013087630479496903
13,Bolívar,13688,Santa Rosa del Sur,33643,0.3200248283562488,0.0238270416117837,0.296197786744465,0.000922539465837354,0.023827041611783787,0.296197786744465,False,False,0.000922539465837354,0.023827041611783787,0.296197786744465,0.0,0.0,0.000922539465837354,0.023827041611783787,0.296197786744465,0.0,0.0,0.000922539465837354,0.023827041611783787,0.296197786744465,0.0,0.0,0.000922539465837354,0.023827041611783787,0.296197786744465,0.0,0.0
13,Bolívar,13744,Simití,18510,-0.116613043377504,-0.7404218612047903,0.6238088178272863,0.0004998385101626321,-0.7404218612047907,0.6238088178272867,False,False,0.0004998385101626321,-0.7404218612047907,0.6238088178272867,0.0,0.0,0.0004998385101626321,-0.7404218612047907,0.6238088178272867,0.0,0.0,0.000499454512323466,-0.7411161343625087,0.6245030909850047,-0.0006942731577179728,-0.0006942731577179728,0.000499454512323466,-0.7411161343625087,0.6245030909850047,-0.0006942731577179728,-0.0006942731577179728
13,Bolívar,13760,Soplaviento,12824,0.0840167945359643,-0.809483099783542,0.8934998943195064,0.00046164120109259905,-0.8094830997835425,0.8934998943195068,False,False,0.00047275563119535504,-0.7893880635707565,0.8734048581067209,0.020095036212785966,0.020095036212785966,0.00046164120109259905,-0.8094830997835425,0.8934998943195068,0.0,0.0,0.00045903082638012245,-0.8142026916916468,0.8982194862276112,-0.004719591908104337,-0.004719591908104337,0.00047002098178662534,-0.7943323457687318,0.8783491403046961,0.015150754014810697,0.015150754014810697
13,Bolívar,13780,Talaigua Nuevo,14965,-0.1693330187663962,-0.5931321248980868,0.4237991061316906,0.0005813034780133798,-0.5931321248980871,0.4237991061316909,False,False,0.0005837552428828879,-0.5886993016779577,0.4193662829115615,0.004432823220129389,0.004432823220129389,0.0005813034780133798,-0.5931321248980871,0.4237991061316909,0.0,0.0,0.0005612821176538652,-0.6293310084876216,0.4599979897212254,-0.03619888358953449,-0.03619888358953449,0.0005637338825233734,-0.6248981852674922,0.455565166501096,-0.0317660603694051,-0.0317660603694051
13,Bolívar,13810,Tiquisio,18535,0.0118860627934948,-1.1758293484937354,1.1877154112872303,0.00025901754161864544,-1.175829348493736,1.1877154112872308,False,False,0.00026869625752404887,-1.1583301024852413,1.170216165278736,0.01749924600849484,0.01749924600849484,0.00025901754161864544,-1.175829348493736,1.1877154112872308,0.0,0.0,0.0002551975150266099,-1.1827360069540496,1.1946220697475445,-0.006906658460313464,-0.006906658460313686,0.0002648762309320133,-1.1652367609455545,1.1771228237390492,0.010592587548181598,0.010592587548181598
13,Bolívar,13836,Turbaco,124939,0.3215403629730305,0.7931361109563799,-0.4715957479833494,0.0013480391657685418,0.7931361109563804,-0.47159574798334986,False,False,0.0013542613022291875,0.8043858157403051,-0.4828454527672746,0.01124970478392473,0.01124970478392473,0.0013480391657685418,0.7931361109563804,-0.47159574798334986,0.0,0.0,0.001344577192618349,0.7868768178412466,-0.4653364548682161,-0.006259293115133735,-0.006259293115133735,0.0013507706750910675,0.7980747158370847,-0.47653435286405416,0.0049386048807043,0.0049386048807043
13,Bolívar,13838,Turbaná,17726,-0.299102614222802,0.1214429191028588,-0.4205455333256608,0.0009765301546724119,0.12144291910285894,-0.4205455333256609,False,False,0.0009838525572022042,0.13468191945108962,-0.4337845336738916,0.013239000348230681,0.013239000348230667,0.0009765301546724119,0.12144291910285894,-0.4205455333256609,0.0,0.0,0.0009738852421253089,0.11666088233423441,-0.41576349655703637,-0.0047820367686245285,-0.004782036768624542,0.000981054715970921,0.12962338560450773,-0.42872599982730974,0.00818046650164879,0.008180466501648831
13,Bolívar,13873,Villanueva,28802,0.0124957038718959,0.0581998707814632,-0.0457041669095673,0.0009415508477127097,0.05819987078146324,-0.04570416690956734,False,False,0.0009439987544764808,0.06262571849553598,-0.050130014623640085,0.004425847714072742,0.004425847714072742,0.0009415508477127097,0.05819987078146324,-0.04570416690956734,0.0,0.0,0.0009390135896484162,0.05361247473760145,-0.04111677086570555,-0.00458739604386179,-0.00458739604386179,0.0009414614964121874,0.05803832245167439,-0.04554261857977849,-0.00016154832978885342,-0.00016154832978885342
13,Bolívar,13894,Zambrano,13291,-0.2090065607934906,-0.8277953993645685,0.6187888385710779,0.00045151279069518234,-0.827795399364569,0.6187888385710785,False,False,0.000476497505191869,-0.7826227060338924,0.5736161452404018,0.04517269333067664,0.04517269333067664,0.00045151279069518234,-0.827795399364569,0.6187888385710785,0.0,0.0,0.0004347900224348419,-0.8580303849340263,0.6490238241405357,-0.03023498556945725,-0.03023498556945725,0.00045921440857804786,-0.8138707726565522,0.6048642118630616,0.013924626708016863,0.013924626708016863
15,Boyacá,15001,Tunja,187765,1.0720047438276863,2.6037460566638604,-1.531741312836174,0.0023494754145928307,2.603746056663862,-1.5317413128361759,False,False,0.0023494754145928307,2.603746056663862,-1.5317413128361759,0.0,0.0,0.0023494754145928307,2.603746056663862,-1.5317413128361759,0.0,0.0,0.002349453856387977,2.6037070791451575,-1.5317023353174712,-3.89775187046304e-05,-3.89775187046304e-05,0.002349453856387977,2.6037070791451575,-1.5317023353174712,-3.89775187046304e-05,-3.89775187046304e-05
15,Boyacá,15022,Almeida,1825,-0.4326249120053926,-0.7825686237341047,0.3499437117287121,0.0004765274177500956,-0.7825686237341052,0.3499437117287126,False,False,0.0004765274177500956,-0.7825686237341052,0.3499437117287126,0.0,0.0,0.0004765274177500956,-0.7825686237341052,0.3499437117287126,0.0,0.0,0.00047648169910808046,-0.7826512836418468,0.35002637163645417,-8.265990774158904e-05,-8.265990774158904e-05,0.00047648169910808046,-0.7826512836418468,0.35002637163645417,-8.265990774158904e-05,-8.265990774158904e-05
15,Boyacá,15047,Aquitania,15405,0.2321536613038857,0.8143812662710216,-0.5822276049671359,0.0013597897190527671,0.814381266271022,-0.5822276049671363,False,False,0.0013597897190527671,0.814381266271022,-0.5822276049671363,0.0,0.0,0.0013597897190527671,0.814381266271022,-0.5822276049671363,0.0,0.0,0.0013596243769011009,0.8140823254801298,-0.5819286641762441,-0.0002989407908922104,-0.0002989407908922104,0.0013596243769011009,0.8140823254801298,-0.5819286641762441,-0.0002989407908922104,-0.0002989407908922104
15,Boyacá,15051,Arcabuco,6370,0.6022797153993451,1.9113159435209208,-1.3090362281215755,0.001966496951051975,1.911315943520922,-1.3090362281215768,False,False,0.001966496951051975,1.911315943520922,-1.3090362281215768,0.0,0.0,0.001966496951051975,1.911315943520922,-1.3090362281215768,0.0,0.0,0.001966463306830961,1.9112551143255991,-1.308975398926254,-6.082919532279796e-05,-6.082919532279796e-05,0.001966463306830961,1.9112551143255991,-1.308975398926254,-6.082919532279796e-05,-6.082919532279796e-05
15,Boyacá,15087,Belén,7638,0.0083233121715677,0.2672648911408027,-0.2589415789692351,0.0010571833119247755,0.26726489114080293,-0.25894157896923525,False,False,0.0010775564641847275,0.30409981912607326,-0.2957765069545056,0.03683492798527033,0.03683492798527033,0.0010571833119247755,0.26726489114080293,-0.25894157896923525,0.0,0.0,0.0010562069663023264,0.2654996453784994,-0.25717633320693173,-0.0017652457623035245,-0.0017652457623035245,0.0010765801185622784,0.3023345733637698,-0.2940112611922021,0.03506968222296686,0.03506968222296686
15,Boyacá,15090,Berbeo,1645,-1.0882532040559325,-0.0021256241350514,-1.086127579920881,0.0009081852200241588,-0.0021256241350514943,-1.086127579920881,False,False,0.0009081852200241588,-0.0021256241350514943,-1.086127579920881,0.0,0.0,0.0009081852200241588,-0.0021256241350514943,-1.086127579920881,0.0,0.0,0.000908174502863126,-0.0021450009035461834,-1.0861082031523863,-1.9376768494689094e-05,-1.937676849461667e-05,0.000908174502863126,-0.0021450009035461834,-1.0861082031523863,-1.9376768494689094e-05,-1.937676849461667e-05
15,Boyacá,15092,Betéitiva,1825,-1.0882532040559325,1.0022486476010726,-2.090501851657005,0.0014636979109201743,1.0022486476010732,-2.090501851657006,False,False,0.001484071063180126,1.039083575586343,-2.1273367796422757,0.03683492798526977,0.03683492798526977,0.0014636979109201743,1.0022486476010732,-2.090501851657006,0.0,0.0,0.001462792505301,1.0006116623003103,-2.088864866356243,-0.0016369853007629498,-0.0016369853007631718,0.0014831656575609517,1.03744659028558,-2.1256997943415126,0.03519794268450682,0.0351979426845066
15,Boyacá,15097,Boavita,5145,-0.1580128674244569,-0.694303710993648,0.5362908435691911,0.0005253461505352334,-0.6943037109936483,0.5362908435691914,False,False,0.0006011636027631447,-0.5572247574174988,0.3992118899930419,0.13707895357614952,0.13707895357614952,0.0006781774900370865,-0.417982633498475,0.2599697660740181,0.2763210774951733,0.2763210774951733,0.0005228906712393725,-0.6987432499456127,0.5407303825211558,-0.004439538951964361,-0.004439538951964361,0.0007515394629691371,-0.28534321887428954,0.12733035144983265,0.40896049211935875,0.4089604921193588
15,Boyacá,15104,Boyacá,5297,0.7188400683506901,2.538364927149681,-1.819524858798991,0.002313313549228178,2.5383649271496824,-1.8195248587989923,False,False,0.002313313549228178,2.5383649271496824,-1.8195248587989923,0.0,0.0,0.002313313549228178,2.5383649271496824,-1.8195248587989923,0.0,0.0,0.002313294005204767,2.5383295912975914,-1.8194895229469012,-3.533585209103407e-05,-3.533585209103407e-05,0.002313294005204767,2.5383295912975914,-1.8194895229469012,-3.533585209103407e-05,-3.533585209103407e-05
15,Boyacá,15106,Briceño,2247,-0.5557558150963262,0.1773353371199578,-0.7330911522162841,0.0010074438771831384,0.17733533711995791,-0.7330911522162842,False,False,0.0010098595967888947,0.18170299002782692,-0.7374588051241531,0.004367652907869002,0.004367652907868891,0.0010219381948176763,0.20354125456717262,-0.7592970696634989,0.026205917447214705,0.026205917447214677,0.0010073231877708083,0.17711712907070562,-0.7328729441670319,-0.0002182080492522942,-0.00021820804925232196,0.0010242332250111027,0.2076906994257897,-0.7634465145221159,0.030355362305831773,0.03035536230583169
15,Boyacá,15109,Buenavista,4509,-0.0268013229361852,-0.3464913724072261,0.3196900494710409,0.0007177188283030503,-0.3464913724072264,0.3196900494710412,False,False,0.0007201345479088066,-0.3421237194993572,0.315322396563172,0.004367652907869168,0.004367652907869168,0.0007322131459375882,-0.3202854549600117,0.2934841320238265,0.026205917447214677,0.026205917447214677,0.0007172355375917451,-0.3473651683873345,0.3205638454511493,-0.0008737959801081163,-0.0008737959801081163,0.0007341455748320392,-0.3167915980322508,0.2899902750960656,0.029699774374975563,0.029699774374975563
15,Boyacá,15114,Busbanzá,1288,-1.0882532040559325,1.1188895111750312,-2.2071427152309635,0.0015282111922892815,1.1188895111750319,-2.2071427152309644,False,False,0.0015485843445492335,1.155724439160302,-2.2439776432162346,0.036834927985270216,0.036834927985270216,0.0015282111922892815,1.1188895111750319,-2.2071427152309644,0.0,0.0,0.0015272787141266805,1.1172035783586967,-2.205456782414629,-0.0016859328163352227,-0.0016859328163354448,0.0015476518663866323,1.1540385063439667,-2.242291710399899,0.03514899516893477,0.03514899516893477
15,Boyacá,15131,Caldas,2893,-0.6746612120088411,0.4441265367019161,-1.1187877487107571,0.001155004304961686,0.44412653670191643,-1.1187877487107576,False,False,0.0011574200245674422,0.44849418960978543,-1.1231554016186265,0.004367652907869002,0.004367652907868891,0.0011694986225962239,0.4703324541491311,-1.1449936661579723,0.026205917447214677,0.026205917447214677,0.0011548476500743057,0.44384330259942867,-1.1185045146082697,-0.0002832341024877616,-0.0002832341024878726,0.0011717576873145998,0.47441687295451235,-1.1490780849633535,0.030290336252595917,0.030290336252595917
15,Boyacá,15135,Campohermoso,3186,-0.7126971359478862,-0.8566649543763818,0.1439678184284956,0.00043554523294217333,-0.8566649543763822,0.14396781842849604,False,False,0.00043554523294217333,-0.8566649543763822,0.14396781842849604,0.0,0.0,0.00043554523294217333,-0.8566649543763822,0.14396781842849604,0.0,0.0,0.0004343010657782835,-0.8589144250178797,0.14621728906999354,-0.0022494706414974974,-0.0022494706414974974,0.0004343010657782835,-0.8589144250178797,0.14621728906999354,-0.0022494706414974974,-0.0022494706414974974
15,Boyacá,15162,Cerinza,3583,-0.7543091256321994,0.8316066763737359,-1.5859158020059354,0.0013693169781505193,0.8316066763737363,-1.5859158020059358,False,False,0.0013896901304104713,0.8684416043590066,-1.622750729991206,0.03683492798527033,0.036834927985270216,0.0013693169781505193,0.8316066763737363,-1.5859158020059358,0.0,0.0,0.00136855049106664,0.8302208576169684,-1.5845299832491677,-0.0013858187567679092,-0.0013858187567681313,0.0013889236433265921,0.8670557856022387,-1.6213649112344382,0.03544910922850242,0.03544910922850231
15,Boyacá,15172,Chinavita,3093,-1.0882532040559325,-0.0359114465960209,-1.0523417574599114,0.0008894985076325861,-0.03591144659602101,-1.0523417574599114,False,False,0.0008894985076325861,-0.03591144659602101,-1.0523417574599114,0.0,0.0,0.0008894985076325861,-0.03591144659602101,-1.0523417574599114,0.0,0.0,0.0008894668654762623,-0.035968656031979435,-1.052284548023953,-5.720943595842465e-05,-5.7209435958327504e-05,0.0008894668654762623,-0.035968656031979435,-1.052284548023953,-5.720943595842465e-05,-5.7209435958327504e-05
15,Boyacá,15176,Chiquinquirá,58135,-0.2855638828776891,0.2184428850559563,-0.5040067679336454,0.0010301801869559788,0.21844288505595646,-0.5040067679336455,False,False,0.001032595906561735,0.22281053796382544,-0.5083744208415145,0.004367652907868974,0.004367652907869002,0.0010446745045905167,0.24464880250317117,-0.5302126853808602,0.026205917447214705,0.026205917447214677,0.0010300509402629118,0.21820920533027086,-0.50377308820796,-0.00023367972568560935,-0.00023367972568555384,0.001046960977503206,0.24878277568535453,-0.5343466585630436,0.03033989062939807,0.030339890629398125
15,Boyacá,15180,Chiscas,4078,-0.2080264019527676,-1.1945207713650612,0.9864943694122936,0.00024867944066552444,-1.1945207713650619,0.9864943694122943,False,False,0.0003179055789269808,-1.069359000372382,0.8613325984196145,0.12516177099267978,0.12516177099267978,0.00040151078016737764,-0.9181996938698884,0.7101732919171209,0.27632107749517343,0.27632107749517343,0.0002480915477850179,-1.1955836894466725,0.9875572874939049,-0.001062918081610631,-0.001062918081610631,0.00047014902554832745,-0.7941008409588193,0.5860744390060517,0.4004199304062426,0.4004199304062426
15,Boyacá,15183,Chita,8239,-0.652573522179891,-1.149170270471527,0.496596748291636,0.000273762499335777,-1.1491702704715276,0.4965967482916367,False,False,0.00046310459567535994,-0.8068372630773597,0.15426374089746875,0.34233300739416794,0.34233300739416794,0.0009684504061623824,0.10683462723380614,-0.759408149413697,1.2560048977053337,1.2560048977053337,0.00027288262834494135,-1.1507610888274806,0.4981875666475897,-0.0015908183559529832,-0.0015908183559529832,0.0011569126315111298,0.44757681627202106,-1.100150338451912,1.5967470867435487,1.5967470867435487
15,Boyacá,15185,Chitaraque,5961,-0.8875282194908871,0.3067485102279453,-1.1942767297188324,0.0010790214375146496,0.3067485102279456,-1.1942767297188328,False,False,0.0010790214375146496,0.3067485102279456,-1.1942767297188328,0.0,0.0,0.0010790214375146496,0.3067485102279456,-1.1942767297188328,0.0,0.0,0.0010789763133058304,0.3066669250632622,-1.1941951445541492,-8.158516468337318e-05,-8.158516468359522e-05,0.0010789763133058304,0.3066669250632622,-1.1941951445541492,-8.158516468337318e-05,-8.158516468359522e-05
15,Boyacá,15187,Chivatá,2858,1.423688642673742,2.416978180439385,-0.993289537765643,0.002246175351644135,2.4169781804393864,-0.9932895377656443,False,False,0.002246175351644135,2.4169781804393864,-0.9932895377656443,0.0,0.0,0.002246175351644135,2.4169781804393864,-0.9932895377656443,0.0,0.0,0.0022461548136813985,2.4169410475318864,-0.9932524048581444,-3.7132907499959344e-05,-3.7132907499959344e-05,0.0022461548136813985,2.4169410475318864,-0.9932524048581444,-3.7132907499959344e-05,-3.7132907499959344e-05
15,Boyacá,15189,Ciénega,4535,-1.0882532040559325,1.5746947176951749,-2.6629479217511074,0.001780314002888698,1.5746947176951755,-2.6629479217511083,False,False,0.001780314002888698,1.5746947176951755,-2.6629479217511083,0.0,0.0,0.001780314002888698,1.5746947176951755,-2.6629479217511083,0.0,0.0,0.001780298224700569,1.5746661905229413,-2.662919394578874,-2.8527172234227294e-05,-2.8527172234227294e-05,0.001780298224700569,1.5746661905229413,-2.662919394578874,-2.8527172234227294e-05,-2.8527172234227294e-05
15,Boyacá,15204,Cómbita,13473,-0.0225470067793924,1.6761235781078088,-1.6986705848872012,0.0018364136270705709,1.6761235781078099,-1.6986705848872024,False,False,0.0018364136270705709,1.6761235781078099,-1.6986705848872024,0.0,0.0,0.0018364136270705709,1.6761235781078099,-1.6986705848872024,0.0,0.0,0.0018363712137286377,1.6760468942262097,-1.6985939010056021,-7.668388160020356e-05,-7.668388160020356e-05,0.0018363712137286377,1.6760468942262097,-1.6985939010056021,-7.668388160020356e-05,-7.668388160020356e-05
15,Boyacá,15212,Coper,3513,-0.4070567150196471,-0.5487365270925603,0.1416798120729132,0.000605858386173517,-0.5487365270925606,0.14167981207291352,False,False,0.0006133251558640366,-0.5352365090136924,0.12817979399404528,0.013500018078868248,0.013500018078868248,0.0006506590043166342,-0.46773641861935145,0.06067970359970437,0.08100010847320915,0.08100010847320915,0.0006053408392621954,-0.5496722587340996,0.14261554371445256,-0.0009357316415390393,-0.0009357316415390393,0.0006576082270958321,-0.4551721321820224,0.04811541716237533,0.0935643949105382,0.0935643949105382
15,Boyacá,15215,Corrales,2561,-0.6210444445900068,0.9560328698281606,-1.5770773144181676,0.0014381362733962416,0.9560328698281612,-1.577077314418168,False,False,0.0014585094256561934,0.992867797813431,-1.6139122424034378,0.03683492798526988,0.03683492798526977,0.0014381362733962416,0.9560328698281612,-1.577077314418168,0.0,0.0,0.0014372894543941174,0.9545018099037172,-1.575546254493724,-0.0015310599244439116,-0.0015310599244440226,0.0014576626066540692,0.9913367378889872,-1.6123811824789942,0.03530386806082608,0.03530386806082619
15,Boyacá,15218,Covarachía,2873,0.5776314224560553,-0.5639755582809364,1.1416069807369915,0.0005974297799653253,-0.5639755582809367,1.141606980736992,False,False,0.0006732472321932366,-0.42689660470478713,1.0045280271608423,0.13707895357614958,0.13707895357614963,0.0007502611194671785,-0.2876544807857634,0.8652859032418186,0.2763210774951733,0.2763210774951733,0.0005958090396698484,-0.5669058781109254,1.1445373005669808,-0.0029303198299887034,-0.0029303198299888145,0.000824457831399613,-0.15350584703960227,0.7311372694956575,0.41046971124133447,0.41046971124133447
15,Boyacá,15223,Cubará,12974,-0.1660074564127729,-0.8968007682418807,0.7307933118291078,0.00041334638278327294,-0.8968007682418812,0.7307933118291082,False,False,0.00042750216901236965,-0.8712069200405579,0.705199463627785,0.025593848201323266,0.025593848201323266,0.00041334638278327294,-0.8968007682418812,0.7307933118291082,0.0,0.0,0.0004133084222682276,-0.8968694013537403,0.7308619449409673,-6.863311185911769e-05,-6.863311185911769e-05,0.00042746420849732434,-0.8712755531524169,0.705268096739644,0.02552521508946426,0.02552521508946426
15,Boyacá,15224,Cucaita,3801,0.1709118924894347,2.2430447055647216,-2.072132813075287,0.0021499739102257866,2.243044705564723,-2.0721328130752883,False,False,0.0021499739102257866,2.243044705564723,-2.0721328130752883,0.0,0.0,0.0021499739102257866,2.243044705564723,-2.0721328130752883,0.0,0.0,0.002149951569778662,2.2430043137416757,-2.072092421252241,-4.039182304715894e-05,-4.039182304715894e-05,0.002149951569778662,2.2430043137416757,-2.072092421252241,-4.039182304715894e-05,-4.039182304715894e-05
15,Boyacá,15226,Cuítiva,1837,-1.0882532040559325,1.2084470812791217,-2.2967002853350538,0.0015777448852149626,1.2084470812791221,-2.2967002853350547,False,False,0.0015843361991814177,1.220364263862592,-2.3086174679185243,0.011917182583469854,0.011917182583469632,0.0015777448852149626,1.2084470812791221,-2.2967002853350547,0.0,0.0,0.0015776344686443942,1.2082474466632624,-2.296500650719195,-0.00019963461585970066,-0.00019963461585970066,0.0015842257826108493,1.220164629246732,-2.3084178333026646,0.011717547967609931,0.011717547967609931
15,Boyacá,15232,Chíquiza,4813,-0.5910491180421218,1.7751709261599162,-2.366220044202038,0.001891196052697057,1.7751709261599173,-2.366220044202039,False,False,0.001891196052697057,1.7751709261599173,-2.366220044202039,0.0,0.0,0.001891196052697057,1.7751709261599173,-2.366220044202039,0.0,0.0,0.001891171663693195,1.775126830519271,-2.3661759485613927,-4.4095640646446554e-05,-4.4095640646446554e-05,0.001891171663693195,1.775126830519271,-2.3661759485613927,-4.4095640646446554e-05,-4.4095640646446554e-05
15,Boyacá,15236,Chivor,2702,-1.0882532040559325,-0.7838457713555236,-0.3044074327004089,0.00047582103594421817,-0.783845771355524,-0.3044074327004085,False,False,0.00047582103594421817,-0.783845771355524,-0.3044074327004085,0.0,0.0,0.00047582103594421817,-0.783845771355524,-0.3044074327004085,0.0,0.0,0.0004745523125166356,-0.7861396400456478,-0.30211356401028466,-0.0022938686901238237,-0.0022938686901238237,0.0004745523125166356,-0.7861396400456478,-0.30211356401028466,-0.0022938686901238237,-0.0022938686901238237
15,Boyacá,15238,Duitama,134425,-0.100238316481909,1.4706549702282268,-1.5708932867101355,0.001722770314542716,1.4706549702282277,-1.5708932867101366,False,False,0.0017293616285091711,1.4825721528116975,-1.5828104692936065,0.011917182583469854,0.011917182583469854,0.001722770314542716,1.4706549702282277,-1.5708932867101366,0.0,0.0,0.0017225640264402653,1.4702819986182853,-1.5705203151001943,-0.0003729716099423186,-0.0003729716099423186,0.0017291553404067204,1.4821991812017552,-1.5824374976836642,0.011544210973527536,0.011544210973527536
15,Boyacá,15244,El Cocuy,4305,0.0234974421621723,-0.97364894069762,0.9971463828597924,0.0003708421726768788,-0.9736489406976206,0.997146382859793,False,False,0.0005389508711409301,-0.6697061967073764,0.6932036388695487,0.30394274399024424,0.30394274399024424,0.0008432299493189705,-0.11956561025799368,0.14306305242016598,0.8540833304396269,0.8540833304396269,0.0003691389759137375,-0.976728342908656,1.0002257850708283,-0.003079402211035309,-0.003079402211035309,0.0010096354510198806,0.18129773152121537,-0.15780028935904306,1.154946672218836,1.154946672218836
15,Boyacá,15248,El Espino,3128,0.4418256105121432,-1.0703003460567857,1.512125956568929,0.00031738492692610573,-1.0703003460567864,1.5121259565689296,True,False,0.00041379261366906685,-0.8959939769150753,1.3378195874272185,0.17430636914171105,0.17430636914171105,0.00047021626642795893,-0.7939792685616129,1.2358048790737561,0.27632107749517343,0.27632107749517343,0.00040280828834642307,-0.9158537819694809,1.3576793924816242,0.1544465640873055,0.1544465640873054,0.0006520473145912374,-0.4652263353325965,0.9070519458447397,0.6050740107241899,0.6050740107241899
15,Boyacá,15272,Firavitoba,7088,-0.7506342331213288,2.130813118142981,-2.8814473512643093,0.0020878993700004446,2.130813118142982,-2.8814473512643106,False,False,0.0020944906839668997,2.142730300726452,-2.8933645338477807,0.011917182583470076,0.011917182583470076,0.0020878993700004446,2.130813118142982,-2.8814473512643106,0.0,0.0,0.0020877662587172052,2.130572451187295,-2.8812066843086237,-0.00024066695568691898,-0.00024066695568691898,0.0020943575726836603,2.142489633770765,-2.8931238668920938,0.011676515627783157,0.011676515627783157
15,Boyacá,15276,Floresta,3328,-0.0096579820076435,1.1141131937117932,-1.1237711757194366,0.0015255694430517284,1.1141131937117938,-1.1237711757194373,False,False,0.0015321607570181835,1.1260303762952637,-1.1356883583029072,0.011917182583469854,0.011917182583469854,0.0015255694430517284,1.1141131937117938,-1.1237711757194373,0.0,0.0,0.0015248343389088154,1.112784115726199,-1.1224420977338425,-0.0013290779855947843,-0.0013290779855947843,0.0015314256528752704,1.124701298309669,-1.1343592803173124,0.01058810459787507,0.01058810459787507
15,Boyacá,15293,Gachantivá,2765,-0.6555148196102777,1.7113037425352553,-2.366818562145533,0.0018558715406762965,1.7113037425352564,-2.366818562145534,False,False,0.0018558715406762965,1.7113037425352564,-2.366818562145534,0.0,0.0,0.0018558715406762965,1.7113037425352564,-2.366818562145534,0.0,0.0,0.0018558357449025421,1.7112390233042019,-2.3667538429144797,-6.471923105455524e-05,-6.471923105433319e-05,0.0018558357449025421,1.7112390233042019,-2.3667538429144797,-6.471923105455524e-05,-6.471923105433319e-05
15,Boyacá,15296,Gámeza,4687,-0.8329680252651845,0.2898210279644688,-1.1227890532296534,0.0010696589603117798,0.28982102796446896,-1.1227890532296536,False,False,0.0011545358425348073,0.44327955045562006,-1.2762475757208045,0.1534585224911511,0.15345852249115088,0.001222490299813633,0.5661421054596425,-1.399110130724827,0.27632107749517354,0.27632107749517343,0.0010687298599157868,0.2881412021947102,-1.1211092274598946,-0.0016798257697587804,-0.0016798257697590024,0.0013064380816406674,0.7179208021810345,-1.5508888274462191,0.42809977421656553,0.42809977421656553
15,Boyacá,15299,Garagoa,19295,-0.7781931799584368,-0.0995448476557711,-0.6786483323026657,0.00085430329918458,-0.09954484765577118,-0.6786483323026656,False,False,0.00085430329918458,-0.09954484765577118,-0.6786483323026656,0.0,0.0,0.00085430329918458,-0.09954484765577118,-0.6786483323026656,0.0,0.0,0.000854291744276059,-0.09956573908277357,-0.6786274408756633,-2.0891427002386886e-05,-2.0891427002345253e-05,0.000854291744276059,-0.09956573908277357,-0.6786274408756633,-2.0891427002386886e-05,-2.0891427002345253e-05
15,Boyacá,15317,Guacamayas,1811,0.2331400957698381,-0.9313125804916468,1.1644526762614849,0.0003942581302960542,-0.9313125804916472,1.1644526762614853,False,False,0.0004906658170390154,-0.7570062113499363,0.9901463071197744,0.17430636914171094,0.17430636914171094,0.0005470894697979075,-0.6549915029964737,0.8881315987663118,0.27632107749517354,0.27632107749517354,0.0003925460087585541,-0.9344081188124311,1.1675482145822693,-0.0030955383207839082,-0.0030955383207840192,0.0006417850350033684,-0.48378067217554677,0.7169207679453848,0.44753190831610046,0.44753190831610046
15,Boyacá,15322,Guateque,11331,-0.1378785948484383,0.0203342083018423,-0.1582128031502806,0.0009206076030990714,0.02033420830184235,-0.15821280315028066,False,False,0.0009206076030990714,0.02033420830184235,-0.15821280315028066,0.0,0.0,0.0009206076030990714,0.02033420830184235,-0.15821280315028066,0.0,0.0,0.0009205098209870312,0.020157416953636122,-0.15803601180207444,-0.0001767913482062268,-0.00017679134820622333,0.0009205098209870312,0.020157416953636122,-0.15803601180207444,-0.0001767913482062268,-0.00017679134820622333
15,Boyacá,15325,Guayatá,3455,-1.0882532040559325,-0.3859479632278697,-0.7023052408280628,0.0006958956518665701,-0.3859479632278699,-0.7023052408280626,False,False,0.0006958956518665701,-0.3859479632278699,-0.7023052408280626,0.0,0.0,0.0006958956518665701,-0.3859479632278699,-0.7023052408280626,0.0,0.0,0.0006958173080989853,-0.3860896097929307,-0.7021635942630018,-0.00014164656506082673,-0.00014164656506077122,0.0006958173080989853,-0.3860896097929307,-0.7021635942630018,-0.00014164656506082673,-0.00014164656506077122
15,Boyacá,15332,Güicán de La Sierra,4383,0.5496956432982565,-0.3053242795654237,0.8550199228636802,0.0007404880719649628,-0.3053242795654239,0.8550199228636803,False,False,0.0008097142102264192,-0.180162508572744,0.7298581518710004,0.12516177099267992,0.1251617709926799,0.000893319411466816,-0.029003202070250592,0.5786988453685071,0.2763210774951733,0.2763210774951732,0.0007384511595739508,-0.3090070440329884,0.8587026873312449,-0.003682764467564492,-0.0036827644675645477,0.0009605086373372604,0.09247580445486511,0.45721983884339135,0.397800084020289,0.397800084020289
15,Boyacá,15362,Iza,1934,0.1491011216857793,1.3968597859218927,-1.2477586642361134,0.0016819546917586736,1.3968597859218936,-1.2477586642361143,False,False,0.0016885460057251285,1.408776968505363,-1.2596758468195837,0.01191718258346941,0.01191718258346941,0.0016819546917586736,1.3968597859218936,-1.2477586642361143,0.0,0.0,0.001681847649832459,1.3966662527075335,-1.2475651310217541,-0.00019353321436010873,-0.00019353321436010873,0.001688438963798914,1.408583435291003,-1.2594823136052236,0.011723649369109301,0.011723649369109301
15,Boyacá,15367,Jenesano,7401,0.2051089178110964,1.0235835900110757,-0.8184746721999793,0.0014754981248462098,1.0235835900110763,-0.8184746721999799,False,False,0.0014754981248462098,1.0235835900110763,-0.8184746721999799,0.0,0.0,0.0014754981248462098,1.0235835900110763,-0.8184746721999799,0.0,0.0,0.0014754651946077342,1.0235240517055992,-0.8184151338945028,-5.9538305477113695e-05,-5.9538305477113695e-05,0.0014754651946077342,1.0235240517055992,-0.8184151338945028,-5.9538305477113695e-05,-5.9538305477113695e-05
15,Boyacá,15368,Jericó,4024,-0.4935605435230124,-0.6273466136674429,0.1337860701444305,0.0005623796731542186,-0.6273466136674433,0.1337860701444309,False,False,0.0007146717477963826,-0.3520005341508931,-0.14156000937211927,0.27534607951655016,0.27534607951655016,0.0010347674497963102,0.22673671677218363,-0.720297260295196,0.8540833304396269,0.8540833304396269,0.0005604740524984933,-0.630792000946017,0.13723145742300458,-0.003445387278573686,-0.003445387278573686,0.0011851539037827491,0.49863740901016035,-0.9921979525331728,1.1259840226776037,1.1259840226776037
15,Boyacá,15377,Labranzagrande,3741,-0.7684131524675242,-0.2557611623920868,-0.5126519900754374,0.0007679011005191118,-0.25576116239208696,-0.5126519900754372,False,False,0.0008135242545316669,-0.17327389821859834,-0.5951392542489258,0.08248726417348862,0.08248726417348862,0.0007679011005191118,-0.25576116239208696,-0.5126519900754372,0.0,0.0,0.0007674249880133488,-0.2566219800819022,-0.511791172385622,-0.0008608176898152187,-0.0008608176898151632,0.000813048142025904,-0.17413471590841356,-0.5942784365591106,0.0816264464836734,0.08162644648367345
15,Boyacá,15380,La Capilla,2586,-0.1628691104811179,-0.0755105172686975,-0.0873585932124204,0.0008675965265430711,-0.07551051726869754,-0.08735859321242037,False,False,0.0008675965265430711,-0.07551051726869754,-0.08735859321242037,0.0,0.0,0.0008675965265430711,-0.07551051726869754,-0.08735859321242037,0.0,0.0,0.0008675328048288633,-0.07562572696840383,-0.08724338351271407,-0.00011520969970629791,-0.00011520969970629791,0.0008675328048288633,-0.07562572696840383,-0.08724338351271407,-0.00011520969970629791,-0.00011520969970629791
15,Boyacá,15401,La Victoria,1142,-1.0882532040559325,-0.6384887768884193,-0.4497644271675132,0.0005562170172126361,-0.6384887768884198,-0.44976442716751275,False,False,0.0005671173406768841,-0.6187808483018852,-0.46947235575404733,0.019707928586534584,0.019707928586534584,0.0006010176353557533,-0.5574886684152106,-0.5307645356407219,0.08100010847320915,0.08100010847320915,0.000555111519932993,-0.6404875305502972,-0.44776567350563534,-0.001998753661877406,-0.001998753661877406,0.0006108124615403581,-0.5397794934905537,-0.5484737105653789,0.09870928339786611,0.09870928339786611
15,Boyacá,15403,La Uvita,2854,-0.6690094643950231,-0.9033034608517312,0.234293996456708,0.00040974978700078295,-0.9033034608517315,0.23429399645670845,False,False,0.0005916403237583311,-0.574442971459687,-0.09456649293533603,0.3288604893920445,0.3288604893920445,0.0008821375636428747,-0.04922013041210443,-0.6197893339829187,0.8540833304396271,0.8540833304396271,0.00040784930918531765,-0.9067395498072868,0.2377300854122637,-0.00343608895555525,-0.00343608895555525,0.0010621276225849573,0.27620427002438425,-0.9452137344194074,1.1795077308761157,1.1795077308761157
15,Boyacá,15407,Villa de Leyva,19143,-0.2756960693905687,1.4258773225952657,-1.7015733919858342,0.0016980040971787621,1.4258773225952666,-1.7015733919858351,False,False,0.0016980040971787621,1.4258773225952666,-1.7015733919858351,0.0,0.0,0.0016980040971787621,1.4258773225952666,-1.7015733919858351,0.0,0.0,0.0016979815558328677,1.425836567544594,-1.7015326369351627,-4.075505067246965e-05,-4.075505067246965e-05,0.0016979815558328677,1.425836567544594,-1.7015326369351627,-4.075505067246965e-05,-4.075505067246965e-05
15,Boyacá,15425,Macanal,5314,-0.6379251524969429,-0.1524762416740345,-0.4854489108229084,0.0008250272992397228,-0.15247624167403465,-0.4854489108229083,False,False,0.0008250272992397228,-0.15247624167403465,-0.4854489108229083,0.0,0.0,0.0008250272992397228,-0.15247624167403465,-0.4854489108229083,0.0,0.0,0.000823783132075833,-0.15472571231553203,-0.4831994401814109,-0.0022494706414973864,-0.0022494706414973864,0.000823783132075833,-0.15472571231553203,-0.4831994401814109,-0.0022494706414973864,-0.0022494706414973864
15,Boyacá,15442,Maripí,5887,-1.0882532040559325,-0.4777158781536103,-0.6105373259023222,0.000645139432006223,-0.47771587815361055,-0.6105373259023219,False,False,0.0006475551516119793,-0.4733482252457413,-0.6149049788101912,0.004367652907869224,0.004367652907869335,0.0006596337496407609,-0.4515099607063958,-0.6367432433495367,0.026205917447214733,0.026205917447214788,0.0006446795469967229,-0.4785473563161598,-0.6097058477397728,-0.0008314781625492484,-0.0008314781625491374,0.0006615895842370171,-0.44797378596107595,-0.6402794180948566,0.029742092192534597,0.029742092192534653
15,Boyacá,15455,Miraflores,9038,-0.8234774499085027,-0.3238896277221026,-0.4995878221864001,0.0007302197020931312,-0.32388962772210284,-0.49958782218639985,False,False,0.0007302197020931312,-0.32388962772210284,-0.49958782218639985,0.0,0.0,0.0007302197020931312,-0.32388962772210284,-0.49958782218639985,0.0,0.0,0.0007302089849320985,-0.3239090044905973,-0.4995684454179054,-1.9376768494450136e-05,-1.9376768494450136e-05,0.0007302089849320985,-0.3239090044905973,-0.4995684454179054,-1.9376768494450136e-05,-1.9376768494450136e-05
15,Boyacá,15464,Mongua,4526,-0.5595207104667874,0.140600976437722,-0.7001216869045095,0.0009871263480257459,0.1406009764377221,-0.7001216869045095,False,False,0.001032749502038301,0.2230882406112107,-0.7826089510779981,0.08248726417348859,0.08248726417348862,0.0009871263480257459,0.1406009764377221,-0.7001216869045095,0.0,0.0,0.0009867343399786752,0.139892220718467,-0.6994129311852544,-0.0007087557192551053,-0.0007087557192551053,0.0010323574939912303,0.22237948489195558,-0.781900195358743,0.08177850845423348,0.08177850845423351
15,Boyacá,15466,Monguí,4325,-0.5349484026722398,0.6496195312541019,-1.1845679339263415,0.0012686611055950222,0.6496195312541023,-1.184567933926342,False,False,0.0012752524195614773,0.6615367138375722,-1.196485116509812,0.011917182583469854,0.011917182583470076,0.0012686611055950222,0.6496195312541023,-1.184567933926342,0.0,0.0,0.001268366471244264,0.6490868284620313,-1.184035231134271,-0.0005327027920710714,-0.0005327027920709604,0.001274957785210719,0.6610040110455011,-1.1959524137177409,0.011384479791398783,0.011384479791398894
15,Boyacá,15469,Moniquirá,23763,-0.1315595615506735,0.5738492922635388,-0.7054088538142123,0.0012267530932773387,0.5738492922635391,-0.7054088538142126,False,False,0.0012267530932773387,0.5738492922635391,-0.7054088538142126,0.0,0.0,0.0012267530932773387,0.5738492922635391,-0.7054088538142126,0.0,0.0,0.0012267294363478387,0.5738065202229945,-0.705366081773668,-4.277204054459194e-05,-4.277204054459194e-05,0.0012267294363478387,0.5738065202229945,-0.705366081773668,-4.277204054459194e-05,-4.277204054459194e-05
15,Boyacá,15476,Motavita,5281,-0.8616821695942329,2.522558738200291,-3.384240907794524,0.002304571251856394,2.5225587382002925,-3.3842409077945255,False,False,0.002304571251856394,2.5225587382002925,-3.3842409077945255,0.0,0.0,0.002304571251856394,2.5225587382002925,-3.3842409077945255,0.0,0.0,0.00230454979395111,2.5225199420245334,-3.3842021116187664,-3.8796175759081564e-05,-3.8796175759081564e-05,0.00230454979395111,2.5225199420245334,-3.3842021116187664,-3.8796175759081564e-05,-3.8796175759081564e-05
15,Boyacá,15480,Muzo,8228,-0.215728921368352,-0.841949584400414,0.626220663032062,0.0004436842056368343,-0.8419495844004145,0.6262206630320625,False,False,0.00045115097532735386,-0.8284495663215462,0.6127206449531942,0.013500018078868248,0.013500018078868248,0.0004884848237799514,-0.7609494759272054,0.5452205545588534,0.08100010847320904,0.08100010847320904,0.00044308942196932203,-0.8430249611158134,0.6272960397474614,-0.0010753767153989235,-0.0010753767153989235,0.0004953568098029587,-0.7485248345637362,0.5327959131953842,0.09342474983667826,0.09342474983667826
15,Boyacá,15491,Nobsa,16962,-0.6650053678365355,2.03613298353157,-2.7011383513681047,0.002035532420913361,2.0361329835315702,-2.7011383513681055,False,False,0.002042123734879816,2.0480501661150403,-2.713055533951576,0.011917182583470076,0.01191718258347052,0.002035532420913361,2.0361329835315702,-2.7011383513681055,0.0,0.0,0.002035341187160037,2.0357872303833995,-2.700792598219935,-0.00034575314817075764,-0.00034575314817075764,0.0020419325011264916,2.0477044129668687,-2.7127097808034044,0.01157142943529843,0.011571429435298874
15,Boyacá,15494,Nuevo Colón,5229,-0.6306048456729776,1.0059163943600515,-1.6365212400330291,0.0014657265171170292,1.0059163943600522,-1.6365212400330298,False,False,0.0014657265171170292,1.0059163943600522,-1.6365212400330298,0.0,0.0,0.0014657265171170292,1.0059163943600522,-1.6365212400330298,0.0,0.0,0.0014656816247025407,1.0058352282825758,-1.6364400739555534,-8.116607747643556e-05,-8.116607747643556e-05,0.0014656816247025407,1.0058352282825758,-1.6364400739555534,-8.116607747643556e-05,-8.116607747643556e-05
15,Boyacá,15500,Oicatá,2929,0.5457811189105886,2.510492142668744,-1.9647110237581555,0.002297897298587861,2.510492142668746,-1.9647110237581573,False,False,0.002297897298587861,2.510492142668746,-1.9647110237581573,0.0,0.0,0.002297897298587861,2.510492142668746,-1.9647110237581573,0.0,0.0,0.002297868617186033,2.5104402863159643,-1.9646591674053757,-5.18563527815985e-05,-5.18563527815985e-05,0.002297868617186033,2.5104402863159643,-1.9646591674053757,-5.18563527815985e-05,-5.18563527815985e-05
15,Boyacá,15507,Otanche,8190,-0.3577760166369854,-0.7926501827791315,0.4348741661421461,0.00047095137488327747,-0.792650182779132,0.43487416614214663,False,False,0.0004733670944890338,-0.7882825298712628,0.4305065132342774,0.004367652907869224,0.004367652907869224,0.0004854456925178154,-0.7664442653319172,0.40866824869493185,0.026205917447214788,0.026205917447214788,0.00047030944215158273,-0.7938108056244166,0.43603478898743125,-0.0011606228452846201,-0.0011606228452846201,0.000487219479391877,-0.7632372352693327,0.40546121863234735,0.02941294750979928,0.02941294750979928
15,Boyacá,15511,Pachavita,2301,-1.0882532040559325,-0.0228816147268133,-1.0653715893291191,0.0008967052204758715,-0.022881614726813403,-1.0653715893291191,False,False,0.0008967052204758715,-0.022881614726813403,-1.0653715893291191,0.0,0.0,0.0008967052204758715,-0.022881614726813403,-1.0653715893291191,0.0,0.0,0.0008966595767305471,-0.0229641392203504,-1.0652890648355822,-8.252449353699648e-05,-8.252449353696178e-05,0.0008966595767305471,-0.0229641392203504,-1.0652890648355822,-8.252449353699648e-05,-8.252449353696178e-05
15,Boyacá,15514,Páez,3376,-1.0882532040559325,-0.8687176823973757,-0.2195355216585568,0.00042887894970096023,-0.8687176823973761,-0.2195355216585564,False,False,0.00042887894970096023,-0.8687176823973761,-0.2195355216585564,0.0,0.0,0.00042887894970096023,-0.8687176823973761,-0.2195355216585564,0.0,0.0,0.00042887894970096023,-0.8687176823973761,-0.2195355216585564,0.0,0.0,0.00042887894970096023,-0.8687176823973761,-0.2195355216585564,0.0,0.0
15,Boyacá,15516,Paipa,37880,-0.045876913434397,1.5039743481138643,-1.5498512615482614,0.001741199039559972,1.5039743481138652,-1.5498512615482622,False,False,0.001747790353526427,1.5158915306973348,-1.5617684441317319,0.011917182583469632,0.011917182583469632,0.001741199039559972,1.5039743481138652,-1.5498512615482622,0.0,0.0,0.0017410594942900955,1.5037220484254812,-1.5495989618598782,-0.00025229968838402783,-0.00025229968838402783,0.0017476508082565506,1.515639231008951,-1.561516144443348,0.011664882895085826,0.011664882895085826
15,Boyacá,15518,Pajarito,2205,-0.002972811319211,-0.3010558073661462,0.2980829960469351,0.0007428489353842704,-0.30105580736614634,0.29808299604693533,False,False,0.0007428489353842704,-0.30105580736614634,0.29808299604693533,0.0,0.0,0.0007428489353842704,-0.30105580736614634,0.29808299604693533,0.0,0.0,0.0007427198949243794,-0.30128911421952986,0.29831630290031885,-0.0002333068533835192,-0.0002333068533835192,0.0007427198949243794,-0.30128911421952986,0.29831630290031885,-0.0002333068533835192,-0.0002333068533835192
15,Boyacá,15522,Panqueba,1725,-1.0882532040559325,-0.933977232219228,-0.1542759718367046,0.0003927843292508217,-0.9339772322192285,-0.15427597183670405,False,False,0.0004891920159937829,-0.7596708630775174,-0.3285823409784151,0.17430636914171105,0.17430636914171105,0.0005456156687526748,-0.6576561547240551,-0.43059704933187737,0.2763210774951733,0.2763210774951733,0.0003910800747786851,-0.9370585467820772,-0.15119465727385528,-0.0030813145628487693,-0.0030813145628487693,0.0006403191010234994,-0.48643110014519286,-0.6018221039107396,0.4475461320740356,0.4475461320740356
15,Boyacá,15531,Pauna,7346,-0.2738496967102782,-0.4913812357682814,0.2175315390580032,0.0006375812141244961,-0.4913812357682817,0.2175315390580035,False,False,0.0006399969337302525,-0.4870135828604125,0.21316388615013432,0.004367652907869168,0.004367652907869168,0.0006520755317590341,-0.465175318321067,0.1913256216107888,0.026205917447214677,0.026205917447214677,0.0006371853134484057,-0.49209702941214406,0.21824733270186586,-0.0007157936438623724,-0.0007157936438623724,0.0006540953506886999,-0.46152345905706016,0.18767376234678196,0.02985777671122153,0.02985777671122153
15,Boyacá,15533,Paya,2735,-1.0882532040559325,-0.2626974429601093,-0.8255557610958232,0.0007640646901374605,-0.26269744296010944,-0.8255557610958231,False,False,0.0008285684201005362,-0.14607384845422833,-0.9421793556017042,0.11662359450588111,0.11662359450588111,0.0009168960296393137,0.013623634535064068,-1.1018768385909965,0.2763210774951735,0.27632107749517343,0.0007634435835893745,-0.2638204117907553,-0.8244327922651772,-0.0011229688306458874,-0.0011229688306458874,0.0009807786530543034,0.12912426021029935,-1.2173774642662318,0.39182170317040876,0.39182170317040876
15,Boyacá,15537,Paz de Río,4373,-0.267405982702924,-0.3549687404357265,0.0875627577328025,0.0007130300527561739,-0.3549687404357268,0.08756275773280281,False,False,0.0007826182469315871,-0.2291523675754971,-0.03825361512742689,0.1258163728602297,0.1258163728602297,0.0008658613922580271,-0.07864766294055345,-0.18875831976237054,0.2763210774951733,0.2763210774951733,0.0007119168320087013,-0.3569814582293039,0.0895754755263799,-0.00201271779357709,-0.00201271779357709,0.0009343363656859677,0.045155992126099345,-0.3125619748290233,0.4001247325618261,0.4001247325618261
15,Boyacá,15542,Pesca,7014,-0.2353007995847068,0.8044737682326015,-1.0397745678173085,0.0013543099481643152,0.8044737682326021,-1.039774567817309,False,False,0.0013543099481643152,0.8044737682326021,-1.039774567817309,0.0,0.0,0.0013543099481643152,0.8044737682326021,-1.039774567817309,0.0,0.0,0.0013542911111106358,0.8044397105911097,-1.0397405101758166,-3.405764149233548e-05,-3.405764149233548e-05,0.0013542911111106358,0.8044397105911097,-1.0397405101758166,-3.405764149233548e-05,-3.405764149233548e-05
15,Boyacá,15550,Pisba,1951,-0.4749668724351046,-0.2753805673051985,-0.1995863051299061,0.0007570497389064513,-0.27538056730519866,-0.19958630512990594,False,False,0.0009097568120232823,0.0007158349269189194,-0.4756827073620235,0.27609640223211757,0.27609640223211757,0.0009098810784083045,0.0009405101899746646,-0.47590738262507926,0.2763210774951733,0.2763210774951733,0.0007564772555638706,-0.2764156247390048,-0.19855124769609983,-0.001035057433806108,-0.001035057433806108,0.0010620156681825548,0.27600185498828617,-0.7509687274233907,0.5513824222934849,0.5513824222934848
15,Boyacá,15572,Puerto Boyacá,47787,0.3139108038869218,-0.2474114518910289,0.5613222557779507,0.0007725192695415298,-0.24741145189102903,0.5613222557779508,False,False,0.0007725192695415298,-0.24741145189102903,0.5613222557779508,0.0,0.0,0.0007725192695415298,-0.24741145189102903,0.5613222557779508,0.0,0.0,0.0007721160049756822,-0.24814055954469372,0.5620513634316155,-0.0007291076536646846,-0.0007291076536647401,0.0007721160049756822,-0.24814055954469372,0.5620513634316155,-0.0007291076536646846,-0.0007291076536647401
15,Boyacá,15580,Quípama,5005,-0.8491879427188225,-0.659030498045202,-0.1901574446736205,0.0005448555286554721,-0.6590304980452023,-0.19015744467362017,False,False,0.0005472712482612283,-0.6546628451373333,-0.19452509758148917,0.004367652907869002,0.004367652907869002,0.00055934984629001,-0.6328245805979876,-0.21636336212083485,0.026205917447214677,0.026205917447214677,0.0005440393014993731,-0.66050624750856,-0.18868169521026246,-0.0014757494633577117,-0.0014757494633577117,0.0005609493387396673,-0.6299326771534761,-0.21925526556534636,0.02909782089172619,0.02909782089172619
15,Boyacá,15599,Ramiriquí,10131,-0.4977282642709975,1.3603440000958005,-1.858072264366798,0.001661758054892049,1.3603440000958014,-1.8580722643667988,False,False,0.001661758054892049,1.3603440000958014,-1.8580722643667988,0.0,0.0,0.001661758054892049,1.3603440000958014,-1.8580722643667988,0.0,0.0,0.0016617434752088346,1.3603176398362598,-1.8580459041072572,-2.6360259541613473e-05,-2.6360259541613473e-05,0.0016617434752088346,1.3603176398362598,-1.8580459041072572,-2.6360259541613473e-05,-2.6360259541613473e-05
15,Boyacá,15600,Ráquira,8043,-0.7907220258905128,1.566548062037909,-2.3572700879284216,0.0017758081421420382,1.56654806203791,-2.3572700879284225,False,False,0.0017758081421420382,1.56654806203791,-2.3572700879284225,0.0,0.0,0.0017758081421420382,1.56654806203791,-2.3572700879284225,0.0,0.0,0.0017757378218506926,1.5664209220237106,-2.357142947914223,-0.00012714001419933396,-0.00012714001419933396,0.0017757378218506926,1.5664209220237106,-2.357142947914223,-0.00012714001419933396,-0.00012714001419933396
15,Boyacá,15621,Rondón,2467,-0.6032424083557966,1.366881623220334,-1.9701240315761304,0.001665373970508541,1.3668816232203347,-1.9701240315761313,False,False,0.001665373970508541,1.3668816232203347,-1.9701240315761313,0.0,0.0,0.001665373970508541,1.3668816232203347,-1.9701240315761313,0.0,0.0,0.0016653572584818727,1.3668514076557052,-1.9700938160115018,-3.0215564629454406e-05,-3.0215564629454406e-05,0.0016653572584818727,1.3668514076557052,-1.9700938160115018,-3.0215564629454406e-05,-3.0215564629454406e-05
15,Boyacá,15632,Saboyá,14424,-0.6734855830797,0.3878082139069436,-1.0612937969866436,0.0011238550173674243,0.38780821390694387,-1.0612937969866438,False,False,0.0011238550173674243,0.38780821390694387,-1.0612937969866438,0.0,0.0,0.0011238550173674243,0.38780821390694387,-1.0612937969866438,0.0,0.0,0.0011237309974578735,0.387583984274791,-1.061069567354491,-0.0002242296321528503,-0.0002242296321528503,0.0011237309974578735,0.387583984274791,-1.061069567354491,-0.0002242296321528503,-0.0002242296321528503
15,Boyacá,15638,Sáchica,6250,0.2518510248953707,1.4440459940549548,-1.192194969159584,0.001708053067823073,1.4440459940549555,-1.1921949691595848,False,False,0.001708053067823073,1.4440459940549555,-1.1921949691595848,0.0,0.0,0.001708053067823073,1.4440459940549555,-1.1921949691595848,0.0,0.0,0.0017080226096734352,1.443990925318701,-1.1921399004233304,-5.5068736254382245e-05,-5.5068736254382245e-05,0.0017080226096734352,1.443990925318701,-1.1921399004233304,-5.5068736254382245e-05,-5.5068736254382245e-05
15,Boyacá,15646,Samacá,19327,-0.5310692284296006,1.2215911985837584,-1.752660427013359,0.0015850148085680671,1.221591198583759,-1.7526604270133597,False,False,0.0015850148085680671,1.221591198583759,-1.7526604270133597,0.0,0.0,0.0015850148085680671,1.221591198583759,-1.7526604270133597,0.0,0.0,0.0015849687112948559,1.2215078541058213,-1.7525770825354219,-8.334447793778565e-05,-8.334447793778565e-05,0.0015849687112948559,1.2215078541058213,-1.7525770825354219,-8.334447793778565e-05,-8.334447793778565e-05
15,Boyacá,15660,San Eduardo,1672,-0.3726302178165573,0.0229862484228186,-0.395616466239376,0.0009220744287490566,0.022986248422818708,-0.395616466239376,False,False,0.0009220744287490566,0.022986248422818708,-0.395616466239376,0.0,0.0,0.0009220744287490566,0.022986248422818708,-0.395616466239376,0.0,0.0,0.0009220670633420314,0.022972931669775654,-0.39560314948633296,-1.3316753043054325e-05,-1.3316753043057794e-05,0.0009220670633420314,0.022972931669775654,-0.39560314948633296,-1.3316753043054325e-05,-1.3316753043057794e-05
15,Boyacá,15664,San José de Pare,4871,-0.8426113167653894,0.6068220328871492,-1.4494333496525384,0.001244990095543811,0.6068220328871495,-1.449433349652539,False,False,0.001244990095543811,0.6068220328871495,-1.449433349652539,0.0,0.0,0.001244990095543811,0.6068220328871495,-1.449433349652539,0.0,0.0,0.0012449673534737117,0.6067809149244674,-1.4493922316898566,-4.1117962682135634e-05,-4.1117962682246656e-05,0.0012449673534737117,0.6067809149244674,-1.4493922316898566,-4.1117962682135634e-05,-4.1117962682246656e-05
15,Boyacá,15667,San Luis de Gaceno,5304,-0.862664660882434,-0.5912839427538149,-0.2713807181286191,0.0005823256951938893,-0.5912839427538152,-0.27138071812861875,False,False,0.0005823256951938893,-0.5912839427538152,-0.27138071812861875,0.0,0.0,0.0005823256951938893,-0.5912839427538152,-0.27138071812861875,0.0,0.0,0.0005810879301328564,-0.5935218383089108,-0.2691428225735232,-0.0022378955550955704,-0.0022378955550955704,0.0005810879301328564,-0.5935218383089108,-0.2691428225735232,-0.0022378955550955704,-0.0022378955550955704
15,Boyacá,15673,San Mateo,3397,-0.7360242864838878,-0.9483202790304744,0.2122959925465866,0.00038485128600789756,-0.948320279030475,0.21229599254658715,False,False,0.0004812589727508587,-0.7740139098887641,0.037989623404876216,0.17430636914171094,0.17430636914171094,0.0005376826255097507,-0.6719992015353017,-0.06402508494858616,0.2763210774951733,0.2763210774951733,0.00038296336715032875,-0.9517336612245147,0.2157093747406269,-0.003413382194039749,-0.003413382194039749,0.0006322023933951431,-0.5011062145876305,-0.23491807189625735,0.4472140644428445,0.4472140644428445
15,Boyacá,15676,San Miguel de Sema,3081,1.2418765583437463,0.5472707993854192,0.6946057589583271,0.0012120527066643253,0.5472707993854196,0.6946057589583268,False,False,0.0012144684262700815,0.5516384522932885,0.6902381060504579,0.004367652907868891,0.004367652907868891,0.0012265470242988632,0.5734767168326342,0.6683998415111121,0.026205917447214677,0.026205917447214677,0.0012119153697788291,0.5470224924851212,0.6948540658586251,-0.0002483069002983118,-0.0002483069002983118,0.0012288254070191233,0.5775960628402049,0.6642804955035414,0.030325263454785367,0.030325263454785367
15,Boyacá,15681,San Pablo de Borbur,6772,-0.7348800106146343,-0.949060520075718,0.2141805094610838,0.00038444186363764487,-0.9490605200757186,0.21418050946108436,False,False,0.00038685758324340117,-0.9446928671678496,0.20981285655321535,0.004367652907869002,0.004367652907869002,0.0003989361812721828,-0.9228546026285039,0.18797459201386968,0.026205917447214677,0.026205917447214677,0.000384050366616856,-0.9497683518527164,0.2148883412380821,-0.000707831776997736,-0.000707831776997736,0.0004009604038571502,-0.9191947814976327,0.1843147708829984,0.029865738578085943,0.029865738578085943
15,Boyacá,15686,Santana,7746,-0.6248443609140907,0.4506269823472522,-1.0754713432613427,0.0011585996579631342,0.45062698234725246,-1.0754713432613432,False,False,0.0011585996579631342,0.45062698234725246,-1.0754713432613432,0.0,0.0,0.0011585996579631342,0.45062698234725246,-1.0754713432613432,0.0,0.0,0.001158540590168905,0.45052018699624746,-1.0753645479103382,-0.00010679535100499571,-0.00010679535100499571,0.001158540590168905,0.45052018699624746,-1.0753645479103382,-0.00010679535100499571,-0.00010679535100499571
15,Boyacá,15690,Santa María,3640,-0.1021090010403539,-0.7062149995870098,0.6041059985466559,0.0005187580964952789,-0.7062149995870103,0.6041059985466564,False,False,0.0005187580964952789,-0.7062149995870103,0.6041059985466564,0.0,0.0,0.0005187580964952789,-0.7062149995870103,0.6041059985466564,0.0,0.0,0.0005175139293313891,-0.7084644702285077,0.6063554691881538,-0.0022494706414973864,-0.0022494706414973864,0.0005175139293313891,-0.7084644702285077,0.6063554691881538,-0.0022494706414973864,-0.0022494706414973864
15,Boyacá,15693,Santa Rosa de Viterbo,13452,-0.0208833262751695,2.0615701093259227,-2.082453435601092,0.0020496015250275634,2.0615701093259235,-2.082453435601093,False,False,0.0020561928389940184,2.0734872919093936,-2.094370618184563,0.011917182583470076,0.011917182583470076,0.0020496015250275634,2.0615701093259235,-2.082453435601093,0.0,0.0,0.002048940459295572,2.06037489376376,-2.0812582200389294,-0.0011952155621637317,-0.0011952155621637317,0.002055531773262027,2.0722920763472295,-2.093175402622399,0.0107219670213059,0.0107219670213059
15,Boyacá,15696,Santa Sofía,3338,0.3455654094758053,0.895611289518208,-0.5500458800424027,0.0014047175015193473,0.8956112895182086,-0.5500458800424033,False,False,0.0014047175015193473,0.8956112895182086,-0.5500458800424033,0.0,0.0,0.0014047175015193473,0.8956112895182086,-0.5500458800424033,0.0,0.0,0.0014046949601734529,0.8955705344675361,-0.5500051249917308,-4.075505067246965e-05,-4.075505067246965e-05,0.0014046949601734529,0.8955705344675361,-0.5500051249917308,-4.075505067246965e-05,-4.075505067246965e-05
15,Boyacá,15720,Sativanorte,2080,0.0622483661289091,-0.237053623918595,0.2993019900475041,0.0007782481149039849,-0.23705362391859516,0.29930199004750424,False,False,0.0008478363090793982,-0.11123725105836527,0.17348561718727437,0.1258163728602299,0.12581637286022987,0.0009310794544058382,0.03926745357657838,0.022980912552330715,0.27632107749517354,0.27632107749517354,0.0007761762178223388,-0.24079964116823538,0.3030480072971445,-0.0037460172496402155,-0.0037460172496402433,0.0009985957514996053,0.16133780918716803,-0.09908944305825892,0.3983914331057632,0.3983914331057632
15,Boyacá,15723,Sativasur,1055,1.180034251853518,-0.2167138509757142,1.3967481028292323,0.0007894979072549804,-0.21671385097571438,1.3967481028292323,True,False,0.0008981179414764937,-0.02032739652546574,1.2003616483789838,0.19638645445024863,0.1963864544502485,0.0009423292467568335,0.059607226519458954,1.1204270253340591,0.2763210774951733,0.2763210774951732,0.0008365439006756068,-0.1316540743867595,1.3116883262402776,0.08505977658895489,0.0850597765889547,0.0010979952743989734,0.3410534575586627,0.8389807942948554,0.5577673085343771,0.557767308534377
15,Boyacá,15740,Siachoque,6894,0.3002256273826927,1.3066125002772164,-1.0063868728945238,0.0016320395217813736,1.306612500277217,-1.0063868728945244,False,False,0.0016320395217813736,1.306612500277217,-1.0063868728945244,0.0,0.0,0.0016320395217813736,1.306612500277217,-1.0063868728945244,0.0,0.0,0.001632023427645483,1.3065834018672633,-1.0063577744845706,-2.909840995379831e-05,-2.909840995379831e-05,0.001632023427645483,1.3065834018672633,-1.0063577744845706,-2.909840995379831e-05,-2.909840995379831e-05
15,Boyacá,15753,Soatá,9285,-0.3150566722354249,-0.7114441642926201,0.3963874920571952,0.000515865880477309,-0.7114441642926206,0.3963874920571957,False,False,0.0005758667088833332,-0.6029618751901648,0.28790520295473987,0.10848228910245583,0.10848228910245583,0.0006686972199791623,-0.43512308679744705,0.12006641456202216,0.27632107749517354,0.27632107749517354,0.000513373003097495,-0.7159513194736113,0.40089464723818646,-0.004507155180990763,-0.004507155180990763,0.0007262051710053724,-0.33114795287598225,0.01609128064055737,0.38029621141663833,0.38029621141663833
15,Boyacá,15755,Socotá,7460,-0.125903365188183,-0.5213926130549655,0.3954892478667825,0.0006209821221095211,-0.5213926130549659,0.39548924786678286,False,False,0.0007058590043325486,-0.3679340905638147,0.24203072537563172,0.15345852249115116,0.15345852249115113,0.0007738134616113744,-0.2450715355597923,0.11916817037160932,0.27632107749517354,0.27632107749517354,0.000619918738139303,-0.523315225297975,0.397411860109792,-0.0019226122430091586,-0.0019226122430091586,0.0008576269598641838,-0.09353562531165037,-0.03236773987653262,0.4278569877433155,0.4278569877433155
15,Boyacá,15757,Socha,8424,0.1900818739272248,-0.3849510218817922,0.575032895809017,0.0006964470534560072,-0.3849510218817924,0.5750328958090172,False,False,0.0007909113014484239,-0.21415841563286703,0.40424028956009184,0.1707926062489254,0.17079260624892534,0.0008492783929578604,-0.10862994438661891,0.29871181831384375,0.27632107749517354,0.27632107749517343,0.0006952610431138393,-0.38709534422259273,0.5771772181498176,-0.0021443223408003087,-0.0021443223408004197,0.000942556630608109,0.06001833952150584,0.13006353440571897,0.44496936140329824,0.44496936140329824
15,Boyacá,15759,Sogamoso,136725,0.3294575624077142,1.1885370364054888,-0.8590794739977746,0.0015667327725843855,1.1885370364054895,-0.8590794739977753,False,False,0.0015733240865508406,1.2004542189889593,-0.8709966565812451,0.011917182583469854,0.011917182583469854,0.0015667327725843855,1.1885370364054895,-0.8590794739977753,0.0,0.0,0.001566473329479575,1.1880679598502253,-0.8586103974425111,-0.0004690765552641807,-0.0004690765552641807,0.00157306464344603,1.1999851424336951,-0.870527580025981,0.011448106028205673,0.011448106028205673
15,Boyacá,15761,Somondoco,2963,-0.6844322006835952,-0.2303932685594011,-0.4540389321241941,0.0007819319128984457,-0.23039326855940123,-0.454038932124194,False,False,0.0007819319128984457,-0.23039326855940123,-0.454038932124194,0.0,0.0,0.0007819319128984457,-0.23039326855940123,-0.454038932124194,0.0,0.0,0.0007818861942564305,-0.23047592846714288,-0.45395627221645235,-8.265990774164456e-05,-8.265990774164456e-05,0.0007818861942564305,-0.23047592846714288,-0.45395627221645235,-8.265990774164456e-05,-8.265990774164456e-05
15,Boyacá,15762,Sora,3150,-0.7084050665980799,2.2625107648998357,-2.9709158314979156,0.002160740457425068,2.262510764899837,-2.970915831497917,False,False,0.002160740457425068,2.262510764899837,-2.970915831497917,0.0,0.0,0.002160740457425068,2.262510764899837,-2.970915831497917,0.0,0.0,0.002160716068421206,2.2624666692591906,-2.9708717358572705,-4.4095640646446554e-05,-4.4095640646446554e-05,0.002160716068421206,2.2624666692591906,-2.9708717358572705,-4.4095640646446554e-05,-4.4095640646446554e-05
15,Boyacá,15763,Sotaquirá,8132,-0.0582911490945888,1.0282295439898503,-1.086520693084439,0.001478067770912578,1.0282295439898508,-1.0865206930844395,False,False,0.001478067770912578,1.0282295439898508,-1.0865206930844395,0.0,0.0,0.001478067770912578,1.0282295439898508,-1.0865206930844395,0.0,0.0,0.0014779873396051863,1.028084123125287,-1.0863752722198758,-0.00014542086456370562,-0.00014542086456370562,0.0014779873396051863,1.028084123125287,-1.0863752722198758,-0.00014542086456370562,-0.00014542086456370562
15,Boyacá,15764,Soracá,6179,-0.7009667068906191,2.6046397930609073,-3.3056064999515264,0.0023499697342153525,2.6046397930609086,-3.3056064999515278,False,False,0.0023499697342153525,2.6046397930609086,-3.3056064999515278,0.0,0.0,0.0023499697342153525,2.6046397930609086,-3.3056064999515278,0.0,0.0,0.0023499502043150913,2.604604482743659,-3.305571189634278,-3.531031724968159e-05,-3.531031724968159e-05,0.0023499502043150913,2.604604482743659,-3.305571189634278,-3.531031724968159e-05,-3.531031724968159e-05
15,Boyacá,15774,Susacón,2795,0.1960276184759835,-0.4127969799776214,0.6088245984536049,0.0006810456403098371,-0.41279697997762166,0.6088245984536051,False,False,0.0007410464687158612,-0.30431469087516594,0.5003423093511494,0.10848228910245572,0.10848228910245572,0.0008338769798116903,-0.13647590248244815,0.3325035209584316,0.27632107749517354,0.27632107749517354,0.000678513053647092,-0.41737593006587326,0.6134035485418567,-0.004578950088251599,-0.004578950088251599,0.0008913452215549693,-0.032572563468244144,0.22860018194422763,0.3802244165093775,0.38022441650937755
15,Boyacá,15776,Sutamarchán,6304,0.2403717056752931,1.43422094540585,-1.193849239730557,0.001702618899140303,1.4342209454058508,-1.1938492397305578,False,False,0.001702618899140303,1.4342209454058508,-1.1938492397305578,0.0,0.0,0.001702618899140303,1.4342209454058508,-1.1938492397305578,0.0,0.0,0.0017025840123022446,1.4341578695425226,-1.1937861638672294,-6.307586332821025e-05,-6.307586332843229e-05,0.0017025840123022446,1.4341578695425226,-1.1937861638672294,-6.307586332821025e-05,-6.307586332843229e-05
15,Boyacá,15778,Sutatenza,4257,-0.5261100830823664,-0.0853725512004697,-0.4407375318818967,0.0008621419015478721,-0.08537255120046976,-0.4407375318818966,False,False,0.0008621419015478721,-0.08537255120046976,-0.4407375318818966,0.0,0.0,0.0008621419015478721,-0.08537255120046976,-0.4407375318818966,0.0,0.0,0.0008620795172537014,-0.08548534282711003,-0.4406247402552564,-0.00011279162664026843,-0.00011279162664024067,0.0008620795172537014,-0.08548534282711003,-0.4406247402552564,-0.00011279162664026843,-0.00011279162664024067
15,Boyacá,15790,Tasco,6012,-0.6902087486360271,0.3565536512516409,-1.046762399887668,0.0011065683278414038,0.3565536512516411,-1.0467623998876683,False,False,0.0011914452100644313,0.5100121737427922,-1.2002209223788194,0.15345852249115105,0.1534585224911511,0.001259399667343257,0.6328747287468146,-1.3230834773828417,0.2763210774951735,0.27632107749517343,0.0011055161757085965,0.35465134631880607,-1.0448600949548332,-0.0019023049328350528,-0.0019023049328350528,0.001343224397433477,0.7844309463051303,-1.4746396949411573,0.4278772950534892,0.42787729505348904
15,Boyacá,15798,Tenza,3673,-0.7624918011176707,-0.0645077987870316,-0.697984002330639,0.000873682056532162,-0.06450779878703172,-0.697984002330639,False,False,0.000873682056532162,-0.06450779878703172,-0.697984002330639,0.0,0.0,0.000873682056532162,-0.06450779878703172,-0.697984002330639,0.0,0.0,0.0008736196722379913,-0.06462059041367199,-0.6978712107039987,-0.00011279162664026843,-0.00011279162664024067,0.0008736196722379913,-0.06462059041367199,-0.6978712107039987,-0.00011279162664026843,-0.00011279162664024067
15,Boyacá,15804,Tibaná,9107,-0.5627138901250066,1.1401477553929025,-1.7028616455179089,0.0015399689849583244,1.140147755392903,-1.7028616455179095,False,False,0.0015399689849583244,1.140147755392903,-1.7028616455179095,0.0,0.0,0.0015399689849583244,1.140147755392903,-1.7028616455179095,0.0,0.0,0.0015399358150593619,1.1400877837781045,-1.702801673903111,-5.997161479842639e-05,-5.997161479842639e-05,0.0015399358150593619,1.1400877837781045,-1.702801673903111,-5.997161479842639e-05,-5.997161479842639e-05
15,Boyacá,15806,Tibasosa,13579,-0.1189816845836159,1.5920488446824332,-1.711030529266049,0.001789912454434235,1.5920488446824343,-1.7110305292660501,False,False,0.0017965037684006902,1.6039660272659042,-1.72294771184952,0.011917182583469854,0.011917182583469854,0.001789912454434235,1.5920488446824343,-1.7110305292660501,0.0,0.0,0.0017897363079118977,1.591730369446871,-1.7107120540304868,-0.00031847523556338686,-0.00031847523556338686,0.0017963276218783528,1.6036475520303408,-1.7226292366139566,0.011598707347906467,0.011598707347906467
15,Boyacá,15808,Tinjacá,3552,-0.0776775005151931,0.3643056151281221,-0.4419831156433151,0.001110855887204418,0.3643056151281223,-0.4419831156433154,False,False,0.001110855887204418,0.3643056151281223,-0.4419831156433154,0.0,0.0,0.001110855887204418,0.3643056151281223,-0.4419831156433154,0.0,0.0,0.0011107236704967988,0.3640665655769551,-0.4417440660921482,-0.00023904955116721416,-0.00023904955116715865,0.0011107236704967988,0.3640665655769551,-0.4417440660921482,-0.00023904955116721416,-0.00023904955116715865
15,Boyacá,15810,Tipacoque,3217,0.3994951739263305,-0.6427187691520226,1.042213943078353,0.0005538774367883369,-0.642718769152023,1.0422139430783535,False,False,0.0006296948890162483,-0.5056398155758732,0.9051349895022037,0.13707895357614974,0.13707895357614974,0.0007067087762901901,-0.3663976916568495,0.76589286558318,0.2763210774951735,0.27632107749517343,0.0005514572884892368,-0.6470944291958671,1.0465896031221975,-0.004375660043844154,-0.004375660043844043,0.0007801060802190014,-0.233694398124544,0.6331895720508744,0.40902437102747896,0.409024371027479
15,Boyacá,15814,Toca,8960,-0.6876321215808536,1.3322505903481634,-2.019882711929017,0.0016462197778926014,1.332250590348164,-2.019882711929018,False,False,0.0016462197778926014,1.332250590348164,-2.019882711929018,0.0,0.0,0.0016462197778926014,1.332250590348164,-2.019882711929018,0.0,0.0,0.0016461902862225809,1.3321972690198045,-2.019829390600658,-5.332132835955683e-05,-5.3321328359778875e-05,0.0016461902862225809,1.3321972690198045,-2.019829390600658,-5.332132835955683e-05,-5.3321328359778875e-05
15,Boyacá,15816,Togüí,4440,-0.8187663497784019,0.5332657884382497,-1.3520321382166516,0.001204306628796518,0.5332657884382499,-1.3520321382166518,False,False,0.001204306628796518,0.5332657884382499,-1.3520321382166518,0.0,0.0,0.001204306628796518,0.5332657884382499,-1.3520321382166518,0.0,0.0,0.0012042823728026708,0.5332219332814646,-1.3519882830598666,-4.385515678528851e-05,-4.3855156785177485e-05,0.0012042823728026708,0.5332219332814646,-1.3519882830598666,-4.385515678528851e-05,-4.3855156785177485e-05
15,Boyacá,15820,Tópaga,3720,0.1983291970109871,1.3915957037014914,-1.1932665066905044,0.0016790431630968549,1.3915957037014923,-1.1932665066905053,False,False,0.00168563447706331,1.403512886284962,-1.205183689273975,0.011917182583469632,0.011917182583469632,0.0016790431630968549,1.3915957037014923,-1.1932665066905053,0.0,0.0,0.0016786104445603986,1.3908133428805016,-1.1924841458695146,-0.0007823608209907018,-0.0007823608209907018,0.0016852017585268534,1.4027305254639713,-1.2044013284529842,0.01113482176247893,0.01113482176247893
15,Boyacá,15822,Tota,5161,0.3027814399962688,0.7818804450335932,-0.4790990050373244,0.0013418137322418688,0.7818804450335937,-0.4790990050373249,False,False,0.0013418137322418688,0.7818804450335937,-0.4790990050373249,0.0,0.0,0.0013418137322418688,0.7818804450335937,-0.4790990050373249,0.0,0.0,0.0013417966962398459,0.7818496437172503,-0.4790682037209815,-3.080131634336514e-05,-3.080131634336514e-05,0.0013417966962398459,0.7818496437172503,-0.4790682037209815,-3.080131634336514e-05,-3.080131634336514e-05
15,Boyacá,15832,Tununguá,1570,-1.0882532040559325,-0.428578128976844,-0.6596750750790885,0.0006723171923669846,-0.4285781289768443,-0.6596750750790883,False,False,0.000674732911972741,-0.4242104760689751,-0.6640427279869574,0.004367652907869168,0.004367652907869113,0.0006868115100015225,-0.4023722115296296,-0.685880992526303,0.026205917447214677,0.026205917447214677,0.0006722057014812252,-0.4287797059687385,-0.659473498087194,-0.00020157699189421452,-0.00020157699189427003,0.0006891157387215194,-0.39820613561365464,-0.6900470684422779,0.03037199336318963,0.03037199336318963
15,Boyacá,15835,Turmequé,5756,-1.0882532040559325,1.0155976091267325,-2.1038508131826648,0.001471081132241613,1.015597609126733,-2.1038508131826656,False,False,0.001471081132241613,1.015597609126733,-2.1038508131826656,0.0,0.0,0.001471081132241613,1.015597609126733,-2.1038508131826656,0.0,0.0,0.0014710269276775145,1.0154996065599449,-2.1037528106158776,-9.800256678804686e-05,-9.800256678804686e-05,0.0014710269276775145,1.0154996065599449,-2.1037528106158776,-9.800256678804686e-05,-9.800256678804686e-05
15,Boyacá,15837,Tuta,8251,-0.0731457709029029,2.09638538480213,-2.169531155705033,0.0020688576209952976,2.096385384802131,-2.1695311557050343,False,False,0.0020688576209952976,2.096385384802131,-2.1695311557050343,0.0,0.0,0.0020688576209952976,2.096385384802131,-2.1695311557050343,0.0,0.0,0.0020687993408394965,2.096280013511792,-2.169425784414695,-0.00010537129033938442,-0.00010537129033938442,0.0020687993408394965,2.096280013511792,-2.169425784414695,-0.00010537129033938442,-0.00010537129033938442
15,Boyacá,15839,Tutazá,2021,0.0958354975692385,-0.1613307008296912,0.2571661983989297,0.0008201299571129822,-0.16133070082969134,0.25716619839892985,False,False,0.0008659749992899096,-0.07844225992855901,0.1742777574977975,0.08288844090113233,0.08288844090113234,0.0009729612966148355,0.11499037666548219,-0.019154879096243693,0.27632107749517354,0.27632107749517354,0.0008190724379016015,-0.16324270951137299,0.25907820708061147,-0.0019120086816816484,-0.0019120086816816206,0.001017748819580382,0.1959668088849327,-0.10013131131569421,0.35729750971462404,0.35729750971462404
15,Boyacá,15842,Úmbita,7698,-0.3110892439414641,0.0415075375543359,-0.3525967814958,0.0009323184298688059,0.04150753755433597,-0.35259678149580004,False,False,0.0009323184298688059,0.04150753755433597,-0.35259678149580004,0.0,0.0,0.0009323184298688059,0.04150753755433597,-0.35259678149580004,0.0,0.0,0.0009322625106697034,0.041406434904846315,-0.3524956788463104,-0.00010110264948965525,-0.00010110264948964831,0.0009322625106697034,0.041406434904846315,-0.3524956788463104,-0.00010110264948965525,-0.00010110264948964831
15,Boyacá,15861,Ventaquemada,16977,-0.2425054514549533,1.0008864743924168,-1.2433919258473702,0.0014629445020307782,1.0008864743924175,-1.243391925847371,False,False,0.0014629445020307782,1.0008864743924175,-1.243391925847371,0.0,0.0,0.0014629445020307782,1.0008864743924175,-1.243391925847371,0.0,0.0,0.0014628890604308463,1.0007862352485275,-1.243291686703481,-0.00010023914389001298,-0.00010023914389001298,0.0014628890604308463,1.0007862352485275,-1.243291686703481,-0.00010023914389001298,-0.00010023914389001298
15,Boyacá,15879,Viracachá,2910,-1.0882532040559325,2.209757429816827,-3.2980106338727597,0.002131562940686168,2.2097574298168285,-3.298010633872761,False,False,0.002131562940686168,2.2097574298168285,-3.298010633872761,0.0,0.0,0.002131562940686168,2.2097574298168285,-3.298010633872761,0.0,0.0,0.0021315434107859067,2.2097221194995784,-3.297975323555511,-3.531031725012568e-05,-3.531031725012568e-05,0.0021315434107859067,2.2097221194995784,-3.297975323555511,-3.531031725012568e-05,-3.531031725012568e-05
15,Boyacá,15897,Zetaquira,4740,-0.3309610312760367,0.1530842267702145,-0.4840452580462513,0.000994030750277453,0.15308422677021466,-0.48404525804625137,False,False,0.000994030750277453,0.15308422677021466,-0.48404525804625137,0.0,0.0,0.000994030750277453,0.15308422677021466,-0.48404525804625137,0.0,0.0,0.0009940175080142754,0.153060284583739,-0.4840213158597757,-2.394218647566726e-05,-2.394218647566726e-05,0.0009940175080142754,0.153060284583739,-0.4840213158597757,-2.394218647566726e-05,-2.394218647566726e-05
17,Caldas,17001,Manizales,467681,0.5917161727500551,1.6785811627837108,-1.0868649900336558,0.0018377729007147028,1.6785811627837117,-1.0868649900336567,False,False,0.0018377729007147028,1.6785811627837117,-1.0868649900336567,0.0,0.0,0.0018377729007147028,1.6785811627837117,-1.0868649900336567,0.0,0.0,0.0018361158907766067,1.6755852669615112,-1.0838690942114562,-0.0029958958222005005,-0.0029958958222005005,0.0018361158907766067,1.6755852669615112,-1.0838690942114562,-0.0029958958222005005,-0.0029958958222005005
17,Caldas,17013,Aguadas,22674,0.4210293137428256,0.0442351841292135,0.376794129613612,0.0009338270729426716,0.04423518412921357,0.376794129613612,False,False,0.0009366929199793334,0.04941667336884134,0.3716126403739842,0.005181489239627773,0.005181489239627801,0.0009338270729426716,0.04423518412921357,0.376794129613612,0.0,0.0,0.0009301518259335218,0.03759028906423994,0.38343902467858565,-0.0066448950649736285,-0.006644895064973622,0.0009330176729701837,0.042771778303867705,0.3782575354389579,-0.001463405825345862,-0.001463405825345876
17,Caldas,17042,Anserma,37428,0.2957688201597325,1.2597575484645744,-0.963988728304842,0.0016061243613718463,1.2597575484645753,-0.9639887283048428,False,False,0.001613103091471363,1.2723751845262097,-0.9766063643664772,0.012617636061634352,0.012617636061634352,0.0016061243613718463,1.2597575484645753,-0.9639887283048428,0.0,0.0,0.0016020659327763082,1.2524198560376714,-0.9566510358779389,-0.007337692426903963,-0.007337692426903963,0.0016087378431601785,1.2644827580068052,-0.9687139378470727,0.00472520954222988,0.00472520954222988
17,Caldas,17050,Aranzazu,10820,0.4865878189965148,1.0131783425157488,-0.526590523519234,0.0014697430520628572,1.0131783425157492,-0.5265905235192344,False,False,0.001470670237868836,1.0148547066815112,-0.5282668876849964,0.001676364165762001,0.001676364165762001,0.0014697430520628572,1.0131783425157492,-0.5265905235192344,0.0,0.0,0.0014674282161796588,1.0089930887088092,-0.5224052697122944,-0.004185253806940015,-0.004185253806940015,0.0014683554019856377,1.0106694528745712,-0.5240816338780564,-0.0025088896411780137,-0.0025088896411780137
17,Caldas,17088,Belalcázar,10467,-0.1508114983197027,1.3601842445501302,-1.5109957428698328,0.0016616696951684297,1.360184244550131,-1.5109957428698337,False,False,0.0016690780334821867,1.3735786179291674,-1.52439011624887,0.013394373379036262,0.013394373379036262,0.0016616696951684297,1.360184244550131,-1.5109957428698337,0.0,0.0,0.0016598399876310295,1.3568761091906987,-1.5076876075104013,-0.003308135359432418,-0.003308135359432418,0.0016671187323201928,1.3700361755872736,-1.5208476739069763,0.009851931037142547,0.009851931037142547
17,Caldas,17174,Chinchiná,51007,0.2688079271718323,2.3388606110765187,-2.070052683904686,0.002202969046600089,2.33886061107652,-2.0700526839046876,False,False,0.002202969046600089,2.33886061107652,-2.0700526839046876,0.0,0.0,0.002202969046600089,2.33886061107652,-2.0700526839046876,0.0,0.0,0.0022011298269566898,2.335535277703987,-2.0667273505321546,-0.003325333372532935,-0.003325333372532935,0.0022011298269566898,2.335535277703987,-2.0667273505321546,-0.003325333372532935,-0.003325333372532935
17,Caldas,17272,Filadelfia,11182,0.2260393690449866,1.2537471377360492,-1.0277077686910625,0.0016028000434047782,1.25374713773605,-1.0277077686910634,False,False,0.001603727229210757,1.2554235019018118,-1.0293841328568252,0.001676364165761779,0.001676364165761779,0.0016028000434047782,1.25374713773605,-1.0277077686910634,0.0,0.0,0.0015984842623721176,1.2459441487086356,-1.019904779663649,-0.0078029890274144975,-0.0078029890274144975,0.0015994114481780964,1.2476205128743976,-1.021581143829411,-0.0061266248616524965,-0.0061266248616524965
17,Caldas,17380,La Dorada,72044,1.1748429502750413,0.2490686004726739,0.9257743498023674,0.0010471190652810362,0.24906860047267404,0.9257743498023672,False,False,0.0010505526190547647,0.25527651098034027,0.9195664392947009,0.0062079105076662255,0.0062079105076662255,0.0010471190652810362,0.24906860047267404,0.9257743498023672,0.0,0.0,0.0010443285348615302,0.2440232846702067,0.9308196656048345,-0.005045315802467337,-0.005045315802467365,0.0010477620886352587,0.25023119517787296,0.9246117550971683,0.001162594705198916,0.0011625947051988605
17,Caldas,17388,La Merced,5844,-0.1320330649880411,-0.0583730571280427,-0.0736600078599984,0.0008770751411051529,-0.05837305712804273,-0.07366000785999838,False,False,0.0008780023269111318,-0.05669669296228077,-0.07533637202576032,0.0016763641657619593,0.0016763641657619455,0.0008770751411051529,-0.05837305712804273,-0.07366000785999838,0.0,0.0,0.0008725990825204816,-0.0664658300833756,-0.0655672349046655,-0.008092772955332873,-0.00809277295533288,0.0008735262683264605,-0.06478946591761364,-0.06724359907042746,-0.006416408789570914,-0.006416408789570921
17,Caldas,17433,Manzanares,18375,0.4164458061831331,0.169477325685344,0.246968480497789,0.0010030976636251304,0.16947732568534415,0.24696848049778894,False,False,0.0010101049171260816,0.18214653243296403,0.23429927375016907,0.012669206747619871,0.012669206747619871,0.0010030976636251304,0.16947732568534415,0.24696848049778894,0.0,0.0,0.000999927345891123,0.16374534940928503,0.25270045677384806,-0.00573197627605912,-0.00573197627605912,0.0010069345993920743,0.1764145561569049,0.2400312500262282,0.006937230471560751,0.006937230471560751
17,Caldas,17442,Marmato,9394,0.1953300349595307,0.0702943845750368,0.1250356503844938,0.0009482402423852091,0.07029438457503688,0.12503565038449382,False,False,0.0009491674281911879,0.07197074874079884,0.12335928621873185,0.0016763641657619593,0.0016763641657619732,0.0009482402423852091,0.07029438457503688,0.12503565038449382,0.0,0.0,0.0009425994617518335,0.060095778794255,0.13523425616527568,-0.010198605780781883,-0.010198605780781855,0.0009435266475578124,0.06177214296001696,0.13355789199951373,-0.008522241615019924,-0.00852224161501991
17,Caldas,17444,Marquetalia,13619,0.5425579537952503,0.2397350033820288,0.3028229504132214,0.0010419567151676657,0.239735003382029,0.30282295041322127,False,False,0.0010489639686686169,0.25240421012964886,0.2901537436656014,0.012669206747619871,0.012669206747619843,0.0010419567151676657,0.239735003382029,0.30282295041322127,0.0,0.0,0.0010388899970869127,0.23419033664541822,0.3083676171498321,-0.005544666736610776,-0.005544666736610804,0.0010458972505878639,0.2468595433930381,0.29569841040221223,0.007124540011009095,0.0071245400110090396
17,Caldas,17446,Marulanda,2685,-0.5053755955581579,0.7260238044352653,-1.2313993999934232,0.00131091979798213,0.7260238044352657,-1.2313993999934236,False,False,0.00131091979798213,0.7260238044352657,-1.2313993999934236,0.0,0.0,0.00131091979798213,0.7260238044352657,-1.2313993999934236,0.0,0.0,0.0013081665426848338,0.7210458825453712,-1.226421478103529,-0.004977921889894543,-0.004977921889894654,0.0013081665426848338,0.7210458825453712,-1.226421478103529,-0.004977921889894543,-0.004977921889894654
17,Caldas,17486,Neira,21568,1.101630698496989,1.664968945523231,-0.563338247026242,0.0018302440744073947,1.664968945523232,-0.5633382470262429,False,False,0.0018302440744073947,1.664968945523232,-0.5633382470262429,0.0,0.0,0.0018302440744073947,1.664968945523232,-0.5633382470262429,0.0,0.0,0.0018280217543063923,1.6609509614706828,-0.5593202629736937,-0.004017984052549162,-0.004017984052549162,0.0018280217543063923,1.6609509614706828,-0.5593202629736937,-0.004017984052549162,-0.004017984052549162
17,Caldas,17495,Norcasia,6171,0.0184639365432869,0.1324785250231442,-0.1140145884798573,0.0009826338744838015,0.13247852502314436,-0.11401458847985746,False,False,0.00098606742825753,0.1386864355308106,-0.12022249898752368,0.0062079105076662255,0.0062079105076662255,0.0009826338744838015,0.13247852502314436,-0.11401458847985746,0.0,0.0,0.0009802771980723629,0.1282176229893159,-0.10975368644602901,-0.004260902033828451,-0.004260902033828451,0.0009837107518460913,0.13442553349698214,-0.11596159695369523,0.0019470084738377746,0.0019470084738377746
17,Caldas,17513,Pácora,15748,0.1127023704846797,0.0448646516089789,0.0678377188757007,0.0009341752271948824,0.04486465160897902,0.06783771887570067,False,False,0.0009351024130008612,0.04654101577474098,0.06616135470993872,0.0016763641657619593,0.0016763641657619455,0.0009341752271948824,0.04486465160897902,0.06783771887570067,0.0,0.0,0.0009300230656479455,0.037357488769712635,0.07534488171496706,-0.007507162839266383,-0.00750716283926639,0.0009309502514539244,0.0390338529354746,0.07366851754920509,-0.005830798673504417,-0.005830798673504417
17,Caldas,17524,Palestina,16059,0.7626731613642189,2.457948616171288,-1.6952754548070694,0.0022688358255741076,2.45794861617129,-1.6952754548070712,False,False,0.0022688358255741076,2.45794861617129,-1.6952754548070712,0.0,0.0,0.0022688358255741076,2.45794861617129,-1.6952754548070712,0.0,0.0,0.0022664966299110766,2.453719319561134,-1.6910461581969152,-0.00422929661015603,-0.00422929661015603,0.0022664966299110766,2.453719319561134,-1.6910461581969152,-0.00422929661015603,-0.00422929661015603
17,Caldas,17541,Pensilvania,20493,-0.1919784919882676,-0.0284447648607721,-0.1635337271274954,0.0008936282793516908,-0.028444764860772142,-0.16353372712749548,False,False,0.0008945554651576697,-0.02676840069501018,-0.16521009129325742,0.0016763641657619628,0.0016763641657619455,0.0008936282793516908,-0.028444764860772142,-0.16353372712749548,0.0,0.0,0.0008907132398132622,-0.03371519479238865,-0.15826329719587895,-0.00527042993161651,-0.005270429931616527,0.0008916404256192411,-0.03203883062662669,-0.15993966136164092,-0.0035940657658545504,-0.003594065765854554
17,Caldas,17614,Riosucio,52440,0.486461292389609,0.1546578809904095,0.3318034113991995,0.0009949011278996209,0.15465788099040959,0.33180341139919944,False,False,0.0010028070438051165,0.168951881217806,0.317509411171803,0.014294000227396408,0.014294000227396464,0.0009949011278996209,0.15465788099040959,0.33180341139919944,0.0,0.0,0.000986744281964558,0.13991019596006682,0.3465510964295422,-0.014747685030342766,-0.014747685030342739,0.000994343378154407,0.1536494620949626,0.3328118302946464,-0.0010084188954469775,-0.0010084188954469497
17,Caldas,17616,Risaralda,11157,-0.4147873430201436,1.090385160550329,-1.5051725035704726,0.0015124456266397345,1.0903851605503296,-1.5051725035704733,False,False,0.0015198539649534915,1.1037795339293661,-1.5185668769495098,0.013394373379036484,0.013394373379036484,0.0015124456266397345,1.0903851605503296,-1.5051725035704733,0.0,0.0,0.0015093411692885523,1.0847722607150436,-1.4995596037351873,-0.0056128998352860116,-0.0056128998352860116,0.0015166199139777156,1.0979323271116186,-1.5127196701317622,0.007547166561288954,0.007547166561288954
17,Caldas,17653,Salamina,19511,0.2141768189998977,-0.1688350987181326,0.3830119177180303,0.0008159793248418505,-0.16883509871813274,0.38301191771803045,False,False,0.0008169065106478293,-0.16715873455237076,0.38133555355226845,0.0016763641657619732,0.001676364165762001,0.0008159793248418505,-0.16883509871813274,0.38301191771803045,0.0,0.0,0.0008132014878614298,-0.17385746461532142,0.38803428361521913,-0.005022365897188685,-0.005022365897188685,0.0008141286736674086,-0.17218110044955945,0.3863579194494572,-0.003346001731426712,-0.00334600173142674
17,Caldas,17662,Samaná,21128,-0.4413191747248612,-0.3593588244309417,-0.0819603502939194,0.0007106019266660601,-0.35935882443094197,-0.08196035029391924,False,False,0.0007149626662457674,-0.3514745497575138,-0.08984462496734741,0.007884274673428171,0.007884274673428171,0.0007106019266660601,-0.35935882443094197,-0.08196035029391924,0.0,0.0,0.0007081903584955516,-0.3637189714891302,-0.07760020323573102,-0.004360147058188213,-0.004360147058188213,0.0007125510980752589,-0.355834696815702,-0.0854844779091592,0.003524127615239958,0.003524127615239958
17,Caldas,17665,San José,5002,0.723453013323198,0.1141962451348606,0.6092567681883374,0.0009725220677776229,0.1141962451348607,0.6092567681883373,False,False,0.0009900035185732485,0.14580293873429456,0.5776500745889035,0.03160669359943387,0.0316066935994338,0.0009725220677776229,0.1141962451348607,0.6092567681883373,0.0,0.0,0.0009694327612160787,0.10861073812706235,0.6148422751961357,-0.005585507007798349,-0.005585507007798363,0.0009864499904129066,0.13937811295330202,0.584074900369896,0.025181867818441325,0.02518186781844134
17,Caldas,17777,Supía,31325,0.0421150159732717,0.1139762626615849,-0.0718612466883132,0.0009724003969432356,0.11397626266158506,-0.07186124668831337,False,False,0.000980306312848731,0.12827026288898127,-0.08615524691570958,0.014294000227396214,0.014294000227396214,0.0009724003969432356,0.11397626266158506,-0.07186124668831337,0.0,0.0,0.0009662098564373198,0.10278368378052768,-0.06066866780725599,-0.011192578881057375,-0.011192578881057381,0.0009738089526271689,0.11652294991542349,-0.07440793394215178,0.0025466872538384283,0.0025466872538384144
17,Caldas,17867,Victoria,10927,-0.5130019489956069,0.0311367246971806,-0.5441386736927876,0.0009265824026534743,0.031136724697180686,-0.5441386736927876,False,False,0.0009300159564272027,0.03734463520484691,-0.5503465842004538,0.0062079105076662255,0.0062079105076662255,0.0009265824026534743,0.031136724697180686,-0.5441386736927876,0.0,0.0,0.0009222455589300168,0.023295654047011952,-0.5362976030426189,-0.007841070650168733,-0.007841070650168702,0.0009256791127037452,0.029503564554678178,-0.5425055135502851,-0.0016331601425025079,-0.0016331601425024767
17,Caldas,17873,Villamaría,72649,0.1854154858625828,1.9168594598568345,-1.7314439739942518,0.001969563032853798,1.9168594598568356,-1.7314439739942529,False,False,0.001969563032853798,1.9168594598568356,-1.7314439739942529,0.0,0.0,0.001969563032853798,1.9168594598568356,-1.7314439739942529,0.0,0.0,0.0019666805253650333,1.9116478483000732,-1.7262323624374905,-0.005211611556762419,-0.005211611556762419,0.0019666805253650333,1.9116478483000732,-1.7262323624374905,-0.005211611556762419,-0.005211611556762419
17,Caldas,17877,Viterbo,12728,0.4590981441824071,0.0280402813334377,0.4310578628489693,0.0009248697805427678,0.028040281333437715,0.43105786284896935,False,False,0.00094932996143791,0.07226461099450565,0.3868335331879014,0.044224329661067936,0.04422432966106793,0.0009248697805427678,0.028040281333437715,0.43105786284896935,0.0,0.0,0.0009218183644510391,0.022523280794799136,0.4365748633876079,-0.005517000538638579,-0.005517000538638572,0.0009455075040317372,0.06535355759017245,0.39374458659223466,0.03731327625673473,0.037313276256734695
18,Caquetá,18001,Florencia,184170,0.0376058845833793,0.2418856097919027,-0.2042797252085234,0.0010431462011864007,0.24188560979190288,-0.20427972520852358,False,False,0.0010558387910447446,0.26483397965696825,-0.22722809507358896,0.022948369865065377,0.022948369865065377,0.0010431462011864007,0.24188560979190288,-0.20427972520852358,0.0,0.0,0.0010428659760748726,0.24137895909440188,-0.20377307451102258,-0.0005066506975009988,-0.0005066506975009988,0.0010555585659332164,0.26432732895946687,-0.22672144437608757,0.02244171916756399,0.02244171916756399
18,Caquetá,18029,Albania,4833,-0.1754023049699089,-1.2562200064038311,1.0808177014339222,0.0002145540065050428,-1.256220006403832,1.080817701433923,False,False,0.0003951503522997846,-0.9296994313414841,0.7542971263715752,0.3265205750623479,0.3265205750623479,0.0002145540065050428,-1.256220006403832,1.080817701433923,0.0,0.0,0.00020897783514320486,-1.2663017977695492,1.0908994927996403,-0.010081791365717185,-0.010081791365717185,0.0003807564623834445,-0.9557237741496671,0.7803214691797582,0.3004962322541649,0.3004962322541649
18,Caquetá,18094,Belén de Los Andaquíes,11371,0.2764826040791985,-0.6908833961391948,0.9673660002183933,0.0005272379038009005,-0.6908833961391952,0.9673660002183937,False,False,0.0006014063286595674,-0.5567859057954812,0.8332685098746797,0.1340974903437141,0.134097490343714,0.0005272379038009005,-0.6908833961391952,0.9673660002183937,0.0,0.0,0.0005254013733695803,-0.6942038673808212,0.9706864714600196,-0.003320471241625933,-0.003320471241625933,0.0005972503675374241,-0.5642999383168329,0.8407825423960313,0.12658345782236236,0.12658345782236236
18,Caquetá,18150,Cartagena del Chairá,32224,-0.1135781324443956,-0.802521601748808,0.6889434693044124,0.00046549155908639524,-0.8025216017488085,0.6889434693044129,False,False,0.00046549155908639524,-0.8025216017488085,0.6889434693044129,0.0,0.0,0.00046549155908639524,-0.8025216017488085,0.6889434693044129,0.0,0.0,0.00046549155908639524,-0.8025216017488085,0.6889434693044129,0.0,0.0,0.00046549155908639524,-0.8025216017488085,0.6889434693044129,0.0,0.0
18,Caquetá,18205,Curillo,7783,0.0981275142105628,-1.352354840098643,1.4504823543092058,0.00016138247308619737,-1.3523548400986438,1.4504823543092067,True,False,0.00033287862420968464,-1.0422875370233966,1.1404150512339595,0.3100673030752472,0.3100673030752472,0.00016138247308619737,-1.3523548400986438,1.4504823543092067,0.0,0.0,0.0001941336255417616,-1.2931403245076156,1.3912678387181785,0.059214515591028194,0.059214515591028194,0.00038681662349638593,-0.9447669229306669,1.0428944371412296,0.40758791716797693,0.40758791716797704
18,Caquetá,18247,El Doncello,19817,-0.2478990354902756,-0.7220179159997481,0.4741188805094725,0.0005100176091416249,-0.7220179159997485,0.47411888050947293,False,False,0.0005100176091416249,-0.7220179159997485,0.47411888050947293,0.0,0.0,0.0005100176091416249,-0.7220179159997485,0.47411888050947293,0.0,0.0,0.0005099927739300818,-0.7220628183897673,0.4741637828994917,-4.490239001875285e-05,-4.490239001875285e-05,0.0005099927739300818,-0.7220628183897673,0.4741637828994917,-4.490239001875285e-05,-4.490239001875285e-05
18,Caquetá,18256,El Paujíl,18838,-0.6070324693336792,-0.9746054066605808,0.3675729373269015,0.000370313157751082,-0.9746054066605813,0.3675729373269021,False,False,0.0004163840303635346,-0.8913086613535663,0.2842761920198872,0.08329674530701492,0.08329674530701492,0.000370313157751082,-0.9746054066605813,0.3675729373269021,0.0,0.0,0.0003696537300924804,-0.975797660564452,0.3687651912307729,-0.001192253903870788,-0.001192253903870788,0.0004140760335584292,-0.8954815500171145,0.28844908068343533,0.07912385664346677,0.07912385664346677
18,Caquetá,18410,La Montañita,15382,-0.2816132030836112,-1.0991992979192735,0.8175860948356626,0.0003014011099716399,-1.0991992979192744,0.8175860948356632,False,False,0.00041726293743359294,-0.8897195857790917,0.6081063826954805,0.20947971214018268,0.2094797121401828,0.0003014011099716399,-1.0991992979192744,0.8175860948356632,0.0,0.0,0.00029936287902687143,-1.1028844463494207,0.8212712432658096,-0.0036851484301463344,-0.0036851484301463344,0.00041012912912690336,-0.902617605284604,0.6210044022009928,0.1965816926346704,0.1965816926346704
18,Caquetá,18460,Milán,10177,0.1524492242628237,-1.3617584140080672,1.5142076382708909,0.0001561814192624727,-1.3617584140080679,1.5142076382708916,True,False,0.0003205934761849477,-1.0644992466795948,1.2169484709424185,0.297259167328473,0.297259167328473,0.0001561814192624727,-1.3617584140080679,1.5142076382708916,0.0,0.0,0.00016948029843692696,-1.3377138650631917,1.4901630893260154,0.024044548944876176,0.024044548944876176,0.0003590162120264383,-0.9950304335249186,1.1474796577877422,0.36672798048314925,0.36672798048314936
18,Caquetá,18479,Morelia,3807,0.2723365947238631,-1.047252819827149,1.319589414551012,0.0003301323595063836,-1.0472528198271496,1.3195894145510128,True,False,0.000456141016004023,-0.8194275069650276,1.0917641016888908,0.22782531286212193,0.22782531286212193,0.0003301323595063836,-1.0472528198271496,1.3195894145510128,0.0,0.0,0.0003476538788430969,-1.0155736817769698,1.287910276500833,0.031679138050179745,0.031679138050179745,0.00046969453550340946,-0.7949225649542505,1.0672591596781136,0.25233025487289906,0.2523302548728992
18,Caquetá,18592,Puerto Rico,27339,-0.1453555540660525,-0.7917635895520919,0.6464080354860394,0.0004714417436662528,-0.7917635895520924,0.6464080354860399,False,False,0.0004714417436662528,-0.7917635895520924,0.6464080354860399,0.0,0.0,0.0004714417436662528,-0.7917635895520924,0.6464080354860399,0.0,0.0,0.0004714417436662528,-0.7917635895520924,0.6464080354860399,0.0,0.0,0.0004714417436662528,-0.7917635895520924,0.6464080354860399,0.0,0.0
18,Caquetá,18610,San José del Fragua,13229,-0.2183145067359909,-0.9767003804159906,0.7583858736799998,0.00036915444178137424,-0.9767003804159912,0.7583858736800002,False,False,0.0004167838151180496,-0.890585845244686,0.6722713385086951,0.08611453517130518,0.08611453517130507,0.00036915444178137424,-0.9767003804159912,0.7583858736800002,0.0,0.0,0.0003654069939200289,-0.9834758155739836,0.7651613088379927,-0.006775435157992393,-0.006775435157992504,0.00041071693656588126,-0.901554841682404,0.6832403349464131,0.0751455387335872,0.07514553873358709
18,Caquetá,18753,San Vicente del Caguán,52473,0.0591348369501459,-0.8171908786636375,0.8763257156137834,0.00045737808015550857,-0.8171908786636379,0.8763257156137838,False,False,0.00045737808015550857,-0.8171908786636379,0.8763257156137838,0.0,0.0,0.00045737808015550857,-0.8171908786636379,0.8763257156137838,0.0,0.0,0.00045737808015550857,-0.8171908786636379,0.8763257156137838,0.0,0.0,0.00045737808015550857,-0.8171908786636379,0.8763257156137838,0.0,0.0
18,Caquetá,18756,Solano,10830,-0.0076559814027085,-1.3102466943189044,1.302590712916196,0.00018467220683287164,-1.3102466943189053,1.3025907129161969,True,False,0.0006463527239150508,-0.4755222303804755,0.46786624897776696,0.8347244639384298,0.8347244639384299,0.00018467220683287164,-1.3102466943189053,1.3025907129161969,0.0,0.0,0.00018467220683287164,-1.3102466943189053,1.3025907129161969,0.0,0.0,0.0006463527239150508,-0.4755222303804755,0.46786624897776696,0.8347244639384298,0.8347244639384299
18,Caquetá,18785,Solita,6398,-0.1095040108883223,-1.3502027141399964,1.240698703251674,0.00016257279955719347,-1.350202714139997,1.2406987032516748,False,False,0.00024358045564797768,-1.2037398035267421,1.0942357926384199,0.1464629106132549,0.1464629106132549,0.00016257279955719347,-1.350202714139997,1.2406987032516748,0.0,0.0,0.00016098559962226272,-1.3530723925557582,1.2435683816674359,-0.0028696784157611344,-0.0028696784157611344,0.0002380252558757201,-1.2137836779819062,1.104279667093584,0.1364190361580908,0.1364190361580908
18,Caquetá,18860,Valparaíso,7156,-0.3361381113930362,-1.275514237013823,0.9393761256207868,0.0002038824966241715,-1.275514237013824,0.9393761256207878,False,False,0.0003546811075644561,-1.0028683595674013,0.6667302481743651,0.27264587744642266,0.27264587744642266,0.0002038824966241715,-1.275514237013824,0.9393761256207878,0.0,0.0,0.00020025355448129718,-1.2820754122698617,0.9459373008768255,-0.006561175256037721,-0.006561175256037721,0.0003436371573688377,-1.0228359671785308,0.6866978557854946,0.2526782698352932,0.2526782698352932
19,Cauca,19001,Popayán,348444,0.8222967804936973,0.6954641463808129,0.1268326341128843,0.0012940174555422482,0.6954641463808133,0.12683263411288392,False,False,0.0012940174555422482,0.6954641463808133,0.12683263411288392,0.0,0.0,0.0012940174555422482,0.6954641463808133,0.12683263411288392,0.0,0.0,0.0012920861631816026,0.6919723443211623,0.13032443617253497,-0.00349180205965105,-0.00349180205965105,0.0012920861631816026,0.6919723443211623,0.13032443617253497,-0.00349180205965105,-0.00349180205965105
19,Cauca,19022,Almaguer,18432,-0.2101734755977342,-0.9716688742884138,0.7614953986906796,0.00037193733416207857,-0.9716688742884143,0.7614953986906801,False,False,0.00037193733416207857,-0.9716688742884143,0.7614953986906801,0.0,0.0,0.00037193733416207857,-0.9716688742884143,0.7614953986906801,0.0,0.0,0.00037193733416207857,-0.9716688742884143,0.7614953986906801,0.0,0.0,0.00037193733416207857,-0.9716688742884143,0.7614953986906801,0.0,0.0
19,Cauca,19050,Argelia,27464,0.0324889219099713,-1.0879394640448032,1.1204283859547746,0.0003076288487645075,-1.087939464044804,1.1204283859547752,False,False,0.0003076288487645075,-1.087939464044804,1.1204283859547752,0.0,0.0,0.0003076288487645075,-1.087939464044804,1.1204283859547752,0.0,0.0,0.0003076288487645075,-1.087939464044804,1.1204283859547752,0.0,0.0,0.0003076288487645075,-1.087939464044804,1.1204283859547752,0.0,0.0
19,Cauca,19075,Balboa,22220,0.1970000860782423,-1.0525612170907113,1.2495613031689536,0.0003271963204906398,-1.052561217090712,1.2495613031689543,False,False,0.0003271963204906398,-1.052561217090712,1.2495613031689543,0.0,0.0,0.0003271963204906398,-1.052561217090712,1.2495613031689543,0.0,0.0,0.0003271963204906398,-1.052561217090712,1.2495613031689543,0.0,0.0,0.0003271963204906398,-1.052561217090712,1.2495613031689543,0.0,0.0
19,Cauca,19100,Bolívar,38005,-0.1923326149622152,-0.7334701107779524,0.5411374958157372,0.000503683476819708,-0.7334701107779529,0.5411374958157377,False,False,0.000503683476819708,-0.7334701107779529,0.5411374958157377,0.0,0.0,0.000503683476819708,-0.7334701107779529,0.5411374958157377,0.0,0.0,0.000503683476819708,-0.7334701107779529,0.5411374958157377,0.0,0.0,0.000503683476819708,-0.7334701107779529,0.5411374958157377,0.0,0.0
19,Cauca,19110,Buenos Aires,33003,-0.3745421646529447,-0.5587556063685103,0.1842134417155655,0.0006003169004490143,-0.5587556063685106,0.18421344171556592,False,False,0.0006035318308194678,-0.5529429698573656,0.17840080520442086,0.005812636511145053,0.005812636511145053,0.0006003169004490143,-0.5587556063685106,0.18421344171556592,0.0,0.0,0.0005965917648791979,-0.5654907006091444,0.1909485359561997,-0.006735094240633788,-0.006735094240633788,0.0005998066952496514,-0.5596780640979994,0.18513589944505465,-0.0009224577294887348,-0.0009224577294887348
19,Cauca,19130,Cajibío,45786,-0.3248537565967955,0.0085371203518422,-0.3333908769486377,0.0009140827126710106,0.00853712035184221,-0.3333908769486377,False,False,0.0009140827126710106,0.00853712035184221,-0.3333908769486377,0.0,0.0,0.0009140827126710106,0.00853712035184221,-0.3333908769486377,0.0,0.0,0.0009122220321552745,0.00517298543907948,-0.33002674203587495,-0.0033641349127627304,-0.003364134912762773,0.0009122220321552745,0.00517298543907948,-0.33002674203587495,-0.0033641349127627304,-0.003364134912762773
19,Cauca,19137,Caldono,43991,0.042598513042398,-0.7958253534021794,0.8384238664445774,0.00046919520925209855,-0.7958253534021799,0.8384238664445779,False,False,0.00047877995217749893,-0.7784960117809298,0.8210945248233278,0.017329341621250105,0.017329341621250105,0.0005074140845817798,-0.7267251227415491,0.7693236357839471,0.06910023066063076,0.06910023066063076,0.0004656429130710031,-0.8022479517484463,0.8448464647908444,-0.0064225983462664615,-0.0064225983462664615,0.0005124892058007142,-0.7175492366424969,0.760147749684895,0.07827611675968293,0.07827611675968293
19,Cauca,19142,Caloto,31061,0.0673301073048934,-0.3964765897776991,0.4638066970825925,0.0006900723389535213,-0.39647658977769934,0.46380669708259276,False,False,0.0007063792090171426,-0.3669935536331461,0.43432366093803954,0.02948303614455322,0.02948303614455322,0.0007282912142832025,-0.3273763591170688,0.3947064664219622,0.06910023066063053,0.06910023066063053,0.0006853273150845224,-0.4050556555144503,0.4723857628193437,-0.008579065736750935,-0.008579065736750935,0.0007388957349524545,-0.30820324588519765,0.37553335319009107,0.08827334389250169,0.08827334389250169
19,Cauca,19212,Corinto,27157,0.0844284696475128,-0.4154935475627747,0.4999220172102875,0.0006795541868172838,-0.41549354756277496,0.49992201721028773,False,False,0.0006958610568809052,-0.3860105114182215,0.47043898106573434,0.029483036144553443,0.029483036144553387,0.0007177730621469651,-0.3463933169021442,0.43082178654965697,0.06910023066063076,0.06910023066063076,0.0006759002170758146,-0.4220999730471587,0.5065284426946715,-0.006606425484383727,-0.006606425484383727,0.0007294686369437467,-0.32524756341790606,0.4096760330654189,0.0902459841448689,0.09024598414486884
19,Cauca,19256,El Tambo,57546,-0.1655631375827532,-0.7870208481855824,0.6214577106028292,0.00047406492218931407,-0.7870208481855829,0.6214577106028297,False,False,0.00047406492218931407,-0.7870208481855829,0.6214577106028297,0.0,0.0,0.00047406492218931407,-0.7870208481855829,0.6214577106028297,0.0,0.0,0.0004737634919649734,-0.7875658380067211,0.6220027004239679,-0.0005449898211381532,-0.0005449898211381532,0.0004737634919649734,-0.7875658380067211,0.6220027004239679,-0.0005449898211381532,-0.0005449898211381532
19,Cauca,19290,Florencia,5213,0.9421038366978496,-0.1927246485190058,1.1348284852168553,0.0008027661746570715,-0.19272464851900592,1.1348284852168555,False,False,0.0008027661746570715,-0.19272464851900592,1.1348284852168555,0.0,0.0,0.0008027661746570715,-0.19272464851900592,1.1348284852168555,0.0,0.0,0.0008027661746570715,-0.19272464851900592,1.1348284852168555,0.0,0.0,0.0008027661746570715,-0.19272464851900592,1.1348284852168555,0.0,0.0
19,Cauca,19300,Guachené,20320,-0.4290458933235291,-0.2999099709756028,-0.1291359223479262,0.0007434826898267623,-0.299909970975603,-0.1291359223479261,False,False,0.0007534197473354368,-0.2819436399411548,-0.14710225338237432,0.017966331034448224,0.017966331034448224,0.0007434826898267623,-0.299909970975603,-0.1291359223479261,0.0,0.0,0.0007391093795878569,-0.3078169735666545,-0.12122891975687461,-0.007907002591051482,-0.007907002591051482,0.0007490464370965312,-0.2898506425322065,-0.1391952507913226,0.01005932844339652,0.01005932844339652
19,Cauca,19318,Guapi,29275,-0.419350911796497,-0.7258541434256285,0.3065032316291315,0.0005078958174149649,-0.7258541434256288,0.30650323162913184,False,False,0.0005078958174149649,-0.7258541434256288,0.30650323162913184,0.0,0.0,0.0005078958174149649,-0.7258541434256288,0.30650323162913184,0.0,0.0,0.0005078958174149649,-0.7258541434256288,0.30650323162913184,0.0,0.0,0.0005078958174149649,-0.7258541434256288,0.30650323162913184,0.0,0.0
19,Cauca,19355,Inzá,29139,0.4030446419269636,-0.6070306907450707,1.0100753326720342,0.0005736162742184164,-0.607030690745071,1.0100753326720346,False,False,0.000602128431535816,-0.5554803342714878,0.9585249761984513,0.05155035647358319,0.0515503564735833,0.0006917473434192492,-0.3934481596122125,0.7964928015391761,0.21358253113285847,0.21358253113285852,0.0005701154804067334,-0.6133601721281805,1.016404814055144,-0.006329481383109514,-0.006329481383109403,0.0007131857925589533,-0.35468716081826634,0.75773180274523,0.25234352992680464,0.25234352992680464
19,Cauca,19364,Jambaló,19163,0.2095665993920671,-0.8178912591237356,1.0274578585158027,0.0004569907044082509,-0.8178912591237362,1.0274578585158032,False,False,0.0004732975744718722,-0.7884082229791829,0.99797482237125,0.029483036144553276,0.029483036144553165,0.0004952095797379321,-0.7487910284631055,0.9583576278551726,0.06910023066063065,0.06910023066063053,0.0004539731597003145,-0.8233470197537524,1.0329136191458195,-0.005455760630016182,-0.005455760630016293,0.0005075415795682466,-0.7264946101244998,0.9360612095165669,0.09139664899923639,0.09139664899923627
19,Cauca,19392,La Sierra,11305,0.0762986202570875,-0.7207289324295543,0.7970275526866417,0.0005107305373315928,-0.7207289324295547,0.7970275526866422,False,False,0.0005107305373315928,-0.7207289324295547,0.7970275526866422,0.0,0.0,0.0005107305373315928,-0.7207289324295547,0.7970275526866422,0.0,0.0,0.0005105760264962116,-0.7210082900577504,0.7973069103148378,-0.00027935762819564225,-0.00027935762819564225,0.0005105760264962116,-0.7210082900577504,0.7973069103148378,-0.00027935762819564225,-0.00027935762819564225
19,Cauca,19397,La Vega,24423,-0.5176068741126434,-0.7264976406324183,0.2088907665197749,0.0005075399034145893,-0.7264976406324187,0.20889076651977534,False,False,0.0005075399034145893,-0.7264976406324187,0.20889076651977534,0.0,0.0,0.0005075399034145893,-0.7264976406324187,0.20889076651977534,0.0,0.0,0.0005074440829712008,-0.7266708852578305,0.20906401114518713,-0.00017324462541179475,-0.00017324462541179475,0.0005074440829712008,-0.7266708852578305,0.20906401114518713,-0.00017324462541179475,-0.00017324462541179475
19,Cauca,19418,López de Micay,19491,-0.6031932309908948,-1.3181572276413402,0.7149639966504454,0.00018029694377005647,-1.3181572276413411,0.7149639966504463,False,False,0.00018029694377005647,-1.3181572276413411,0.7149639966504463,0.0,0.0,0.00018029694377005647,-1.3181572276413411,0.7149639966504463,0.0,0.0,0.00018022008806341998,-1.3182961837725815,0.7151029527816867,-0.0001389561312403753,-0.0001389561312403753,0.00018022008806341998,-1.3182961837725815,0.7151029527816867,-0.0001389561312403753,-0.0001389561312403753
19,Cauca,19450,Mercaderes,25765,-0.4788224189743825,-0.5263918995962715,0.047569480621889,0.0006182170501664489,-0.5263918995962719,0.04756948062188937,False,False,0.0006182170501664489,-0.5263918995962719,0.04756948062188937,0.0,0.0,0.0006182170501664489,-0.5263918995962719,0.04756948062188937,0.0,0.0,0.0006182170501664489,-0.5263918995962719,0.04756948062188937,0.0,0.0,0.0006182170501664489,-0.5263918995962719,0.04756948062188937,0.0,0.0
19,Cauca,19455,Miranda,32570,-0.1135277794159235,-0.3755970400552245,0.262069260639301,0.0007016206782304521,-0.37559704005522476,0.26206926063930125,False,False,0.0007179275482940734,-0.3461140039106715,0.23258622449474797,0.029483036144553276,0.029483036144553276,0.0007398395535601332,-0.30649680939459417,0.19296902997867066,0.06910023066063059,0.06910023066063059,0.0006980120845188939,-0.3821214250790698,0.2685936456631463,-0.0065243850238450585,-0.0065243850238450585,0.0007515805043868259,-0.2852690154498174,0.1717412360338939,0.09032802460540734,0.09032802460540734
19,Cauca,19473,Morales,44523,-0.2345938633814024,-0.8878090788308453,0.6532152154494428,0.0004183196260462563,-0.8878090788308458,0.6532152154494434,False,False,0.0004183196260462563,-0.8878090788308458,0.6532152154494434,0.0,0.0,0.0004183196260462563,-0.8878090788308458,0.6532152154494434,0.0,0.0,0.0004165179396216998,-0.8910665516486891,0.6564726882672867,-0.0032574728178432766,-0.0032574728178432766,0.0004165179396216998,-0.8910665516486891,0.6564726882672867,-0.0032574728178432766,-0.0032574728178432766
19,Cauca,19513,Padilla,10541,0.1299968011539168,-0.2742339971917105,0.4042307983456273,0.0007576838991661956,-0.2742339971917107,0.4042307983456275,False,False,0.0007676209566748701,-0.2562676661572625,0.38626446731117925,0.017966331034448224,0.017966331034448224,0.0007576838991661956,-0.2742339971917107,0.4042307983456275,0.0,0.0,0.0007527513840921897,-0.2831520494999153,0.4131488506538321,-0.008918052308204583,-0.008918052308204638,0.0007626884416008641,-0.26518571846546707,0.3951825196193839,0.009048278726243641,0.009048278726243586
19,Cauca,19517,Páez,52403,0.6597367063200419,-1.3269092125337727,1.9866459188538144,0.0001754562794727997,-1.3269092125337736,1.9866459188538155,True,True,0.00021323361868830386,-1.2586072849909462,1.918343991310988,0.06830192754282738,0.06830192754282738,0.0003491784400622598,-1.012817254985452,1.6725539613054938,0.31409195754832164,0.31409195754832164,0.00026370263956206774,-1.1673586296207845,1.8270953359408264,0.15955058291298907,0.15955058291298907,0.0004806804393264921,-0.775059905950233,1.4347966122702749,0.5518493065835406,0.5518493065835406
19,Cauca,19532,Patía,38915,-0.3263640463356296,-1.1045684600953716,0.7782044137597419,0.00029843146228926193,-1.1045684600953722,0.7782044137597426,False,False,0.00029843146228926193,-1.1045684600953722,0.7782044137597426,0.0,0.0,0.00029843146228926193,-1.1045684600953722,0.7782044137597426,0.0,0.0,0.00029843146228926193,-1.1045684600953722,0.7782044137597426,0.0,0.0,0.00029843146228926193,-1.1045684600953722,0.7782044137597426,0.0,0.0
19,Cauca,19533,Piamonte,9705,-0.0481356751590726,-1.139939036080276,1.0918033609212034,0.00027886823332487194,-1.1399390360802768,1.0918033609212041,False,False,0.00031380501680320353,-1.0767728707740365,1.0286371956149638,0.06316616530624031,0.06316616530624031,0.00027886823332487194,-1.1399390360802768,1.0918033609212041,0.0,0.0,0.0002760056005048556,-1.1451147139738176,1.096979038814745,-0.0051756778935407866,-0.0051756778935407866,0.00030862295329236425,-1.086142109947303,1.0380064347882303,0.05379692613297382,0.05379692613297382
19,Cauca,19548,Piendamó - Tunía,42676,-0.0477601105492229,0.1919193719446852,-0.2396794824939082,0.00101551020928422,0.1919193719446854,-0.2396794824939083,False,False,0.0010187251396546735,0.1977320084558304,-0.2454921190050533,0.005812636511144997,0.005812636511144997,0.00101551020928422,0.1919193719446854,-0.2396794824939083,0.0,0.0,0.0010117912854632194,0.18519550862783674,-0.23295561917705965,-0.006723863316848655,-0.006723863316848655,0.001015006215833673,0.19100814513898173,-0.23876825568820464,-0.0009112268057036577,-0.0009112268057036577
19,Cauca,19573,Puerto Tejada,43471,-0.0865651703625698,1.050200125682684,-1.136765296045254,0.001490219552673813,1.0502001256826847,-1.1367652960452546,False,False,0.0014934344830442666,1.0560127621938298,-1.1425779325563996,0.005812636511145053,0.005812636511145053,0.001490219552673813,1.0502001256826847,-1.1367652960452546,0.0,0.0,0.0014850995532978298,1.0409430992837951,-1.127508269646365,-0.00925702639888959,-0.00925702639888959,0.0014883144836682833,1.0467557357949402,-1.13332090615751,-0.0034443898877445367,-0.0034443898877445367
19,Cauca,19585,Puracé,18062,-0.2671101719358507,-0.4351703879900147,0.168060216054164,0.0006686710580059761,-0.435170387990015,0.16806021605416432,False,False,0.0006686710580059761,-0.435170387990015,0.16806021605416432,0.0,0.0,0.0006686710580059761,-0.435170387990015,0.16806021605416432,0.0,0.0,0.0006663198268784328,-0.4394214448787436,0.1723112729428929,-0.004251056888728566,-0.004251056888728566,0.0006663198268784328,-0.4394214448787436,0.1723112729428929,-0.004251056888728566,-0.004251056888728566
19,Cauca,19622,Rosas,12028,-0.1671915443443072,0.1286911928175734,-0.2958827371618806,0.0009805391263764081,0.12869119281757352,-0.29588273716188074,False,False,0.0009805391263764081,0.12869119281757352,-0.29588273716188074,0.0,0.0,0.0009805391263764081,0.12869119281757352,-0.29588273716188074,0.0,0.0,0.0009802187314153156,0.12811191450226414,-0.29530345884657133,-0.0005792783153093783,-0.0005792783153094061,0.0009802187314153156,0.12811191450226414,-0.29530345884657133,-0.0005792783153093783,-0.0005792783153094061
19,Cauca,19693,San Sebastián,10813,-0.3326141181189848,-1.021371435756641,0.6887573176376562,0.0003444471799012439,-1.0213714357566417,0.6887573176376569,False,False,0.0003444471799012439,-1.0213714357566417,0.6887573176376569,0.0,0.0,0.0003444471799012439,-1.0213714357566417,0.6887573176376569,0.0,0.0,0.00034435135945785536,-1.0215446803820534,0.6889305622630686,-0.00017324462541168373,-0.00017324462541168373,0.00034435135945785536,-1.0215446803820534,0.6889305622630686,-0.00017324462541168373,-0.00017324462541168373
19,Cauca,19698,Santander de Quilichao,126198,-0.2568855653548599,-0.0137189718277281,-0.2431665935271318,0.0009017730169694952,-0.013718971827728119,-0.24316659352713177,False,False,0.0009049879473399487,-0.00790633531658312,-0.2489792300382768,0.005812636511144999,0.005812636511145025,0.0009017730169694952,-0.013718971827728119,-0.24316659352713177,0.0,0.0,0.0008966074764552973,-0.023058337205146787,-0.23382722814971313,-0.009339365377418668,-0.00933936537741864,0.0008998224068257508,-0.017245700694001786,-0.23963986466085813,-0.003526728866273667,-0.003526728866273643
19,Cauca,19701,Santa Rosa,5328,0.0091354878442663,-0.7097550303577991,0.7188905182020654,0.0005168001291571306,-0.7097550303577994,0.7188905182020657,False,False,0.0005168001291571306,-0.7097550303577994,0.7188905182020657,0.0,0.0,0.0005168001291571306,-0.7097550303577994,0.7188905182020657,0.0,0.0,0.0005161918188162169,-0.71085486347711,0.7199903513213763,-0.0010998331193106115,-0.0010998331193106115,0.0005161918188162169,-0.71085486347711,0.7199903513213763,-0.0010998331193106115,-0.0010998331193106115
19,Cauca,19743,Silvia,39887,-0.2446126639226839,-0.8133986512470499,0.568785987324366,0.0004594755357713685,-0.8133986512470505,0.5687859873243666,False,False,0.0004690602786967689,-0.7960693096258002,0.5514566457031164,0.017329341621250216,0.017329341621250216,0.0004976944111010497,-0.7442984205864197,0.4996857566637358,0.06910023066063076,0.06910023066063076,0.00045692997543111957,-0.8180010579153374,0.5733883939926535,-0.004602406668286929,-0.004602406668286929,0.0005037762681608307,-0.733302342809388,0.4886896788867041,0.08009630843766247,0.08009630843766247
19,Cauca,19760,Sotará Paispamba,14596,-0.2547016694334747,0.1290577224669507,-0.3837593919004255,0.0009807418514735642,0.12905772246695085,-0.3837593919004256,False,False,0.0009807418514735642,0.12905772246695085,-0.3837593919004256,0.0,0.0,0.0009807418514735642,0.12905772246695085,-0.3837593919004256,0.0,0.0,0.0009799044266927928,0.12754364741861235,-0.38224531685208707,-0.0015140750483385035,-0.0015140750483385035,0.0009799044266927928,0.12754364741861235,-0.38224531685208707,-0.0015140750483385035,-0.0015140750483385035
19,Cauca,19780,Suárez,37158,-0.4069743206538581,-0.1516847084505664,-0.2552896122032916,0.0008254650909706304,-0.1516847084505665,-0.2552896122032916,False,False,0.0008286800213410839,-0.1458720719394215,-0.26110224871443655,0.005812636511144997,0.005812636511144942,0.0008254650909706304,-0.1516847084505665,-0.2552896122032916,0.0,0.0,0.0008216344574392464,-0.15861054439711542,-0.24836377625674266,-0.006925835946548914,-0.006925835946548942,0.0008248493878096999,-0.15279790788597042,-0.25417641276788766,-0.0011131994354039165,-0.0011131994354039443
19,Cauca,19785,Sucre,9756,-0.0513581787063477,-0.5520358190254464,0.5006776403190987,0.000604033569876181,-0.5520358190254467,0.500677640319099,False,False,0.000604033569876181,-0.5520358190254467,0.500677640319099,0.0,0.0,0.000604033569876181,-0.5520358190254467,0.500677640319099,0.0,0.0,0.000604033569876181,-0.5520358190254467,0.500677640319099,0.0,0.0,0.000604033569876181,-0.5520358190254467,0.500677640319099,0.0,0.0
19,Cauca,19807,Timbío,38572,0.2660325020458841,0.0747963765895358,0.1912361254563482,0.0009507302640521756,0.07479637658953589,0.1912361254563482,False,False,0.0009507302640521756,0.07479637658953589,0.1912361254563482,0.0,0.0,0.0009507302640521756,0.07479637658953589,0.1912361254563482,0.0,0.0,0.0009501225935043726,0.07369770022460756,0.19233480182127652,-0.0010986763649283304,-0.0010986763649283304,0.0009501225935043726,0.07369770022460756,0.19233480182127652,-0.0010986763649283304,-0.0010986763649283304
19,Cauca,19809,Timbiquí,29010,-0.5408462152753885,-1.057401416545967,0.5165552012705786,0.0003245192385506427,-1.0574014165459678,0.5165552012705793,False,False,0.0003245192385506427,-1.0574014165459678,0.5165552012705793,0.0,0.0,0.0003245192385506427,-1.0574014165459678,0.5165552012705793,0.0,0.0,0.0003245192385506427,-1.0574014165459678,0.5165552012705793,0.0,0.0,0.0003245192385506427,-1.0574014165459678,0.5165552012705793,0.0,0.0
19,Cauca,19821,Toribío,39282,0.0664534112567394,-1.3558095172402014,1.4222629284969408,0.00015947171426940014,-1.3558095172402023,1.4222629284969417,True,False,0.00018606356210351874,-1.3077311056391427,1.3741845168958822,0.04807841160105952,0.04807841160105952,0.00019769058959908138,-1.2867092865795715,1.353162697836311,0.06910023066063076,0.06910023066063076,0.0007087058476581141,-0.36278696028448715,0.4292403715412265,0.9930225569557152,0.9930225569557152,0.0007719453370998576,-0.24844912931510454,0.31490254057184397,1.1073603879250977,1.1073603879250977
19,Cauca,19824,Totoró,27100,-0.3113649296230695,0.1387474091966251,-0.4501123388196946,0.0009861011523842062,0.13874740919662523,-0.4501123388196947,False,False,0.0009956858953096067,0.15607675081787548,-0.467441680440945,0.017329341621250244,0.01732934162125027,0.0010243200277138876,0.2078476398572562,-0.5192125694803257,0.06910023066063098,0.06910023066063098,0.0009835645540100498,0.13416120588123182,-0.4455261355043013,-0.004586203315393417,-0.004586203315393389,0.001030410846739761,0.2188599209871814,-0.5302248506102509,0.08011251179055617,0.08011251179055623
19,Cauca,19845,Villa Rica,23298,-0.5618671115810185,1.121129899958698,-1.6829970115397166,0.0015294503363383588,1.1211298999586987,-1.6829970115397173,False,False,0.0015326652667088123,1.1269425364698438,-1.6888096480508623,0.005812636511145053,0.005812636511145053,0.0015294503363383588,1.1211298999586987,-1.6829970115397173,0.0,0.0,0.0015229004254354805,1.1092875746602362,-1.6711546862412547,-0.01184232529846252,-0.01184232529846252,0.001526115355805934,1.1151002111713813,-1.6769673227523998,-0.0060296887873174665,-0.0060296887873174665
20,Cesar,20001,Valledupar,601259,-0.1113368913671866,0.5719375389464396,-0.6832744303136262,0.0012256957153064002,0.57193753894644,-0.6832744303136266,False,False,0.0012387994057429148,0.5956291840787985,-0.7069660754459851,0.023691645132358552,0.023691645132358552,0.0012256957153064002,0.57193753894644,-0.6832744303136266,0.0,0.0,0.0012038373483310451,0.5324173231673864,-0.643754214534573,-0.039520215779053514,-0.039520215779053514,0.0012163613792080246,0.5550609361710388,-0.6663978275382254,-0.01687660277540115,-0.01687660277540115
20,Cesar,20011,Aguachica,132237,0.0144317694798974,0.5013969637835375,-0.4869651943036401,0.001186680195067754,0.5013969637835378,-0.48696519430364044,False,False,0.0011939788025995984,0.5145929424616491,-0.5001611729817517,0.013195978678111286,0.013195978678111231,0.001186680195067754,0.5013969637835378,-0.48696519430364044,0.0,0.0,0.0011712130707471288,0.47343219901763645,-0.45900042953773906,-0.027964764765901373,-0.027964764765901373,0.0011785116782789733,0.4866281776957478,-0.4721964082158504,-0.014768786087790031,-0.014768786087790031
20,Cesar,20013,Agustín Codazzi,67850,-0.2242450976893054,-0.6975726612297075,0.4733275635404021,0.0005235381160274401,-0.697572661229708,0.47332756354040256,False,False,0.0005279491216629408,-0.6895975048644518,0.4653524071751464,0.007975156365256142,0.007975156365256142,0.0005235381160274401,-0.697572661229708,0.47332756354040256,0.0,0.0,0.000518044844111501,-0.7075045693038884,0.483259471614583,-0.009931908074180429,-0.009931908074180429,0.0005224558497470017,-0.6995294129386321,0.47528431524932674,-0.001956751708924176,-0.001956751708924176
20,Cesar,20032,Astrea,22144,-0.2681155018704968,-0.9990553564428688,0.7309398545723719,0.0003567900540854001,-0.9990553564428692,0.7309398545723724,False,False,0.00036435042744687823,-0.9853861016923796,0.7172705998218828,0.013669254750489634,0.013669254750489634,0.0003567900540854001,-0.9990553564428692,0.7309398545723724,0.0,0.0,0.000353142130388996,-1.0056508505980346,0.7375353487275378,-0.00659549415516536,-0.00659549415516536,0.00036070250375047413,-0.9919815958475449,0.723866093977048,0.007073760595324385,0.007073760595324385
20,Cesar,20045,Becerril,26931,-0.1672349913558799,-0.944980097899178,0.7777451065432982,0.0003866987178473444,-0.9449800978991787,0.7777451065432988,False,False,0.0003866987178473444,-0.9449800978991787,0.7777451065432988,0.0,0.0,0.0003866987178473444,-0.9449800978991787,0.7777451065432988,0.0,0.0,0.00038518791901435913,-0.9477116421149766,0.7804766507590967,-0.0027315442157979097,-0.0027315442157979097,0.00038518791901435913,-0.9477116421149766,0.7804766507590967,-0.0027315442157979097,-0.0027315442157979097
20,Cesar,20060,Bosconia,47690,-0.3240413154670544,-0.9664500215244964,0.6424087060574419,0.0003748238467140803,-0.9664500215244969,0.6424087060574425,False,False,0.00039819227346773984,-0.9241995977502556,0.6001582822832012,0.042250423774241264,0.042250423774241264,0.0003748238467140803,-0.9664500215244969,0.6424087060574425,0.0,0.0,0.00037381694183771986,-0.9682705188209149,0.6442292033538605,-0.0018204972964179778,-0.0018204972964179778,0.00039718536859137936,-0.9260200950466737,0.6019787795796193,0.040429926477823175,0.040429926477823175
20,Cesar,20175,Chimichagua,37732,-0.4784074733361761,-0.6271796239176117,0.1487721505814356,0.0005624720340677657,-0.6271796239176121,0.14877215058143595,False,False,0.0005624720340677657,-0.6271796239176121,0.14877215058143595,0.0,0.0,0.0005624720340677657,-0.6271796239176121,0.14877215058143595,0.0,0.0,0.0005565916216846257,-0.6378114870624451,0.15940401372626894,-0.010631863144832998,-0.010631863144832998,0.0005565916216846257,-0.6378114870624451,0.15940401372626894,-0.010631863144832998,-0.010631863144832998
20,Cesar,20178,Chiriguaná,32424,-0.1837520485075364,-0.708328742469982,0.5245766939624457,0.0005175889994466732,-0.7083287424699825,0.5245766939624461,False,False,0.0005175889994466732,-0.7083287424699825,0.5245766939624461,0.0,0.0,0.0005175889994466732,-0.7083287424699825,0.5245766939624461,0.0,0.0,0.0005137197713317505,-0.7153243579325892,0.5315723094250528,-0.006995615462606741,-0.006995615462606741,0.0005137197713317505,-0.7153243579325892,0.5315723094250528,-0.006995615462606741,-0.006995615462606741
20,Cesar,20228,Curumaní,44811,-0.2998621381134417,-0.7358913059065427,0.436029167793101,0.0005023443299907648,-0.7358913059065432,0.43602916779310147,False,False,0.0005023443299907648,-0.7358913059065432,0.43602916779310147,0.0,0.0,0.0005023443299907648,-0.7358913059065432,0.43602916779310147,0.0,0.0,0.0004964136097617457,-0.7466141263002303,0.4467519881867886,-0.010722820393687105,-0.010722820393687105,0.0004964136097617457,-0.7466141263002303,0.4467519881867886,-0.010722820393687105,-0.010722820393687105
20,Cesar,20238,El Copey,34776,0.0221523400389734,-0.5753495371799647,0.5975018772189381,0.0005911389083229524,-0.5753495371799651,0.5975018772189384,False,False,0.00060380761408975,-0.5524443500674201,0.5745966901063935,0.022905187112544967,0.022905187112544967,0.0005911389083229524,-0.5753495371799651,0.5975018772189384,0.0,0.0,0.0005859634982992966,-0.5847067467606516,0.606859086799625,-0.009357209580686532,-0.009357209580686532,0.0005986322040660943,-0.5618015596481064,0.5839538996870798,0.013547977531858657,0.013547977531858657
20,Cesar,20250,El Paso,45704,-0.1767888544121074,-0.9384636650383044,0.7616748106261968,0.0003903029132707595,-0.9384636650383048,0.7616748106261975,False,False,0.00039786328663223757,-0.924794410287815,0.7480055558757075,0.013669254750489856,0.013669254750489968,0.0003903029132707595,-0.9384636650383048,0.7616748106261975,0.0,0.0,0.00038881896279497263,-0.941146667070188,0.7643578126580806,-0.002683002031883208,-0.002683002031883097,0.0003963793361564507,-0.9274774123196982,0.7506885579075908,0.010986252718606648,0.010986252718606648
20,Cesar,20295,Gamarra,16058,-0.4768473951406518,-0.1933742306416119,-0.2834731644990398,0.0008024068951304632,-0.19337423064161202,-0.28347316449903975,False,False,0.0008024068951304632,-0.19337423064161202,-0.28347316449903975,0.0,0.0,0.0008024068951304632,-0.19337423064161202,-0.28347316449903975,0.0,0.0,0.0007962973723272014,-0.20442032844773755,-0.2724270666929142,-0.011046097806125532,-0.011046097806125532,0.0007962973723272014,-0.20442032844773755,-0.2724270666929142,-0.011046097806125532,-0.011046097806125532
20,Cesar,20310,González,4928,0.0280170901850001,-0.2637929045899186,0.2918099947749187,0.0007634587976381467,-0.2637929045899187,0.2918099947749188,False,False,0.0007884212860463501,-0.21866039632035725,0.24667748650535734,0.04513250826956147,0.04513250826956147,0.0008263637242757525,-0.15005996758292928,0.17807705776792937,0.11373293700698944,0.11373293700698944,0.0007465011950685033,-0.29445247368779964,0.32246956387279974,-0.030659569097880923,-0.030659569097880923,0.0008285646690165025,-0.14608063046363381,0.1740977206486339,0.1177122741262849,0.1177122741262849
20,Cesar,20383,La Gloria,19514,-0.2711724442656582,-0.7309765171076269,0.4598040728419687,0.000505062666797772,-0.7309765171076273,0.45980407284196917,False,False,0.000515546821237373,-0.7120210276064624,0.4408485833408042,0.01895548950116499,0.01895548950116499,0.0005679675934353778,-0.6172435801006378,0.34607113583497967,0.1137329370069895,0.1137329370069895,0.0004929270885153764,-0.7529178026970132,0.4817453584313551,-0.021941285589385906,-0.021941285589385906,0.0005607766760251309,-0.6302448536185877,0.35907240935292956,0.10073166348903961,0.10073166348903961
20,Cesar,20400,La Jagua de Ibirico,58996,0.0094642161350115,-0.8403096864993651,0.8497739026343766,0.00044459122219574286,-0.8403096864993655,0.849773902634377,False,False,0.00044459122219574286,-0.8403096864993655,0.849773902634377,0.0,0.0,0.00044459122219574286,-0.8403096864993655,0.849773902634377,0.0,0.0,0.0004436490614700331,-0.8420131255175035,0.851477341652515,-0.0017034390181379644,-0.0017034390181379644,0.0004436490614700331,-0.8420131255175035,0.851477341652515,-0.0017034390181379644,-0.0017034390181379644
20,Cesar,20443,Manaure Balcón del Cesar,11548,-0.0787075487210415,-0.6721218162997156,0.5934142675786741,0.0005376148081037895,-0.6721218162997159,0.5934142675786744,False,False,0.0006307078897931211,-0.5038082968109306,0.4251007480898891,0.16831351948878526,0.1683135194887853,0.0005376148081037895,-0.6721218162997159,0.5934142675786744,0.0,0.0,0.0005050623608612896,-0.7309770702448225,0.652269521523781,-0.0588552539451066,-0.0588552539451066,0.000593054878195618,-0.5718854383806685,0.493177889659627,0.10023637791904738,0.10023637791904744
20,Cesar,20517,Pailitas,21068,0.0379282618291586,-0.8455323045066725,0.8834605663358311,0.0004417026271128099,-0.845532304506673,0.8834605663358317,False,False,0.0004521867815524109,-0.8265768150055081,0.8645050768346667,0.01895548950116499,0.01895548950116499,0.0005046075537504158,-0.7317993674996836,0.7697276293288422,0.1137329370069895,0.1137329370069895,0.000428697787252129,-0.8690452264941948,0.9069734883233534,-0.02351292198752175,-0.02351292198752175,0.0004965473747618835,-0.7463722774157691,0.7843005392449277,0.09916002709090399,0.09916002709090399
20,Cesar,20550,Pelaya,24204,0.1400079398004351,-0.6862110841975833,0.8262190239980184,0.0005298221282801912,-0.6862110841975837,0.8262190239980188,False,False,0.0005403062827197922,-0.6672555946964187,0.8072635344968538,0.01895548950116499,0.01895548950116499,0.000592727054917797,-0.5724781471905942,0.7124860869910293,0.1137329370069895,0.1137329370069895,0.0005176207113228944,-0.7082714069795302,0.8482793467799653,-0.022060322781946473,-0.022060322781946473,0.0005854702988326489,-0.5855984579011044,0.7256063977015396,0.10061262629647927,0.10061262629647927
20,Cesar,20570,Pueblo Bello,33724,-0.0617480201096067,-0.1474314519406272,0.0856834318310205,0.0008278175386939509,-0.1474314519406273,0.08568343183102059,False,False,0.0008322285443294517,-0.1394562955753709,0.0777082754657642,0.007975156365256392,0.007975156365256392,0.0008278175386939509,-0.1474314519406273,0.08568343183102059,0.0,0.0,0.0008138579980311376,-0.17267048556984882,0.11092246546024212,-0.02523903362922153,-0.02523903362922153,0.0008182690036666384,-0.16469532920459243,0.10294730909498573,-0.01726387726396514,-0.01726387726396514
20,Cesar,20614,Río de Oro,19390,-0.1450112473723361,0.90453677702771,-1.049548024400046,0.0014096541289534527,0.9045367770277105,-1.0495480244000466,False,False,0.0014169527364852972,0.9177327557058219,-1.062744003078158,0.013195978678111397,0.013195978678111508,0.0014096541289534527,0.9045367770277105,-1.0495480244000466,0.0,0.0,0.0013884070235824473,0.8661217302911837,-1.0111329776635198,-0.03841504673652685,-0.03841504673652674,0.0013957056311142918,0.8793177089692951,-1.0243289563416311,-0.02521906805841545,-0.02521906805841545
20,Cesar,20621,La Paz,32751,-0.1523764356174244,-0.873726074233052,0.7213496386156276,0.000426108841680482,-0.8737260742330526,0.7213496386156282,False,False,0.0004392125321169964,-0.8500344291006945,0.6976579934832701,0.023691645132358108,0.023691645132358108,0.000426108841680482,-0.8737260742330526,0.7213496386156282,0.0,0.0,0.0004189998019417886,-0.8865793118409577,0.7342028762235333,-0.012853237607905132,-0.012853237607905132,0.00043152383281876806,-0.8639356988373055,0.711559263219881,0.00979037539574712,0.00979037539574712
20,Cesar,20710,San Alberto,31199,-0.0867643731957208,-0.5735136640940127,0.4867492908982919,0.0005921543174456471,-0.573513664094013,0.4867492908982922,False,False,0.0005921543174456471,-0.573513664094013,0.4867492908982922,0.0,0.0,0.0005921543174456471,-0.573513664094013,0.4867492908982922,0.0,0.0,0.0005876008277141894,-0.5817464335839668,0.494982060388246,-0.008232769489953773,-0.008232769489953773,0.0005876008277141894,-0.5817464335839668,0.494982060388246,-0.008232769489953773,-0.008232769489953773
20,Cesar,20750,San Diego,23324,-0.0847846551806773,0.0254979289702427,-0.11028258415092,0.0009234636224578509,0.02549792897024272,-0.11028258415092003,False,False,0.0009365673128943653,0.04918957410260083,-0.13397422928327812,0.02369164513235811,0.023691645132358094,0.0009234636224578509,0.02549792897024272,-0.11028258415092003,0.0,0.0,0.0009075889560989925,-0.003203677175811842,-0.08158097800486547,-0.028701606146054562,-0.028701606146054562,0.0009201129869759719,0.019439935827840586,-0.10422459100851789,-0.006057993142402133,-0.006057993142402143
20,Cesar,20770,San Martín,33351,-0.413371802963114,-0.5564003153671279,0.1430285124040138,0.000601619596146067,-0.5564003153671282,0.1430285124040142,False,False,0.000601619596146067,-0.5564003153671282,0.1430285124040142,0.0,0.0,0.000601619596146067,-0.5564003153671282,0.1430285124040142,0.0,0.0,0.0005970155627241783,-0.5647244685159963,0.15135266555288235,-0.00832415314886814,-0.00832415314886814,0.0005970155627241783,-0.5647244685159963,0.15135266555288235,-0.00832415314886814,-0.00832415314886814
20,Cesar,20787,Tamalameque,16871,-0.3457758941946945,-0.8590897437775716,0.5133138495828771,0.00043420409814509935,-0.8590897437775722,0.5133138495828777,False,False,0.00043420409814509935,-0.8590897437775722,0.5133138495828777,0.0,0.0,0.00043420409814509935,-0.8590897437775722,0.5133138495828777,0.0,0.0,0.0004235490820018483,-0.8783541534924127,0.5325782592977182,-0.019264409714840558,-0.019264409714840447,0.0004235490820018483,-0.8783541534924127,0.5325782592977182,-0.019264409714840558,-0.019264409714840447
23,Córdoba,23001,Montería,563597,1.0398877141516154,0.6961687807696699,0.3437189333819455,0.0012944071841090455,0.6961687807696704,0.34371893338194504,False,False,0.0013036717169164916,0.7129191782744428,0.32696853587717256,0.016750397504772474,0.016750397504772474,0.0012944071841090455,0.6961687807696704,0.34371893338194504,0.0,0.0,0.0012443469342194985,0.6056591887302083,0.4342285254214071,-0.09050959203946207,-0.09050959203946207,0.0012534227460579907,0.6220683762340918,0.41781933791752357,-0.07410040453557853,-0.07410040453557853
23,Córdoba,23068,Ayapel,49883,0.4893260021869896,-1.0164675707554895,1.5057935729424792,0.0003471594748287827,-1.0164675707554902,1.5057935729424798,True,False,0.0003961756163136775,-0.9278457404822709,1.4171717426692605,0.08862183027321935,0.08862183027321935,0.0003471594748287827,-1.0164675707554902,1.5057935729424798,0.0,0.0,0.00040375669748688863,-0.9141390457350548,1.4034650479220443,0.10232852502043543,0.10232852502043555,0.0004527728389717834,-0.8255172154618353,1.314843217648825,0.1909503552936549,0.1909503552936549
23,Córdoba,23079,Buenavista,22295,0.5165907446970573,-0.747543142233848,1.2641338869309051,0.0004958997772635501,-0.7475431422338484,1.2641338869309058,False,False,0.0005106477939913601,-0.7208785334799882,1.2374692781770456,0.02666460875386023,0.02666460875386023,0.0004958997772635501,-0.7475431422338484,1.2641338869309058,0.0,0.0,0.0004822633833169508,-0.7721979223382085,1.288788667035266,-0.024654780104360063,-0.024654780104360174,0.0004970114000447608,-0.7455333135843483,1.2621240582814055,0.002009828649500167,0.002009828649500278
23,Córdoba,23090,Canalete,16420,1.272367439069466,-0.6815542467006942,1.95392168577016,0.0005323977939476227,-0.6815542467006946,1.9539216857701605,True,False,0.0005689635949142286,-0.6154427962907212,1.887810235360187,0.06611145040997346,0.06611145040997335,0.0005323977939476227,-0.6815542467006946,1.9539216857701605,0.0,0.0,0.0005575020189274812,-0.6361654768402326,1.9085329159096984,0.04538876986046203,0.04538876986046203,0.0005935951541236218,-0.5709086123771976,1.8432760514466635,0.11064563432349706,0.11064563432349694
23,Córdoba,23162,Cereté,119389,1.02576354743424,-0.5971554553117417,1.6229190027459817,0.0005790782008758144,-0.5971554553117422,1.622919002745982,True,False,0.0006074446511338212,-0.5458685391232555,1.5716320865574955,0.051286916188486686,0.051286916188486575,0.0005790782008758144,-0.5971554553117422,1.622919002745982,0.0,0.0,0.0007656400061238791,-0.2598492508799943,1.2856127983142343,0.3373062044317479,0.33730620443174786,0.0007970314460714991,-0.2030931134364289,1.2288566608706688,0.3940623418753133,0.3940623418753133
23,Córdoba,23168,Chimá,19407,0.4651602246408359,-0.6906253000209828,1.1557855246618187,0.0005273806550373394,-0.6906253000209832,1.1557855246618192,False,False,0.0005542069659208577,-0.6421229761343016,1.1072832007751374,0.04850232388668163,0.04850232388668174,0.0005273806550373394,-0.6906253000209832,1.1557855246618192,0.0,0.0,0.0004943721809551943,-0.7503050565066565,1.2154652811474924,-0.05967975648567325,-0.05967975648567325,0.0005200502935695363,-0.703878690234107,1.169038914874943,-0.013253390213123772,-0.013253390213123772
23,Córdoba,23182,Chinú,52071,0.8837916370146275,-0.4678638974682125,1.35165553448284,0.0006505884966181037,-0.46786389746821283,1.3516555344828403,True,False,0.0006756083344778829,-0.42262770063382693,1.3064193376484545,0.0452361968343859,0.04523619683438573,0.0006505884966181037,-0.46786389746821283,1.3516555344828403,0.0,0.0,0.0010361461530125162,0.22922943037065,0.6545622066439775,0.6970933278388628,0.6970933278388628,0.001062461042833181,0.27680709823061594,0.6069845387840116,0.7446709956988288,0.7446709956988287
23,Córdoba,23189,Ciénaga de Oro,62594,1.0275923452347773,-0.0947023617151704,1.1222947069499476,0.000856981645764326,-0.09470236171517045,1.1222947069499478,False,False,0.0008699187300269558,-0.0713119427425462,1.0989042879773234,0.023390418972624255,0.023390418972624394,0.000856981645764326,-0.09470236171517045,1.1222947069499478,0.0,0.0,0.0008127381230639216,-0.1746952342804839,1.2022875795152612,-0.07999287256531344,-0.0799928725653134,0.0008247261134345397,-0.15302078958211246,1.1806131348168898,-0.05831842786694201,-0.05831842786694197
23,Córdoba,23300,Cotorra,21334,0.874859322399095,-0.1670930238349845,1.0419523462340796,0.0008169428548060411,-0.16709302383498464,1.0419523462340796,False,False,0.0008435969984146794,-0.11890198065198147,0.9937613030510765,0.04819104318300317,0.04819104318300316,0.0008169428548060411,-0.16709302383498464,1.0419523462340796,0.0,0.0,0.0007700023597031731,-0.2519620580740266,1.1268213804731215,-0.08486903423904196,-0.08486903423904191,0.0007951137066530037,-0.20656041159792415,1.081419733997019,-0.03946738776293951,-0.039467387762939454
23,Córdoba,23350,La Apartada,16297,0.3272603310982115,-0.9020128716443994,1.2292732027426108,0.00041046360325791076,-0.9020128716443999,1.2292732027426114,False,False,0.00042521161998572074,-0.8753482628905397,1.2026085939887512,0.02666460875386023,0.02666460875386023,0.00041046360325791076,-0.9020128716443999,1.2292732027426114,0.0,0.0,0.00040259673270611157,-0.9162362773573482,1.2434966084555596,-0.014223405712948334,-0.014223405712948223,0.0004173447494339215,-0.889571668603488,1.2168319997016996,0.012441203040911897,0.012441203040911786
23,Córdoba,23417,Lorica,120346,0.5704680506334352,-0.7394627747407988,1.309930825374234,0.0005003689744700192,-0.7394627747407991,1.3099308253742343,True,False,0.0005439368783679842,-0.6606914298809585,1.2311594805143937,0.07877134485984061,0.07877134485984061,0.0005003689744700192,-0.7394627747407991,1.3099308253742343,0.0,0.0,0.0008036167294400809,-0.1911868342534509,0.761654884886886,0.5482759404873483,0.5482759404873483,0.0008513651356854781,-0.10485708601326452,0.6753251366466997,0.6346056887275346,0.6346056887275346
23,Córdoba,23419,Los Córdobas,19217,0.3448998677828973,-0.6126052605722186,0.957505128355116,0.0005705330169383252,-0.612605260572219,0.9575051283551163,False,False,0.000607098817904931,-0.5464938101622456,0.8913936779451429,0.06611145040997335,0.06611145040997335,0.0005705330169383252,-0.612605260572219,0.9575051283551163,0.0,0.0,0.0005444223767488544,-0.6598136424051603,1.0047135101880575,-0.04720838183294129,-0.04720838183294129,0.000580515511944995,-0.5945567779421251,0.9394566457250224,0.018048482630093843,0.018048482630093843
23,Córdoba,23464,Momil,22186,0.572895155505591,-0.1102484752244416,0.6831436307300327,0.0008483831943786864,-0.11024847522444174,0.6831436307300327,False,False,0.0008764432844602398,-0.05951546227553373,0.6324106177811247,0.05073301294890801,0.050733012948907974,0.0008483831943786864,-0.11024847522444174,0.6831436307300327,0.0,0.0,0.0007960723469855732,-0.20482717723323593,0.777722332738827,-0.09457870200879419,-0.09457870200879426,0.0008228080322328882,-0.15648870569206152,0.7293838611976525,-0.04624023046761978,-0.046240230467619825
23,Córdoba,23466,Montelíbano,87467,0.7038862543249286,-0.6981651129722817,1.40205136729721,0.0005232104349318516,-0.6981651129722821,1.4020513672972106,True,False,0.0005784036035341024,-0.598375136202748,1.3022613905276765,0.09978997676953416,0.09978997676953405,0.0005232104349318516,-0.6981651129722821,1.4020513672972106,0.0,0.0,0.000555090279310384,-0.6405259338761145,1.344412188201043,0.05763917909616767,0.05763917909616767,0.0006102834479126348,-0.5407359571065803,1.2446222114315089,0.15742915586570183,0.15742915586570172
23,Córdoba,23500,Moñitos,32846,0.3614354065113018,-1.198549125517786,1.559984532029088,0.000246451384931486,-1.1985491255177867,1.5599845320290884,True,False,0.0003009878080382398,-1.0999465532658559,1.4613819597771576,0.09860257225193081,0.09860257225193081,0.000246451384931486,-1.1985491255177867,1.5599845320290884,0.0,0.0,0.0002633501836538491,-1.1679958745513461,1.529431281062648,0.03055325096644057,0.03055325096644035,0.0003168202382233416,-1.0713213106790016,1.4327567171903035,0.1272278148387851,0.12722781483878487
23,Córdoba,23555,Planeta Rica,66459,0.7177297923758151,-0.4549247277010176,1.1726545200768328,0.0006577450648592537,-0.45492472770101794,1.172654520076833,False,False,0.0006638388479595754,-0.4439070874853973,1.1616368798612124,0.011017640215620628,0.011017640215620572,0.0006577450648592537,-0.45492472770101794,1.172654520076833,0.0,0.0,0.0006298176684187573,-0.5054178287968129,1.223147621172628,-0.05049310109579491,-0.05049310109579497,0.0006359114515190791,-0.49440018858119206,1.2121299809570072,-0.03947546088017412,-0.039475460880174174
23,Córdoba,23570,Pueblo Nuevo,37976,0.2856398251279232,-0.6394488540733176,0.9250886792012408,0.000555686004944143,-0.639448854073318,0.9250886792012412,False,False,0.0005662254537170109,-0.6203933916883356,0.9060332168162588,0.019055462384982347,0.019055462384982347,0.000555686004944143,-0.639448854073318,0.9250886792012412,0.0,0.0,0.0005343746487158167,-0.6779800672072784,0.9636198923352016,-0.03853121313396046,-0.03853121313396046,0.0005448322677567695,-0.659072554056842,0.9447123791847651,-0.01962369998352398,-0.01962369998352398
23,Córdoba,23574,Puerto Escondido,24650,0.7616878095190771,-0.8742837837718974,1.6359715932909746,0.00042580037626536657,-0.8742837837718979,1.635971593290975,True,False,0.00047516600574969934,-0.7850300745863357,1.5467178841054128,0.08925370918556219,0.0892537091855623,0.00042580037626536657,-0.8742837837718979,1.635971593290975,0.0,0.0,0.00043818752227922457,-0.8518876604061285,1.6135754699252056,0.02239612336576935,0.02239612336576946,0.0004870804859930921,-0.7634885371675046,1.5251763466865818,0.11079524660439322,0.11079524660439333
23,Córdoba,23580,Puerto Libertador,45697,0.5048899456959538,-0.8881339897568362,1.39302393545279,0.00041813991998659514,-0.8881339897568368,1.3930239354527907,True,False,0.0004746666935887488,-0.7859328375587077,1.2908227832546615,0.10220115219812909,0.1022011521981292,0.00041813991998659514,-0.8881339897568368,1.3930239354527907,0.0,0.0,0.0004664151354920406,-0.8008517634264535,1.3057417091224073,0.0872822263303833,0.0872822263303834,0.0005229419090941943,-0.6986506112283244,1.203540556924278,0.18948337852851238,0.1894833785285126
23,Córdoba,23586,Purísima de La Concepción,19091,0.4096292045175597,-0.7150970295652304,1.12472623408279,0.0005138455051310144,-0.7150970295652308,1.1247262340827904,False,False,0.000546654924656996,-0.65577716634241,1.0654063708599697,0.05931986322282079,0.05931986322282068,0.0005138455051310144,-0.7150970295652308,1.1247262340827904,0.0,0.0,0.00048381648984289105,-0.7693898852555564,1.179019089773116,-0.0542928556903256,-0.054292855690325714,0.0005153897210309323,-0.7123050668516845,1.1219342713692442,0.0027919627135463143,0.0027919627135462033
23,Córdoba,23660,Sahagún,118572,0.6491382970418437,-0.0993263219200202,0.748464618961864,0.0008544241643071873,-0.09932632192002033,0.748464618961864,False,False,0.0008647360899510711,-0.08068222435301893,0.7298205213948626,0.018644097567001403,0.01864409756700136,0.0008544241643071873,-0.09932632192002033,0.748464618961864,0.0,0.0,0.0008156798139022609,-0.1693766184471276,0.8185149154889713,-0.07005029652710726,-0.07005029652710726,0.0008255500903149074,-0.15153102851506653,0.8006693255569102,-0.052204706595046196,-0.05220470659504617
23,Córdoba,23670,San Andrés Sotavento,52225,0.514710191083585,-0.209517933735651,0.7242281248192359,0.0007934779209430876,-0.20951793373565114,0.7242281248192362,False,False,0.00081600480121724,-0.16878903709542337,0.6834992281790083,0.040728896640227774,0.04072889664022783,0.0007934779209430876,-0.20951793373565114,0.7242281248192362,0.0,0.0,0.0007495181931571385,-0.28899770135268943,0.8037078924362744,-0.07947976761703829,-0.07947976761703823,0.0007711432728334805,-0.24989927208705223,0.7646094631706372,-0.04038133835140109,-0.04038133835140101
23,Córdoba,23672,San Antero,38802,0.4652936957667065,-0.7273779165623525,1.192671612329059,0.0005070530286863832,-0.727377916562353,1.1926716123290595,False,False,0.0005436366779092392,-0.6612341962696806,1.126527892036387,0.06614372029267235,0.06614372029267246,0.0005070530286863832,-0.727377916562353,1.1926716123290595,0.0,0.0,0.0004775271142509079,-0.7807611592757487,1.2460548550424553,-0.053383242713395784,-0.053383242713395784,0.0005128459211478964,-0.7169042905901118,1.1821979863568184,0.010473625972241107,0.010473625972241107
23,Córdoba,23675,San Bernardo del Viento,40897,0.4139217364511449,-0.8882303785994033,1.3021521150505482,0.00041808660796256817,-0.8882303785994039,1.3021521150505488,True,False,0.000459139141651107,-0.8140068562531485,1.2279285927042933,0.0742235223462554,0.07422352234625551,0.00041808660796256817,-0.8882303785994039,1.3021521150505488,0.0,0.0,0.00040037734705293716,-0.9202489558895222,1.334170692340667,-0.032018577290118255,-0.032018577290118255,0.0004403635122042147,-0.8479534419228533,1.261875178373998,0.040276936676550634,0.040276936676550745
23,Córdoba,23678,San Carlos,28745,0.4498351686712767,-0.4680983895570273,0.917933558228304,0.0006504588006124244,-0.4680983895570276,0.9179335582283044,False,False,0.0006645414331135206,-0.4426368042607457,0.8924719729320224,0.025461585296281897,0.025461585296281952,0.0006504588006124244,-0.4680983895570276,0.9179335582283044,0.0,0.0,0.0006171265038008206,-0.5283636218084247,0.9781987904797014,-0.06026523225139707,-0.060265232251397016,0.000630260042409905,-0.5046180107863956,0.9544531794576723,-0.03651962122936797,-0.036519621229367916
23,Córdoba,23682,San José de Uré,15244,0.190563972698133,-0.5870653670804028,0.7776293397785358,0.0005846589611785255,-0.5870653670804031,0.7776293397785361,False,False,0.000625163530968945,-0.5138325706889834,0.7043965433871163,0.07323279639141977,0.07323279639141977,0.0005846589611785255,-0.5870653670804031,0.7776293397785361,0.0,0.0,0.0005709809197077013,-0.6117954464578463,0.8023594191559793,-0.024730079377443204,-0.024730079377443204,0.0006114854894981209,-0.5385626500664263,0.7291266227645593,0.04850271701397679,0.04850271701397679
23,Córdoba,23686,San Pelayo,57804,0.5924714521200403,-0.5130919831125557,1.1055634352325958,0.0006255731450032772,-0.513091983112556,1.1055634352325963,False,False,0.0006587818848372745,-0.45305014350625095,1.0455215956262913,0.06004183960630505,0.060041839606304936,0.0006255731450032772,-0.513091983112556,1.1055634352325963,0.0,0.0,0.0005874391948021023,-0.582038668020779,1.1745101201408192,-0.06894668490822298,-0.06894668490822298,0.0006188306347497223,-0.5252825305772136,1.1177539826972538,-0.012190547464657642,-0.01219054746465753
23,Córdoba,23807,Tierralta,100490,0.9504105334901044,-0.801031800296481,1.7514423337865854,0.00046631555830359186,-0.8010318002964815,1.7514423337865859,True,False,0.000505896861133815,-0.7294682827459636,1.679878816236068,0.07156351755051782,0.07156351755051782,0.00046631555830359186,-0.8010318002964815,1.7514423337865859,0.0,0.0,0.0005596587519189236,-0.6322660751467892,1.5826766086368935,0.16876572514969224,0.16876572514969235,0.0005992400547491467,-0.5607025575962714,1.5111130910863757,0.24032924270021006,0.24032924270021017
23,Córdoba,23815,Tuchín,60386,0.192097767846019,-0.1767448558304679,0.3688426236764869,0.0008116044910956494,-0.17674485583046798,0.368842623676487,False,False,0.0008341313713698018,-0.13601595919024023,0.32811372703625924,0.040728896640227746,0.040728896640227774,0.0008116044910956494,-0.17674485583046798,0.368842623676487,0.0,0.0,0.0007674379354163973,-0.2565985710064287,0.4486963388524477,-0.07985371517596071,-0.07985371517596068,0.0007890630150927392,-0.2175001417407915,0.4095979095868105,-0.04075528591032351,-0.04075528591032351
23,Córdoba,23855,Valencia,36721,0.7504320764775089,-0.440338967361258,1.1907710438387669,0.0006658123513311567,-0.44033896736125827,1.190771043838767,False,False,0.0006752345787414034,-0.42330345593480534,1.1737355324123142,0.01703551142645293,0.017035511426452876,0.0006658123513311567,-0.44033896736125827,1.190771043838767,0.0,0.0,0.0006417577289373408,-0.4838300419030615,1.2342621183805704,-0.04349107454180323,-0.04349107454180334,0.0006511799563475875,-0.46679453047660857,1.2172266069541173,-0.0264555631153503,-0.026455563115350245
25,Cundinamarca,25001,Agua de Dios,11820,-0.1473600980124218,-0.1691541365496787,0.0217940385372568,0.0008158028671514385,-0.1691541365496788,0.021794038537257004,False,False,0.0008279075779425094,-0.1472686597917157,-9.143822070611929e-05,0.021885476757963124,0.021885476757963124,0.0008546600743332395,-0.09889979348152653,-0.04846030453089528,0.07025434306815229,0.07025434306815229,0.0008154434259239671,-0.16980401102957804,0.02244391301715623,-0.0006498744798992262,-0.0006498744798992262,0.0008654806305239561,-0.07933608517757854,-0.06802401283484327,0.08981805137210028,0.08981805137210028
25,Cundinamarca,25019,Albán,6911,1.192310824053051,-0.6483894054426539,1.840700229495705,0.0005507410457899335,-0.6483894054426542,1.8407002294957053,True,False,0.0005659258351879078,-0.62093510594059,1.813245929993641,0.02745429950206424,0.02745429950206435,0.0005652353634244714,-0.6221834879954395,1.8144943120484907,0.026205917447214677,0.026205917447214677,0.0006971407243836113,-0.3836968556959342,1.5760076797489853,0.26469254974672,0.2646925497467201,0.0007268196157185331,-0.33003702873074353,1.5223478527837946,0.3183523767119107,0.31835237671191075
25,Cundinamarca,25035,Anapoima,16635,-0.3391375679146284,-0.3479895834084847,0.0088520154938562,0.0007168901778205957,-0.3479895834084849,0.008852015493856502,False,False,0.0007230292950438194,-0.3368899785007508,-0.002247589413877593,0.011099604907734095,0.011099604907734095,0.0007168901778205957,-0.3479895834084849,0.008852015493856502,0.0,0.0,0.0007165242407707179,-0.3486512024209677,0.009513634506339297,-0.0006616190124827948,-0.0006616190124827948,0.0007226626912922985,-0.33755280291859735,-0.0015847649960310517,0.010436780489887554,0.010436780489887554
25,Cundinamarca,25040,Anolaima,14581,-0.5660552149113502,0.1021892360237711,-0.6682444509351214,0.0009658810713596395,0.10218923602377118,-0.6682444509351214,False,False,0.0009810658607576138,0.12964353552583546,-0.6956987504371857,0.02745429950206428,0.02745429950206424,0.0009803753889941775,0.1283951534709861,-0.6944503683823363,0.026205917447214913,0.0262059174472149,0.0009644887773842074,0.09967195015337693,-0.6657271650647272,-0.0025172858703942508,-0.002517285870394237,0.0009941676687191291,0.1533317771185676,-0.7193869920299178,0.05114254109479642,0.051142541094796434
25,Cundinamarca,25053,Arbeláez,10753,-0.1682308994268604,1.018364390686879,-1.186595290113739,0.0014726114206140358,1.0183643906868793,-1.1865952901137398,False,False,0.0014795396799817165,1.0308907749997012,-1.1991216744265616,0.012526384312821826,0.012526384312821826,0.0015114686277958368,1.0886187337550315,-1.256849633181892,0.07025434306815215,0.07025434306815215,0.001472373098976,1.0179335020221127,-1.1861644014489732,-0.00043088866476659327,-0.00043088866476659327,0.0015172346168986013,1.0990437180998296,-1.26727461752669,0.08067932741295025,0.08067932741295025
25,Cundinamarca,25086,Beltrán,1805,-1.0584171789709764,-0.9852586810643572,-0.0731584979066193,0.00036442090294385175,-0.9852586810643577,-0.07315849790661877,False,False,0.00038571875134401,-0.9467518902618781,-0.11166528870909831,0.03850679080247954,0.03850679080247954,0.00036442090294385175,-0.9852586810643577,-0.07315849790661877,0.0,0.0,0.00036289703058898376,-0.988013862380145,-0.07040331659083143,-0.002755181315787336,-0.002755181315787336,0.0003841946632915516,-0.9495074615617537,-0.10890971740922273,0.03575121950260396,0.03575121950260396
25,Cundinamarca,25095,Bituima,2476,-1.0584171789709764,-0.6512468583370703,-0.4071703206339061,0.0005491606077090754,-0.6512468583370707,-0.4071703206339057,False,False,0.0005718176783548791,-0.6102825757878306,-0.4481346031831458,0.040964282549240116,0.040964282549240116,0.0005636549253436133,-0.625040940889856,-0.43337623808112047,0.026205917447214788,0.026205917447214788,0.000547407326637008,-0.6544168136392008,-0.40400036533177563,-0.0031699553021300453,-0.0031699553021300453,0.0005845584992197592,-0.5872470036268345,-0.47117017534414196,0.06399985471023628,0.06399985471023628
25,Cundinamarca,25099,Bojacá,10793,-0.1715300239688566,0.065310550747828,-0.2368405747166846,0.0009454837172349325,0.06531055074782806,-0.23684057471668468,False,False,0.0009531201106548451,0.0791172507665878,-0.2506472747354444,0.013806700018759735,0.013806700018759721,0.0009454837172349325,0.06531055074782806,-0.23684057471668468,0.0,0.0,0.0009450394032271618,0.06450722516176981,-0.2360372491306264,-0.0008033255860582511,-0.0008033255860582789,0.0009526755809494841,0.07831353519644142,-0.24984355916529805,0.013002984448613364,0.013002984448613364
25,Cundinamarca,25120,Cabrera,4887,-0.8135795213093773,-0.4822928873114445,-0.3312866339979328,0.0006426079188591078,-0.48229288731144476,-0.3312866339979325,False,False,0.0006626252680133689,-0.4461012560339119,-0.3674782652754654,0.03619163127753289,0.03619163127753289,0.0007627120137846745,-0.265143099646247,-0.5484364216631303,0.21714978766519777,0.21714978766519782,0.0006421148892596686,-0.48318429132974444,-0.33039522997963283,-0.0008914040182996796,-0.0008914040182996796,0.0007793811588307819,-0.23500506555535386,-0.5785744557540234,0.2472878217560909,0.24728782175609093
25,Cundinamarca,25123,Cachipay,10338,0.2147244309066194,0.1073294998773773,0.107394931029242,0.0009687241169110717,0.10732949987737744,0.10739493102924197,False,False,0.0009797940641047126,0.1273441104038032,0.08738032050281622,0.020014610526425752,0.020014610526425752,0.0009687241169110717,0.10732949987737744,0.10739493102924197,0.0,0.0,0.0009682096171314568,0.10639927749015238,0.10832515341646703,-0.0009302223872250659,-0.0009302223872250659,0.0009792793486275073,0.12641349803248983,0.08831093287412958,0.019083998155112386,0.019083998155112386
25,Cundinamarca,25126,Cajicá,118870,-0.1122319892572548,0.8055283101589019,-0.9177602994161568,0.0013548932082493523,0.8055283101589025,-0.9177602994161573,False,False,0.0013584770746416302,0.8120079878633629,-0.9242399771206178,0.0064796777044604514,0.0064796777044604514,0.0013693875258838902,0.8317342276061171,-0.943966216863372,0.026205917447214677,0.026205917447214677,0.0013541487192571951,0.8041822642420985,-0.9164142534993533,-0.001346045916803984,-0.001346045916803984,0.001372226903284011,0.8368678593937736,-0.9490998486510285,0.031339549234871145,0.031339549234871145
25,Cundinamarca,25148,Caparrapí,11509,-0.3306692051291444,-0.3383945676359656,0.0077253625068212,0.0007221971168581402,-0.33839456763596587,0.007725362506821487,False,False,0.0007363937858237606,-0.3127268029078098,-0.017942402221334586,0.025667764728156073,0.025667764728156073,0.0007366914344926781,-0.31218865018875114,-0.018480554940393246,0.026205917447214733,0.026205917447214733,0.0007196357764129823,-0.34302550494205025,0.012356299812905869,-0.004630937306084382,-0.004630937306084382,0.0007483267630131406,-0.2911518227666795,-0.03951738236246488,0.04724274486928637,0.04724274486928637
25,Cundinamarca,25151,Cáqueza,18061,-0.3959280405001083,1.496017756317367,-1.891945796817475,0.0017367983018632635,1.496017756317368,-1.8919457968174762,False,False,0.0017367983018632635,1.496017756317368,-1.8919457968174762,0.0,0.0,0.0017367983018632635,1.496017756317368,-1.8919457968174762,0.0,0.0,0.0017367120674001775,1.4958618432707715,-1.8917898837708798,-0.00015591304659645644,-0.00015591304659645644,0.0017367120674001775,1.4958618432707715,-1.8917898837708798,-0.00015591304659645644,-0.00015591304659645644
25,Cundinamarca,25154,Carmen de Carupa,7764,-0.5960826994531112,-0.1847766410864819,-0.4113060583666293,0.0008071621643994918,-0.184776641086482,-0.4113060583666292,False,False,0.0008146289340900113,-0.17127662300761395,-0.4248060764454973,0.013500018078868053,0.013500018078868081,0.0008519627825426089,-0.10377653261327306,-0.49230616683983813,0.08100010847320895,0.08100010847320893,0.000806765221564259,-0.18549431896781854,-0.41058838048529267,-0.0007176778813365314,-0.0007176778813365314,0.0008590326093978957,-0.09099419241574133,-0.5050885070373698,0.09378244867074068,0.09378244867074065
25,Cundinamarca,25168,Chaguaní,4366,-1.0584171789709764,-0.9600362030616058,-0.0983809759093706,0.0003783712868004139,-0.9600362030616064,-0.09838097590937,False,False,0.00040650848364725466,-0.9091637800641063,-0.14925339890687017,0.050872422997500166,0.050872422997500166,0.0003928656044349518,-0.9338302856143916,-0.1245868933565848,0.026205917447214788,0.026205917447214788,0.000375255395920761,-0.9656697748671628,-0.09274740410381366,-0.005633571805556348,-0.005633571805556348,0.0004178866947045492,-0.8885918244065363,-0.16982535456444015,0.07144437865507014,0.07144437865507014
25,Cundinamarca,25175,Chía,169539,-0.2185745803589995,0.6110460164304461,-0.8296205967894456,0.0012473263525851043,0.6110460164304465,-0.829620596789446,False,False,0.0012509102189773823,0.617525694134907,-0.8361002744939064,0.0064796777044604514,0.0064796777044604514,0.0012618206702196422,0.6372519338776612,-0.8558265142366607,0.026205917447214677,0.026205917447214677,0.0012467208513561529,0.6099512622226128,-0.8285258425816122,-0.0010947542078337813,-0.0010947542078337813,0.0012647990353829687,0.6426368573742879,-0.8612114377332873,0.03159084094384135,0.03159084094384135
25,Cundinamarca,25178,Chipaque,10150,-0.1153459411445842,1.1343944583221637,-1.2497403994667478,0.001536786874835406,1.1343944583221641,-1.2497403994667484,False,False,0.001536786874835406,1.1343944583221641,-1.2497403994667484,0.0,0.0,0.001536786874835406,1.1343944583221641,-1.2497403994667484,0.0,0.0,0.0015366629214800434,1.1341703490208612,-1.2495162901654455,-0.0002241093013028994,-0.0002241093013028994,0.0015366629214800434,1.1341703490208612,-1.2495162901654455,-0.0002241093013028994,-0.0002241093013028994
25,Cundinamarca,25181,Choachí,11283,-0.3160923158188319,-0.2195368568119829,-0.0965554590068489,0.0007879365216115488,-0.21953685681198312,-0.09655545900684878,False,False,0.0007879365216115488,-0.21953685681198312,-0.09655545900684878,0.0,0.0,0.0007879365216115488,-0.21953685681198312,-0.09655545900684878,0.0,0.0,0.0007877297490775519,-0.21991070428054993,-0.09618161153828197,-0.00037384746856680695,-0.00037384746856680695,0.0007877297490775519,-0.21991070428054993,-0.09618161153828197,-0.00037384746856680695,-0.00037384746856680695
25,Cundinamarca,25183,Chocontá,21836,-0.4008672799094807,0.3859375472926754,-0.7868048272021562,0.0011228203641769705,0.38593754729267565,-0.7868048272021564,False,False,0.0011252360837827268,0.39030520020054466,-0.7911724801100253,0.004367652907869002,0.004367652907868891,0.0011373146818115085,0.41214346473989033,-0.8130107446493711,0.026205917447214677,0.026205917447214677,0.0011226533783464593,0.38563563470875356,-0.7865029146182343,-0.00030191258392209264,-0.00030191258392209264,0.0011395634155867537,0.41620920506383763,-0.8170764849733183,0.030271657771161975,0.03027165777116192
25,Cundinamarca,25200,Cogua,24963,-0.0518492867770519,0.600933368422703,-0.6527826551997549,0.0012417331146209786,0.6009333684227033,-0.6527826551997552,False,False,0.0012503680310980197,0.6165454112981629,-0.6683946980752148,0.015612042875459586,0.015612042875459586,0.0012865337327640958,0.6819334768959124,-0.7337827636729644,0.08100010847320915,0.08100010847320915,0.0012410638153971673,0.5997232665987382,-0.6515725533757901,-0.0012101018239650818,-0.0012101018239650818,0.0012944993500173256,0.6963354179474068,-0.7481847047244587,0.09540204952470355,0.09540204952470355
25,Cundinamarca,25214,Cota,46260,-0.2824628125687488,1.1373366745483162,-1.419799487117065,0.0015384141949480199,1.1373366745483169,-1.4197994871170656,False,False,0.0015419980613402978,1.1438163522527773,-1.426279164821526,0.0064796777044604514,0.0064796777044604514,0.0015529085125825578,1.1635425919955316,-1.4460054045642803,0.026205917447214677,0.026205917447214677,0.0015378033654982006,1.136232286846881,-1.4186950994156298,-0.0011043877014358383,-0.0011043877014358383,0.0015558815495250165,1.1689178819985562,-1.451380694567305,0.03158120745023929,0.03158120745023929
25,Cundinamarca,25224,Cucunubá,8234,-0.7677876834664259,0.4146682278581093,-1.1824559113245352,0.0011387111114026932,0.41466822785810953,-1.1824559113245354,False,False,0.0011411268310084495,0.41903588076597853,-1.1868235642324043,0.004367652907869002,0.004367652907868891,0.0011532054290372311,0.44087414530532426,-1.20866182877175,0.026205917447214733,0.026205917447214677,0.001138460897595388,0.41421583799445916,-1.182003521460885,-0.0004523898636503709,-0.0004523898636503709,0.0011553709348356821,0.44478940834954284,-1.2125770918159686,0.030121180491433308,0.030121180491433197
25,Cundinamarca,25245,El Colegio,26618,-0.2942400146134741,-0.0713551097275898,-0.2228849048858842,0.0008698948546562954,-0.0713551097275899,-0.2228849048858842,False,False,0.000876033971879519,-0.06025550481985579,-0.23398450979361832,0.011099604907734116,0.011099604907734123,0.0008698948546562954,-0.0713551097275899,-0.2228849048858842,0.0,0.0,0.0008695657359484636,-0.07195016069206032,-0.22228985392141376,-0.0005950509644704199,-0.0005950509644704338,0.0008757041864700442,-0.06085176118969001,-0.23338825342378408,0.010503348537899894,0.010503348537899887
25,Cundinamarca,25258,El Peñón,4710,0.4658142006369661,-0.4500548225015797,0.9158690231385458,0.0006604385768476402,-0.45005482250157997,0.915869023138546,False,False,0.0006760208210704191,-0.4218819194342809,0.887696120071247,0.028172903067299082,0.028172903067299027,0.0007263218388228126,-0.33093701592333125,0.7967512165602973,0.11911780657824872,0.11911780657824866,0.0006586625266040422,-0.4532659447661376,0.9190801454031037,-0.0032111222645576087,-0.0032111222645576643,0.0007401280328019933,-0.30597523512059005,0.7717894357575561,0.14407958738098992,0.14407958738098992
25,Cundinamarca,25260,El Rosal,26497,-0.2004366141201455,0.1310733140241857,-0.3315099281443312,0.0009818566616804918,0.1310733140241858,-0.3315099281443313,False,False,0.0009913165705819525,0.14817695408373066,-0.3486135682038761,0.017103640059544872,0.017103640059544845,0.0009963509793150297,0.1572792314714005,-0.357715845591546,0.026205917447214705,0.026205917447214733,0.0009811133198023689,0.1297293421046848,-0.3301659562248303,-0.0013439719195009747,-0.0013439719195009747,0.0010050675463383677,0.17303889961144478,-0.37347551373159027,0.04196558558725899,0.04196558558725899
25,Cundinamarca,25269,Facatativá,161874,0.2277360274775506,0.1488473614277734,0.0788886660497771,0.0009916873683992263,0.14884736142777355,0.07888866604977704,False,False,0.0010068721577972005,0.17630166092983762,0.05143436654771297,0.027454299502064072,0.027454299502064072,0.0010061816860337642,0.17505327887498826,0.052682748602562335,0.026205917447214705,0.026205917447214705,0.0009908541957652447,0.14734097431691218,0.08039505316063841,-0.0015063871108613736,-0.0015063871108613736,0.0010205330871001664,0.20100080128210263,0.026735226195447964,0.052153439854329076,0.052153439854329076
25,Cundinamarca,25279,Fómeque,12340,-0.6705657582279505,0.0948197308837978,-0.7653854891117484,0.000961805047365315,0.09481973088379793,-0.7653854891117484,False,False,0.000961805047365315,0.09481973088379793,-0.7653854891117484,0.0,0.0,0.000961805047365315,0.09481973088379793,-0.7653854891117484,0.0,0.0,0.000961668467166026,0.09457279208214195,-0.7651385503100925,-0.0002469388016559798,-0.0002469388016559382,0.000961668467166026,0.09457279208214195,-0.7651385503100925,-0.0002469388016559798,-0.0002469388016559382
25,Cundinamarca,25281,Fosca,5631,0.6414892433230883,1.3549475142312188,-0.7134582709081305,0.0016587732946603535,1.3549475142312197,-0.7134582709081314,False,False,0.0016587732946603535,1.3549475142312197,-0.7134582709081314,0.0,0.0,0.0016587732946603535,1.3549475142312197,-0.7134582709081314,0.0,0.0,0.0016586872321134884,1.354791912011418,-0.7133026686883297,-0.0001556022198017093,-0.0001556022198017093,0.0016586872321134884,1.354791912011418,-0.7133026686883297,-0.0001556022198017093,-0.0001556022198017093
25,Cundinamarca,25286,Funza,118457,-0.3109510027093339,0.711336163225845,-1.0222871659351789,0.001302796161882754,0.7113361632258455,-1.0222871659351793,False,False,0.001306832086445746,0.7186331680651028,-1.0295841707744366,0.007297004839257326,0.007297004839257326,0.0013172904795172918,0.7375420806730602,-1.048493083382394,0.026205917447214677,0.026205917447214677,0.0013022071041030538,0.710271138991129,-1.021222141700463,-0.0010650242347164385,-0.0010650242347163275,0.001320737130602993,0.7437736712935122,-1.0547246740028462,0.032437508067666765,0.032437508067666876
25,Cundinamarca,25288,Fúquene,4961,-0.5760460308184931,0.5453895892329597,-1.1214356200514528,0.0012110122219134293,0.54538958923296,-1.1214356200514533,False,False,0.0012134279415191855,0.5497572421408289,-1.1258032729593221,0.004367652907868891,0.004367652907868891,0.0012255065395479672,0.5715955066801747,-1.147641537498668,0.026205917447214677,0.026205917447214677,0.0012108379458210033,0.5450744957593455,-1.1211205265778386,-0.0003150934736144695,-0.00031509347361469153,0.0012277479830612975,0.5756480661144292,-1.1516940969329224,0.03025847688146921,0.0302584768814691
25,Cundinamarca,25290,Fusagasugá,156943,-0.0901787268577005,1.1038340138097005,-1.194012740667401,0.0015198840974108595,1.1038340138097011,-1.1940127406674017,False,False,0.0015268123567785403,1.1163603981225232,-1.2065391249802238,0.012526384312822048,0.012526384312822048,0.0015587413045926605,1.1740883568778535,-1.264267083735554,0.07025434306815237,0.07025434306815237,0.0015196362003022583,1.1033858125678622,-1.1935645394255627,-0.0004482012418389747,-0.0004482012418389747,0.0015644977182248596,1.184496028645579,-1.2746747555032796,0.08066201483587787,0.08066201483587787
25,Cundinamarca,25293,Gachalá,4548,-1.0584171789709764,-1.215482210222352,0.1570650312513757,0.00023708580905592737,-1.2154822102223528,0.15706503125137639,False,False,0.00023708580905592737,-1.2154822102223528,0.15706503125137639,0.0,0.0,0.00023708580905592737,-1.2154822102223528,0.15706503125137639,0.0,0.0,0.0002358228475490394,-1.2177656612838674,0.159348482312891,-0.0022834510615146186,-0.0022834510615146186,0.0002358228475490394,-1.2177656612838674,0.159348482312891,-0.0022834510615146186,-0.0022834510615146186
25,Cundinamarca,25295,Gachancipá,20800,-0.59821655089704,0.2119509208746879,-0.8101674717717279,0.0010265895249955692,0.211950920874688,-0.810167471771728,False,False,0.0010290052446013257,0.2163185737825574,-0.8145351246795973,0.00436765290786939,0.004367652907869335,0.0010410838426301071,0.2381568383219027,-0.8363733892189427,0.026205917447214705,0.026205917447214677,0.0010262046087180304,0.2112549871682791,-0.809471538065319,-0.0006959337064089133,-0.0006959337064089688,0.0010431146459583245,0.24182855752336277,-0.8400451084204027,0.029877636648674766,0.02987763664867471
25,Cundinamarca,25297,Gachetá,8619,-0.6419460223429796,-0.5665004481975279,-0.0754455741454517,0.000596033280242809,-0.5665004481975282,-0.07544557414545139,False,False,0.000596033280242809,-0.5665004481975282,-0.07544557414545139,0.0,0.0,0.000596033280242809,-0.5665004481975282,-0.07544557414545139,0.0,0.0,0.0005958876161722775,-0.5667638107581967,-0.07518221158478289,-0.00026336256066850083,-0.00026336256066850083,0.0005958876161722775,-0.5667638107581967,-0.07518221158478289,-0.00026336256066850083,-0.00026336256066850083
25,Cundinamarca,25299,Gama,3193,-1.0584171789709764,-0.834760865595751,-0.2236563133752254,0.0004476602379184759,-0.8347608655957515,-0.22365631337522496,False,False,0.0004476602379184759,-0.8347608655957515,-0.22365631337522496,0.0,0.0,0.0004476602379184759,-0.8347608655957515,-0.22365631337522496,0.0,0.0,0.00044753278543099997,-0.8349913013740649,-0.22342587759691157,-0.00023043577831338702,-0.00023043577831338702,0.00044753278543099997,-0.8349913013740649,-0.22342587759691157,-0.00023043577831338702,-0.00023043577831338702
25,Cundinamarca,25307,Girardot,103831,0.1054807410357242,0.0087412266085659,0.0967395144271582,0.0009141956024762277,0.008741226608565947,0.09673951442715825,False,False,0.0009256427741098966,0.02943786389773413,0.07604287713799007,0.020696637289168186,0.02069663728916818,0.0009530528096580287,0.07899556967671821,0.026485171359005993,0.07025434306815226,0.07025434306815226,0.0009119546141932132,0.00468949023672637,0.10079125079899784,-0.004051736371839577,-0.004051736371839587,0.0009613345933777499,0.093969143869514,0.01151159716621021,0.08522791726094804,0.08522791726094804
25,Cundinamarca,25312,Granada,7614,-0.7441220297741719,1.4804565493596995,-2.2245785791338717,0.0017281915023922843,1.4804565493597006,-2.2245785791338726,False,False,0.0017333854070767426,1.4898471975310421,-2.233969227305214,0.009390648171341498,0.009390648171341276,0.0017281915023922843,1.4804565493597006,-2.2245785791338726,0.0,0.0,0.0017278543693474509,1.479847008368231,-2.223969038142403,-0.0006095409914697036,-0.0006095409914697036,0.0017330480583343188,1.489237266555484,-2.233359296329656,0.008780717195783438,0.008780717195783438
25,Cundinamarca,25317,Guachetá,14716,-0.8144945845854977,0.3857883943778812,-1.2002829789633789,0.0011227378686975622,0.3857883943778815,-1.2002829789633793,False,False,0.0011251535883033184,0.3901560472857505,-1.2046506318712482,0.004367652907869002,0.004367652907868891,0.0011372321863321,0.41199431182509616,-1.226488896410594,0.026205917447214677,0.026205917447214677,0.0011225609728936358,0.3854685644313231,-1.1999631490168208,-0.00031982994655838093,-0.00031982994655854746,0.00113947101013393,0.4160421347864068,-1.2305367193719046,0.030253740408525298,0.030253740408525243
25,Cundinamarca,25320,Guaduas,30787,1.0014017884044892,-0.468808938242151,1.4702107266466402,0.0006500658008879259,-0.46880893824215125,1.4702107266466404,True,False,0.000672830429615283,-0.4276501892628908,1.42905197766738,0.04115874897926047,0.04115874897926042,0.0006645601185224638,-0.4426030207949366,1.4440048091994258,0.026205917447214677,0.026205917447214677,0.0007071077030210854,-0.3656764268659899,1.367078215270479,0.10313251137616136,0.10313251137616142,0.0007443666493829804,-0.2983117604395147,1.299713548844004,0.17049717780263657,0.1704971778026365
25,Cundinamarca,25322,Guasca,17529,-0.1027834941120973,-0.0631352906835286,-0.0396482034285686,0.0008744411815827625,-0.06313529068352866,-0.039648203428568646,False,False,0.0008744411815827625,-0.06313529068352866,-0.039648203428568646,0.0,0.0,0.0008744411815827625,-0.06313529068352866,-0.039648203428568646,0.0,0.0,0.0008741766564184163,-0.06361355566946003,-0.039169938442637275,-0.00047826498593137035,-0.00047826498593137035,0.0008741766564184163,-0.06361355566946003,-0.039169938442637275,-0.00047826498593137035,-0.00047826498593137035
25,Cundinamarca,25324,Guataquí,3118,-0.6746706642204201,-0.32347579409831,-0.35119487012211,0.0007304485907020945,-0.3234757940983103,-0.3511948701221098,False,False,0.0007365877079253182,-0.31237618919057614,-0.36229447502984397,0.01109960490773415,0.01109960490773415,0.0007304485907020945,-0.3234757940983103,-0.3511948701221098,0.0,0.0,0.0007280435157881861,-0.3278242012629267,-0.3468464629574934,-0.00434840716461643,-0.00434840716461643,0.0007341819663097667,-0.3167258017605564,-0.3579448624598637,0.006749992337753863,0.006749992337753863
25,Cundinamarca,25326,Guatavita,6391,-0.3095380470715961,0.2539679436191121,-0.5635059906907083,0.0010498288592009823,0.25396794361911224,-0.5635059906907083,False,False,0.0010522445788067386,0.25833559652698124,-0.5678736435985774,0.004367652907869002,0.004367652907869113,0.0010643231768355202,0.28017386106632697,-0.5897119081379231,0.026205917447214733,0.026205917447214788,0.0010494693970799925,0.25331803136345604,-0.5628560784350521,-0.0006499122556561931,-0.0006499122556561376,0.0010663794343202869,0.28389160171854017,-0.5934296487901363,0.02992365809942793,0.029923658099427985
25,Cundinamarca,25328,Guayabal de Síquima,5062,-0.5856705835572131,-0.6431961803147384,0.0575255967575252,0.0005536133838678996,-0.6431961803147387,0.057525596757525554,False,False,0.000568798173265874,-0.6157418808126742,0.030071297255461094,0.02745429950206446,0.02745429950206446,0.0005681077015024375,-0.616990262867524,0.03131967931031088,0.026205917447214677,0.026205917447214677,0.000551996951533961,-0.6461187112934489,0.06044812773623576,-0.0029225309787102027,-0.0029225309787102027,0.0005816758428688828,-0.5924588843282582,0.006788300771045086,0.05073729598648047,0.05073729598648047
25,Cundinamarca,25335,Guayabetal,6989,0.3111883531420412,-0.3279258952747535,0.6391142484167947,0.0007279872695105307,-0.32792589527475374,0.6391142484167949,False,False,0.0007279872695105307,-0.32792589527475374,0.6391142484167949,0.0,0.0,0.0007279872695105307,-0.32792589527475374,0.6391142484167949,0.0,0.0,0.00072798639300306,-0.3279274800118208,0.639115833153862,-1.584737067072961e-06,-1.5847370671284722e-06,0.00072798639300306,-0.3279274800118208,0.639115833153862,-1.584737067072961e-06,-1.5847370671284722e-06
25,Cundinamarca,25339,Gutiérrez,3512,-0.3770267273808654,1.1573042082793272,-1.5343309356601926,0.001549458104281039,1.157304208279328,-1.5343309356601933,False,False,0.001549458104281039,1.157304208279328,-1.5343309356601933,0.0,0.0,0.001549458104281039,1.157304208279328,-1.5343309356601933,0.0,0.0,0.0015492951736015732,1.157009627461979,-1.5340363548428444,-0.0002945808173488995,-0.0002945808173488995,0.0015492951736015732,1.157009627461979,-1.5340363548428444,-0.0002945808173488995,-0.0002945808173488995
25,Cundinamarca,25368,Jerusalén,2169,-0.5067705063143444,-0.8043372398170776,0.2975667335027332,0.0004644873418166177,-0.804337239817078,0.29756673350273366,False,False,0.00047875627944507276,-0.7785388123933734,0.271768306079029,0.02579842742370464,0.02579842742370464,0.0004644873418166177,-0.804337239817078,0.29756673350273366,0.0,0.0,0.00046395791598719384,-0.8052944486992157,0.29852394238487134,-0.0009572088821376834,-0.0009572088821376834,0.0004782258731720561,-0.7794977939304578,0.2727272876161134,0.024839445886620237,0.024839445886620237
25,Cundinamarca,25372,Junín,5105,-0.8240348806375317,-0.8543273148808685,0.0302924342433368,0.0004368381657094102,-0.8543273148808691,0.030292434243337385,False,False,0.0004368381657094102,-0.8543273148808691,0.030292434243337385,0.0,0.0,0.0004368381657094102,-0.8543273148808691,0.030292434243337385,0.0,0.0,0.0004366507057541474,-0.8546662449523731,0.03063136431484137,-0.00033893007150398446,-0.00033893007150398446,0.0004366507057541474,-0.8546662449523731,0.03063136431484137,-0.00033893007150398446,-0.00033893007150398446
25,Cundinamarca,25377,La Calera,42445,-0.4664286221836766,0.5431732484943115,-1.009601870677988,0.0012097863786771816,0.5431732484943118,-1.0096018706779883,False,False,0.0012109545254637033,0.5452852732909033,-1.01171389547458,0.0021120247965914496,0.0021120247965915606,0.0012097863786771816,0.5431732484943118,-1.0096018706779883,0.0,0.0,0.0012094640413933845,0.5425904584339355,-1.009019080617612,-0.0005827900603763148,-0.0005827900603763148,0.0012106321881799062,0.544702483230527,-1.0111311054142036,0.0015292347362151348,0.0015292347362152459
25,Cundinamarca,25386,La Mesa,36901,-0.2802128161674306,0.0116507934625443,-0.2918636096299749,0.0009158048644395011,0.011650793462544318,-0.29186360962997493,False,False,0.0009278200241719076,0.03337436072536306,-0.31358717689279364,0.02172356726281874,0.02172356726281871,0.0009158048644395011,0.011650793462544318,-0.29186360962997493,0.0,0.0,0.0009153862931859221,0.010894011115582958,-0.29110682728301357,-0.0007567823469613599,-0.0007567823469613599,0.0009274007862166854,0.032616372973037704,-0.3128291891404683,0.020965579510493385,0.020965579510493382
25,Cundinamarca,25394,La Palma,9706,-0.4420347181260171,-0.7108988754607979,0.2688641573347808,0.0005161674760824588,-0.7108988754607982,0.26886415733478114,False,False,0.0005282359463332285,-0.6890789220776723,0.24704420395165522,0.021819953383125923,0.021819953383125923,0.000560968094225576,-0.6298987669875891,0.187864048861572,0.08100010847320915,0.08100010847320915,0.0005140614098836358,-0.714706670924947,0.2726719527989299,-0.0038077954641487777,-0.0038077954641487777,0.0005709304982775226,-0.6118866090686121,0.16985189094259506,0.09901226639218608,0.09901226639218608
25,Cundinamarca,25398,La Peña,6051,-0.4651987193813706,-0.3700583870433593,-0.0951403323380112,0.0007046840701602773,-0.3700583870433595,-0.09514033233801106,False,False,0.0007275054889378836,-0.3287969609042509,-0.13640175847711966,0.0412614261391086,0.0412614261391086,0.0007494846883033944,-0.28905827857015054,-0.17614044081122004,0.08100010847320899,0.08100010847320899,0.0007024685225603484,-0.374064126324646,-0.09113459305672461,-0.004005739281286447,-0.004005739281286447,0.000770090559481072,-0.25180259171232805,-0.21339612766904253,0.11825579533103148,0.11825579533103148
25,Cundinamarca,25402,La Vega,18891,-0.4250353394747956,-0.5975281773252532,0.1724928378504576,0.0005788720508234798,-0.5975281773252535,0.17249283785045794,False,False,0.0005936047820507402,-0.5708912049579857,0.14585586548319013,0.026636972367267808,0.026636972367267808,0.0005933663684580177,-0.5713222598780389,0.14628692040324326,0.026205917447214677,0.026205917447214677,0.0005774082785291945,-0.6001746969388542,0.17513935746405856,-0.0026465196136006286,-0.0026465196136006286,0.0006066353273909928,-0.5473318071243716,0.12229646764957597,0.05019637020088197,0.05019637020088197
25,Cundinamarca,25407,Lenguazaque,10629,-0.6081314952783488,0.4040850913092842,-1.0122165865876331,0.0011328576493738467,0.40408509130928455,-1.0122165865876334,False,False,0.0011352733689796032,0.4084527442171539,-1.0165842394955027,0.004367652907869335,0.004367652907869335,0.0011473519670083846,0.4302910087564992,-1.038422504034848,0.026205917447214677,0.026205917447214677,0.0011327181681659527,0.40383290744580985,-1.0119644027241586,-0.00025218386347469757,-0.0002521838634748086,0.001149628205406247,0.43440647780089353,-1.0425379730792423,0.03032138649160898,0.03032138649160898
25,Cundinamarca,25426,Machetá,6273,-0.8676756465315958,0.0882338618551354,-0.9559095083867312,0.000958162447261992,0.08823386185513547,-0.9559095083867313,False,False,0.000958162447261992,0.08823386185513547,-0.9559095083867313,0.0,0.0,0.000958162447261992,0.08823386185513547,-0.9559095083867313,0.0,0.0,0.0009580079047017463,0.08795444686796636,-0.9556300933995622,-0.00027941498716911595,-0.00027941498716910207,0.0009580079047017463,0.08795444686796636,-0.9556300933995622,-0.00027941498716911595,-0.00027941498716910207
25,Cundinamarca,25430,Madrid,139289,-0.2938885705646491,0.7634314133110484,-1.0573199838756977,0.0013316096962116533,0.7634314133110488,-1.057319983875698,False,False,0.0013450953630110508,0.7878136767453442,-1.0817022473099933,0.024382263434295393,0.024382263434295393,0.0013461040138461912,0.7896373307582635,-1.0835259013229126,0.026205917447214677,0.026205917447214677,0.0013310004569929467,0.7623299007684378,-1.0562184713330869,-0.0011015125426110384,-0.0011015125426110384,0.0013589802257292915,0.8129176916658591,-1.1068062622305082,0.04948627835481034,0.04948627835481023
25,Cundinamarca,25436,Manta,3502,-0.7167490941645129,-0.3526361525898386,-0.3641129415746743,0.0007143201914897963,-0.3526361525898388,-0.3641129415746741,False,False,0.0007143201914897963,-0.3526361525898388,-0.3641129415746741,0.0,0.0,0.0007143201914897963,-0.3526361525898388,-0.3641129415746741,0.0,0.0,0.0007142073452611829,-0.35284018005948836,-0.3639089141050246,-0.000204027469649537,-0.000204027469649537,0.0007142073452611829,-0.35284018005948836,-0.3639089141050246,-0.000204027469649537,-0.000204027469649537
25,Cundinamarca,25438,Medina,8472,-0.7759522042324885,-0.8777992710371249,0.1018470668046364,0.00042385598377595973,-0.8777992710371253,0.10184706680463684,False,False,0.00042385598377595973,-0.8777992710371253,0.10184706680463684,0.0,0.0,0.00042385598377595973,-0.8777992710371253,0.10184706680463684,0.0,0.0,0.0004226028682992291,-0.8800649203462573,0.10411271611376882,-0.0022656493091319785,-0.0022656493091319785,0.0004226028682992291,-0.8800649203462573,0.10411271611376882,-0.0022656493091319785,-0.0022656493091319785
25,Cundinamarca,25473,Mosquera,173675,-0.4659262595103044,0.4125133734456029,-0.8784396329559073,0.0011375192758421194,0.4125133734456032,-0.8784396329559077,False,False,0.001139139480799355,0.41544272537699106,-0.8813689848872954,0.00292935193138788,0.002929351931387769,0.0011375192758421194,0.4125133734456032,-0.8784396329559077,0.0,0.0,0.001137042398061231,0.4116511721282679,-0.8775774316385723,-0.000862201317335276,-0.0008622013173353871,0.001138662387320876,0.4145801340755675,-0.8805063935858719,0.0020667606299643038,0.0020667606299642483
25,Cundinamarca,25483,Nariño,2462,0.3995701886068891,0.0217225321981899,0.3778476564086991,0.0009213754757588939,0.021722532198189936,0.37784765640869916,False,False,0.000926346446195596,0.030710112309332804,0.3688600762975563,0.008987580111142868,0.008987580111142868,0.0009213754757588939,0.021722532198189936,0.37784765640869916,0.0,0.0,0.000919050984315388,0.01751982101086793,0.3820503675960212,-0.0042027111873220065,-0.004202711187322017,0.0009240212880504469,0.0265061957166468,0.3730639928902423,0.004783663518456865,0.004783663518456882
25,Cundinamarca,25486,Nemocón,14659,0.492432880845687,0.5247407860851943,-0.0323079052395072,0.001199591507023382,0.5247407860851946,-0.032307905239507606,False,False,0.0012020072266291384,0.5291084389930639,-0.03667555814737694,0.004367652907869335,0.004367652907869335,0.0012140858246579198,0.5509467035324093,-0.05851382268672228,0.026205917447214677,0.026205917447214677,0.0011992414822344915,0.524107936650442,-0.03167505580475499,-0.0006328494347526137,-0.0006328494347526137,0.0012161515194747856,0.5546815070055257,-0.06224862615983867,0.029940720920331065,0.029940720920331065
25,Cundinamarca,25488,Nilo,11030,0.2433289312653626,-0.1432134712743522,0.3865424025397148,0.0008301504755841198,-0.14321347127435236,0.38654240253971495,False,False,0.0008380239474905661,-0.12897813022513763,0.3723070614905002,0.014235341049214728,0.014235341049214756,0.0008690076827659208,-0.0729591282062001,0.3162880594715627,0.07025434306815226,0.07025434306815226,0.0008298137332063751,-0.1438223059345733,0.3871512371999359,-0.000608834660220936,-0.000608834660220936,0.000875620012663689,-0.0610039485417393,0.3043328798071019,0.08220952273261306,0.08220952273261306
25,Cundinamarca,25489,Nimaima,3674,-0.7327444427183267,-0.3502878899771338,-0.3824565527411929,0.0007156189998320881,-0.35028788997713406,-0.38245655274119267,False,False,0.0007408829073451488,-0.30461041199060707,-0.42813403072771966,0.04567747798652699,0.04567747798652699,0.0007604196179752052,-0.2692877815039251,-0.4634566612144016,0.08100010847320893,0.08100010847320893,0.0007135299864053584,-0.354064853804431,-0.37867958891389575,-0.0037769638272969197,-0.0037769638272969197,0.0007835945120615362,-0.22738726734469508,-0.5053571753736317,0.12290062263243898,0.122900622632439
25,Cundinamarca,25491,Nocaima,5654,-0.6351693427515797,-0.5218746108944888,-0.1132947318570908,0.0006207155323288243,-0.521874610894489,-0.1132947318570906,False,False,0.0006409283897571218,-0.4853294980789612,-0.14983984467261846,0.03654511281552786,0.03654511281552786,0.0006352098499633622,-0.4956686934472744,-0.13950064930430528,0.026205917447214677,0.026205917447214677,0.0006187265913122626,-0.5254706424843583,-0.1096987002672214,-0.0035960315898692086,-0.0035960315898692086,0.000653433766375098,-0.4627196122216157,-0.17244973052996398,0.05915499867287338,0.05915499867287338
25,Cundinamarca,25506,Venecia,4505,0.2695757544277306,-0.4970349431245363,0.7666106975522669,0.0006344541864064495,-0.4970349431245366,0.7666106975522672,False,False,0.0006549235937314246,-0.4600259847122071,0.7296017391399376,0.037008958412329485,0.03700895841232954,0.0007545582813320162,-0.27988515545933884,0.5494609098870694,0.21714978766519777,0.21714978766519777,0.000634055845578091,-0.4977551485958825,0.7673309030236131,-0.0007202054713458805,-0.0007202054713458805,0.0007717739576223276,-0.24875898567078397,0.5183347400985145,0.24827595745375264,0.24827595745375264
25,Cundinamarca,25513,Pacho,25018,0.998119323493893,-0.258032073860042,1.256151397353935,0.0007666450745775374,-0.2580320738600421,1.256151397353935,False,False,0.0007822273188003163,-0.22985917079274307,1.227978494286636,0.028172903067299054,0.028172903067299027,0.0008325283365527098,-0.13891426728179346,1.1370335907756863,0.11911780657824866,0.11911780657824877,0.0007659902122921561,-0.2592160735089187,1.2573353970028116,-0.0011839996488765547,-0.0011839996488764992,0.0008474557184901071,-0.11192536386337111,1.110044687357264,0.14610670999667102,0.14610670999667108
25,Cundinamarca,25518,Paime,3853,-0.1267886041003029,-0.6623283328317131,0.5355397287314102,0.0005430315182960484,-0.6623283328317136,0.5355397287314106,False,False,0.0005574456157323055,-0.6362674545610059,0.509478850460703,0.026060878270707688,0.026060878270707688,0.0006089147802712206,-0.543210526253465,0.4164219221531621,0.11911780657824855,0.11911780657824855,0.0005421985822928873,-0.6638342921109305,0.5370456880106276,-0.0015059592792169285,-0.0015059592792169285,0.0006224959417043168,-0.5186556072619742,0.39186700316167133,0.1436727255697393,0.1436727255697393
25,Cundinamarca,25524,Pandi,4941,-0.816255342704586,-0.4863402385776858,-0.3299151041269001,0.0006403693559486654,-0.4863402385776861,-0.3299151041268999,False,False,0.0006472976153163461,-0.47381385426486433,-0.34244148843972166,0.01252638431282177,0.01252638431282177,0.0006792265631304663,-0.416085895509534,-0.400169447195052,0.07025434306815209,0.07025434306815209,0.0006401767020610855,-0.48668855934732164,-0.32956678335726436,-0.00034832076963553504,-0.00034832076963553504,0.0006850382199836868,-0.40557834326960474,-0.41067699943498126,0.08076189530808137,0.08076189530808137
25,Cundinamarca,25530,Paratebueno,8841,-0.6524037303818231,-0.6476788574835974,-0.0047248728982256,0.000551134045112849,-0.6476788574835979,-0.0047248728982252075,False,False,0.000551134045112849,-0.6476788574835979,-0.0047248728982252075,0.0,0.0,0.000551134045112849,-0.6476788574835979,-0.0047248728982252075,0.0,0.0,0.000547318585800225,-0.6545772582424976,0.0021735278606744846,-0.006898400758899692,-0.006898400758899692,0.000547318585800225,-0.6545772582424976,0.0021735278606744846,-0.006898400758899692,-0.006898400758899692
25,Cundinamarca,25535,Pasca,9386,-0.6759789838956829,2.042572854600825,-2.718551838496508,0.0020390942705219954,2.0425728546008264,-2.7185518384965093,False,False,0.0020460225298896757,2.0550992389136473,-2.73107822280933,0.012526384312820937,0.012526384312820937,0.0020779514777037964,2.1128271976689783,-2.788806181564661,0.07025434306815193,0.07025434306815193,0.002038890025742619,2.042203577345952,-2.718182561241635,-0.000369277254874234,-0.000369277254874234,0.0020837515436652205,2.123313793423669,-2.799292777319352,0.08074093882284261,0.08074093882284261
25,Cundinamarca,25572,Puerto Salgar,15771,-0.3756009531812285,-0.1828720000866369,-0.1927289530945915,0.0008082156085953351,-0.18287200008663704,-0.19272895309459145,False,False,0.0008140648819748198,-0.17229643667110184,-0.20330451651012665,0.0105755634155352,0.0105755634155352,0.000822709926229873,-0.15666608263942233,-0.21893487054180616,0.026205917447214705,0.026205917447214705,0.0008060989055026913,-0.18669902719510267,-0.18890192598612582,-0.003827027108465636,-0.003827027108465636,0.000826442496516714,-0.14991754633235255,-0.22568340684887594,0.03295445375428449,0.03295445375428449
25,Cundinamarca,25580,Pulí,3652,-1.0584171789709764,-1.1079473247842595,0.049530145813283,0.0002965626348328864,-1.1079473247842602,0.049530145813283744,False,False,0.00031360758707766793,-1.0771298263216842,0.018712647350707767,0.030817498462575976,0.030817498462575976,0.0002965626348328864,-1.1079473247842602,0.049530145813283744,0.0,0.0,0.00029535085621434936,-1.110138236508591,0.05172105753761458,-0.002190911724330835,-0.002190911724330835,0.0003123951417574877,-1.0793219434513786,0.020904764480402127,0.028625381332881616,0.028625381332881616
25,Cundinamarca,25592,Quebradanegra,4922,-0.8153205448807215,-0.4176709468570867,-0.3976495980236347,0.0006783498818333982,-0.417670946857087,-0.3976495980236345,False,False,0.0006985627392616957,-0.3811258340415589,-0.43419471083916256,0.03654511281552808,0.03654511281552808,0.0006928441994679361,-0.39146502940987227,-0.4238555154708492,0.026205917447214733,0.026205917447214733,0.0006761759507985009,-0.4216014428399199,-0.39371910204080157,-0.0039304959828329045,-0.0039304959828329045,0.0007108831258613363,-0.35885041257717726,-0.4564701323035442,0.05882053427990974,0.05882053427990974
25,Cundinamarca,25594,Quetame,5182,0.0960807301299837,-0.2977355856012122,0.3938163157311959,0.0007446853278317012,-0.29773558560121244,0.39381631573119613,False,False,0.0007446853278317012,-0.29773558560121244,0.39381631573119613,0.0,0.0,0.0007446853278317012,-0.29773558560121244,0.39381631573119613,0.0,0.0,0.0007446057779136252,-0.29787941290226894,0.39396014303225263,-0.00014382730105649832,-0.00014382730105649832,0.0007446057779136252,-0.29787941290226894,0.39396014303225263,-0.00014382730105649832,-0.00014382730105649832
25,Cundinamarca,25596,Quipile,5777,-0.8512990150464075,-0.1659913066674735,-0.685307708378934,0.0008175522072014111,-0.1659913066674736,-0.6853077083789338,False,False,0.0008360944356428816,-0.1324667130938719,-0.7188323019525356,0.03352459357360171,0.03352459357360171,0.0008175522072014111,-0.1659913066674736,-0.6853077083789338,0.0,0.0,0.0008163400033100825,-0.16818298729062034,-0.6831160277557872,-0.00219168062314673,-0.0021916806231466746,0.0008348820160539624,-0.13465878370110712,-0.7166402313453004,0.03133252296636649,0.03133252296636657
25,Cundinamarca,25599,Apulo,8624,-0.5034442508669713,-0.3651129484387863,-0.1383313024281849,0.0007074193591697604,-0.36511294843878656,-0.13833130242818475,False,False,0.0007142160155503861,-0.3528245040622575,-0.1506197468047138,0.01228844437652904,0.01228844437652904,0.0007074193591697604,-0.36511294843878656,-0.13833130242818475,0.0,0.0,0.00070702066466844,-0.36583379335551197,-0.13761045751145934,-0.0007208449167254161,-0.0007208449167254161,0.0007138163406054728,-0.35354712163393,-0.14989712923304133,0.011565826804856572,0.011565826804856572
25,Cundinamarca,25612,Ricaurte,15191,-0.3495306871712191,0.7383102097704476,-1.0878408969416666,0.0013177153265826272,0.738310209770448,-1.087840896941667,False,False,0.0013291624982162962,0.7590068470596164,-1.1085375342308355,0.020696637289168374,0.020696637289168374,0.0013565725337644282,0.8085645528386003,-1.1580952400098194,0.07025434306815226,0.07025434306815237,0.0013154820743394738,0.7342724602607071,-1.0838031474319263,-0.0040377495097408955,-0.0040377495097407845,0.0013648620535240104,0.8235521138934945,-1.1730828010647136,0.08524190412304644,0.08524190412304655
25,Cundinamarca,25645,San Antonio del Tequendama,12208,-0.1763157129708032,0.1622185743750828,-0.338534287345886,0.0009990828968331276,0.1622185743750829,-0.3385342873458861,False,False,0.001004276801517586,0.17160922254642444,-0.34792493551722764,0.009390648171341526,0.009390648171341553,0.0009990828968331276,0.1622185743750829,-0.3385342873458861,0.0,0.0,0.0009986915557066527,0.16151102445706092,-0.3378267374278641,-0.0007075499180219935,-0.0007075499180219658,0.0010038852446935206,0.17090128264431415,-0.3472169956151173,0.008682708269231232,0.008682708269231232
25,Cundinamarca,25649,San Bernardo,8709,-0.5088607968411177,0.945529568457877,-1.454390365298995,0.0014323269676705858,0.9455295684578775,-1.4543903652989951,False,False,0.0014392552270382666,0.9580559527706994,-1.4669167496118172,0.012526384312821937,0.012526384312822048,0.0014711841748523869,1.0157839115260299,-1.5246447083671475,0.07025434306815237,0.07025434306815237,0.0014321539302772231,0.9452167145685064,-1.4540775114096243,-0.0003128538893710786,-0.00031285388937085656,0.0014770154481998244,1.0263269306462233,-1.5351877274873411,0.08079736218834577,0.08079736218834599
25,Cundinamarca,25653,San Cayetano,4839,-0.5638845759570335,-0.2716387590431505,-0.2922458169138829,0.0007591193080252164,-0.27163875904315066,-0.2922458169138828,False,False,0.0007700998516877452,-0.2517857912801091,-0.31209878467692437,0.019852967763041574,0.019852967763041574,0.0008250025700003887,-0.15252095246490197,-0.4113636234921315,0.11911780657824869,0.11911780657824872,0.0007586178861600328,-0.27254533638860073,-0.2913392395684327,-0.000906577345450077,-0.000906577345450077,0.0008354816917977338,-0.13357456204731066,-0.4303100139097228,0.13806419699584,0.13806419699584
25,Cundinamarca,25658,San Francisco,12563,-0.2012417672914321,0.1378752861034799,-0.339117053394912,0.0009856187869354894,0.13787528610348002,-0.3391170533949121,False,False,0.000998652395564173,0.1614402224029789,-0.362681989694411,0.02356493629949888,0.023564936299498906,0.0010001131045700273,0.16408120355069472,-0.36532297084212684,0.026205917447214705,0.026205917447214733,0.0009841680764279064,0.1352523823725078,-0.33649414966393987,-0.002622903730972209,-0.002622903730972237,0.0010116960026911278,0.185023236119221,-0.38626500341065306,0.047147950015740986,0.04714795001574096
25,Cundinamarca,25662,San Juan de Rioseco,8423,-0.6322548972451418,-0.9164160411941884,0.2841611439490467,0.00040249730653049227,-0.916416041194189,0.2841611439490471,False,False,0.00042103953497196273,-0.8828914476205872,0.2506365503754454,0.03352459357360171,0.03352459357360171,0.00040249730653049227,-0.916416041194189,0.2841611439490471,0.0,0.0,0.00040069888510036605,-0.9196676108590407,0.28741271361389886,-0.003251569664851739,-0.003251569664851739,0.0004192408978442461,-0.8861434072695272,0.2538885100243854,0.03027263392466173,0.03027263392466173
25,Cundinamarca,25718,Sasaima,11389,-0.1128824790912578,-0.6352450283284377,0.5223625492371798,0.0005580111128419782,-0.635245028328438,0.5223625492371802,False,False,0.0005731959022399525,-0.6077907288263737,0.49490824973511593,0.02745429950206424,0.02745429950206424,0.0005725054304765161,-0.6090391108812233,0.4961566317899655,0.026205917447214677,0.026205917447214677,0.0005566059577806841,-0.6377855672116942,0.5249030881204364,-0.002540538883256227,-0.002540538883256227,0.000586284849115606,-0.5841257402465033,0.4712432611552455,0.051119288081934666,0.051119288081934666
25,Cundinamarca,25736,Sesquilé,12723,0.0701106521935933,-0.0547984546910717,0.124909106884665,0.0008790522298005978,-0.0547984546910718,0.12490910688466511,False,False,0.0008814679494063541,-0.05043080178320262,0.12054145397679591,0.004367652907869182,0.004367652907869196,0.0008935465474351357,-0.0285925372438571,0.0987031894374504,0.0262059174472147,0.026205917447214705,0.0008787151465905685,-0.05540790558055827,0.12551855777415158,-0.0006094508894864681,-0.0006094508894864681,0.0008956251838308627,-0.024834335225474582,0.09494498741906789,0.029964119465597218,0.029964119465597225
25,Cundinamarca,25740,Sibaté,40013,-0.4304474118243757,1.2567819802036089,-1.6872293920279846,0.0016044785944718872,1.2567819802036095,-1.6872293920279853,False,False,0.0016060987994291225,1.259711332134997,-1.6901587439593728,0.002929351931387547,0.002929351931387547,0.0016044785944718872,1.2567819802036095,-1.6872293920279853,0.0,0.0,0.0016042306770756695,1.2563337422814924,-1.6867811541058682,-0.0004482379221171229,-0.0004482379221171229,0.0016058506663353146,1.259262704228792,-1.6897101160531678,0.0024807240251825124,0.0024807240251825124
25,Cundinamarca,25743,Silvania,22445,-0.0988542743659316,1.2551966652807218,-1.3540509396466534,0.001603601767393065,1.2551966652807225,-1.354050939646654,False,False,0.001606167184889066,1.259834973948503,-1.3586892483144346,0.0046383086677805885,0.0046383086677805885,0.001603601767393065,1.2551966652807225,-1.354050939646654,0.0,0.0,0.0016033148095647397,1.254677841742455,-1.3535321161083864,-0.0005188235382675987,-0.0005188235382675987,0.0016058795603590976,1.2593149450048717,-1.3581692193708033,0.004118279724149243,0.004118279724149243
25,Cundinamarca,25745,Simijaca,14289,-0.472256395784914,0.4846998525132536,-0.9569562482981676,0.0011774451345201431,0.48469985251325387,-0.9569562482981679,False,False,0.0011798608541258994,0.4890675054211229,-0.9613239012060368,0.004367652907869002,0.004367652907868891,0.001191939452154681,0.5109057699604685,-0.9831621657453826,0.026205917447214677,0.026205917447214677,0.001177282564195558,0.48440592322228193,-0.9566623190071959,-0.0002939292909719393,-0.00029392929097205034,0.0011941926014358522,0.5149794935773656,-0.9872358893622797,0.03027964106411174,0.03027964106411174
25,Cundinamarca,25754,Soacha,842579,-0.111230114961761,1.4901204318607957,-1.6013505468225566,0.001733536531156718,1.4901204318607966,-1.6013505468225575,False,False,0.0017351567361139535,1.4930497837921843,-1.6042798987539453,0.002929351931387769,0.002929351931387769,0.001733536531156718,1.4901204318607966,-1.6013505468225575,0.0,0.0,0.0017331303334818327,1.4893860211073073,-1.6006161360690683,-0.0007344107534892341,-0.0007344107534892341,0.0017347503227414778,1.4923149830546067,-1.6035450980163677,0.002194551193810179,0.002194551193810179
25,Cundinamarca,25758,Sopó,32937,-0.2228827478199484,0.5883996986283153,-0.8112824464482637,0.0012348008257021803,0.5883996986283156,-0.8112824464482641,False,False,0.0012383846920944583,0.5948793763327761,-0.8177621241527245,0.0064796777044604514,0.0064796777044604514,0.0012492951433367182,0.6146056160755303,-0.8374883638954788,0.026205917447214677,0.026205917447214677,0.0012342587018703318,0.5874195315903217,-0.8103022794102701,-0.000980167037993973,-0.000980167037993973,0.0012523368858971477,0.6201051267419968,-0.8429878745619452,0.031705428113681156,0.031705428113681156
25,Cundinamarca,25769,Subachoque,17703,-0.4501194499459459,0.4317229346205309,-0.8818423845664769,0.0011481439556248563,0.43172293462053124,-0.8818423845664771,False,False,0.0011551613757908627,0.4444105228326579,-0.8945299727786038,0.012687588212126677,0.012687588212126677,0.0011626382732593942,0.4579288520677459,-0.9080483020136918,0.026205917447214677,0.026205917447214677,0.0011474273853870245,0.4304273661797649,-0.8805468161257108,-0.001295568440766337,-0.0012955684407662815,0.0011689391231875688,0.46932087183910626,-0.9194403217850522,0.03759793721857502,0.03759793721857507
25,Cundinamarca,25772,Suesca,19171,-0.6839385498982411,0.4965803164344412,-1.1805188663326822,0.0011840161396401208,0.4965803164344415,-1.1805188663326827,False,False,0.0011864318592458773,0.5009479693423109,-1.184886519240552,0.00436765290786939,0.004367652907869335,0.0011985104572746587,0.5227862338816562,-1.2067247837798973,0.026205917447214733,0.026205917447214677,0.0011837650466710288,0.49612633703468545,-1.1800648869329264,-0.00045397939975605484,-0.00045397939975622137,0.0012006750839113232,0.5266999073897696,-1.2106384572880107,0.03011959095532807,0.030119590955328013
25,Cundinamarca,25777,Supatá,5529,0.2400327754427348,0.1841583319103402,0.0558744435323945,0.0010112176299590066,0.1841583319103403,0.055874443532394485,False,False,0.0010257285889452305,0.21039433714088426,0.029638438301850534,0.02623600523054395,0.02623600523054395,0.0010560182481021238,0.26515844038354947,-0.025125664940814668,0.08100010847320915,0.08100010847320915,0.0010104025764741745,0.18268470446011248,0.05734807098262232,-0.0014736274502278324,-0.0014736274502278324,0.0010697141536035156,0.28992081816386556,-0.04988804272113076,0.10576248625352525,0.10576248625352525
25,Cundinamarca,25779,Susa,6595,-0.8769885765460734,0.538144846233002,-1.4151334227790753,0.0012070052030241462,0.5381448462330023,-1.4151334227790757,False,False,0.0012094209226299027,0.5425124991408716,-1.419501075686945,0.004367652907869335,0.004367652907869335,0.0012214995206586842,0.564350763680217,-1.4413393402262904,0.026205917447214677,0.026205917447214677,0.0012068104862060106,0.5377927956577142,-1.4147813722037876,-0.0003520505752880876,-0.0003520505752880876,0.0012237205234463047,0.5683663660127979,-1.4453549425588714,0.03022151977979559,0.030221519779795702
25,Cundinamarca,25781,Sutatausa,6727,-0.5248115748418394,0.5707303932397195,-1.0955419680815588,0.001225028051091262,0.5707303932397199,-1.0955419680815592,False,False,0.0012274437706970183,0.5750980461475889,-1.0999096209894281,0.004367652907869002,0.004367652907868891,0.0012395223687258,0.5969363106869345,-1.121747885528774,0.026205917447214677,0.026205917447214677,0.0012245544111799712,0.569874046033321,-1.0946856208751603,-0.000856347206398822,-0.000856347206398933,0.0012414644484202656,0.6004476163884052,-1.1252591912302445,0.0297172231486853,0.0297172231486853
25,Cundinamarca,25785,Tabio,22884,-0.2218350199133046,0.7513725821803765,-0.9732076020936812,0.0013249400373813044,0.751372582180377,-0.9732076020936815,False,False,0.0013285239037735823,0.7578522598848374,-0.979687279798142,0.0064796777044604514,0.0064796777044604514,0.0013394343550158423,0.7775784996275917,-0.9994135195408963,0.026205917447214788,0.026205917447214788,0.0013241855598843464,0.7500084769151558,-0.9718434968284604,-0.0013641052652211272,-0.0013641052652211272,0.0013422637439111623,0.782694072066831,-1.0045290919801355,0.031321489886454,0.031321489886454
25,Cundinamarca,25793,Tausa,8560,-0.2197337913595968,0.1140109679256229,-0.3337447592852198,0.0009724195921926127,0.11401096792562306,-0.33374475928521985,False,False,0.0009798863618831323,0.12751098600449132,-0.3472447773640881,0.013500018078868262,0.013500018078868248,0.00101722021033573,0.1950110763988324,-0.4147448677584292,0.08100010847320933,0.08100010847320938,0.0009718814410197119,0.11303798350740141,-0.3327717748669982,-0.0009729844182216479,-0.0009729844182216341,0.0010241488288533487,0.2075381100594788,-0.4272719014190756,0.09352714213385575,0.09352714213385577
25,Cundinamarca,25797,Tena,11062,-0.0849318510980677,0.0914650111118476,-0.1763968622099153,0.0009599495743009794,0.09146501111184768,-0.17639686220991538,False,False,0.000967585967720892,0.10527171113060742,-0.19020356222867513,0.013806700018759735,0.013806700018759749,0.0009599495743009794,0.09146501111184768,-0.17639686220991538,0.0,0.0,0.0009595627930437244,0.09076570549751499,-0.17569755659558267,-0.0006993056143326931,-0.000699305614332707,0.0009671989707660465,0.10457201553218622,-0.18950386663025393,0.013107004420338533,0.013107004420338547
25,Cundinamarca,25799,Tenjo,24623,0.0106432899332662,1.1019536743009506,-1.0913103843676843,0.0015188440942071751,1.1019536743009513,-1.091310384367685,False,False,0.001522427960599453,1.1084333520054117,-1.0977900620721455,0.0064796777044604514,0.0064796777044604514,0.001533338411841713,1.128159591748166,-1.1175163018148997,0.026205917447214677,0.026205917447214677,0.0015181678756198509,1.100731062176496,-1.0900877722432298,-0.0012226121244551802,-0.0012226121244551802,0.0015362460596466667,1.1334166573281712,-1.122773367394905,0.03146298302721995,0.03146298302721995
25,Cundinamarca,25805,Tibacuy,4276,-1.0584171789709764,-0.4148812108009025,-0.6435359681700739,0.0006798928661840244,-0.4148812108009028,-0.6435359681700736,False,False,0.0006877663380904706,-0.40064586975168826,-0.6577713092192882,0.014235341049214534,0.014235341049214534,0.0007187500733658253,-0.34462686773275075,-0.7137903112382257,0.07025434306815204,0.07025434306815204,0.0006796409438040445,-0.4153366897864833,-0.6430804891844931,-0.00045547898558051525,-0.00045547898558051525,0.0007254472232613585,-0.3325183323936493,-0.7258988465773271,0.08236287840725348,0.08236287840725343
25,Cundinamarca,25807,Tibirita,3346,-0.7008195600252995,0.0358549383587603,-0.73667449838406,0.000929192015067018,0.03585493835876041,-0.73667449838406,False,False,0.000929192015067018,0.03585493835876041,-0.73667449838406,0.0,0.0,0.000929192015067018,0.03585493835876041,-0.73667449838406,0.0,0.0,0.0009290928955349407,0.035675728937487966,-0.7364952889627875,-0.0001792094212724471,-0.00017920942127247486,0.0009290928955349407,0.035675728937487966,-0.7364952889627875,-0.0001792094212724471,-0.00017920942127247486
25,Cundinamarca,25815,Tocaima,16059,1.9218969949931188,-0.1439650105363373,2.065862005529456,0.0008297348042457674,-0.14396501053633742,2.065862005529456,True,False,0.0008365314606263932,-0.1316765661598082,2.053573561152927,0.012288444376529234,0.012288444376529206,0.0008297348042457674,-0.14396501053633742,2.065862005529456,0.0,0.0,0.0012014664900057662,0.5281307800462909,1.393766214946828,0.6720957905826284,0.6720957905826281,0.001252671841392277,0.6207107306948818,1.301186264298237,0.7646757412312193,0.7646757412312191
25,Cundinamarca,25817,Tocancipá,48367,0.0795486886173133,0.4858837193449592,-0.4063350307276459,0.0011780999233452357,0.4858837193449595,-0.4063350307276462,False,False,0.0011816837897375137,0.49236339704941995,-0.41281470843210666,0.0064796777044604514,0.0064796777044604514,0.0011925942409797736,0.5120896367921742,-0.43254094817486094,0.026205917447214733,0.026205917447214733,0.0011776475546867815,0.48506583084423355,-0.40551714222692026,-0.0008178885007259495,-0.0008178885007259495,0.0011957257387135974,0.5177514259959086,-0.43820273737859533,0.031867706650949124,0.031867706650949124
25,Cundinamarca,25823,Topaipí,3994,-0.1596778452261829,-0.3529817106946215,0.1933038654684386,0.0007141290656136654,-0.35298171069462175,0.19330386546843886,False,False,0.0007297113098364441,-0.3248088076273229,0.16513096240114,0.02817290306729886,0.02817290306729886,0.0007800123275888376,-0.23386390411637328,0.07418605889019039,0.11911780657824847,0.11911780657824847,0.0007122147791634781,-0.35644276584387513,0.19676492061769224,-0.003461055149253378,-0.003461055149253378,0.0007936802853614291,-0.2091520561983276,0.049474210972144717,0.14382965449629415,0.14382965449629415
25,Cundinamarca,25839,Ubalá,7889,-0.9067475588680184,-1.0686866316041,0.1619390727360815,0.00031827746159487994,-1.0686866316041006,0.1619390727360822,False,False,0.00031827746159487994,-1.0686866316041006,0.1619390727360822,0.0,0.0,0.00031827746159487994,-1.0686866316041006,0.1619390727360822,0.0,0.0,0.0003170081139664755,-1.0709816288575427,0.16423406998952428,-0.002294997253442066,-0.002294997253442066,0.0003170081139664755,-1.0709816288575427,0.16423406998952428,-0.002294997253442066,-0.002294997253442066
25,Cundinamarca,25841,Ubaque,6923,-0.8855843560629546,1.2708809597834476,-2.156465315846402,0.001612276645761817,1.2708809597834483,-2.156465315846403,False,False,0.001612276645761817,1.2708809597834483,-2.156465315846403,0.0,0.0,0.001612276645761817,1.2708809597834483,-2.156465315846403,0.0,0.0,0.001612114831328929,1.2705883971546341,-2.1561727532175885,-0.0002925626288141636,-0.0002925626288146077,0.001612114831328929,1.2705883971546341,-2.1561727532175885,-0.0002925626288141636,-0.0002925626288146077
25,Cundinamarca,25843,Villa de San Diego de Ubaté,47305,0.2821524552873145,0.4378403353886894,-0.1556878801013749,0.0011515274490671314,0.43784033538868966,-0.1556878801013752,False,False,0.0011539431686728879,0.44220798829655905,-0.16005553300924458,0.00436765290786939,0.00436765290786939,0.0011660217667016693,0.4640462528359044,-0.18189379754858992,0.026205917447214733,0.026205917447214733,0.0011512811456745775,0.43739501560648375,-0.15524256031916928,-0.00044531978220591073,-0.00044531978220591073,0.0011681911829148717,0.46796858596156743,-0.18581613067425296,0.03012825057287777,0.03012825057287777
25,Cundinamarca,25845,Une,6730,-0.5250494376668599,1.799651685950625,-2.324701123617485,0.0019047361971722915,1.7996516859506262,-2.324701123617486,False,False,0.0019047361971722915,1.7996516859506262,-2.324701123617486,0.0,0.0,0.0019047361971722915,1.7996516859506262,-2.324701123617486,0.0,0.0,0.0019046495303863893,1.799494991258676,-2.324544428925536,-0.0001566946919502321,-0.0001566946919502321,0.0019046495303863893,1.799494991258676,-2.324544428925536,-0.0001566946919502321,-0.0001566946919502321
25,Cundinamarca,25851,Útica,4342,-0.2317094638680963,-0.4516097705588726,0.2199003066907763,0.0006595785454790378,-0.45160977055887286,0.21990030669077656,False,False,0.0006773489141718809,-0.41948070959076317,0.18777124572266687,0.03212906096810969,0.03212906096810969,0.0006740728631135757,-0.4254038531116582,0.1936943892435619,0.026205917447214677,0.026205917447214677,0.0006575095296530191,-0.45535057846033816,0.22364111459224187,-0.003740807901465304,-0.003740807901465304,0.0006897742159804001,-0.3970156000450138,0.1653061361769175,0.054594170513859064,0.054594170513859064
25,Cundinamarca,25862,Vergara,6708,-0.5233001695826781,-0.656956693650448,0.1336565240677698,0.0005460025359934143,-0.6569566936504483,0.13365652406777018,False,False,0.0005605134949796383,-0.6307206884199043,0.10742051883722614,0.026236005230544035,0.026236005230544035,0.0005908031541365315,-0.5759565851772392,0.052656415594561135,0.08100010847320904,0.08100010847320904,0.0005444208719733855,-0.6598163630590542,0.1365161934763761,-0.002859669408605936,-0.002859669408605936,0.0006037324491027266,-0.5525802493553011,0.029280079772623036,0.10437644429514714,0.10437644429514714
25,Cundinamarca,25867,Vianí,4624,-1.0584171789709764,-0.6666461132887195,-0.3917710656822569,0.0005406433828092405,-0.6666461132887198,-0.3917710656822566,False,False,0.0005633004534550442,-0.6256818307394798,-0.4327353482314966,0.040964282549240005,0.040964282549240005,0.0005551377004437784,-0.6404401958415051,-0.4179769831294713,0.026205917447214677,0.026205917447214677,0.000538850043329587,-0.6698884947200917,-0.3885286842508847,-0.003242381431371899,-0.003242381431371899,0.0005760012159123382,-0.6027186847077253,-0.45569849426325115,0.06392742858099454,0.06392742858099454
25,Cundinamarca,25871,Villagómez,1645,1.8510579164508716,-0.5720588975413078,2.4231168139921793,0.0005929589390942301,-0.5720588975413081,2.4231168139921797,True,True,0.0006085411833170089,-0.5438859944740091,2.394943910924881,0.028172903067299027,0.028172903067298805,0.0006588422010694023,-0.4529410909630597,2.3039990074139314,0.11911780657824844,0.11911780657824833,0.0008933094042025973,-0.02902129533594268,1.8800792117868144,0.5430376022053655,0.5430376022053653,0.0009747749104005484,0.11826941430960505,1.7327885021412666,0.6903283118509131,0.6903283118509131
25,Cundinamarca,25873,Villapinzón,18129,-0.7284150737825394,0.3122813962771588,-1.0406964700596983,0.0010820816397760105,0.31228139627715906,-1.0406964700596986,False,False,0.0010820816397760105,0.31228139627715906,-1.0406964700596986,0.0,0.0,0.0010820816397760105,0.31228139627715906,-1.0406964700596986,0.0,0.0,0.0010819657610837174,0.3120718860731816,-1.0404869598557211,-0.0002095102039774699,-0.00020951020397741438,0.0010819657610837174,0.3120718860731816,-1.0404869598557211,-0.0002095102039774699,-0.00020951020397741438
25,Cundinamarca,25875,Villeta,29130,0.255990382160212,-0.6102730778874345,0.8662634600476464,0.0005718229315800514,-0.6102730778874348,0.8662634600476469,False,False,0.0005937349116069257,-0.5706559290041379,0.8266463111643498,0.039617148883296927,0.03961714888329704,0.0005863172492145893,-0.5840671604402201,0.8400575426004322,0.026205917447214677,0.026205917447214677,0.0005702036556834598,-0.6132007500649251,0.8691911322251371,-0.002927672177490348,-0.002927672177490237,0.0006066099533448722,-0.5473776837344133,0.8033680658946254,0.06289539415302148,0.06289539415302148
25,Cundinamarca,25878,Viotá,13500,0.0051576059110103,-0.3712004722365399,0.3763580781475502,0.000704052390479953,-0.3712004722365402,0.37635807814755046,False,False,0.0007101915077031767,-0.36010086732880603,0.3652584732398163,0.01109960490773415,0.01109960490773415,0.000704052390479953,-0.3712004722365402,0.37635807814755046,0.0,0.0,0.0007038172984328618,-0.37162552175828434,0.3767831276692946,-0.00042504952174415855,-0.00042504952174415855,0.0007099557489544424,-0.36052712225591405,0.3656847281669243,0.010673349980626134,0.010673349980626134
25,Cundinamarca,25885,Yacopí,11191,-0.2030715383724704,-0.915130570674541,0.7120590323020706,0.00040320829167570356,-0.9151305706745414,0.712059032302071,False,False,0.00040905756505518835,-0.9045550072590063,0.7014834688865359,0.010575563415535116,0.010575563415535116,0.00041770260931024147,-0.8889246532273267,0.6858531148548563,0.026205917447214677,0.026205917447214677,0.0004022553019938837,-0.9168535885881486,0.7137820502156782,-0.0017230179136071833,-0.0017230179136071833,0.00042259889300790633,-0.8800721077253986,0.6770005693529282,0.03505846294914283,0.03505846294914283
25,Cundinamarca,25898,Zipacón,4679,0.2201911059106594,0.1818166590698794,0.0383744468407799,0.0010099224663756604,0.1818166590698795,0.0383744468407799,False,False,0.001023408133175058,0.20619892250417485,0.01399218340648456,0.024382263434295337,0.024382263434295337,0.0010244167840101983,0.20802257651709422,0.012168529393565192,0.026205917447214705,0.026205917447214705,0.0010092941901694795,0.1806807274028383,0.0395103785078211,-0.0011359316670412067,-0.0011359316670412067,0.0010372739589058243,0.23126851830025963,-0.011077412389600222,0.04945185923038012,0.04945185923038012
25,Cundinamarca,25899,Zipaquirá,163372,-0.0110982166158017,0.5066796735266917,-0.5177778901424934,0.0011896020264877977,0.5066796735266921,-0.5177778901424938,False,False,0.0011931858928800757,0.5131593512311525,-0.5242575678469542,0.0064796777044604514,0.0064796777044604514,0.0012040963441223356,0.5328855909739068,-0.5439838075897084,0.026205917447214677,0.026205917447214677,0.0011888772380494689,0.5053692464710381,-0.5164674630868398,-0.0013104270556539843,-0.0013104270556539843,0.0012069554220762847,0.5380548416227132,-0.5491530582385149,0.031375168096021144,0.031375168096021144
27,Chocó,27001,Quibdó,140076,0.8645699919869592,0.9036333231694766,-0.0390633311825174,0.001409154434668154,0.9036333231694772,-0.039063331182518035,False,False,0.0014582045583197635,0.9923165936483038,-0.12774660166134466,0.08868327047882663,0.08868327047882663,0.001409154434668154,0.9036333231694772,-0.039063331182518035,0.0,0.0,0.001382547029674865,0.855526784019456,0.00904320796750313,-0.048106539150021166,-0.048106539150021166,0.0014257901116117892,0.9337108464896935,-0.06914085450273433,0.030077523320216293,0.030077523320216293
27,Chocó,27006,Acandí,15963,0.6728040258674254,-1.1337536458685185,1.806557671735944,0.00028228933127358367,-1.1337536458685191,1.8065576717359444,True,False,0.0005685115531323635,-0.6162600937942627,1.289064119661688,0.5174935520742564,0.5174935520742563,0.00028228933127358367,-1.1337536458685191,1.8065576717359444,0.0,0.0,0.00036397204130458346,-0.9860702288281418,1.6588742546955673,0.14768341704037735,0.14768341704037713,0.0006501942631633634,-0.46857667675388537,1.1413807026213107,0.6651769691146338,0.6651769691146336
27,Chocó,27025,Alto Baudó,28940,0.688271781905868,-0.7315673428275784,1.4198391247334463,0.0005047358850444187,-0.7315673428275788,1.4198391247334468,True,False,0.0007173713407724966,-0.3471196344454426,1.0353914163513105,0.38444770838213627,0.38444770838213627,0.0005047358850444187,-0.7315673428275788,1.4198391247334468,0.0,0.0,0.0005213895143693708,-0.7014573613651696,1.3897291432710377,0.030109981462409285,0.030109981462409063,0.0007678536645628472,-0.2558469272266409,0.944118709132509,0.475720415600938,0.4757204156009378
27,Chocó,27050,Atrato,6409,0.896280084060231,-0.4594198204660054,1.3556999045262363,0.000655258859121039,-0.45941982046600566,1.3556999045262366,True,False,0.0010113214880524686,0.18434610871309257,0.7119339753471384,0.6437659291790983,0.6437659291790981,0.000655258859121039,-0.45941982046600566,1.3556999045262366,0.0,0.0,0.0006168284112518315,-0.528902577068507,1.425182661128738,-0.0694827566025013,-0.06948275660250136,0.000933721681228517,0.0440446345200224,0.8522354495402086,0.5034644549860281,0.503464454986028
27,Chocó,27073,Bagadó,12471,0.522892150531682,-0.8071067711386493,1.3299989216703314,0.0004629555325695452,-0.8071067711386498,1.3299989216703318,True,False,0.0006187438767795573,-0.5254393901315133,1.0483315406631952,0.2816673810071365,0.2816673810071366,0.0004629555325695452,-0.8071067711386498,1.3299989216703318,0.0,0.0,0.0006072411828643782,-0.5462364124379293,1.0691285629696115,0.2608703587007205,0.2608703587007204,0.0007927889159182459,-0.21076366390777698,0.733655814439459,0.5963431072308728,0.5963431072308728
27,Chocó,27075,Bahía Solano,10756,1.190345646064725,-0.498906639094294,1.689252285159019,0.0006334189638863604,-0.4989066390942943,1.6892522851590193,True,False,0.0010580903250161076,0.2689047827724279,0.9214408632922971,0.7678114218667222,0.7678114218667221,0.0009788330682956238,0.12560661730650208,1.064739028758223,0.6245132564007964,0.6245132564007962,0.0005039666826059213,-0.7329580709813089,1.9233037170460339,-0.23405143188701466,-0.2340514318870146,0.0011352982785501988,0.40849778104932044,0.7818478650154046,0.9074044201436147,0.9074044201436147
27,Chocó,27077,Bajo Baudó,34197,0.8377938874363846,-1.1735169700814492,2.0113108575178336,0.0002602965026497346,-1.1735169700814498,2.0113108575178344,True,False,0.00041373694538948143,-0.8960946258987686,1.7338885133351534,0.2774223441826812,0.2774223441826811,0.0002602965026497346,-1.1735169700814498,2.0113108575178344,0.0,0.0,0.0002728436097789321,-1.150831634909437,1.9886255223458216,0.022685335172012877,0.022685335172012877,0.00044840011502304025,-0.833423158032541,1.6712170454689255,0.3400938120489089,0.340093812048909
27,Chocó,27099,Bojayá,13019,3.7395952118058378,-0.991927483499428,4.731522695305266,0.0003607324329282306,-0.9919274834994285,4.731522695305266,True,True,0.0007031723003736349,-0.37279168675617547,4.112386898562013,0.619135796743253,0.6191357967432527,0.0019307965438794279,1.846769136504191,1.8928260753016468,2.8386966200036197,2.8386966200036188,0.0003163607813123377,-1.0721520148338233,4.811747226639661,-0.08022453133439478,-0.08022453133439544,0.0018789266498595895,1.7529876840099639,1.986607527795874,2.7449151675093924,2.744915167509392
27,Chocó,27135,El Cantón del San Pablo,6486,1.2608025008198318,-0.9504741822379036,2.2112766830577355,0.00038365997655248895,-0.950474182237904,2.211276683057736,True,False,0.0007682395536858553,-0.2551492346027929,1.5159517354226246,0.6953249476351111,0.6953249476351113,0.00038365997655248895,-0.950474182237904,2.211276683057736,0.0,0.0,0.000679150058697873,-0.4162242165326714,1.6770267173525033,0.5342499657052326,0.5342499657052326,0.0010744921269701176,0.2985594570268503,0.9622430437929815,1.2490336392647543,1.2490336392647543
27,Chocó,27150,Carmen del Darién,21234,0.522892150531682,-1.316925457652061,1.839817608183743,0.00018097822751115297,-1.316925457652062,1.8398176081837438,True,False,0.00035395889244319533,-1.0041741340318568,1.527066284563539,0.3127513236202051,0.31275132362020486,0.00018097822751115297,-1.316925457652062,1.8398176081837438,0.0,0.0,0.0002152149501604949,-1.2550250115576609,1.7779171620893428,0.06190044609440104,0.06190044609440104,0.0007015976811144554,-0.37563861914425317,0.8985307696759353,0.9412868385078088,0.9412868385078086
27,Chocó,27160,Cértegui,5986,0.522892150531682,-0.8439193786113446,1.3668115291430265,0.0004425947256357845,-0.843919378611345,1.366811529143027,True,False,0.0008480820673565737,-0.11079291685195294,0.633685067383635,0.7331264617593921,0.733126461759392,0.0004425947256357845,-0.843919378611345,1.366811529143027,0.0,0.0,0.000707163973616104,-0.36557468888804945,0.8884668394197315,0.4783446897232956,0.47834468972329547,0.0010716811197431936,0.29347711888650463,0.2294150316451774,1.1373964974978497,1.1373964974978494
27,Chocó,27205,Condoto,12664,0.8063385260036265,-0.6070222213028024,1.413360747306429,0.0005736209586102783,-0.6070222213028027,1.4133607473064291,True,False,0.0009629581858047633,0.09690462039093707,0.7094339056126895,0.7039268416937398,0.7039268416937396,0.0005736209586102783,-0.6070222213028027,1.4133607473064291,0.0,0.0,0.0005366334651273408,-0.6738960973439603,1.4802346233475867,-0.06687387604115758,-0.06687387604115758,0.0008989233050203412,-0.018871288616337814,0.8252098146199643,0.5881509326864649,0.5881509326864648
27,Chocó,27245,El Carmen de Atrato,8622,1.0779938127874162,-0.3293772010672079,1.407371013854624,0.0007271845619852914,-0.32937720106720814,1.4073710138546245,True,False,0.0007962918234332416,-0.20443036092120057,1.2824241737086168,0.12494684014600757,0.12494684014600765,0.0007271845619852914,-0.32937720106720814,1.4073710138546245,0.0,0.0,0.0008188848472393469,-0.163581875902842,1.2415756886902583,0.16579532516436613,0.16579532516436624,0.0009073568608569574,-0.0036233084344899536,1.0816171212219061,0.3257538926327182,0.32575389263271837
27,Chocó,27250,El Litoral del San Juan,26236,0.5684982502798234,-1.172609396061124,1.7411076463409474,0.00026079847576912437,-1.1726093960611248,1.7411076463409483,True,False,0.0004170991530139162,-0.890015710170002,1.4585139604498254,0.28259368589112277,0.2825936858911229,0.00026079847576912437,-1.1726093960611248,1.7411076463409483,0.0,0.0,0.00028573445573820233,-1.1275248153991189,1.6960230656789421,0.045084580662005935,0.04508458066200616,0.0004412881001408844,-0.8462817747390653,1.4147800250188887,0.3263276213220595,0.3263276213220596
27,Chocó,27361,Istmina,35215,1.1344891800321857,-0.3546578522699825,1.4891470323021685,0.0007132020029209483,-0.3546578522699827,1.4891470323021685,True,False,0.0009138984100518064,0.008203898785573949,1.1262852812466118,0.3628617510555566,0.36286175105555674,0.0007132020029209483,-0.3546578522699827,1.4891470323021685,0.0,0.0,0.0007154887672091586,-0.35052335227701437,1.4850125323092,0.004134499992968332,0.004134499992968443,0.0009366832955798671,0.049399272327671113,1.0850899077045146,0.4040571245976538,0.40405712459765386
27,Chocó,27372,Juradó,8260,0.522892150531682,-1.3088663034543315,1.831758453986014,0.00018543569178588776,-1.3088663034543326,1.8317584539860148,True,False,0.0005470061553623437,-0.6551421365947979,1.17803428712648,0.6537241668595347,0.6537241668595348,0.00018543569178588776,-1.3088663034543326,1.8317584539860148,0.0,0.0,0.00018543569178588776,-1.3088663034543326,1.8317584539860148,0.0,0.0,0.0005470061553623437,-0.6551421365947979,1.17803428712648,0.6537241668595347,0.6537241668595348
27,Chocó,27413,Lloró,10316,0.6388791254242989,-0.5202045344499409,1.1590836598742398,0.0006216392404382616,-0.5202045344499412,1.15908365987424,False,False,0.0008389473409865322,-0.12730862260589496,0.7661877480301938,0.39289591184404626,0.39289591184404615,0.0006216392404382616,-0.5202045344499412,1.15908365987424,0.0,0.0,0.0005933107571566743,-0.5714228058443191,1.210301931268618,-0.05121827139437796,-0.05121827139437807,0.0007862925006389849,-0.22250926841319152,0.8613883938374904,0.2976952660367497,0.29769526603674956
27,Chocó,27425,Medio Atrato,11179,0.629925126020745,1.1485068247818393,-0.5185816987610943,0.0015445923303190217,1.14850682478184,-0.518581698761095,False,False,0.0015800298359152011,1.2125783022811183,-0.5826531762603733,0.06407147749927833,0.06407147749927833,0.0015445923303190217,1.14850682478184,-0.518581698761095,0.0,0.0,0.0015198818994844165,1.1038300399297039,-0.47390491390895884,-0.04467678485213611,-0.04467678485213611,0.0015505662378985127,1.1593077284747735,-0.5293826024540285,0.010800903692933517,0.010800903692933517
27,Chocó,27430,Medio Baudó,17004,0.522892150531682,-0.9597957471615318,1.482687897693214,0.00037850428135020566,-0.9597957471615324,1.4826878976932143,True,False,0.000656707227424272,-0.4568011514713892,0.9796933020030713,0.5029945956901432,0.502994595690143,0.00037850428135020566,-0.9597957471615324,1.4826878976932143,0.0,0.0,0.0003601986462497283,-0.9928925768542148,1.5157847273858969,-0.03309682969268246,-0.03309682969268257,0.0006251755829063758,-0.5138107806271568,1.036702931158839,0.4459849665343756,0.44598496653437536
27,Chocó,27450,Medio San Juan,11112,0.6305704832343669,-0.2949504369306509,0.925520920165018,0.0007462257749300269,-0.2949504369306511,0.9255209201650181,False,False,0.0009832006800047763,0.13350331688060285,0.4970671663537641,0.42845375381125395,0.428453753811254,0.0007462257749300269,-0.2949504369306511,0.9255209201650181,0.0,0.0,0.0007055040968938203,-0.36857576789387103,0.999146251128238,-0.07362533096321994,-0.07362533096321988,0.000922036776734755,0.022918173084373043,0.6076523101499939,0.31786861001502414,0.3178686100150242
27,Chocó,27491,Nóvita,9825,0.888242267475876,-0.4402023717008891,1.328444639176765,0.0006658879014771447,-0.4402023717008894,1.3284446391767655,True,False,0.0009630075131825309,0.09699380494051427,0.7912484625353617,0.5371961766414036,0.5371961766414037,0.0006658879014771447,-0.4402023717008894,1.3284446391767655,0.0,0.0,0.0006995378405611453,-0.37936283803164966,1.2676051055075257,0.06083953366923972,0.060839533669239776,0.0009920572930221302,0.14951619002487923,0.7387260774509967,0.5897185617257686,0.5897185617257688
27,Chocó,27493,Nuevo Belén de Bajirá,29812,0.6031632918836366,-0.7417231603420437,1.3448864522256805,0.0004991187703149091,-0.7417231603420441,1.3448864522256807,True,False,0.0005888208812346148,-0.5795405607278852,1.1827038526115219,0.16218259961415893,0.16218259961415882,0.0004991187703149091,-0.7417231603420441,1.3448864522256807,0.0,0.0,0.00048828120148111144,-0.7613176277290604,1.364480919612697,-0.019594467387016312,-0.019594467387016312,0.0005756923781881912,-0.60327706738621,1.2064403592698465,0.1384460929558341,0.1384460929558342
27,Chocó,27495,Nuquí,18555,0.522892150531682,-1.3607195140361348,1.883611664567817,0.00015675602788718621,-1.3607195140361357,1.8836116645678178,True,False,0.0003390221320025661,-1.0311799939078146,1.5540721444394965,0.3295395201283211,0.32953952012832133,0.00015675602788718621,-1.3607195140361357,1.8836116645678178,0.0,0.0,0.00025864118533451606,-1.176509805619164,1.699401956150846,0.1842097084169716,0.18420970841697182,0.0005015302057916291,-0.7373632531959755,1.2602554037276574,0.6233562608401602,0.6233562608401604
27,Chocó,27580,Río Iró,5747,0.522892150531682,-0.8343718505283203,1.3572640010600023,0.0004478753995499402,-0.8343718505283209,1.357264001060003,True,False,0.0008161263099630196,-0.16856934768048826,0.6914614982121703,0.6658025028478326,0.6658025028478327,0.0004478753995499402,-0.8343718505283209,1.357264001060003,0.0,0.0,0.0005555200808642592,-0.6397488469981024,1.1626409975297844,0.19462300353021844,0.19462300353021855,0.0009239127655409622,0.026309985588206856,0.4965821649434752,0.8606818361165277,0.8606818361165278
27,Chocó,27600,Río Quito,8434,0.806629791743974,-0.6870824832281609,1.4937122749721348,0.0005293401633056368,-0.6870824832281612,1.4937122749721352,True,False,0.0008161788009984414,-0.16847444319614713,0.9751042349401211,0.5186080400320141,0.5186080400320141,0.0005293401633056368,-0.6870824832281612,1.4937122749721352,0.0,0.0,0.0005915874967135228,-0.5745384834534305,1.3811682751974046,0.11254399977473073,0.11254399977473062,0.0008862647178205012,-0.04175818122637075,0.8483879729703447,0.6453243020017905,0.6453243020017905
27,Chocó,27615,Riosucio,30082,1.0797468431017003,-1.1082854036915897,2.18803224679329,0.0002963756456508342,-1.1082854036915903,2.1880322467932904,True,False,0.0005244111431317173,-0.6959942167109158,1.7757410598126162,0.4122911869806746,0.41229118698067424,0.0002963756456508342,-1.1082854036915903,2.1880322467932904,0.0,0.0,0.00029454289828073345,-1.1115990351086373,2.1913458782103374,-0.0033136314170469916,-0.0033136314170469916,0.0005202874615489906,-0.7034498873992712,1.7831967305009715,0.4048355162923192,0.40483551629231895
27,Chocó,27660,San José del Palmar,5164,0.9863009936735236,-1.0303565678020703,2.0166575614755944,0.00033947756347331144,-1.0303565678020712,2.016657561475595,True,False,0.0005095834695148964,-0.7228028461706936,1.709103839844217,0.3075537216313776,0.30755372163137773,0.00033947756347331144,-1.0303565678020712,2.016657561475595,0.0,0.0,0.0006606048669308823,-0.44975416783789657,1.4360551615114203,0.5806023999641746,0.5806023999641745,0.0008458902238511443,-0.11475579881775354,1.101056792491277,0.9156007689843176,0.9156007689843177
27,Chocó,27745,Sipí,3325,1.2426044109781391,-1.0234323278196118,2.2660367387977507,0.00034330731428763335,-1.0234323278196125,2.2660367387977516,True,False,0.0005087073624542373,-0.7243868592912457,1.9669912702693848,0.2990454685283668,0.2990454685283668,0.00034330731428763335,-1.0234323278196125,2.2660367387977516,0.0,0.0,0.0003879289130329308,-0.9427558887787286,2.1853602997568675,0.08067643904088384,0.08067643904088406,0.0005606338911566672,-0.6305030105439441,1.873107421522083,0.3929293172756684,0.3929293172756685
27,Chocó,27787,Tadó,19134,1.0856963052787352,-0.80894311449624,1.8946394197749752,0.00046193986334275294,-0.8089431144962406,1.8946394197749759,True,False,0.0007445684799357725,-0.2979468481381456,1.3836431534168807,0.5109962663580949,0.5109962663580951,0.00046193986334275294,-0.8089431144962406,1.8946394197749759,0.0,0.0,0.0005249667876184461,-0.6949896041505756,1.7806859094293108,0.11395351034566492,0.11395351034566503,0.0007998916044061238,-0.1979219094451119,1.283618214723847,0.6110212050511287,0.6110212050511288
27,Chocó,27800,Unguía,12703,0.6170842022511369,-1.234486578797364,1.851570781048501,0.00022657461992756016,-1.2344865787973647,1.8515707810485016,True,False,0.0003746012060290541,-0.9668525588194079,1.5839367610705448,0.26763401997795677,0.26763401997795677,0.00022657461992756016,-1.2344865787973647,1.8515707810485016,0.0,0.0,0.00044331883615433945,-0.8426101772435832,1.4596943794947201,0.39187640155378145,0.39187640155378145,0.0005913454222558334,-0.5749761572656265,1.1920603595167634,0.6595104215317382,0.6595104215317382
27,Chocó,27810,Unión Panamericana,7202,0.522892150531682,-0.8717588146355153,1.3946509651671972,0.00042719691980381907,-0.8717588146355157,1.3946509651671977,True,False,0.0008366170143122493,-0.13152188396742215,0.6544140344991042,0.7402369306680936,0.7402369306680935,0.00042719691980381907,-0.8717588146355157,1.3946509651671977,0.0,0.0,0.000537804236950653,-0.6717793264462303,1.1946714769779123,0.19997948818928546,0.19997948818928535,0.0009401528944074503,0.055672352768101036,0.467219797763581,0.9274311674036168,0.9274311674036166
41,Huila,41001,Neiva,396442,-0.1070999726376409,1.6832742113668344,-1.7903741840044751,0.0018403685944916952,1.6832742113668355,-1.7903741840044765,False,False,0.0018459773099051692,1.6934148428071305,-1.8005148154447714,0.010140631440294978,0.010140631440294978,0.0018403685944916952,1.6832742113668355,-1.7903741840044765,0.0,0.0,0.0018384095153297206,1.6797321704039045,-1.7868321430415455,-0.0035420409629309813,-0.0035420409629309813,0.0018434043225465087,1.6887628477278236,-1.7958628203654645,0.005488636360988064,0.005488636360988064
41,Huila,41006,Acevedo,25976,-0.066501107438959,0.1488766185648884,-0.2153777260038474,0.0009917035503260478,0.1488766185648885,-0.21537772600384752,False,False,0.0010043961401843915,0.17182498842995353,-0.2383260958689125,0.022948369865065016,0.022948369865064988,0.0009917035503260478,0.1488766185648885,-0.21537772600384752,0.0,0.0,0.0009903789580232713,0.14648173821156554,-0.21298284565052455,-0.00239488035332297,-0.00239488035332297,0.0010030715478816152,0.16943010807663095,-0.23593121551558993,0.020553489511742434,0.020553489511742407
41,Huila,41013,Agrado,9282,-0.0761185696385772,-0.2453901427486241,0.1692715731100469,0.0007736372421065668,-0.24539014274862425,0.16927157311004704,False,False,0.0007856157700749876,-0.22373280619822392,0.14761423655964673,0.021657336550400336,0.021657336550400308,0.0008118561174362479,-0.17628991208799366,0.10017134244941646,0.06910023066063059,0.06910023066063058,0.0007672532443656535,-0.2569324948620434,0.18081392522346618,-0.011542352113419141,-0.011542352113419141,0.0008158794139416992,-0.16901573894332012,0.09289716930474291,0.07637440380530414,0.07637440380530412
41,Huila,41016,Aipe,17200,-0.2930433136124554,-0.6553563798645582,0.3623130662521028,0.0005468876588430279,-0.6553563798645585,0.36231306625210313,False,False,0.0005468876588430279,-0.6553563798645585,0.36231306625210313,0.0,0.0,0.0005468876588430279,-0.6553563798645585,0.36231306625210313,0.0,0.0,0.0005454058684626924,-0.6580354764153764,0.364992162802921,-0.0026790965508178832,-0.0026790965508178832,0.0005454058684626924,-0.6580354764153764,0.364992162802921,-0.0026790965508178832,-0.0026790965508178832
41,Huila,41020,Algeciras,22769,-0.429161249854485,-0.3354963059596119,-0.093664943894873,0.0007238001260032958,-0.33549630595961216,-0.09366494389487284,False,False,0.0007294088414167699,-0.32535567451931685,-0.10380557533516815,0.010140631440295311,0.010140631440295311,0.0007238001260032958,-0.33549630595961216,-0.09366494389487284,0.0,0.0,0.0007187224330068258,-0.3446768418663676,-0.0844844079881174,-0.009180535906755438,-0.009180535906755438,0.0007237172402236138,-0.3356461645424487,-0.09351508531203628,-0.0001498585828365595,-0.0001498585828365595
41,Huila,41026,Altamira,4710,0.6746663762316569,0.0368083304005233,0.6378580458311336,0.0009297193298275634,0.036808330400523365,0.6378580458311336,False,False,0.0009297193298275634,0.036808330400523365,0.6378580458311336,0.0,0.0,0.0009297193298275634,0.036808330400523365,0.6378580458311336,0.0,0.0,0.0009266966858899416,0.03134335029598272,0.6433230259356743,-0.005464980104540641,-0.005464980104540662,0.0009266966858899416,0.03134335029598272,0.6433230259356743,-0.005464980104540641,-0.005464980104540662
41,Huila,41078,Baraya,8221,-0.5584759307592719,-0.7201031082972569,0.1616271775379849,0.0005110766764726913,-0.7201031082972573,0.1616271775379854,False,False,0.0005807765109672661,-0.5940848882675713,0.0356089575082994,0.126018220029686,0.126018220029686,0.0005110766764726913,-0.7201031082972573,0.1616271775379854,0.0,0.0,0.0005105687657853572,-0.7210214175187358,0.1625454867594639,-0.0009183092214785082,-0.0009183092214785082,0.0005802686002799321,-0.5950031974890497,0.036527266729777796,0.1250999108082076,0.1250999108082076
41,Huila,41132,Campoalegre,31873,0.3517242463257041,-0.3540753956670573,0.7057996419927615,0.0007135241557716599,-0.3540753956670575,0.7057996419927616,False,False,0.0007191328711851338,-0.3439347642267624,0.6956590105524665,0.01014063144029509,0.01014063144029509,0.0007135241557716599,-0.3540753956670575,0.7057996419927616,0.0,0.0,0.0007100310953911128,-0.36039089490467796,0.7121151412303821,-0.006315499237620481,-0.0063154992376205366,0.000715025902607901,-0.35136021758075886,0.703084463906463,0.0027151780862986197,0.0027151780862986197
41,Huila,41206,Colombia,7666,-0.3813201691763502,-1.2203490186273969,0.8390288494510467,0.00023439400988380348,-1.2203490186273978,0.8390288494510476,False,False,0.0003105700455753451,-1.0826217414196866,0.7013015722433364,0.13772727720771116,0.13772727720771116,0.0002732512170656045,-1.1500946755592454,0.7687745063828952,0.07025434306815237,0.07025434306815237,0.00023399726057656939,-1.22106634660756,0.8397461774312098,-0.000717327980162219,-0.000717327980162219,0.000348106770520622,-1.0147548476508657,0.6334346784745155,0.2055941709765321,0.2055941709765321
41,Huila,41244,Elías,4683,-0.594061771902394,0.4778092441013382,-1.071871016003732,0.001173633985102509,0.4778092441013385,-1.0718710160037324,False,False,0.001173633985102509,0.4778092441013385,-1.0718710160037324,0.0,0.0,0.001173633985102509,0.4778092441013385,-1.0718710160037324,0.0,0.0,0.0011714251593481053,0.47381565800541525,-1.067877429907809,-0.003993586095923263,-0.003993586095923263,0.0011714251593481053,0.47381565800541525,-1.067877429907809,-0.003993586095923263,-0.003993586095923263
41,Huila,41298,Garzón,76079,0.23562266571064,-0.0407509180415504,0.2763735837521904,0.0008868218283498985,-0.04075091804155047,0.27637358375219045,False,False,0.0008868218283498985,-0.04075091804155047,0.27637358375219045,0.0,0.0,0.0008868218283498985,-0.04075091804155047,0.27637358375219045,0.0,0.0,0.0008818967780344501,-0.04965547396783126,0.28527813967847127,-0.00890455592628079,-0.00890455592628081,0.0008818967780344501,-0.04965547396783126,0.28527813967847127,-0.00890455592628079,-0.00890455592628081
41,Huila,41306,Gigante,23760,0.006532124606374,-0.5913597605609627,0.5978918851673367,0.000582283760871942,-0.5913597605609632,0.5978918851673372,False,False,0.000587892476285416,-0.581219129120668,0.587751253727042,0.0101406314402952,0.0101406314402952,0.000582283760871942,-0.5913597605609632,0.5978918851673372,0.0,0.0,0.0005747803606678544,-0.6049260070914783,0.6114581316978522,-0.01356624653051508,-0.01356624653051508,0.0005797751678846424,-0.5958953297675593,0.6024274543739333,-0.004535569206596146,-0.004535569206596146
41,Huila,41319,Guadalupe,18490,-0.3965822326382843,0.6666886639048101,-1.0632708965430944,0.001278101928679494,0.6666886639048105,-1.0632708965430948,False,False,0.001278101928679494,0.6666886639048105,-1.0632708965430948,0.0,0.0,0.001278101928679494,0.6666886639048105,-1.0632708965430948,0.0,0.0,0.001275450532274031,0.6618949042347563,-1.0584771368730406,-0.004793759670054243,-0.004793759670054243,0.001275450532274031,0.6618949042347563,-1.0584771368730406,-0.004793759670054243,-0.004793759670054243
41,Huila,41349,Hobo,7995,-0.101271299191023,-0.3035429609705486,0.2022716617795256,0.0007414733073635874,-0.30354296097054884,0.20227166177952582,False,False,0.0007470820227770613,-0.29340232953025375,0.19213103033923074,0.01014063144029509,0.01014063144029509,0.0007414733073635874,-0.30354296097054884,0.20227166177952582,0.0,0.0,0.0007350234261707538,-0.3152044312339697,0.21393313204294667,-0.011661470263420848,-0.011661470263420848,0.0007400182333875418,-0.3061737539100508,0.2049024547190278,-0.002630792939501969,-0.002630792939501969
41,Huila,41357,Íquira,9715,0.0125710162784384,-0.3110852723646518,0.3236562886430901,0.0007373017053860979,-0.311085272364652,0.3236562886430904,False,False,0.0007691656789113811,-0.2534747879804778,0.26604580425891616,0.05761048438417421,0.05761048438417421,0.0007755205807157792,-0.24198504170402121,0.2545560579824596,0.06910023066063078,0.06910023066063076,0.0007300718208795268,-0.3241569989066887,0.33672801518512707,-0.013071726542036699,-0.013071726542036699,0.0007964068524060029,-0.20422238702134354,0.21679340329978194,0.10686288534330846,0.10686288534330843
41,Huila,41359,Isnos,26521,-0.1277088845317564,0.0561392118391647,-0.1838480963709211,0.0009404111110365835,0.05613921183916473,-0.18384809637092114,False,False,0.0009404111110365835,0.05613921183916473,-0.18384809637092114,0.0,0.0,0.0009404111110365835,0.05613921183916473,-0.18384809637092114,0.0,0.0,0.0009386845841878723,0.05301762852572107,-0.18072651305747747,-0.003121583313443664,-0.003121583313443671,0.0009386845841878723,0.05301762852572107,-0.18072651305747747,-0.003121583313443664,-0.003121583313443671
41,Huila,41378,La Argentina,13876,0.3576490973653756,0.0554831329912734,0.3021659643741021,0.0009400482382146802,0.055483132991273505,0.3021659643741021,False,False,0.0009400482382146802,0.055483132991273505,0.3021659643741021,0.0,0.0,0.0009400482382146802,0.055483132991273505,0.3021659643741021,0.0,0.0,0.0009361805601695205,0.048490320075242024,0.3091587772901336,-0.006992812916031481,-0.006992812916031488,0.0009361805601695205,0.048490320075242024,0.3091587772901336,-0.006992812916031481,-0.006992812916031488
41,Huila,41396,La Plata,67536,-0.2294770924143065,-0.3127281080640114,0.0832510156497049,0.0007363930639505962,-0.3127281080640116,0.08325101564970508,False,False,0.0007427628765055431,-0.3012114029539066,0.07173431053960008,0.011516705110104997,0.011516705110104997,0.0007746119392802774,-0.24362787740338102,0.014150784989074516,0.06910023066063056,0.06910023066063056,0.0007311659589161595,-0.32217878290598995,0.09270169049168345,-0.009450674841978368,-0.009450674841978368,0.0007747973212754171,-0.24329270431118555,0.013815611896879049,0.06943540375282603,0.06943540375282603
41,Huila,41483,Nátaga,7007,-0.5080432014661287,-0.9879057408811308,0.4798625394150021,0.0003629568318668051,-0.9879057408811314,0.4798625394150027,False,False,0.0003999813728601059,-0.9209648824526214,0.41292168098649273,0.06694085842850994,0.06694085842850994,0.000481087901067638,-0.7743232097482728,0.26628000828214415,0.21358253113285852,0.21358253113285852,0.00035639783725910915,-0.9997644896377081,0.49172128817157945,-0.011858748756576776,-0.011858748756576776,0.000506696906857796,-0.7280217895252904,0.2199785880591617,0.25988395135584097,0.25988395135584097
41,Huila,41503,Oporapa,12309,0.0252984865034865,0.3403713777379685,-0.315072891234482,0.0010976180206129474,0.3403713777379687,-0.31507289123448223,False,False,0.0010976180206129474,0.3403713777379687,-0.31507289123448223,0.0,0.0,0.0010976180206129474,0.3403713777379687,-0.31507289123448223,0.0,0.0,0.0010946809145254263,0.3350610511945596,-0.3097625646910731,-0.005310326543409127,-0.005310326543409127,0.0010946809145254263,0.3350610511945596,-0.3097625646910731,-0.005310326543409127,-0.005310326543409127
41,Huila,41518,Paicol,7546,-0.5324376158882829,-0.8992706005174688,0.3668329846291859,0.0004119803350736854,-0.8992706005174693,0.36683298462918645,False,False,0.00042395886304210625,-0.8776132639670691,0.3451756480787862,0.021657336550400252,0.021657336550400252,0.0004501992104033666,-0.8301703698568387,0.2977327539685558,0.06910023066063065,0.06910023066063065,0.00040531555692446933,-0.911320607312282,0.37888299142399917,-0.012050006794812718,-0.012050006794812718,0.0004539417265005151,-0.8234038513935587,0.2909662355052758,0.07586674912391067,0.07586674912391067
41,Huila,41524,Palermo,26677,-0.3561910121885739,0.8569615498554993,-1.2131525620440733,0.0013833405890608583,0.8569615498554999,-1.2131525620440737,False,False,0.0013889493044743322,0.867102181295795,-1.223293193484369,0.01014063144029509,0.0101406314402952,0.0013833405890608583,0.8569615498554999,-1.2131525620440737,0.0,0.0,0.00137957109696416,0.8501462584292503,-1.2063372706178241,-0.006815291426249592,-0.006815291426249592,0.0013845659041809481,0.8591769357531694,-1.2153679479417434,0.002215385897669564,0.002215385897669675
41,Huila,41530,Palestina,11821,-0.3434649978808813,-0.2170576118038363,-0.126407386077045,0.0007893077754405477,-0.2170576118038364,-0.1264073860770449,False,False,0.0008020003652988915,-0.19410924193877122,-0.1493557559421101,0.022948369865065182,0.022948369865065182,0.0007893077754405477,-0.2170576118038364,-0.1264073860770449,0.0,0.0,0.0007881544901741934,-0.21914276677595806,-0.12432223110492324,-0.0020851549721216667,-0.0020851549721216667,0.0008008470800325373,-0.19619439691089285,-0.14727060096998845,0.020863214892943543,0.020863214892943543
41,Huila,41548,Pital,14641,-0.2774967408979272,-0.1282112344969924,-0.1492855064009347,0.0008384481123876239,-0.12821123449699254,-0.14928550640093466,False,False,0.0008448179249425709,-0.11669452938688732,-0.16080221151103988,0.011516705110105219,0.011516705110105219,0.0008766669877173052,-0.05911100383636177,-0.21838573706156544,0.06910023066063077,0.06910023066063078,0.000833925809533756,-0.13638761770094354,-0.14110912319698365,-0.008176383203951004,-0.008176383203951004,0.0008775571718930138,-0.057501539106138935,-0.21999520179178828,0.0707096953908536,0.07070969539085362
41,Huila,41551,Pitalito,140776,0.1703716048457705,0.4954093858063565,-0.325037780960586,0.0011833685057427137,0.4954093858063568,-0.32503778096058633,False,False,0.0011833685057427137,0.4954093858063568,-0.32503778096058633,0.0,0.0,0.0011833685057427137,0.4954093858063568,-0.32503778096058633,0.0,0.0,0.0011815592659952065,0.4921382564809986,-0.3217666516352281,-0.0032711293253581686,-0.003271129325358224,0.0011815592659952065,0.4921382564809986,-0.3217666516352281,-0.0032711293253581686,-0.003271129325358224
41,Huila,41615,Rivera,28367,0.1205762720078369,0.8044215712322184,-0.6838452992243814,0.0013542810783525772,0.8044215712322188,-0.6838452992243819,False,False,0.0013598897937660511,0.814562202672514,-0.6939859306646771,0.0101406314402952,0.0101406314402952,0.0013542810783525772,0.8044215712322188,-0.6838452992243819,0.0,0.0,0.0013513377609928813,0.7991000146267979,-0.678523742618961,-0.005321556605420885,-0.005321556605420885,0.0013563325682096694,0.8081306919507171,-0.6875544199428801,0.003709120718498271,0.003709120718498271
41,Huila,41660,Saladoblanco,10768,-0.4050918856228552,-0.188575563747099,-0.2165163218757562,0.0008050610056889472,-0.1885755637470991,-0.2165163218757561,False,False,0.0008050610056889472,-0.1885755637470991,-0.2165163218757561,0.0,0.0,0.0008050610056889472,-0.1885755637470991,-0.2165163218757561,0.0,0.0,0.0008026486692710588,-0.1929370998066825,-0.2121547858161727,-0.004361536059583393,-0.004361536059583393,0.0008026486692710588,-0.1929370998066825,-0.2121547858161727,-0.004361536059583393,-0.004361536059583393
41,Huila,41668,San Agustín,35620,0.1581735982454731,-0.8090868197388407,0.9672604179843138,0.0004618603809343924,-0.8090868197388411,0.9672604179843143,False,False,0.0004618603809343924,-0.8090868197388411,0.9672604179843143,0.0,0.0,0.0004618603809343924,-0.8090868197388411,0.9672604179843143,0.0,0.0,0.00046142058163616256,-0.8098819826705056,0.9680555809159788,-0.0007951629316644837,-0.0007951629316644837,0.00046142058163616256,-0.8098819826705056,0.9680555809159788,-0.0007951629316644837,-0.0007951629316644837
41,Huila,41676,Santa María,10740,0.3759227026679028,-0.6217830697284662,0.9977057723963688,0.0005654568320893204,-0.6217830697284665,0.9977057723963694,False,False,0.0005973208056146036,-0.5641725853442924,0.9400952880121951,0.057610484384174154,0.057610484384174265,0.0006036757074190017,-0.5526828390678358,0.9286055417357386,0.06910023066063076,0.06910023066063076,0.0005601016413884154,-0.6314653251447273,1.0073880278126301,-0.009682255416260777,-0.009682255416260777,0.0006264366729148916,-0.5115307132593819,0.8874534159272847,0.1102523564690846,0.11025235646908471
41,Huila,41770,Suaza,25611,-0.2889363830214842,0.3174570423294938,-0.6063934253509781,0.001084944254984869,0.317457042329494,-0.6063934253509782,False,False,0.0010976368448432127,0.340405412194559,-0.6293417952160432,0.022948369865064988,0.022948369865064988,0.001084944254984869,0.317457042329494,-0.6063934253509782,0.0,0.0,0.00108349339454845,0.3148338675252088,-0.6037702505466931,-0.0026231748042852,-0.002623174804285089,0.0010961859844067937,0.3377822373902738,-0.6267186204117581,0.020325195060779788,0.0203251950607799
41,Huila,41791,Tarqui,18649,-0.3362842342230936,-0.0192617263870672,-0.3170225078360263,0.0008987073565011995,-0.019261726387067264,-0.31702250783602637,False,False,0.0008987073565011995,-0.019261726387067264,-0.31702250783602637,0.0,0.0,0.0008987073565011995,-0.019261726387067264,-0.31702250783602637,0.0,0.0,0.0008939649949075385,-0.027835978694894795,-0.3084482555281988,-0.008574252307827532,-0.008574252307827546,0.0008939649949075385,-0.027835978694894795,-0.3084482555281988,-0.008574252307827532,-0.008574252307827546
41,Huila,41797,Tesalia,12047,0.0443251515942559,-0.8961429971113372,0.940468148705593,0.00041371019159539067,-0.8961429971113377,0.9404681487055936,False,False,0.00042568871956381155,-0.8744856605609374,0.9188108121551932,0.021657336550400363,0.021657336550400363,0.00045192906692507193,-0.827042766450707,0.8713679180449628,0.06910023066063076,0.06910023066063076,0.0004060306166438323,-0.9100277699088295,0.9543529215030854,-0.013884772797491785,-0.013884772797491785,0.00045465678621987805,-0.822111013990106,0.8664361655843619,0.07403198312123171,0.07403198312123171
41,Huila,41799,Tello,12495,-0.179244760803605,0.5950645831227871,-0.7743093439263921,0.0012384871287310654,0.5950645831227874,-0.7743093439263924,False,False,0.0012384871287310654,0.5950645831227874,-0.7743093439263924,0.0,0.0,0.0012384871287310654,0.5950645831227874,-0.7743093439263924,0.0,0.0,0.0012379068842960448,0.5940154935314897,-0.7732602543350947,-0.0010490895912976805,-0.0010490895912976805,0.0012379068842960448,0.5940154935314897,-0.7732602543350947,-0.0010490895912976805,-0.0010490895912976805
41,Huila,41801,Teruel,8237,0.8935768681675798,-0.6360683392012929,1.5296452073688729,0.0005575557451057725,-0.6360683392012932,1.529645207368873,True,False,0.0005926346490015092,-0.5726452183059741,1.4662220864735538,0.0634231208953191,0.06342312089531932,0.0005957746204354538,-0.5669681085406625,1.4605449767082423,0.06910023066063076,0.06910023066063076,0.0006978077462043705,-0.3824908714467238,1.2760677396143034,0.25357746775456946,0.2535774677545697,0.0008585869203070209,-0.09180000417018769,0.9853768723377674,0.5442683350311055,0.5442683350311057
41,Huila,41807,Timaná,23228,0.1806757689607515,0.4611791844455065,-0.280503415484755,0.0011644360103543073,0.46117918444550676,-0.28050341548475527,False,False,0.0011644360103543073,0.46117918444550676,-0.28050341548475527,0.0,0.0,0.0011644360103543073,0.46117918444550676,-0.28050341548475527,0.0,0.0,0.0011629851499178883,0.45855600964122156,-0.27788024068047007,-0.0026231748042852,-0.0026231748042852,0.0011629851499178883,0.45855600964122156,-0.27788024068047007,-0.0026231748042852,-0.0026231748042852
41,Huila,41872,Villavieja,7418,-0.6882652415817002,-0.666400257278373,-0.0218649843033271,0.0005407793641238997,-0.6664002572783734,-0.02186498430332684,False,False,0.0005407793641238997,-0.6664002572783734,-0.02186498430332684,0.0,0.0,0.0005407793641238997,-0.6664002572783734,-0.02186498430332684,0.0,0.0,0.0005397231341801032,-0.6683099349472587,-0.01995530663444156,-0.001909677668885279,-0.001909677668885279,0.0005397231341801032,-0.6683099349472587,-0.01995530663444156,-0.001909677668885279,-0.001909677668885279
41,Huila,41885,Yaguará,8003,0.3465081022013578,-0.2381737650615459,0.5846818672629037,0.0007776285723310471,-0.23817376506154603,0.5846818672629038,False,False,0.0008013344143458226,-0.19531329004507397,0.5418213922464318,0.042860475016472055,0.042860475016472055,0.0008158474476607283,-0.16907353440091524,0.5155816366022731,0.06910023066063078,0.06910023066063076,0.0007694534118881833,-0.25295456296354074,0.5994626651648985,-0.014780797901994713,-0.014780797901994713,0.0008285232692811496,-0.14615548173116844,0.49266358393252624,0.09201828333037759,0.09201828333037759
44,La Guajira,44001,Riohacha,209292,1.4511228512161187,0.2374029571665161,1.2137198940496026,0.0010406668760061806,0.23740295716651627,1.2137198940496026,False,False,0.0010865747513887996,0.3204050013322393,1.1307178498838795,0.08300204416572304,0.0830020441657231,0.0010406668760061806,0.23740295716651627,1.2137198940496026,0.0,0.0,0.0010106024605260853,0.18304609746221626,1.2680767537539024,-0.054356859704300015,-0.05435685970429982,0.0010528977913669085,0.2595166134509176,1.191606237765201,0.022113656284401317,0.02211365628440154
44,La Guajira,44035,Albania,35960,1.177858049311339,-0.6434413548336538,1.8212994041449928,0.000553477779481592,-0.6434413548336542,1.8212994041449933,True,False,0.0006150563228514404,-0.5321065362682942,1.7099645855796333,0.11133481856535998,0.11133481856535998,0.0006292699075328383,-0.5064081877029128,1.6842662370142518,0.13703316713074132,0.13703316713074143,0.0005866101005306073,-0.5835376813984757,1.7613957307098147,0.05990367343517844,0.05990367343517855,0.0007292894515838649,-0.32557153291182855,1.5034295822231676,0.3178698219218256,0.31786982192182567
44,La Guajira,44078,Barrancas,42798,1.7956734790718971,-0.4158209499223817,2.211494428994279,0.0006793731027623562,-0.41582094992238194,2.2114944289942793,True,False,0.0007752941241072479,-0.24239447823895732,2.0380679573108544,0.17342647168342462,0.17342647168342484,0.0007038940853671711,-0.3714866899683187,2.1671601690402156,0.04433425995406326,0.044334259954063704,0.0006552201595202273,-0.459489789854678,2.2551632689265753,-0.04366883993229603,-0.04366883993229598,0.0007786936135233385,-0.23624815653917136,2.0319216356110683,0.17957279338321058,0.17957279338321097
44,La Guajira,44090,Dibulla,48596,1.042095726839317,-0.5127096972483103,1.5548054240876272,0.000625784584757475,-0.5127096972483106,1.5548054240876277,True,False,0.0006579951839718677,-0.4544725090466182,1.4965682358859351,0.058237188201692436,0.05823718820169255,0.000625784584757475,-0.5127096972483106,1.5548054240876277,0.0,0.0,0.0006145035140208878,-0.5331060219248686,1.5752017487641856,-0.020396324676557942,-0.020396324676557942,0.0006459242567499527,-0.47629690466597957,1.5183926315052965,0.036412792582331044,0.03641279258233121
44,La Guajira,44098,Distracción,14277,1.6831975911292745,-0.2034585127363779,1.8866561038656524,0.0007968293461630502,-0.20345851273637802,1.8866561038656524,True,False,0.0009106992120726071,0.0024197066453093617,1.6807778844839651,0.20587821938168738,0.20587821938168727,0.0007968293461630502,-0.20345851273637802,1.8866561038656524,0.0,0.0,0.0007239857359798677,-0.33516072067398056,2.018358311803255,-0.13170220793760254,-0.13170220793760246,0.0008425196488829192,-0.12084984281444915,1.8040474339437236,0.08260866992192888,0.08260866992192883
44,La Guajira,44110,El Molino,7527,1.3220130640128698,-0.5913954881326349,1.9134085521455049,0.0005822640001910511,-0.5913954881326353,1.913408552145505,True,False,0.0007116781067880662,-0.357413076576733,1.6794261405896027,0.23398241155590233,0.23398241155590238,0.0005822640001910511,-0.5913954881326353,1.913408552145505,0.0,0.0,0.0007096792889559272,-0.3610269655794302,1.6830400295923,0.2303685225532051,0.23036852255320506,0.000838854079800972,-0.1274772400593994,1.449490304072269,0.4639182480732359,0.463918248073236
44,La Guajira,44279,Fonseca,53775,1.134377962107486,-0.4533724044899037,1.5877503665973898,0.0006586036444429936,-0.45337240448990396,1.58775036659739,True,False,0.0007648779726174988,-0.26122701750990657,1.3956049796173926,0.1921453869799974,0.1921453869799974,0.0006586036444429936,-0.45337240448990396,1.58775036659739,0.0,0.0,0.0007759744081861514,-0.2411645156521075,1.3755424777595935,0.21220788883779645,0.2122078888377965,0.0008969830372938752,-0.02237931825576714,1.1567572803632533,0.4309930862341368,0.4309930862341367
44,La Guajira,44378,Hatonuevo,23232,1.566165593947969,0.1166702849785474,1.4494953089694216,0.0009738904426649792,0.11667028497854755,1.4494953089694216,True,False,0.0010666786340856169,0.2844325588403697,1.2817330351075993,0.1677622738618222,0.1677622738618223,0.000998411425269794,0.1610045449326108,1.4051610490153583,0.044334259954063246,0.04433425995406326,0.0010318728869207643,0.22150330891712344,1.3446622850308456,0.1048330239385759,0.10483302393857596,0.0011563511045578265,0.44656156813453113,1.1196040258134379,0.3298912831559836,0.3298912831559837
44,La Guajira,44420,La Jagua del Pilar,4149,0.8451212214492049,-0.6664846244044649,1.5116058458536696,0.0005407327012308355,-0.6664846244044653,1.51160584585367,True,False,0.000633825782920167,-0.49817110491568023,1.343292326364885,0.1683135194887851,0.16831351948878503,0.0005407327012308355,-0.6664846244044653,1.51160584585367,0.0,0.0,0.0005080445019030056,-0.7255853199102678,1.5707065413594727,-0.059100695505802436,-0.05910069550580266,0.0005960370192373342,-0.5664936880461137,1.4116149094953185,0.09999093635835166,0.09999093635835155
44,La Guajira,44430,Maicao,208965,1.3432782432965211,-0.9491061369030672,2.2923843801995885,0.00038441663327559364,-0.949106136903068,2.2923843801995893,True,True,0.00042834186263433744,-0.8696887428974127,2.212966986193934,0.07941739400565528,0.0794173940056555,0.0004958756451156616,-0.7475867734755071,2.090865016772028,0.20151936342756094,0.20151936342756116,0.00037930432770083366,-0.9583492528078731,2.3016274961043943,-0.009243115904805088,-0.009243115904804977,0.0005332805581601689,-0.6799581973617304,2.0232364406582515,0.26914793954133764,0.26914793954133787
44,La Guajira,44560,Manaure,96422,0.9443949666934216,-1.0327643684064387,1.97715933509986,0.0003381458250661123,-1.0327643684064394,1.977159335099861,True,False,0.00037417900136673586,-0.9676159104172902,1.9120108771107118,0.06514845798914914,0.06514845798914926,0.00036266680767092725,-0.9884301084523761,1.9328250751457978,0.04433425995406326,0.04433425995406326,0.0003360016532987162,-1.0366410592411386,1.9810360259345603,-0.0038766908346992146,-0.0038766908346992146,0.00039602309056210774,-0.9281215090527545,1.872516475746176,0.10464285935368489,0.104642859353685
44,La Guajira,44650,San Juan del Cesar,57850,1.1760520101765302,-0.2691799172898171,1.4452319274663472,0.0007604792769504664,-0.26917991728981727,1.4452319274663474,True,False,0.0008660473689353428,-0.07831141465514056,1.2543634248316706,0.1908685026346767,0.1908685026346768,0.0007604792769504664,-0.26917991728981727,1.4452319274663474,0.0,0.0,0.0010147762935834974,0.1905924426782449,0.9854595674982852,0.4597723599680622,0.4597723599680622,0.0011223344929572501,0.38505908571931874,0.7909929244572114,0.6542390030091361,0.6542390030091361
44,La Guajira,44847,Uribia,200665,0.9643768597510748,-1.256701864379376,2.2210787241304506,0.00021428749408217677,-1.2567018643793768,2.2210787241304515,True,False,0.00023920464455684848,-1.2116513276915977,2.1760281874426726,0.04505053668777914,0.04505053668777892,0.00021428749408217677,-1.2567018643793768,2.2210787241304515,0.0,0.0,0.00021428749408217677,-1.2567018643793768,2.2210787241304515,0.0,0.0,0.00023920464455684848,-1.2116513276915977,2.1760281874426726,0.04505053668777914,0.04505053668777892
44,La Guajira,44855,Urumita,11700,1.4587220588811205,-0.683591350670049,2.1423134095511696,0.0005312710853694598,-0.6835913506700494,2.14231340955117,True,False,0.0006302706139603505,-0.5045988972837632,1.9633209561648837,0.17899245338628622,0.17899245338628633,0.0005312710853694598,-0.6835913506700494,2.14231340955117,0.0,0.0,0.000551359218267173,-0.647271741450796,2.1059938003319165,0.03631960921925337,0.03631960921925348,0.0006490212712021415,-0.4706974616902372,1.9294195205713578,0.2128938889798122,0.2128938889798122
44,La Guajira,44874,Villanueva,32651,1.3581622573100145,-0.3130298069341883,1.6711920642442029,0.0007362261963237279,-0.31302980693418847,1.6711920642442029,True,False,0.0008565146930913599,-0.09554661830648088,1.4537088756164953,0.2174831886277076,0.21748318862770755,0.0007362261963237279,-0.31302980693418847,1.6711920642442029,0.0,0.0,0.0007684852696821056,-0.2547049768408509,1.6128672341508654,0.058324830093337554,0.05832483009333744,0.0008935929203676683,-0.02850869437023065,1.3866709516802451,0.28452111256395785,0.28452111256395773
47,Magdalena,47001,Santa Marta,574486,0.4142547748421621,0.6238082692064826,-0.2095534943643204,0.0012543850692219376,0.6238082692064829,-0.2095534943643208,False,False,0.0012590284746786145,0.6322036075135213,-0.21794883267135923,0.008395338307038425,0.008395338307038425,0.0012543850692219376,0.6238082692064829,-0.2095534943643208,0.0,0.0,0.0012529235260898097,0.621165779947463,-0.20691100510530092,-0.0026424892590198867,-0.0026424892590198867,0.0012575669315464865,0.6295611182545016,-0.21530634341233945,0.005752849048018649,0.005752849048018649
47,Magdalena,47030,Algarrobo,18615,-0.354286986966019,-1.1696812549919064,0.8153942680258874,0.0002624180110065936,-1.1696812549919071,0.8153942680258881,False,False,0.0002822649879637784,-1.1337976588937084,0.7795106719276894,0.03588359609819869,0.03588359609819869,0.0002624180110065936,-1.1696812549919071,0.8153942680258881,0.0,0.0,0.0002616084707179678,-1.171144914510681,0.8168579275446619,-0.0014636595187738077,-0.0014636595187738077,0.00028145544767515254,-1.1352613184124822,0.7809743314464632,0.03441993657942488,0.03441993657942488
47,Magdalena,47053,Aracataca,44403,0.0229691187451105,-0.307820949159144,0.3307900679042545,0.0007391071807142457,-0.3078209491591442,0.3307900679042547,False,False,0.0007391071807142457,-0.3078209491591442,0.3307900679042547,0.0,0.0,0.0007391071807142457,-0.3078209491591442,0.3307900679042547,0.0,0.0,0.0007325425278700545,-0.3196899280819303,0.3426590468270408,-0.0118689789227861,-0.0118689789227861,0.0007325425278700545,-0.3196899280819303,0.3426590468270408,-0.0118689789227861,-0.0118689789227861
47,Magdalena,47058,Ariguaní,31525,0.8602631242394216,-0.9151623040389802,1.775425428278402,0.00040319074016411386,-0.9151623040389808,1.7754254282784023,True,False,0.00044473434481576493,-0.840050918914737,1.7003140431541586,0.07511138512424376,0.07511138512424376,0.00040319074016411386,-0.9151623040389808,1.7754254282784023,0.0,0.0,0.00043483760787536326,-0.8579443498299645,1.718207474069386,0.05721795420901632,0.05721795420901632,0.00047638121252701433,-0.7828329647057208,1.6430960889451425,0.13232933933325997,0.13232933933325985
47,Magdalena,47161,Cerro de San Antonio,11374,-0.354286986966019,-1.1911000576121535,0.8368130706461345,0.0002505714145592584,-1.1911000576121542,0.8368130706461352,False,False,0.0002775330399141154,-1.1423530833766442,0.7880660964106252,0.04874697423551,0.04874697423551,0.0002505714145592584,-1.1911000576121542,0.8368130706461352,0.0,0.0,0.00024698937427222663,-1.1975764336942452,0.8432894467282261,-0.006476376082090951,-0.006476376082090951,0.00027382672493083055,-1.1490541497486064,0.7947671627825874,0.04204590786354778,0.04204590786354778
47,Magdalena,47170,Chibolo,25934,0.2916335367438325,-1.1283825329607882,1.420016069704621,0.00028526005789257806,-1.1283825329607888,1.4200160697046214,True,False,0.0003330051758339972,-1.042058730017564,1.3336922667613966,0.08632380294322473,0.08632380294322473,0.00028526005789257806,-1.1283825329607888,1.4200160697046214,0.0,0.0,0.0003384580716742087,-1.0321998224208146,1.3238333591646472,0.09618271053997418,0.09618271053997418,0.00038620318961562783,-0.9458760194775897,1.2375095562214222,0.18250651348319913,0.18250651348319913
47,Magdalena,47189,Ciénaga,136851,0.3888887209523738,-0.576942564798341,0.9658312857507148,0.0005902578154038494,-0.5769425647983414,0.9658312857507152,False,False,0.0005902578154038494,-0.5769425647983414,0.9658312857507152,0.0,0.0,0.0005902578154038494,-0.5769425647983414,0.9658312857507152,0.0,0.0,0.0005841485321622196,-0.5879882294738766,0.9768769504262504,-0.01104566467553525,-0.01104566467553525,0.0005841485321622196,-0.5879882294738766,0.9768769504262504,-0.01104566467553525,-0.01104566467553525
47,Magdalena,47205,Concordia,11170,-0.354286986966019,-1.163115409632286,0.808828422666267,0.0002660495361525186,-1.1631154096322867,0.8088284226662676,False,False,0.0002894505698509813,-1.1208060320717919,0.7665190451057728,0.0423093775604948,0.0423093775604948,0.0002660495361525186,-1.1631154096322867,0.8088284226662676,0.0,0.0,0.00026070814189401397,-1.172772720898728,0.818485733932709,-0.009657311266441315,-0.009657311266441315,0.0002839849008962235,-1.130688033628104,0.776401046662085,0.03242737600418266,0.03242737600418266
47,Magdalena,47245,El Banco,75024,0.076323005713528,-0.650106547225889,0.726429552939417,0.0005497913061565137,-0.6501065472258895,0.7264295529394175,False,False,0.0005497913061565137,-0.6501065472258895,0.7264295529394175,0.0,0.0,0.0005497913061565137,-0.6501065472258895,0.7264295529394175,0.0,0.0,0.0005434458901123483,-0.6615791431227386,0.7379021488362666,-0.011472595896849125,-0.011472595896849125,0.0005434458901123483,-0.6615791431227386,0.7379021488362666,-0.011472595896849125,-0.011472595896849125
47,Magdalena,47258,El Piñón,26170,-0.2171236358396642,-1.2247246703928318,1.0076010345531676,0.00023197386616343623,-1.2247246703928325,1.0076010345531683,False,False,0.0002625077856946492,-1.169518941171874,0.9523953053322098,0.055205729220958455,0.055205729220958455,0.00023197386616343623,-1.2247246703928325,1.0076010345531683,0.0,0.0,0.0002293091186544406,-1.2295425690341601,1.012418933194496,-0.004817898641327645,-0.004817898641327645,0.0002598430381856536,-1.1743368398132015,0.9572132039735373,0.05038783057963103,0.05038783057963103
47,Magdalena,47268,El Retén,21274,0.0394166621336164,-1.1623944108436297,1.2018110729772462,0.00026644831575937467,-1.1623944108436304,1.2018110729772469,False,False,0.00028223770683036254,-1.133846983542732,1.1732636456763486,0.02854742730089832,0.02854742730089832,0.00026644831575937467,-1.1623944108436304,1.2018110729772469,0.0,0.0,0.00026453987329807193,-1.1658448999839046,1.2052615621175211,-0.0034504891402742377,-0.0034504891402742377,0.0002803292643690598,-1.1372974726830065,1.176714134816623,0.02509693816062386,0.02509693816062386
47,Magdalena,47288,Fundación,75360,0.1061579089572137,-0.5385576872366444,0.6447155961938581,0.0006114882344060741,-0.5385576872366448,0.6447155961938584,False,False,0.0006165965668113937,-0.5293217548745894,0.6354796638318031,0.009235932362055332,0.009235932362055332,0.0006114882344060741,-0.5385576872366448,0.6447155961938584,0.0,0.0,0.0006048466305255902,-0.5505657946479469,0.6567237036051605,-0.012008107411302094,-0.012008107411302094,0.0006099549629309098,-0.5413298622858915,0.6474877712431052,-0.002772175049246761,-0.002772175049246761
47,Magdalena,47318,Guamal,28668,0.1465592386481438,-0.8156079766185407,0.9621672152666844,0.000458253572687766,-0.8156079766185412,0.962167215266685,False,False,0.000458253572687766,-0.8156079766185412,0.962167215266685,0.0,0.0,0.000458253572687766,-0.8156079766185412,0.962167215266685,0.0,0.0,0.00045337595260278127,-0.8244267780625915,0.9709860167107353,-0.008818801444050228,-0.008818801444050228,0.00045337595260278127,-0.8244267780625915,0.9709860167107353,-0.008818801444050228,-0.008818801444050228
47,Magdalena,47460,Nueva Granada,22650,0.1739786346641067,-0.8097469281926163,0.983725562856723,0.0004614952793644306,-0.8097469281926168,0.9837255628567235,False,False,0.0004920419773084771,-0.7545180954327221,0.9284967300968288,0.055228832759894764,0.055228832759894764,0.0004614952793644306,-0.8097469281926168,0.9837255628567235,0.0,0.0,0.0004502459472237943,-0.8300858690690985,1.0040645037332052,-0.020338940876481693,-0.020338940876481693,0.00048079264516784093,-0.7748570363092037,0.9488356709733103,0.03488989188341318,0.03488989188341318
47,Magdalena,47541,Pedraza,10248,-0.1207737877091426,-1.0908680276522933,0.9700942399431508,0.0003060090798239462,-1.090868027652294,0.9700942399431514,False,False,0.0003294101135224089,-1.0485586500917994,0.9277848623826568,0.04230937756049458,0.04230937756049458,0.0003060090798239462,-1.090868027652294,0.9700942399431514,0.0,0.0,0.0002984878751343232,-1.1044664649274785,0.9836926772183359,-0.013598437275184505,-0.013598437275184505,0.0003217646341365327,-1.062381777656855,0.9416079899477123,0.028486249995439028,0.028486249995439028
47,Magdalena,47545,Pijiño del Carmen,14019,-0.1835869893924068,-0.7943870282586664,0.6108000388662596,0.00046999073726724296,-0.7943870282586668,0.61080003886626,False,False,0.000477551110628721,-0.7807177735081771,0.5971307841157703,0.013669254750489745,0.013669254750489745,0.00046999073726724296,-0.7943870282586668,0.61080003886626,0.0,0.0,0.0004626959384135227,-0.8075761207964973,0.6239891314040905,-0.013189092537830516,-0.013189092537830516,0.0004702563117750008,-0.7939068660460076,0.6103198766536008,0.00048016221265922976,0.00048016221265922976
47,Magdalena,47551,Pivijay,40406,0.3860248683229448,-1.2498309129258272,1.635855781248772,0.0002180877713676344,-1.2498309129258278,1.6358557812487726,True,False,0.0002509336420732454,-1.1904451454894864,1.5764700138124312,0.059385767436341386,0.059385767436341386,0.0002180877713676344,-1.2498309129258278,1.6358557812487726,0.0,0.0,0.0003180646410148953,-1.06907141401958,1.4550962823425249,0.18075949890624776,0.18075949890624776,0.00035091051172050626,-1.009685646583239,1.3957105149061837,0.24014526634258893,0.24014526634258893
47,Magdalena,47555,Plato,72742,0.204973626183688,-0.8222623019942529,1.0272359281779408,0.0004545731098368312,-0.8222623019942534,1.0272359281779415,False,False,0.00047285992722161433,-0.7891994949797309,0.9941731211634188,0.03306280701452258,0.03306280701452269,0.0004545731098368312,-0.8222623019942534,1.0272359281779415,0.0,0.0,0.00043894251932266923,-0.8505226157940071,1.0554962419776952,-0.02826031379975369,-0.02826031379975369,0.0004571050620111992,-0.8176844990693557,1.0226581252530438,0.004577802924897734,0.004577802924897734
47,Magdalena,47570,Puebloviejo,34162,0.2061118810123123,-0.5272438985361345,0.7333557795484468,0.0006177458152522912,-0.5272438985361347,0.733355779548447,False,False,0.0006228541476576108,-0.5180079661740795,0.7241198471863918,0.009235932362055221,0.009235932362055221,0.0006177458152522912,-0.5272438985361347,0.733355779548447,0.0,0.0,0.0006160188278150191,-0.5303663145997712,0.7364781956120835,-0.0031224160636365017,-0.0031224160636365017,0.0006211271602203387,-0.5211303822377159,0.7272422632500282,0.006113516298418831,0.006113516298418831
47,Magdalena,47605,Remolino,13533,-0.265871880707818,-0.917599998843428,0.6517281181356102,0.0004018424674748291,-0.9175999988434287,0.6517281181356107,False,False,0.0004272580364999752,-0.871648314842804,0.605776434134986,0.04595168400062466,0.04595168400062466,0.0004018424674748291,-0.9175999988434287,0.6517281181356107,0.0,0.0,0.00040089811154937034,-0.9193074068116651,0.6534355261038471,-0.0017074079682364296,-0.0017074079682364296,0.00042631368057451644,-0.8733557228110405,0.6074838421032225,0.04424427603238823,0.04424427603238823
47,Magdalena,47660,Sabanas de San Ángel,16704,-0.06776360741807,-1.0470209712697125,0.9792573638516424,0.00033026059339254184,-1.047020971269713,0.979257363851643,False,False,0.00036511668283871777,-0.9840007018378751,0.9162370944198052,0.0630202694318378,0.0630202694318378,0.00033026059339254184,-1.047020971269713,0.979257363851643,0.0,0.0,0.0003272344506778215,-1.0524922772093928,0.9847286697913228,-0.005471305939679816,-0.005471305939679816,0.00036209054012399736,-0.989472007777555,0.921708400359485,0.05754896349215799,0.05754896349215799
47,Magdalena,47675,Salamina,12611,0.0252298262897845,-0.9006846706686406,0.9259144969584252,0.0004111982223325503,-0.9006846706686411,0.9259144969584256,False,False,0.000431051083198095,-0.8647904363865253,0.8900202626763098,0.0358942342821158,0.0358942342821158,0.0004111982223325503,-0.9006846706686411,0.9259144969584256,0.0,0.0,0.00040973657980926853,-0.9033273396281777,0.9285571659179622,-0.002642668959536576,-0.002642668959536576,0.00042958944067481323,-0.8674331053460622,0.8926629316358468,0.03325156532257889,0.03325156532257889
47,Magdalena,47692,San Sebastián de Buenavista,21808,0.0846424455329666,-0.9017445635294123,0.9863870090623792,0.00041061200268145237,-0.9017445635294129,0.9863870090623795,False,False,0.0004181723760429305,-0.888075308778923,0.9727177543118897,0.013669254750489856,0.013669254750489856,0.00041061200268145237,-0.9017445635294129,0.9863870090623795,0.0,0.0,0.0004037285871438156,-0.9141898696060751,0.9988323151390417,-0.012445306076662166,-0.012445306076662166,0.0004112889605052937,-0.9005206148555851,0.9851630603885517,0.0012239486738278016,0.0012239486738278016
47,Magdalena,47703,San Zenón,13973,0.1594988713287931,-0.7188474923553355,0.8783463636841287,0.0005117711492506757,-0.718847492355336,0.8783463636841291,False,False,0.0005117711492506757,-0.718847492355336,0.8783463636841291,0.0,0.0,0.0005117711492506757,-0.718847492355336,0.8783463636841291,0.0,0.0,0.0004997454562417266,-0.7405901039210658,0.9000889752498589,-0.021742611565729875,-0.021742611565729764,0.0004997454562417266,-0.7405901039210658,0.9000889752498589,-0.021742611565729875,-0.021742611565729764
47,Magdalena,47707,Santa Ana,28187,0.282454223339566,-0.7675851003925597,1.0500393237321255,0.00048481470427743484,-0.7675851003925602,1.0500393237321262,False,False,0.000492375077638913,-0.7539158456420703,1.0363700689816362,0.013669254750489968,0.013669254750489968,0.00048481470427743484,-0.7675851003925602,1.0500393237321262,0.0,0.0,0.00047218566000666983,-0.790418578997187,1.072872802336753,-0.02283347860462681,-0.022833478604626922,0.00047974603336814795,-0.7767493242466972,1.0592035475862631,-0.009164223854136955,-0.009164223854136955
47,Magdalena,47720,Santa Bárbara de Pinto,11045,0.4040336496066966,-0.7808980897359391,1.1849317393426355,0.00047745137892937805,-0.7808980897359397,1.1849317393426362,False,False,0.0004838301274972833,-0.7693652281965497,1.1733988778032463,0.011532861539389927,0.011532861539389927,0.00047745137892937805,-0.7808980897359397,1.1849317393426362,0.0,0.0,0.0004601177933633909,-0.8122374410500088,1.2162710906567054,-0.031339351314069175,-0.031339351314069175,0.00046628405073874493,-0.8010887663892745,1.205122415995971,-0.02019067665333485,-0.02019067665333485
47,Magdalena,47745,Sitionuevo,28889,0.018474088077427,-0.2464040478644865,0.2648781359419135,0.0007730764579695414,-0.24640404786448666,0.2648781359419137,False,False,0.0007781847903748611,-0.2371681155024314,0.2556422035798584,0.009235932362055277,0.009235932362055277,0.0007730764579695414,-0.24640404786448666,0.2648781359419137,0.0,0.0,0.0007725034057797732,-0.24744013378151036,0.26591422185893737,-0.0010360859170236991,-0.0010360859170236991,0.0007776117381850928,-0.23820420141945506,0.25667828949688204,0.008199846445031606,0.008199846445031633
47,Magdalena,47798,Tenerife,14340,0.2297891239785866,-0.9661935586839034,1.19598268266249,0.00037496569459559393,-0.966193558683904,1.1959826826624906,False,False,0.0004031491578716612,-0.9152374853721594,1.145026609350746,0.050956073311744565,0.050956073311744676,0.00037496569459559393,-0.966193558683904,1.1959826826624906,0.0,0.0,0.00036265147807888266,-0.988457824556973,1.2182469485355596,-0.022264265873068956,-0.022264265873068956,0.00039071066665869684,-0.9377264415350993,1.167515565513686,0.028467117148804677,0.028467117148804677
47,Magdalena,47960,Zapayán,11061,-0.354286986966019,-1.1685936778465584,0.8143066908805394,0.0002630195426502954,-1.168593677846559,0.8143066908805401,False,False,0.0002963113383316823,-1.1084016721727592,0.7541146852067402,0.0601920056737999,0.0601920056737999,0.0002630195426502954,-1.168593677846559,0.8143066908805401,0.0,0.0,0.0002569953993766187,-1.1794854083371336,0.8251984213711145,-0.010891730490574458,-0.010891730490574458,0.0002901629203617524,-1.1195180929532045,0.7652311059871855,0.04907558489335462,0.04907558489335462
47,Magdalena,47980,Zona Bananera,79037,0.1604306202525746,-0.6190622970895712,0.7794929173421458,0.0005669616732351775,-0.6190622970895715,0.7794929173421461,False,False,0.0005720700056404971,-0.6098263647275163,0.7702569849800909,0.009235932362055221,0.009235932362055221,0.0005669616732351775,-0.6190622970895715,0.7794929173421461,0.0,0.0,0.0005626459419584696,-0.6268651961575672,0.7872958164101418,-0.0078028990679956944,-0.0078028990679956944,0.0005677542743637892,-0.617629263795512,0.7780598840480866,0.001433033294059527,0.001433033294059527
50,Meta,50001,Villavicencio,579176,-0.0633692090627636,0.5399769744511455,-0.603346183513909,0.0012080185408855075,0.5399769744511458,-0.6033461835139093,False,False,0.0012080185408855075,0.5399769744511458,-0.6033461835139093,0.0,0.0,0.0012080185408855075,0.5399769744511458,-0.6033461835139093,0.0,0.0,0.0012080185408855075,0.5399769744511458,-0.6033461835139093,0.0,0.0,0.0012080185408855075,0.5399769744511458,-0.6033461835139093,0.0,0.0
50,Meta,50006,Acacías,102025,-0.0232767529558933,0.8526114130789352,-0.8758881660348284,0.0013809345575101519,0.8526114130789356,-0.8758881660348289,False,False,0.0013809345575101519,0.8526114130789356,-0.8758881660348289,0.0,0.0,0.0013809345575101519,0.8526114130789356,-0.8758881660348289,0.0,0.0,0.0013808019117031588,0.8523715877104411,-0.8756483406663343,-0.0002398253684945395,-0.0002398253684945395,0.0013808019117031588,0.8523715877104411,-0.8756483406663343,-0.0002398253684945395,-0.0002398253684945395
50,Meta,50110,Barranca de Upía,7750,-0.4162313640771505,-0.5815601808275377,0.1653288167503872,0.000587703842867825,-0.581560180827538,0.16532881675038752,False,False,0.000587703842867825,-0.581560180827538,0.16532881675038752,0.0,0.0,0.000587703842867825,-0.581560180827538,0.16532881675038752,0.0,0.0,0.0005820928732904367,-0.5917048878259202,0.17547352374876973,-0.010144706998382214,-0.010144706998382214,0.0005820928732904367,-0.5917048878259202,0.17547352374876973,-0.010144706998382214,-0.010144706998382214
50,Meta,50124,Cabuyaro,6865,-0.0079358915404585,-0.481091787756183,0.4731558962157245,0.0006432722389883202,-0.4810917877561833,0.4731558962157248,False,False,0.0006690165539414609,-0.43454572678195047,0.426609835241492,0.046546060974232806,0.046546060974232806,0.0006432722389883202,-0.4810917877561833,0.4731558962157248,0.0,0.0,0.0006394567796756962,-0.487990188515083,0.48005429697462454,-0.006898400758899748,-0.006898400758899748,0.0006652010946288368,-0.4414441275408504,0.4335082360003919,0.03964766021533289,0.03964766021533289
50,Meta,50150,Castilla la Nueva,17240,-0.3241705723163529,-0.8024317681854455,0.4782611958690926,0.00046554124542934593,-0.8024317681854459,0.47826119586909305,False,False,0.00046554124542934593,-0.8024317681854459,0.47826119586909305,0.0,0.0,0.00046554124542934593,-0.8024317681854459,0.47826119586909305,0.0,0.0,0.0004648960398546963,-0.8035983083739583,0.4794277360576054,-0.001166540188512366,-0.001166540188512366,0.0004648960398546963,-0.8035983083739583,0.4794277360576054,-0.001166540188512366,-0.001166540188512366
50,Meta,50223,Cubarral,7436,0.5687827661770203,-0.6020131925052529,1.1707959586822732,0.0005763914189301076,-0.6020131925052532,1.1707959586822736,False,False,0.0005828676201270744,-0.5903041353272279,1.1590869015042482,0.011709057178025284,0.011709057178025395,0.0006152486261119085,-0.5317588494371012,1.1005416156141214,0.07025434306815204,0.07025434306815215,0.0005759278298037192,-0.6028513677599898,1.17163413393701,-0.0008381752547366172,-0.0008381752547363952,0.000620337505253197,-0.522558088832981,1.0913408550100012,0.07945510367227215,0.07945510367227238
50,Meta,50226,Cumaral,24556,-0.1485073774234696,-0.0659252818226872,-0.0825820956007823,0.0008728980561474494,-0.06592528182268732,-0.08258209560078227,False,False,0.0008728980561474494,-0.06592528182268732,-0.08258209560078227,0.0,0.0,0.0008728980561474494,-0.06592528182268732,-0.08258209560078227,0.0,0.0,0.000871663642840424,-0.06815711736233145,-0.08035026006113814,-0.0022318355396441225,-0.0022318355396441225,0.000871663642840424,-0.06815711736233145,-0.08035026006113814,-0.0022318355396441225,-0.0022318355396441225
50,Meta,50245,El Calvario,1896,-0.8794010284612416,-0.3136200457055143,-0.5657809827557272,0.0007358997392077329,-0.31362004570551455,-0.565780982755727,False,False,0.0007358997392077329,-0.31362004570551455,-0.565780982755727,0.0,0.0,0.0007358997392077329,-0.31362004570551455,-0.565780982755727,0.0,0.0,0.0007358808532786608,-0.31365419171436143,-0.5657468367468801,-3.414600884688035e-05,-3.414600884688035e-05,0.0007358808532786608,-0.31365419171436143,-0.5657468367468801,-3.414600884688035e-05,-3.414600884688035e-05
50,Meta,50251,El Castillo,8473,-0.4557535719550801,-0.814554440854229,0.3588008688991489,0.00045883627627133785,-0.8145544408542295,0.35880086889914936,False,False,0.00045883627627133785,-0.8145544408542295,0.35880086889914936,0.0,0.0,0.00045883627627133785,-0.8145544408542295,0.35880086889914936,0.0,0.0,0.00045718825119953803,-0.817534091919666,0.3617805199645859,-0.002979651065436517,-0.002979651065436517,0.00045718825119953803,-0.817534091919666,0.3617805199645859,-0.002979651065436517,-0.002979651065436517
50,Meta,50270,El Dorado,4122,-0.5891240675218348,-0.4093433273462775,-0.1797807401755572,0.0006829558324768882,-0.4093433273462777,-0.17978074017555706,False,False,0.0006829558324768882,-0.4093433273462777,-0.17978074017555706,0.0,0.0,0.0006829558324768882,-0.4093433273462777,-0.17978074017555706,0.0,0.0,0.0006821781648546125,-0.4107493606639254,-0.17837470685790935,-0.0014060333176477147,-0.0014060333176477147,0.0006821781648546125,-0.4107493606639254,-0.17837470685790935,-0.0014060333176477147,-0.0014060333176477147
50,Meta,50287,Fuente de Oro,12853,-0.5070298674895665,-0.7392123951703092,0.2321825276807427,0.0005005074577355329,-0.7392123951703097,0.2321825276807432,False,False,0.0005005074577355329,-0.7392123951703097,0.2321825276807432,0.0,0.0,0.0005005074577355329,-0.7392123951703097,0.2321825276807432,0.0,0.0,0.0004930496246122114,-0.7526962558178204,0.24566638832825394,-0.013483860647510726,-0.013483860647510726,0.0004930496246122114,-0.7526962558178204,0.24566638832825394,-0.013483860647510726,-0.013483860647510726
50,Meta,50313,Granada,73899,0.1730341349982812,-0.4646094300005605,0.6376435649988418,0.0006523885208035738,-0.4646094300005608,0.637643564998842,False,False,0.0006523885208035738,-0.4646094300005608,0.637643564998842,0.0,0.0,0.0006523885208035738,-0.4646094300005608,0.637643564998842,0.0,0.0,0.0006496683956298155,-0.46952745219014924,0.6425615871884305,-0.004918022189588422,-0.004918022189588478,0.0006496683956298155,-0.46952745219014924,0.6425615871884305,-0.004918022189588422,-0.004918022189588478
50,Meta,50318,Guamal,16202,0.1545023700013736,-0.1505345319796282,0.3050369019810018,0.0008261012458825555,-0.15053453197962832,0.3050369019810019,False,False,0.0008261012458825555,-0.15053453197962832,0.3050369019810019,0.0,0.0,0.0008261012458825555,-0.15053453197962832,0.3050369019810019,0.0,0.0,0.0008259683893778635,-0.15077473829234148,0.30527710829371507,-0.00024020631271315374,-0.00024020631271315374,0.0008259683893778635,-0.15077473829234148,0.30527710829371507,-0.00024020631271315374,-0.00024020631271315374
50,Meta,50325,Mapiripán,7280,-0.0576141926149262,-0.8990760998569256,0.8414619072419994,0.0004120879120879121,-0.8990760998569262,0.841461907242,False,False,0.0004120879120879121,-0.8990760998569262,0.841461907242,0.0,0.0,0.0004120879120879121,-0.8990760998569262,0.841461907242,0.0,0.0,0.0004120879120879121,-0.8990760998569262,0.841461907242,0.0,0.0,0.0004120879120879121,-0.8990760998569262,0.841461907242,0.0,0.0
50,Meta,50330,Mesetas,11781,-0.3715826628758774,-1.2961665213483151,0.924583858472438,0.0001924598563130331,-1.2961665213483162,0.9245838584724388,False,False,0.0002621596908076079,-1.17014830131863,0.7985656384427526,0.1260182200296862,0.1260182200296862,0.0001924598563130331,-1.2961665213483162,0.9245838584724388,0.0,0.0,0.00018963016085657826,-1.3012826480541302,0.9296999851782528,-0.0051161267058139615,-0.0051161267058139615,0.0002593299953511531,-1.1752644280244442,0.8036817651485668,0.12090209332387203,0.12090209332387203
50,Meta,50350,La Macarena,29571,-0.758013016592292,-1.3995707649856646,0.6415577483933725,0.00013526766088397415,-1.3995707649856655,0.6415577483933734,False,False,0.00013526766088397415,-1.3995707649856655,0.6415577483933734,0.0,0.0,0.00013526766088397415,-1.3995707649856655,0.6415577483933734,0.0,0.0,0.00013526766088397415,-1.3995707649856655,0.6415577483933734,0.0,0.0,0.00013526766088397415,-1.3995707649856655,0.6415577483933734,0.0,0.0
50,Meta,50370,Uribe,9695,-0.0154864920047541,-1.3796541857261042,1.36416769372135,0.00014628338763969596,-1.379654185726105,1.364167693721351,True,False,0.00046310081716049057,-0.806844094682078,0.7913576026773239,0.5728100910440271,0.572810091044027,0.00014628338763969596,-1.379654185726105,1.364167693721351,0.0,0.0,0.00014711549733717293,-1.3781497204184627,1.3626632284137086,0.0015044653076423664,0.0015044653076423664,0.00046393292685796756,-0.8053396293744357,0.7898531373696817,0.5743145563516694,0.5743145563516693
50,Meta,50400,Lejanías,12161,-0.2890606125453291,-1.2717356866689566,0.9826750741236276,0.00020597238754315584,-1.2717356866689573,0.9826750741236282,False,False,0.00020597238754315584,-1.2717356866689573,0.9826750741236282,0.0,0.0,0.00020597238754315584,-1.2717356866689573,0.9826750741236282,0.0,0.0,0.0002041314797043826,-1.2750640723209916,0.9860034597756625,-0.0033283856520343047,-0.0033283856520343047,0.0002041314797043826,-1.2750640723209916,0.9860034597756625,-0.0033283856520343047,-0.0033283856520343047
50,Meta,50450,Puerto Concordia,8692,-0.1911120081021556,-1.4708423221661202,1.2797303140639646,9.584783938135204e-05,-1.470842322166121,1.2797303140639655,True,False,0.0005246554797043643,-0.6955524529650416,0.5044404448628861,0.7752898692010795,0.7752898692010795,9.584783938135204e-05,-1.470842322166121,1.2797303140639655,0.0,0.0,9.584783938135204e-05,-1.470842322166121,1.2797303140639655,0.0,0.0,0.0005246554797043643,-0.6955524529650416,0.5044404448628861,0.7752898692010795,0.7752898692010795
50,Meta,50568,Puerto Gaitán,53006,-0.2924945941368611,-0.5867390370461124,0.2942444429092513,0.0005848394521374939,-0.5867390370461127,0.29424444290925167,False,False,0.0005848394521374939,-0.5867390370461127,0.29424444290925167,0.0,0.0,0.0005848394521374939,-0.5867390370461127,0.29424444290925167,0.0,0.0,0.0005848394521374939,-0.5867390370461127,0.29424444290925167,0.0,0.0,0.0005848394521374939,-0.5867390370461127,0.29424444290925167,0.0,0.0
50,Meta,50573,Puerto López,32222,0.7916148453098021,-0.6789632681686218,1.470578113478424,0.000533830846841259,-0.6789632681686223,1.4705781134784244,True,False,0.0006508504602646256,-0.46739026374029147,1.2590051090500936,0.21157300442833082,0.21157300442833082,0.000533830846841259,-0.6789632681686223,1.4705781134784244,0.0,0.0,0.0006706358312127713,-0.4316180521189504,1.2232328974287525,0.2473452160496719,0.24734521604967186,0.000787655444636138,-0.2200450476906194,1.0116598930004215,0.4589182204780029,0.4589182204780029
50,Meta,50577,Puerto Lleras,10704,-0.2087050458422757,-1.092599016544506,0.8838939707022302,0.00030505168144718186,-1.0925990165445065,0.8838939707022309,False,False,0.00030505168144718186,-1.0925990165445065,0.8838939707022309,0.0,0.0,0.00030505168144718186,-1.0925990165445065,0.8838939707022309,0.0,0.0,0.0002585702096452825,-1.176638130601389,0.9679330847591134,-0.08403911405688258,-0.08403911405688258,0.0002585702096452825,-1.176638130601389,0.9679330847591134,-0.08403911405688258,-0.08403911405688258
50,Meta,50590,Puerto Rico,13492,-0.435982101322109,-1.423790545017046,0.987808443694937,0.0001218718625677892,-1.423790545017047,0.9878084436949379,False,False,0.0002630840374073829,-1.1684770704751308,0.7324949691530218,0.2553134745419161,0.2553134745419161,0.0001218718625677892,-1.423790545017047,0.9878084436949379,0.0,0.0,0.00011747924410413776,-1.4317324571330932,0.9957503558109841,-0.007941912116046224,-0.007941912116046224,0.0002586914189437315,-1.1764189825911768,0.7404368812690678,0.2473715624258701,0.2473715624258701
50,Meta,50606,Restrepo,21173,-0.2012609634772137,-0.068637550723574,-0.1326234127536396,0.0008713979183621986,-0.06863755072357407,-0.13262341275363965,False,False,0.0008713979183621986,-0.06863755072357407,-0.13262341275363965,0.0,0.0,0.0008713979183621986,-0.06863755072357407,-0.13262341275363965,0.0,0.0,0.0008701628808543513,-0.07087051482653649,-0.13039044865067723,-0.0022329641029624203,-0.0022329641029624203,0.0008701628808543513,-0.07087051482653649,-0.13039044865067723,-0.0022329641029624203,-0.0022329641029624203
50,Meta,50680,San Carlos de Guaroa,14424,-0.0498657865087768,-0.8404556594163667,0.7905898729075899,0.0004445104855518408,-0.8404556594163672,0.7905898729075904,False,False,0.0004445104855518408,-0.8404556594163672,0.7905898729075904,0.0,0.0,0.0004445104855518408,-0.8404556594163672,0.7905898729075904,0.0,0.0,0.0004186406668866431,-0.8872286327572539,0.8373628462484771,-0.0467729733408867,-0.0467729733408867,0.0004186406668866431,-0.8872286327572539,0.8373628462484771,-0.0467729733408867,-0.0467729733408867
50,Meta,50683,San Juan de Arama,9444,-0.7527045404273327,-0.7634557918170227,0.01075125138969,0.00048709859722739204,-0.7634557918170232,0.010751251389690464,False,False,0.0005339730911959231,-0.6787060884993444,-0.07399845192798826,0.08474970331767873,0.08474970331767873,0.00048709859722739204,-0.7634557918170232,0.010751251389690464,0.0,0.0,0.00048437847205363375,-0.7683738140066116,0.01566927357927894,-0.004918022189588478,-0.004918022189588478,0.0005312529660221648,-0.6836241106889328,-0.0690804297383999,0.07983168112809036,0.07983168112809036
50,Meta,50686,San Juanito,1395,-0.0216794277499619,-0.1422638205391366,0.1205843927891747,0.0008306757210530416,-0.1422638205391367,0.1205843927891748,False,False,0.0008306757210530416,-0.1422638205391367,0.1205843927891748,0.0,0.0,0.0008306757210530416,-0.1422638205391367,0.1205843927891748,0.0,0.0,0.0008306555299767965,-0.14230032627128572,0.12062089852132382,-3.650573214902808e-05,-3.650573214902808e-05,0.0008306555299767965,-0.14230032627128572,0.12062089852132382,-3.650573214902808e-05,-3.650573214902808e-05
50,Meta,50689,San Martín,28332,-0.1192221002577884,-0.3614575421034014,0.242235441845613,0.0007094411399608772,-0.36145754210340164,0.24223544184561324,False,False,0.0007094411399608772,-0.36145754210340164,0.24223544184561324,0.0,0.0,0.0007094411399608772,-0.36145754210340164,0.24223544184561324,0.0,0.0,0.0005874584366554179,-0.5820038784962057,0.4627817782384173,-0.22054633639280408,-0.22054633639280408,0.0005874584366554179,-0.5820038784962057,0.4627817782384173,-0.22054633639280408,-0.22054633639280408
50,Meta,50711,Vistahermosa,18421,0.0949122278703109,-1.384885638883061,1.479797866753372,0.00014338990589459497,-1.384885638883062,1.4797978667533729,True,False,0.000356455787569736,-0.9996597147117947,1.0945719425821057,0.3852259241712672,0.3852259241712672,0.00014338990589459497,-1.384885638883062,1.4797978667533729,0.0,0.0,0.0001863316429615816,-1.307246411912076,1.4021586397823869,0.07763922697098602,0.07763922697098602,0.0003993975246367226,-0.922020487740809,1.0169327156111199,0.4628651511422529,0.462865151142253
52,Nariño,52001,Pasto,403166,1.7228353474166196,2.9786939957136185,-1.255858648296999,0.0025568566114522514,2.9786939957136203,-1.2558586482970007,False,False,0.0025568566114522514,2.9786939957136203,-1.2558586482970007,0.0,0.0,0.0025568566114522514,2.9786939957136203,-1.2558586482970007,0.0,0.0,0.0025568566114522514,2.9786939957136203,-1.2558586482970007,0.0,0.0,0.0025568566114522514,2.9786939957136203,-1.2558586482970007,0.0,0.0
52,Nariño,52019,Albán,9628,0.6985505647571442,0.5507554852563958,0.1477950795007483,0.0012139800631086192,0.5507554852563962,0.147795079500748,False,False,0.0012139800631086192,0.5507554852563962,0.147795079500748,0.0,0.0,0.0012139800631086192,0.5507554852563962,0.147795079500748,0.0,0.0,0.0012139800631086192,0.5507554852563962,0.147795079500748,0.0,0.0,0.0012139800631086192,0.5507554852563962,0.147795079500748,0.0,0.0
52,Nariño,52022,Aldana,7748,0.9699414265267524,0.9611125062909478,0.0088289202358046,0.0014409457863433812,0.9611125062909484,0.00882892023580406,False,False,0.0014409457863433812,0.9611125062909484,0.00882892023580406,0.0,0.0,0.0014409457863433812,0.9611125062909484,0.00882892023580406,0.0,0.0,0.0014409457863433812,0.9611125062909484,0.00882892023580406,0.0,0.0,0.0014409457863433812,0.9611125062909484,0.00882892023580406,0.0,0.0
52,Nariño,52036,Ancuya,8823,0.1225294454781492,0.660134502749691,-0.5376050572715418,0.0012744768659889167,0.6601345027496913,-0.5376050572715421,False,False,0.0012744768659889167,0.6601345027496913,-0.5376050572715421,0.0,0.0,0.0012744768659889167,0.6601345027496913,-0.5376050572715421,0.0,0.0,0.0012744768659889167,0.6601345027496913,-0.5376050572715421,0.0,0.0,0.0012744768659889167,0.6601345027496913,-0.5376050572715421,0.0,0.0
52,Nariño,52051,Arboleda,9049,-0.0232454046043854,0.6374582637933413,-0.6607036683977267,0.001261934789915753,0.6374582637933416,-0.660703668397727,False,False,0.001261934789915753,0.6374582637933416,-0.660703668397727,0.0,0.0,0.001261934789915753,0.6374582637933416,-0.660703668397727,0.0,0.0,0.001261934789915753,0.6374582637933416,-0.660703668397727,0.0,0.0,0.001261934789915753,0.6374582637933416,-0.660703668397727,0.0,0.0
52,Nariño,52079,Barbacoas,63548,-0.0433536881804175,-0.5394797461689527,0.4961260579885351,0.000610978249778764,-0.539479746168953,0.4961260579885355,False,False,0.000610978249778764,-0.539479746168953,0.4961260579885355,0.0,0.0,0.000610978249778764,-0.539479746168953,0.4961260579885355,0.0,0.0,0.000610978249778764,-0.539479746168953,0.4961260579885355,0.0,0.0,0.000610978249778764,-0.539479746168953,0.4961260579885355,0.0,0.0
52,Nariño,52083,Belén,6288,0.1509333155723811,0.7737316414844007,-0.6227983259120196,0.0013373066835105525,0.7737316414844011,-0.62279832591202,False,False,0.0013373066835105525,0.7737316414844011,-0.62279832591202,0.0,0.0,0.0013373066835105525,0.7737316414844011,-0.62279832591202,0.0,0.0,0.0013373066835105525,0.7737316414844011,-0.62279832591202,0.0,0.0,0.0013373066835105525,0.7737316414844011,-0.62279832591202,0.0,0.0
52,Nariño,52110,Buesaco,25040,0.344624322059369,1.7510720168444278,-1.4064476947850588,0.001877867107165263,1.751072016844429,-1.40644769478506,False,False,0.001877867107165263,1.751072016844429,-1.40644769478506,0.0,0.0,0.001877867107165263,1.751072016844429,-1.40644769478506,0.0,0.0,0.001877867107165263,1.751072016844429,-1.40644769478506,0.0,0.0,0.001877867107165263,1.751072016844429,-1.40644769478506,0.0,0.0
52,Nariño,52203,Colón,8501,0.2838272180236663,0.0760379834917022,0.207789234531964,0.0009514169885239856,0.0760379834917023,0.207789234531964,False,False,0.0009514169885239856,0.0760379834917023,0.207789234531964,0.0,0.0,0.0009514169885239856,0.0760379834917023,0.207789234531964,0.0,0.0,0.0009514169885239856,0.0760379834917023,0.207789234531964,0.0,0.0,0.0009514169885239856,0.0760379834917023,0.207789234531964,0.0,0.0
52,Nariño,52207,Consacá,15175,0.0531630361306637,1.9004072295727004,-1.8472441934420367,0.0019604634143414856,1.9004072295727015,-1.8472441934420378,False,False,0.0019604634143414856,1.9004072295727015,-1.8472441934420378,0.0,0.0,0.0019604634143414856,1.9004072295727015,-1.8472441934420378,0.0,0.0,0.0019604634143414856,1.9004072295727015,-1.8472441934420378,0.0,0.0,0.0019604634143414856,1.9004072295727015,-1.8472441934420378,0.0,0.0
52,Nariño,52210,Contadero,7530,0.0567756036607176,0.8433127468742633,-0.7865371432135457,0.0013757915274361415,0.8433127468742637,-0.7865371432135462,False,False,0.0013757915274361415,0.8433127468742637,-0.7865371432135462,0.0,0.0,0.0013757915274361415,0.8433127468742637,-0.7865371432135462,0.0,0.0,0.0013757915274361415,0.8433127468742637,-0.7865371432135462,0.0,0.0,0.0013757915274361415,0.8433127468742637,-0.7865371432135462,0.0,0.0
52,Nariño,52215,Córdoba,16735,0.6525460909742684,1.2115228631507542,-0.5589767721764858,0.0015794460795925988,1.2115228631507549,-0.5589767721764864,False,False,0.0015794460795925988,1.2115228631507549,-0.5589767721764864,0.0,0.0,0.0015794460795925988,1.2115228631507549,-0.5589767721764864,0.0,0.0,0.0015794460795925988,1.2115228631507549,-0.5589767721764864,0.0,0.0,0.0015794460795925988,1.2115228631507549,-0.5589767721764864,0.0,0.0
52,Nariño,52224,Cuaspud Carlosama,9889,1.032016279427301,0.0930724739073071,0.9389438055199936,0.0009608386512199624,0.09307247390730723,0.9389438055199937,False,False,0.0009608386512199624,0.09307247390730723,0.9389438055199937,0.0,0.0,0.0009608386512199624,0.09307247390730723,0.9389438055199937,0.0,0.0,0.0009608386512199624,0.09307247390730723,0.9389438055199937,0.0,0.0,0.0009608386512199624,0.09307247390730723,0.9389438055199937,0.0,0.0
52,Nariño,52227,Cumbal,40406,-0.0645765516142191,-0.357797897343496,0.2932213457292769,0.0007114652649962431,-0.35779789734349626,0.29322134572927716,False,False,0.0007114652649962431,-0.35779789734349626,0.29322134572927716,0.0,0.0,0.0007114652649962431,-0.35779789734349626,0.29322134572927716,0.0,0.0,0.0007114652649962431,-0.35779789734349626,0.29322134572927716,0.0,0.0,0.0007114652649962431,-0.35779789734349626,0.29322134572927716,0.0,0.0
52,Nariño,52233,Cumbitara,5948,0.5858922119427702,-0.6093361751295097,1.1952283870722795,0.0005723411262280117,-0.60933617512951,1.1952283870722802,False,False,0.0005723411262280117,-0.60933617512951,1.1952283870722802,0.0,0.0,0.0005723411262280117,-0.60933617512951,1.1952283870722802,0.0,0.0,0.0005723411262280117,-0.60933617512951,1.1952283870722802,0.0,0.0,0.0005723411262280117,-0.60933617512951,1.1952283870722802,0.0,0.0
52,Nariño,52240,Chachagüí,16366,0.8960574676026831,0.523860067787818,0.3721973998148651,0.0011991043876247028,0.5238600677878184,0.37219739981486477,False,False,0.0011991043876247028,0.5238600677878184,0.37219739981486477,0.0,0.0,0.0011991043876247028,0.5238600677878184,0.37219739981486477,0.0,0.0,0.0011991043876247028,0.5238600677878184,0.37219739981486477,0.0,0.0,0.0011991043876247028,0.5238600677878184,0.37219739981486477,0.0,0.0
52,Nariño,52250,El Charco,22396,0.0074792348937776,-0.4599052391973494,0.467384474091127,0.0006549903772679603,-0.4599052391973497,0.4673844740911273,False,False,0.0006549903772679603,-0.4599052391973497,0.4673844740911273,0.0,0.0,0.0006549903772679603,-0.4599052391973497,0.4673844740911273,0.0,0.0,0.0006549903772679603,-0.4599052391973497,0.4673844740911273,0.0,0.0,0.0006549903772679603,-0.4599052391973497,0.4673844740911273,0.0,0.0
52,Nariño,52254,El Peñol,7831,0.3440385343712993,0.4441758301046642,-0.100137295733365,0.0011550315688129958,0.44417583010466455,-0.10013729573336527,False,False,0.0011550315688129958,0.44417583010466455,-0.10013729573336527,0.0,0.0,0.0011550315688129958,0.44417583010466455,-0.10013729573336527,0.0,0.0,0.0011550315688129958,0.44417583010466455,-0.10013729573336527,0.0,0.0,0.0011550315688129958,0.44417583010466455,-0.10013729573336527,0.0,0.0
52,Nariño,52256,El Rosario,12872,0.2307614078583931,-0.6140171429276132,0.8447785507860064,0.0005697521142523991,-0.6140171429276136,0.8447785507860066,False,False,0.0005697521142523991,-0.6140171429276136,0.8447785507860066,0.0,0.0,0.0005697521142523991,-0.6140171429276136,0.8447785507860066,0.0,0.0,0.0005697521142523991,-0.6140171429276136,0.8447785507860066,0.0,0.0,0.0005697521142523991,-0.6140171429276136,0.8447785507860066,0.0,0.0
52,Nariño,52258,El Tablón de Gómez,14671,0.5587568466553954,0.525115549364484,0.0336412972909113,0.0011997987860861634,0.5251155493644843,0.03364129729091103,False,False,0.0011997987860861634,0.5251155493644843,0.03364129729091103,0.0,0.0,0.0011997987860861634,0.5251155493644843,0.03364129729091103,0.0,0.0,0.0011997987860861634,0.5251155493644843,0.03364129729091103,0.0,0.0,0.0011997987860861634,0.5251155493644843,0.03364129729091103,0.0,0.0
52,Nariño,52260,El Tambo,14548,0.4847849183443689,0.3211585233325342,0.1636263950118346,0.0010869915193664477,0.32115852333253436,0.1636263950118345,False,False,0.0010869915193664477,0.32115852333253436,0.1636263950118345,0.0,0.0,0.0010869915193664477,0.32115852333253436,0.1636263950118345,0.0,0.0,0.0010869915193664477,0.32115852333253436,0.1636263950118345,0.0,0.0,0.0010869915193664477,0.32115852333253436,0.1636263950118345,0.0,0.0
52,Nariño,52287,Funes,7441,0.2232785061294247,1.7899925720709928,-1.566714065941568,0.0018993938059004897,1.7899925720709937,-1.566714065941569,False,False,0.0018993938059004897,1.7899925720709937,-1.566714065941569,0.0,0.0,0.0018993938059004897,1.7899925720709937,-1.566714065941569,0.0,0.0,0.0018993938059004897,1.7899925720709937,-1.566714065941569,0.0,0.0,0.0018993938059004897,1.7899925720709937,-1.566714065941569,0.0,0.0
52,Nariño,52317,Guachucal,20468,0.3400298468102918,1.0225282284874384,-0.6824983816771466,0.0014749144114473685,1.022528228487439,-0.6824983816771473,False,False,0.0014749144114473685,1.022528228487439,-0.6824983816771473,0.0,0.0,0.0014749144114473685,1.022528228487439,-0.6824983816771473,0.0,0.0,0.0014749144114473685,1.022528228487439,-0.6824983816771473,0.0,0.0,0.0014749144114473685,1.022528228487439,-0.6824983816771473,0.0,0.0
52,Nariño,52320,Guaitarilla,11604,0.4049766416748859,0.6169372784202259,-0.21196063674534,0.0012505847701818225,0.6169372784202263,-0.21196063674534038,False,False,0.0012505847701818225,0.6169372784202263,-0.21196063674534038,0.0,0.0,0.0012505847701818225,0.6169372784202263,-0.21196063674534038,0.0,0.0,0.0012505847701818225,0.6169372784202263,-0.21196063674534038,0.0,0.0,0.0012505847701818225,0.6169372784202263,-0.21196063674534038,0.0,0.0
52,Nariño,52323,Gualmatán,7609,1.1525821465870376,0.8820671684994003,0.2705149780876373,0.0013972263387877755,0.8820671684994007,0.2705149780876369,False,False,0.0013972263387877755,0.8820671684994007,0.2705149780876369,0.0,0.0,0.0013972263387877755,0.8820671684994007,0.2705149780876369,0.0,0.0,0.0013972263387877755,0.8820671684994007,0.2705149780876369,0.0,0.0,0.0013972263387877755,0.8820671684994007,0.2705149780876369,0.0,0.0
52,Nariño,52352,Iles,7678,-0.1082509014412169,0.9161985833928126,-1.0244494848340295,0.001416104196041878,0.916198583392813,-1.02444948483403,False,False,0.001416104196041878,0.916198583392813,-1.02444948483403,0.0,0.0,0.001416104196041878,0.916198583392813,-1.02444948483403,0.0,0.0,0.001416104196041878,0.916198583392813,-1.02444948483403,0.0,0.0,0.001416104196041878,0.916198583392813,-1.02444948483403,0.0,0.0
52,Nariño,52354,Imués,7836,-0.1145353200007434,0.8409379095576275,-0.9554732295583708,0.001374478020802878,0.840937909557628,-0.9554732295583714,False,False,0.001374478020802878,0.840937909557628,-0.9554732295583714,0.0,0.0,0.001374478020802878,0.840937909557628,-0.9554732295583714,0.0,0.0,0.001374478020802878,0.840937909557628,-0.9554732295583714,0.0,0.0,0.001374478020802878,0.840937909557628,-0.9554732295583714,0.0,0.0
52,Nariño,52356,Ipiales,121440,0.7525546070407209,1.75015871519709,-0.9976041081563692,0.001877361966133688,1.7501587151970912,-0.9976041081563704,False,False,0.001877361966133688,1.7501587151970912,-0.9976041081563704,0.0,0.0,0.001877361966133688,1.7501587151970912,-0.9976041081563704,0.0,0.0,0.001877361966133688,1.7501587151970912,-0.9976041081563704,0.0,0.0,0.001877361966133688,1.7501587151970912,-0.9976041081563704,0.0,0.0
52,Nariño,52378,La Cruz,19560,0.4976516972583014,-0.2813941034617102,0.7790458007200116,0.0007537236922860715,-0.2813941034617104,0.7790458007200118,False,False,0.0007537236922860715,-0.2813941034617104,0.7790458007200118,0.0,0.0,0.0007537236922860715,-0.2813941034617104,0.7790458007200118,0.0,0.0,0.0007537236922860715,-0.2813941034617104,0.7790458007200118,0.0,0.0,0.0007537236922860715,-0.2813941034617104,0.7790458007200118,0.0,0.0
52,Nariño,52381,La Florida,10098,0.1725285176966696,0.5328797695393584,-0.3603512518426888,0.0012040931243258298,0.5328797695393588,-0.3603512518426892,False,False,0.0012040931243258298,0.5328797695393588,-0.3603512518426892,0.0,0.0,0.0012040931243258298,0.5328797695393588,-0.3603512518426892,0.0,0.0,0.0012040931243258298,0.5328797695393588,-0.3603512518426892,0.0,0.0,0.0012040931243258298,0.5328797695393588,-0.3603512518426892,0.0,0.0
52,Nariño,52385,La Llanada,6565,0.1268467813012603,-0.5012524888556494,0.6280992701569097,0.0006321214900760091,-0.5012524888556497,0.6280992701569099,False,False,0.0006321214900760091,-0.5012524888556497,0.6280992701569099,0.0,0.0,0.0006321214900760091,-0.5012524888556497,0.6280992701569099,0.0,0.0,0.0006321214900760091,-0.5012524888556497,0.6280992701569099,0.0,0.0,0.0006321214900760091,-0.5012524888556497,0.6280992701569099,0.0,0.0
52,Nariño,52390,La Tola,7838,-0.2672697439400824,-0.562956546272587,0.2956868023325045,0.0005979933886904224,-0.5629565462725873,0.2956868023325049,False,False,0.0005979933886904224,-0.5629565462725873,0.2956868023325049,0.0,0.0,0.0005979933886904224,-0.5629565462725873,0.2956868023325049,0.0,0.0,0.0005979933886904224,-0.5629565462725873,0.2956868023325049,0.0,0.0,0.0005979933886904224,-0.5629565462725873,0.2956868023325049,0.0,0.0
52,Nariño,52399,La Unión,34338,0.3815181506137334,0.5209106294169016,-0.1393924788031681,0.001197473072992133,0.5209106294169019,-0.13939247880316852,False,False,0.001197473072992133,0.5209106294169019,-0.13939247880316852,0.0,0.0,0.001197473072992133,0.5209106294169019,-0.13939247880316852,0.0,0.0,0.001197473072992133,0.5209106294169019,-0.13939247880316852,0.0,0.0,0.001197473072992133,0.5209106294169019,-0.13939247880316852,0.0,0.0
52,Nariño,52405,Leiva,9779,0.3142111745515888,-0.8054457351996811,1.11965690975127,0.0004638742404358232,-0.8054457351996815,1.1196569097512703,False,False,0.0004638742404358232,-0.8054457351996815,1.1196569097512703,0.0,0.0,0.0004638742404358232,-0.8054457351996815,1.1196569097512703,0.0,0.0,0.0004638742404358232,-0.8054457351996815,1.1196569097512703,0.0,0.0,0.0004638742404358232,-0.8054457351996815,1.1196569097512703,0.0,0.0
52,Nariño,52411,Linares,10242,0.6314987429017663,0.4048699753368666,0.2266287675648997,0.00113329176347899,0.40486997533686686,0.22662876756489947,False,False,0.00113329176347899,0.40486997533686686,0.22662876756489947,0.0,0.0,0.00113329176347899,0.40486997533686686,0.22662876756489947,0.0,0.0,0.00113329176347899,0.40486997533686686,0.22662876756489947,0.0,0.0,0.00113329176347899,0.40486997533686686,0.22662876756489947,0.0,0.0
52,Nariño,52418,Los Andes,9553,0.707331655568225,-0.5268177387856177,1.2341493943538426,0.0006179815213594896,-0.5268177387856179,1.2341493943538429,False,False,0.0006179815213594896,-0.5268177387856179,1.2341493943538429,0.0,0.0,0.0006179815213594896,-0.5268177387856179,1.2341493943538429,0.0,0.0,0.0006179815213594896,-0.5268177387856179,1.2341493943538429,0.0,0.0,0.0006179815213594896,-0.5268177387856179,1.2341493943538429,0.0,0.0
52,Nariño,52427,Magüí,27970,-0.2915899926364145,-0.7993283725290001,0.5077383798925856,0.00046725771280663837,-0.7993283725290007,0.5077383798925862,False,False,0.00046725771280663837,-0.7993283725290007,0.5077383798925862,0.0,0.0,0.00046725771280663837,-0.7993283725290007,0.5077383798925862,0.0,0.0,0.00046725771280663837,-0.7993283725290007,0.5077383798925862,0.0,0.0,0.00046725771280663837,-0.7993283725290007,0.5077383798925862,0.0,0.0
52,Nariño,52435,Mallama,8934,0.3836477222475048,-0.2304354325489731,0.6140831547964779,0.0007819085922778711,-0.23043543254897325,0.614083154796478,False,False,0.0007819085922778711,-0.23043543254897325,0.614083154796478,0.0,0.0,0.0007819085922778711,-0.23043543254897325,0.614083154796478,0.0,0.0,0.0007819085922778711,-0.23043543254897325,0.614083154796478,0.0,0.0,0.0007819085922778711,-0.23043543254897325,0.614083154796478,0.0,0.0
52,Nariño,52473,Mosquera,12081,-0.1228014264111201,-0.8808013493892066,0.7579999229780865,0.0004221955543219446,-0.8808013493892072,0.757999922978087,False,False,0.0004221955543219446,-0.8808013493892072,0.757999922978087,0.0,0.0,0.0004221955543219446,-0.8808013493892072,0.757999922978087,0.0,0.0,0.0004221955543219446,-0.8808013493892072,0.757999922978087,0.0,0.0,0.0004221955543219446,-0.8808013493892072,0.757999922978087,0.0,0.0
52,Nariño,52480,Nariño,4530,0.6366050011073299,1.894509749234201,-1.257904748126871,0.0019572015574176884,1.894509749234202,-1.2579047481268721,False,False,0.0019572015574176884,1.894509749234202,-1.2579047481268721,0.0,0.0,0.0019572015574176884,1.894509749234202,-1.2579047481268721,0.0,0.0,0.0019572015574176884,1.894509749234202,-1.2579047481268721,0.0,0.0,0.0019572015574176884,1.894509749234202,-1.2579047481268721,0.0,0.0
52,Nariño,52490,Olaya Herrera,26822,0.070780564308736,-0.5371633753404412,0.6079439396491773,0.0006122594189885598,-0.5371633753404416,0.6079439396491776,False,False,0.0006122594189885598,-0.5371633753404416,0.6079439396491776,0.0,0.0,0.0006122594189885598,-0.5371633753404416,0.6079439396491776,0.0,0.0,0.0006122594189885598,-0.5371633753404416,0.6079439396491776,0.0,0.0,0.0006122594189885598,-0.5371633753404416,0.6079439396491776,0.0,0.0
52,Nariño,52506,Ospina,7111,0.5896546603858788,1.0286631222597746,-0.4390084618738958,0.0014783075801532341,1.0286631222597753,-0.4390084618738965,False,False,0.0014783075801532341,1.0286631222597753,-0.4390084618738965,0.0,0.0,0.0014783075801532341,1.0286631222597753,-0.4390084618738965,0.0,0.0,0.0014783075801532341,1.0286631222597753,-0.4390084618738965,0.0,0.0,0.0014783075801532341,1.0286631222597753,-0.4390084618738965,0.0,0.0
52,Nariño,52520,Francisco Pizarro,15667,-0.1908099532031097,-1.0446957389961784,0.8538857857930687,0.00033154666380830064,-1.044695738996179,0.8538857857930694,False,False,0.00033154666380830064,-1.044695738996179,0.8538857857930694,0.0,0.0,0.00033154666380830064,-1.044695738996179,0.8538857857930694,0.0,0.0,0.00033154666380830064,-1.044695738996179,0.8538857857930694,0.0,0.0,0.00033154666380830064,-1.044695738996179,0.8538857857930694,0.0,0.0
52,Nariño,52540,Policarpa,9905,0.5464718460790702,-0.5467598218948939,1.093231667973964,0.000606951688595099,-0.5467598218948942,1.0932316679739644,False,False,0.000606951688595099,-0.5467598218948942,1.0932316679739644,0.0,0.0,0.000606951688595099,-0.5467598218948942,1.0932316679739644,0.0,0.0,0.000606951688595099,-0.5467598218948942,1.0932316679739644,0.0,0.0,0.000606951688595099,-0.5467598218948942,1.0932316679739644,0.0,0.0
52,Nariño,52560,Potosí,10402,0.2702419753007805,1.161745090055594,-0.8915031147548134,0.0015519143262840386,1.1617450900555946,-0.891503114754814,False,False,0.0015519143262840386,1.1617450900555946,-0.891503114754814,0.0,0.0,0.0015519143262840386,1.1617450900555946,-0.891503114754814,0.0,0.0,0.0015519143262840386,1.1617450900555946,-0.891503114754814,0.0,0.0,0.0015519143262840386,1.1617450900555946,-0.891503114754814,0.0,0.0
52,Nariño,52565,Providencia,5555,-0.2045308086709713,0.5883988528586798,-0.792929661529651,0.0012348003579126527,0.5883988528586801,-0.7929296615296514,False,False,0.0012348003579126527,0.5883988528586801,-0.7929296615296514,0.0,0.0,0.0012348003579126527,0.5883988528586801,-0.7929296615296514,0.0,0.0,0.0012348003579126527,0.5883988528586801,-0.7929296615296514,0.0,0.0,0.0012348003579126527,0.5883988528586801,-0.7929296615296514,0.0,0.0
52,Nariño,52573,Puerres,8534,-0.2797198169136161,1.2075581741895371,-1.4872779911031533,0.0015772532366500926,1.2075581741895378,-1.487277991103154,False,False,0.0015772532366500926,1.2075581741895378,-1.487277991103154,0.0,0.0,0.0015772532366500926,1.2075581741895378,-1.487277991103154,0.0,0.0,0.0015772532366500926,1.2075581741895378,-1.487277991103154,0.0,0.0,0.0015772532366500926,1.2075581741895378,-1.487277991103154,0.0,0.0
52,Nariño,52585,Pupiales,17327,0.6849589732840125,0.7649603423743515,-0.080001369090339,0.0013324553366487351,0.764960342374352,-0.0800013690903395,False,False,0.0013324553366487351,0.764960342374352,-0.0800013690903395,0.0,0.0,0.0013324553366487351,0.764960342374352,-0.0800013690903395,0.0,0.0,0.0013324553366487351,0.764960342374352,-0.0800013690903395,0.0,0.0,0.0013324553366487351,0.764960342374352,-0.0800013690903395,0.0,0.0
52,Nariño,52612,Ricaurte,22530,0.3235847592625815,-0.4051640731994106,0.7287488324619922,0.000685267349988235,-0.4051640731994109,0.7287488324619924,False,False,0.000685267349988235,-0.4051640731994109,0.7287488324619924,0.0,0.0,0.000685267349988235,-0.4051640731994109,0.7287488324619924,0.0,0.0,0.000685267349988235,-0.4051640731994109,0.7287488324619924,0.0,0.0,0.000685267349988235,-0.4051640731994109,0.7287488324619924,0.0,0.0
52,Nariño,52621,Roberto Payán,12427,0.1577779340725075,-0.8874731125400996,1.045251046612607,0.0004185054467542079,-0.8874731125401002,1.0452510466126077,False,False,0.0004185054467542079,-0.8874731125401002,1.0452510466126077,0.0,0.0,0.0004185054467542079,-0.8874731125401002,1.0452510466126077,0.0,0.0,0.0004185054467542079,-0.8874731125401002,1.0452510466126077,0.0,0.0,0.0004185054467542079,-0.8874731125401002,1.0452510466126077,0.0,0.0
52,Nariño,52678,Samaniego,29401,0.353309737128479,-0.3469526441037919,0.700262381232271,0.000717463702013375,-0.3469526441037921,0.7002623812322711,False,False,0.000717463702013375,-0.3469526441037921,0.7002623812322711,0.0,0.0,0.000717463702013375,-0.3469526441037921,0.7002623812322711,0.0,0.0,0.000717463702013375,-0.3469526441037921,0.7002623812322711,0.0,0.0,0.000717463702013375,-0.3469526441037921,0.7002623812322711,0.0,0.0
52,Nariño,52683,Sandoná,20826,0.2120596390971783,0.5551083022145722,-0.3430486631173939,0.001216387577049846,0.5551083022145725,-0.34304866311739424,False,False,0.001216387577049846,0.5551083022145725,-0.34304866311739424,0.0,0.0,0.001216387577049846,0.5551083022145725,-0.34304866311739424,0.0,0.0,0.001216387577049846,0.5551083022145725,-0.34304866311739424,0.0,0.0,0.001216387577049846,0.5551083022145725,-0.34304866311739424,0.0,0.0
52,Nariño,52685,San Bernardo,9192,0.8817726623207889,0.5721315994471095,0.3096410628736794,0.0012258030488711453,0.5721315994471098,0.3096410628736791,False,False,0.0012258030488711453,0.5721315994471098,0.3096410628736791,0.0,0.0,0.0012258030488711453,0.5721315994471098,0.3096410628736791,0.0,0.0,0.0012258030488711453,0.5721315994471098,0.3096410628736791,0.0,0.0,0.0012258030488711453,0.5721315994471098,0.3096410628736791,0.0,0.0
52,Nariño,52687,San Lorenzo,18725,0.2829703112737584,0.575142744244107,-0.2921724329703486,0.001227468492915193,0.5751427442441074,-0.292172432970349,False,False,0.001227468492915193,0.5751427442441074,-0.292172432970349,0.0,0.0,0.001227468492915193,0.5751427442441074,-0.292172432970349,0.0,0.0,0.001227468492915193,0.5751427442441074,-0.292172432970349,0.0,0.0,0.001227468492915193,0.5751427442441074,-0.292172432970349,0.0,0.0
52,Nariño,52693,San Pablo,15407,0.2790219435373563,-0.1332694569054581,0.4122914004428144,0.0008356504434106795,-0.1332694569054582,0.41229140044281454,False,False,0.0008356504434106795,-0.1332694569054582,0.41229140044281454,0.0,0.0,0.0008356504434106795,-0.1332694569054582,0.41229140044281454,0.0,0.0,0.0008356504434106795,-0.1332694569054582,0.41229140044281454,0.0,0.0,0.0008356504434106795,-0.1332694569054582,0.41229140044281454,0.0,0.0
52,Nariño,52694,San Pedro de Cartago,6842,0.2795894742997148,0.7515802321215823,-0.4719907578218675,0.0013250548871747028,0.7515802321215828,-0.47199075782186795,False,False,0.0013250548871747028,0.7515802321215828,-0.47199075782186795,0.0,0.0,0.0013250548871747028,0.7515802321215828,-0.47199075782186795,0.0,0.0,0.0013250548871747028,0.7515802321215828,-0.47199075782186795,0.0,0.0,0.0013250548871747028,0.7515802321215828,-0.47199075782186795,0.0,0.0
52,Nariño,52696,Santa Bárbara,14142,-0.0814955723771517,-0.5617018282533199,0.4802062558761682,0.0005986873648333934,-0.5617018282533203,0.48020625587616855,False,False,0.0005986873648333934,-0.5617018282533203,0.48020625587616855,0.0,0.0,0.0005986873648333934,-0.5617018282533203,0.48020625587616855,0.0,0.0,0.0005986873648333934,-0.5617018282533203,0.48020625587616855,0.0,0.0,0.0005986873648333934,-0.5617018282533203,0.48020625587616855,0.0,0.0
52,Nariño,52699,Santacruz,10666,0.2531592442481104,-0.361730802934371,0.6148900471824814,0.000709290001223257,-0.36173080293437126,0.6148900471824816,False,False,0.000709290001223257,-0.36173080293437126,0.6148900471824816,0.0,0.0,0.000709290001223257,-0.36173080293437126,0.6148900471824816,0.0,0.0,0.000709290001223257,-0.36173080293437126,0.6148900471824816,0.0,0.0,0.000709290001223257,-0.36173080293437126,0.6148900471824816,0.0,0.0
52,Nariño,52720,Sapuyes,7368,0.3920455500513636,0.4784284285605152,-0.0863828785091516,0.001173976451884821,0.4784284285605155,-0.08638287850915188,False,False,0.001173976451884821,0.4784284285605155,-0.08638287850915188,0.0,0.0,0.001173976451884821,0.4784284285605155,-0.08638287850915188,0.0,0.0,0.001173976451884821,0.4784284285605155,-0.08638287850915188,0.0,0.0,0.001173976451884821,0.4784284285605155,-0.08638287850915188,0.0,0.0
52,Nariño,52786,Taminango,18398,-0.0297137300345713,0.4666968814180854,-0.4964106114526567,0.0011674878116389896,0.4666968814180857,-0.49641061145265697,False,False,0.0011674878116389896,0.4666968814180857,-0.49641061145265697,0.0,0.0,0.0011674878116389896,0.4666968814180857,-0.49641061145265697,0.0,0.0,0.0011674878116389896,0.4666968814180857,-0.49641061145265697,0.0,0.0,0.0011674878116389896,0.4666968814180857,-0.49641061145265697,0.0,0.0
52,Nariño,52788,Tangua,14521,-0.0079292608870877,1.9735592170536176,-1.9814884779407056,0.0020009232892640805,1.9735592170536187,-1.9814884779407065,False,False,0.0020009232892640805,1.9735592170536187,-1.9814884779407065,0.0,0.0,0.0020009232892640805,1.9735592170536187,-1.9814884779407065,0.0,0.0,0.0020009232892640805,1.9735592170536187,-1.9814884779407065,0.0,0.0,0.0020009232892640805,1.9735592170536187,-1.9814884779407065,0.0,0.0
52,Nariño,52835,San Andrés de Tumaco,272306,0.1249338875946312,-0.5324199430295327,0.6573538306241639,0.0006148829796683461,-0.532419943029533,0.6573538306241642,False,False,0.0006148829796683461,-0.532419943029533,0.6573538306241642,0.0,0.0,0.0006148829796683461,-0.532419943029533,0.6573538306241642,0.0,0.0,0.0006148829796683461,-0.532419943029533,0.6573538306241642,0.0,0.0,0.0006148829796683461,-0.532419943029533,0.6573538306241642,0.0,0.0
52,Nariño,52838,Túquerres,47014,0.776239086273399,0.5271145430020667,0.2491245432713322,0.0012009044160947637,0.5271145430020671,0.24912454327133193,False,False,0.0012009044160947637,0.5271145430020671,0.24912454327133193,0.0,0.0,0.0012009044160947637,0.5271145430020671,0.24912454327133193,0.0,0.0,0.0012009044160947637,0.5271145430020671,0.24912454327133193,0.0,0.0,0.0012009044160947637,0.5271145430020671,0.24912454327133193,0.0,0.0
52,Nariño,52885,Yacuanquer,11573,0.0970190758252321,1.636218653382656,-1.539199577557424,0.0018143424801506539,1.6362186533826568,-1.5391995775574248,False,False,0.0018143424801506539,1.6362186533826568,-1.5391995775574248,0.0,0.0,0.0018143424801506539,1.6362186533826568,-1.5391995775574248,0.0,0.0,0.0018143424801506539,1.6362186533826568,-1.5391995775574248,0.0,0.0,0.0018143424801506539,1.6362186533826568,-1.5391995775574248,0.0,0.0
54,Norte de Santander,54001,San José de Cúcuta,790984,0.3554878203116778,1.4044393676855302,-1.0489515473738524,0.0016861469077282308,1.404439367685531,-1.048951547373853,False,False,0.0016861469077282308,1.404439367685531,-1.048951547373853,0.0,0.0,0.0016861469077282308,1.404439367685531,-1.048951547373853,0.0,0.0,0.0016858658832288682,1.403931271684282,-1.0484434513726042,-0.0005080960012489033,-0.0005080960012489033,0.0016858658832288682,1.403931271684282,-1.0484434513726042,-0.0005080960012489033,-0.0005080960012489033
54,Norte de Santander,54003,Ábrego,35875,0.1741327582448265,-0.7360947434980357,0.9102275017428624,0.0005022318100198138,-0.736094743498036,0.9102275017428625,False,False,0.0005095304175516583,-0.7228987648199248,0.8970315230647512,0.013195978678111286,0.013195978678111286,0.0005022318100198138,-0.736094743498036,0.9102275017428625,0.0,0.0,0.0004970533061158133,-0.7454575468551907,0.9195903051000172,-0.00936280335715467,-0.00936280335715467,0.0005043519136476579,-0.7322615681770792,0.9063943264219056,0.0038331753209568387,0.0038331753209568387
54,Norte de Santander,54051,Arboledas,10559,-0.4796574839812813,-0.6987538763101417,0.2190963923288604,0.0005228847938682367,-0.6987538763101422,0.2190963923288609,False,False,0.0005228847938682367,-0.6987538763101422,0.2190963923288609,0.0,0.0,0.0005228847938682367,-0.6987538763101422,0.2190963923288609,0.0,0.0,0.0005228476294315631,-0.6988210701018058,0.21916358612052456,-6.719379166364448e-05,-6.719379166364448e-05,0.0005228476294315631,-0.6988210701018058,0.21916358612052456,-6.719379166364448e-05,-6.719379166364448e-05
54,Norte de Santander,54099,Bochalema,9467,0.038968212054469,-0.1549174160560249,0.1938856281104939,0.0008236771020193761,-0.154917416056025,0.19388562811049398,False,False,0.0008236771020193761,-0.154917416056025,0.19388562811049398,0.0,0.0,0.0008236771020193761,-0.154917416056025,0.19388562811049398,0.0,0.0,0.0008236288093399418,-0.15500472985736904,0.19397294191183806,-8.73138013440522e-05,-8.731380134407996e-05,0.0008236288093399418,-0.15500472985736904,0.19397294191183806,-8.73138013440522e-05,-8.731380134407996e-05
54,Norte de Santander,54109,Bucarasica,7559,0.0401887933000864,-0.3567015799148961,0.3968903732149825,0.0007120716308321431,-0.35670157991489637,0.3968903732149828,False,False,0.0007193702383639876,-0.34350560123678503,0.38369439453687143,0.013195978678111342,0.013195978678111342,0.0007120716308321431,-0.35670157991489637,0.3968903732149828,0.0,0.0,0.0007065002532874933,-0.36677470399591244,0.40696349729599884,-0.010073124081016072,-0.010073124081016072,0.0007137988608193378,-0.35357872531780105,0.39376751861788745,0.003122854597095326,0.003122854597095326
54,Norte de Santander,54125,Cácota,3121,-0.5929751876456657,-0.1116702766689035,-0.4813049109767621,0.0008475968055109513,-0.11167027666890361,-0.4813049109767621,False,False,0.0008475968055109513,-0.11167027666890361,-0.4813049109767621,0.0,0.0,0.0008475968055109513,-0.11167027666890361,-0.4813049109767621,0.0,0.0,0.0008475903646089049,-0.11168192190475189,-0.4812932657409138,-1.1645235848276037e-05,-1.1645235848289914e-05,0.0008475903646089049,-0.11168192190475189,-0.4812932657409138,-1.1645235848276037e-05,-1.1645235848289914e-05
54,Norte de Santander,54128,Cáchira,12099,-0.4940809291951958,-0.7065528977634455,0.2124719685682497,0.0005185712072742754,-0.706552897763446,0.21247196856825018,False,False,0.0005185712072742754,-0.706552897763446,0.21247196856825018,0.0,0.0,0.0005185712072742754,-0.706552897763446,0.21247196856825018,0.0,0.0,0.0005185340428376018,-0.7066200915551096,0.21253916235991382,-6.719379166364448e-05,-6.719379166364448e-05,0.0005185340428376018,-0.7066200915551096,0.21253916235991382,-6.719379166364448e-05,-6.719379166364448e-05
54,Norte de Santander,54172,Chinácota,20021,0.3034747646486016,-0.1737273045128121,0.4772020691614138,0.0008132734785434165,-0.1737273045128123,0.47720206916141394,False,False,0.0008132734785434165,-0.1737273045128123,0.47720206916141394,0.0,0.0,0.0008132734785434165,-0.1737273045128123,0.47720206916141394,0.0,0.0,0.000813268156340357,-0.17373692712613772,0.4772116917747393,-9.622613325432905e-06,-9.622613325377394e-06,0.000813268156340357,-0.17373692712613772,0.4772116917747393,-9.622613325432905e-06,-9.622613325377394e-06
54,Norte de Santander,54174,Chitagá,13208,0.0411595360782626,-0.8108933188766845,0.8520528549549471,0.00046086121834589813,-0.8108933188766849,0.8520528549549475,False,False,0.0004750170045749949,-0.7852994706753615,0.8264590067536242,0.025593848201323377,0.025593848201323377,0.00046086121834589813,-0.8108933188766849,0.8520528549549475,0.0,0.0,0.00046082813863368877,-0.8109531274326441,0.8521126635109068,-5.9808555959217635e-05,-5.9808555959217635e-05,0.0004749839248627855,-0.7853592792313208,0.8265188153095834,0.02553403964536416,0.02553403964536416
54,Norte de Santander,54206,Convención,20973,0.0916316685936333,-1.095426785090748,1.1870584536843811,0.00030348766158072447,-1.0954267850907486,1.187058453684382,False,False,0.000380633398278916,-0.9559462756737336,1.047577944267367,0.13948050941701506,0.13948050941701506,0.0005894191462971147,-0.5784588896044328,0.6700905581980661,0.5169678954863158,0.5169678954863159,0.00029393837072088356,-1.1126920289098936,1.204323697503527,-0.01726524381914496,-0.01726524381914496,0.0006310186926441216,-0.5032463611571769,0.5948780297508102,0.5921804239335717,0.5921804239335718
54,Norte de Santander,54223,Cucutilla,8603,-0.3148113766513068,-0.4394487825926058,0.1246374059412989,0.0006663047065717722,-0.439448782592606,0.12463740594129918,False,False,0.0006663047065717722,-0.439448782592606,0.12463740594129918,0.0,0.0,0.0006663047065717722,-0.439448782592606,0.12463740594129918,0.0,0.0,0.0006662993843687127,-0.43945840520593143,0.12464702855462462,-9.622613325432905e-06,-9.622613325432905e-06,0.0006662993843687127,-0.43945840520593143,0.12464702855462462,-9.622613325432905e-06,-9.622613325432905e-06
54,Norte de Santander,54239,Durania,5044,0.1186752681387722,-0.3606577811662945,0.4793330493050667,0.0007098834823851587,-0.3606577811662947,0.4793330493050669,False,False,0.0007098834823851587,-0.3606577811662947,0.4793330493050669,0.0,0.0,0.0007098834823851587,-0.3606577811662947,0.4793330493050669,0.0,0.0,0.0007095913296430355,-0.3611859971772241,0.4798612653159963,-0.0005282160109293943,-0.0005282160109293943,0.0007095913296430355,-0.3611859971772241,0.4798612653159963,-0.0005282160109293943,-0.0005282160109293943
54,Norte de Santander,54245,El Carmen,14851,-0.0289962346495277,-1.0794465292132074,1.0504502945636798,0.0003123262342060412,-1.079446529213208,1.0504502945636804,False,False,0.0003519115289106567,-1.0078757943011405,0.9788795596516128,0.07157073491206756,0.07157073491206767,0.0005067596438131866,-0.7279083602825133,0.6989121256329855,0.3515381689306948,0.3515381689306949,0.00030115655819030384,-1.0996414507652965,1.070645216115769,-0.020194921552088463,-0.020194921552088463,0.000517788743945036,-0.7079676017825342,0.6789713671330064,0.3714789274306739,0.371478927430674
54,Norte de Santander,54250,El Tarra,26769,0.882059886086777,-0.8621494893769122,1.7442093754636891,0.0004325117733223928,-0.8621494893769127,1.7442093754636896,True,False,0.0005048510692891762,-0.7313590881939048,1.6134189742806817,0.1307904011830079,0.1307904011830079,0.0006269451829295382,-0.5106113204462179,1.392671206532995,0.3515381689306948,0.35153816893069467,0.0004958098557322648,-0.7477057215483774,1.6297656076351545,0.11444376782853527,0.11444376782853505,0.0008429487651557215,-0.120073994933655,1.0021338810204319,0.7420754944432577,0.7420754944432577
54,Norte de Santander,54261,El Zulia,31482,-0.1749033382423691,0.6082880975501724,-0.7831914357925416,0.0012458009661016319,0.6082880975501728,-0.7831914357925418,False,False,0.0012530995736334764,0.6214840762282842,-0.7963874144706533,0.013195978678111397,0.013195978678111508,0.0012458009661016319,0.6082880975501728,-0.7831914357925418,0.0,0.0,0.0012449989241375223,0.606837995101019,-0.781741333343388,-0.0014501024491537784,-0.0014501024491537784,0.0012522975316693668,0.6200339737791304,-0.7949373120214995,0.011745876228957619,0.01174587622895773
54,Norte de Santander,54313,Gramalote,8430,-0.4510390508731585,-0.578505182842281,0.1274661319691225,0.0005893935418169412,-0.5785051828422814,0.12746613196912288,False,False,0.0005966921493487856,-0.56530920416417,0.11427015329101148,0.013195978678111397,0.013195978678111397,0.0005893935418169412,-0.5785051828422814,0.12746613196912288,0.0,0.0,0.0005889489533800919,-0.579309004599733,0.12826995372657451,-0.0008038217574516393,-0.0008038217574516393,0.0005962475609119364,-0.5661130259216216,0.11507397504846312,0.012392156920659758,0.012392156920659758
54,Norte de Santander,54344,Hacarí,10775,0.4064396334151338,-0.8836543360261635,1.2900939694412972,0.00042061758649821016,-0.8836543360261641,1.2900939694412978,True,False,0.00047145695615568033,-0.7917360851705715,1.1981757185857052,0.09191825085559258,0.09191825085559269,0.000483522513135816,-0.7699213990191747,1.1763610324343086,0.11373293700698939,0.11373293700698928,0.0007823640286092495,-0.22961199765514098,0.6360516310702747,0.6540423383710231,0.6540423383710231,0.0008903043838065156,-0.03445441184494372,0.4408940452600775,0.8491999241812204,0.8491999241812203
54,Norte de Santander,54347,Herrán,8388,-0.1650346894367118,-0.8554128922671923,0.6903782028304806,0.00043623774011904723,-0.8554128922671929,0.690378202830481,False,False,0.00043623774011904723,-0.8554128922671929,0.690378202830481,0.0,0.0,0.00043623774011904723,-0.8554128922671929,0.690378202830481,0.0,0.0,0.0004362324179159878,-0.8554225148805182,0.6903878254438065,-9.622613325377394e-06,-9.622613325488416e-06,0.0004362324179159878,-0.8554225148805182,0.6903878254438065,-9.622613325377394e-06,-9.622613325488416e-06
54,Norte de Santander,54377,Labateca,6999,-0.0801069351843562,-0.9036958731806278,0.8235889379962716,0.0004095327463667279,-0.9036958731806284,0.8235889379962722,False,False,0.0004095327463667279,-0.9036958731806284,0.8235889379962722,0.0,0.0,0.0004095327463667279,-0.9036958731806284,0.8235889379962722,0.0,0.0,0.0004095263054646815,-0.9037075184164765,0.8236005832321203,-1.164523584806787e-05,-1.164523584806787e-05,0.0004095263054646815,-0.9037075184164765,0.8236005832321203,-1.164523584806787e-05,-1.164523584806787e-05
54,Norte de Santander,54385,La Esperanza,12516,-0.4017764607373507,-0.871108764868343,0.4693323041309923,0.0004275564579815085,-0.8711087648683435,0.46933230413099286,False,False,0.0004275564579815085,-0.8711087648683435,0.46933230413099286,0.0,0.0,0.0004275564579815085,-0.8711087648683435,0.46933230413099286,0.0,0.0,0.0004230810833427696,-0.8792003012404102,0.47742384050305947,-0.00809153637206661,-0.00809153637206661,0.0004230810833427696,-0.8792003012404102,0.47742384050305947,-0.00809153637206661,-0.00809153637206661
54,Norte de Santander,54398,La Playa,8582,0.382980467323531,-0.184498921989783,0.5674793893133141,0.0008073157689740631,-0.18449892198978315,0.5674793893133142,False,False,0.0008475389822215777,-0.11177482193871605,0.4947552892622471,0.07272410005106711,0.07272410005106711,0.000870220695611669,-0.0707659849827937,0.4537464523063247,0.11373293700698946,0.1137329370069895,0.0007912320526309243,-0.2135784932645541,0.5965589605880851,-0.029079571274770954,-0.0290795712747709,0.0008885562514182346,-0.03761505825888264,0.42059552558241364,0.1468838637309005,0.14688386373090057
54,Norte de Santander,54405,Los Patios,103208,0.2765225496849446,-0.3850674410116576,0.6615899906966023,0.000696382662814069,-0.38506744101165785,0.6615899906966025,False,False,0.000696382662814069,-0.38506744101165785,0.6615899906966025,0.0,0.0,0.000696382662814069,-0.38506744101165785,0.6615899906966025,0.0,0.0,0.0006963343701346348,-0.3851547548130017,0.6616773044979463,-8.731380134385791e-05,-8.731380134374689e-05,0.0006963343701346348,-0.3851547548130017,0.6616773044979463,-8.731380134385791e-05,-8.731380134374689e-05
54,Norte de Santander,54418,Lourdes,4520,0.2011763386766142,-0.6751116992748011,0.8762880379514153,0.0005359611238312096,-0.6751116992748014,0.8762880379514156,False,False,0.000543259731363054,-0.6619157205966901,0.8630920592733043,0.013195978678111286,0.013195978678111286,0.0005359611238312096,-0.6751116992748014,0.8762880379514156,0.0,0.0,0.0005355242767806286,-0.6759015245037798,0.877077863180394,-0.0007898252289784136,-0.0007898252289784136,0.0005428228843124731,-0.6627055458256684,0.8638818845022826,0.012406153449132984,0.012406153449132984
54,Norte de Santander,54480,Mutiscua,4636,-0.3348816516249074,-0.140617068997349,-0.1942645826275583,0.0008315865283147951,-0.1406170689973491,-0.1942645826275583,False,False,0.0008315865283147951,-0.1406170689973491,-0.1942645826275583,0.0,0.0,0.0008315865283147951,-0.1406170689973491,-0.1942645826275583,0.0,0.0,0.0008315800874127486,-0.14062871423319737,-0.19425293739171004,-1.1645235848262159e-05,-1.1645235848262159e-05,0.0008315800874127486,-0.14062871423319737,-0.19425293739171004,-1.1645235848262159e-05,-1.1645235848262159e-05
54,Norte de Santander,54498,Ocaña,136427,0.8453731437749955,0.5794534149525026,0.2659197288224929,0.0012298526960476052,0.579453414952503,0.2659197288224925,False,False,0.0012443310300162076,0.6056304337208994,0.2397427100540961,0.0261770187683964,0.0261770187683964,0.0012298526960476052,0.579453414952503,0.2659197288224925,0.0,0.0,0.0012076905512681498,0.5393839648971438,0.3059891788778517,-0.040069450055359224,-0.040069450055359224,0.0012219044377063946,0.5650828590428841,0.28029028473211137,-0.014370555909618887,-0.014370555909618887
54,Norte de Santander,54518,Pamplona,52427,1.0730762592887986,-0.1359163554347746,1.2089926147235732,0.0008341864615406465,-0.13591635543477468,1.2089926147235732,False,False,0.0008341864615406465,-0.13591635543477468,1.2089926147235732,0.0,0.0,0.0008341864615406465,-0.13591635543477468,1.2089926147235732,0.0,0.0,0.0008341811393375872,-0.13592597804809992,1.2090022373368985,-9.622613325238616e-06,-9.622613325266371e-06,0.0008341811393375872,-0.13592597804809992,1.2090022373368985,-9.622613325238616e-06,-9.622613325266371e-06
54,Norte de Santander,54520,Pamplonita,6204,-0.2072493227223146,-0.8512228464056473,0.6439735236833326,0.000438555226455591,-0.8512228464056478,0.6439735236833333,False,False,0.000438555226455591,-0.8512228464056478,0.6439735236833333,0.0,0.0,0.000438555226455591,-0.8512228464056478,0.6439735236833333,0.0,0.0,0.0004385499042525316,-0.8512324690189731,0.6439831462966585,-9.622613325266371e-06,-9.622613325266371e-06,0.0004385499042525316,-0.8512324690189731,0.6439831462966585,-9.622613325266371e-06,-9.622613325266371e-06
54,Norte de Santander,54553,Puerto Santander,9525,0.2863582959181814,0.4165804094611782,-0.1302221135429968,0.0011397687262557365,0.4165804094611785,-0.13022211354299712,False,False,0.0011397687262557365,0.4165804094611785,-0.13022211354299712,0.0,0.0,0.0011397687262557365,0.4165804094611785,-0.13022211354299712,0.0,0.0,0.0011395195439899881,0.4161298846382677,-0.12977158872008632,-0.00045052482291080276,-0.00045052482291080276,0.0011395195439899881,0.4161298846382677,-0.12977158872008632,-0.00045052482291080276,-0.00045052482291080276
54,Norte de Santander,54599,Ragonvalia,6653,-0.4131282564879571,-0.2205554182003037,-0.1925728382876533,0.0007873731621213751,-0.2205554182003039,-0.1925728382876532,False,False,0.0007873731621213751,-0.2205554182003039,-0.1925728382876532,0.0,0.0,0.0007873731621213751,-0.2205554182003039,-0.1925728382876532,0.0,0.0,0.0007873678399183156,-0.22056504081362935,-0.19256321567432774,-9.62261332546066e-06,-9.62261332546066e-06,0.0007873678399183156,-0.22056504081362935,-0.19256321567432774,-9.62261332546066e-06,-9.62261332546066e-06
54,Norte de Santander,54660,Salazar,11438,-0.0699284867398102,-0.5570723169535773,0.487143830213767,0.000601247916563983,-0.5570723169535776,0.4871438302137674,False,False,0.000601247916563983,-0.5570723169535776,0.4871438302137674,0.0,0.0,0.000601247916563983,-0.5570723169535776,0.4871438302137674,0.0,0.0,0.0006009557638218596,-0.5576005329645072,0.48767204622469695,-0.0005282160109295608,-0.0005282160109295608,0.0006009557638218596,-0.5576005329645072,0.48767204622469695,-0.0005282160109295608,-0.0005282160109295608
54,Norte de Santander,54670,San Calixto,13579,0.4644119245059523,-0.8034873298897205,1.2678992543956729,0.000464957421311933,-0.8034873298897209,1.2678992543956733,False,False,0.0005308089462462606,-0.6844269042998958,1.1488388288058482,0.1190604255898251,0.1190604255898251,0.0005278623479495389,-0.6897543928827314,1.1541663173886838,0.1137329370069895,0.1137329370069895,0.000456494892499994,-0.8187876935930737,1.283199618099026,-0.015300363703352748,-0.015300363703352637,0.000578894467228824,-0.5974876481687437,1.061899572674696,0.20599968172097727,0.20599968172097727
54,Norte de Santander,54673,San Cayetano,8712,-0.0436080466942262,-0.3595113174412211,0.3159032707469949,0.0007105175838021826,-0.3595113174412213,0.3159032707469951,False,False,0.0007105175838021826,-0.3595113174412213,0.3159032707469951,0.0,0.0,0.0007105175838021826,-0.3595113174412213,0.3159032707469951,0.0,0.0,0.000710217689673791,-0.3600535299806242,0.316445483286398,-0.0005422125394028976,-0.0005422125394028976,0.000710217689673791,-0.3600535299806242,0.316445483286398,-0.0005422125394028976,-0.0005422125394028976
54,Norte de Santander,54680,Santiago,4040,-0.2968064666079837,-0.4199026536692506,0.1230961870612669,0.0006771155397246809,-0.41990265366925084,0.12309618706126713,False,False,0.0006771155397246809,-0.41990265366925084,0.12309618706126713,0.0,0.0,0.0006771155397246809,-0.41990265366925084,0.12309618706126713,0.0,0.0,0.0006768156455962893,-0.42044486620865373,0.12363839960067002,-0.0005422125394028976,-0.0005422125394028976,0.0006768156455962893,-0.42044486620865373,0.12363839960067002,-0.0005422125394028976,-0.0005422125394028976
54,Norte de Santander,54720,Sardinata,28494,-0.2150466870164064,-0.4403700502377077,0.2253233632213013,0.0006657951596001225,-0.440370050237708,0.2253233632213016,False,False,0.0006802734935687249,-0.4141930314693115,0.19914634445290513,0.026177018768396454,0.026177018768396454,0.0006657951596001225,-0.440370050237708,0.2253233632213016,0.0,0.0,0.0006594899306216962,-0.45176998738967805,0.23672330037327166,-0.011399937151970074,-0.011399937151970074,0.0006737038170599409,-0.426071093243938,0.2110244062275316,0.014298956993769985,0.014298956993769985
54,Norte de Santander,54743,Silos,7166,0.5758290868373994,-0.3322563088284357,0.9080853956658352,0.000725592146742461,-0.33225630882843593,0.9080853956658353,False,False,0.000725592146742461,-0.33225630882843593,0.9080853956658353,0.0,0.0,0.000725592146742461,-0.33225630882843593,0.9080853956658353,0.0,0.0,0.0007255716171861591,-0.33229342653699184,0.9081225133743913,-3.7117708555911566e-05,-3.711770855596708e-05,0.0007255716171861591,-0.33229342653699184,0.9081225133743913,-3.7117708555911566e-05,-3.711770855596708e-05
54,Norte de Santander,54800,Teorama,18309,1.3022199271489607,-1.170901463835197,2.473121390984158,0.0002617431216580045,-1.1709014638351978,2.4731213909841587,True,True,0.00033888885835619604,-1.0314209544181832,2.3336408815671437,0.13948050941701462,0.13948050941701506,0.0005476746063743948,-0.6539335683488823,1.956153495497843,0.5169678954863155,0.5169678954863157,0.0004813710551810983,-0.773811263376648,2.0760311905256086,0.3970902004585498,0.39709020045855015,0.0008285099646045549,-0.14617953676192558,1.4483994639108864,1.0247219270732721,1.0247219270732724
54,Norte de Santander,54810,Tibú,67062,-0.1469246549325662,-1.1766261222410683,1.029701467308502,0.00025857685138904504,-1.176626122241069,1.0297014673085028,False,False,0.0002985514950741058,-1.1043514392372753,0.9574267843047091,0.0722746830037937,0.0722746830037937,0.0003214817780266509,-1.0628931852340795,0.9159685303015133,0.1137329370069895,0.1137329370069895,0.00025600680999675476,-1.1812727909743248,1.0343481360417586,-0.00464666873325581,-0.00464666873325581,0.00035252950347631795,-1.006758488136026,0.8598338332034599,0.1698676341050429,0.1698676341050429
54,Norte de Santander,54820,Toledo,17424,-0.318291617169946,-0.7981943112458907,0.4799026940759447,0.00046788495451597864,-0.7981943112458911,0.47990269407594516,False,False,0.00046788495451597864,-0.7981943112458911,0.47990269407594516,0.0,0.0,0.00046788495451597864,-0.7981943112458911,0.47990269407594516,0.0,0.0,0.00046787851361393217,-0.7982059564817395,0.47991433931179356,-1.1645235848400937e-05,-1.1645235848400937e-05,0.00046787851361393217,-0.7982059564817395,0.47991433931179356,-1.1645235848400937e-05,-1.1645235848400937e-05
54,Norte de Santander,54871,Villa Caro,5381,0.2964666506685771,-0.2389729038119641,0.5354395544805413,0.0007771865740340609,-0.2389729038119643,0.5354395544805414,False,False,0.0007844851815659053,-0.22577692513385292,0.52224357580243,0.01319597867811137,0.013195978678111397,0.0007771865740340609,-0.2389729038119643,0.5354395544805414,0.0,0.0,0.0007722108171352337,-0.24796913790975744,0.5444357885783345,-0.008996234097793154,-0.008996234097793154,0.0007795094246670781,-0.23477315923164607,0.5312398099002231,0.004199744580318215,0.004199744580318243
54,Norte de Santander,54874,Villa del Rosario,123460,0.1338928058292867,-0.391688710493141,0.5255815163224278,0.0006927204829571034,-0.39168871049314125,0.525581516322428,False,False,0.0006927204829571034,-0.39168871049314125,0.525581516322428,0.0,0.0,0.0006927204829571034,-0.39168871049314125,0.525581516322428,0.0,0.0,0.0006926721902776691,-0.39177602429448527,0.525668830123772,-8.731380134402444e-05,-8.731380134396893e-05,0.0006926721902776691,-0.39177602429448527,0.525668830123772,-8.731380134402444e-05,-8.731380134396893e-05
63,Quindío,63001,Armenia,305676,-0.0328585226029083,1.9232594111543964,-1.9561179337573047,0.0019731028031037532,1.9232594111543975,-1.9561179337573058,False,False,0.0019731028031037532,1.9232594111543975,-1.9561179337573058,0.0,0.0,0.0019731028031037532,1.9232594111543975,-1.9561179337573058,0.0,0.0,0.0019706755567031778,1.9188709176494698,-1.9517294402523782,-0.0043884935049276486,-0.0043884935049276486,0.0019706755567031778,1.9188709176494698,-1.9517294402523782,-0.0043884935049276486,-0.0043884935049276486
63,Quindío,63111,Buenavista,3199,1.185762188941937,2.186740717760683,-1.0009785288187458,0.002118832551219116,2.186740717760684,-1.0009785288187472,False,False,0.002118832551219116,2.186740717760684,-1.0009785288187472,0.0,0.0,0.002118832551219116,2.186740717760684,-1.0009785288187472,0.0,0.0,0.002116417774639585,2.1823747698566676,-0.9966125809147306,-0.004365947904016565,-0.004365947904016565,0.002116417774639585,2.1823747698566676,-0.9966125809147306,-0.004365947904016565,-0.004365947904016565
63,Quindío,63130,Calarcá,74545,-0.0311533180614179,1.8782506469423652,-1.909403965003783,0.0019482087567059788,1.8782506469423663,-1.9094039650037842,False,False,0.0019482087567059788,1.8782506469423663,-1.9094039650037842,0.0,0.0,0.0019482087567059788,1.8782506469423663,-1.9094039650037842,0.0,0.0,0.001945800073694767,1.873895716290238,-1.905049034351656,-0.004354930652128219,-0.004354930652128219,0.001945800073694767,1.873895716290238,-1.905049034351656,-0.004354930652128219,-0.004354930652128219
63,Quindío,63190,Circasia,29013,-0.0273951948670962,3.5825356550510885,-3.6099308499181846,0.0028908373938092515,3.5825356550510907,-3.609930849918187,False,False,0.0028908373938092515,3.5825356550510907,-3.609930849918187,0.0,0.0,0.0028908373938092515,3.5825356550510907,-3.609930849918187,0.0,0.0,0.002887930964115903,3.577280791832933,-3.604675986700029,-0.005254863218157713,-0.005254863218157713,0.002887930964115903,3.577280791832933,-3.604675986700029,-0.005254863218157713,-0.005254863218157713
63,Quindío,63212,Córdoba,5866,-0.242514258417117,2.0960645601812633,-2.33857881859838,0.002068680175043665,2.096064560181264,-2.338578818598381,False,False,0.002068680175043665,2.096064560181264,-2.338578818598381,0.0,0.0,0.002068680175043665,2.096064560181264,-2.338578818598381,0.0,0.0,0.002066286145010174,2.0917361223061124,-2.3342503807232293,-0.004328437875151803,-0.004328437875151803,0.002066286145010174,2.0917361223061124,-2.3342503807232293,-0.004328437875151803,-0.004328437875151803
63,Quindío,63272,Filandia,12418,0.2905361840416898,3.639011381239676,-3.3484751971979865,0.0029220737401675656,3.6390113812396785,-3.3484751971979887,False,False,0.0029220737401675656,3.6390113812396785,-3.3484751971979887,0.0,0.0,0.0029220737401675656,3.6390113812396785,-3.3484751971979887,0.0,0.0,0.002918798336094334,3.6330894074763296,-3.34255322343464,-0.005921973763348909,-0.005921973763348909,0.002918798336094334,3.6330894074763296,-3.34255322343464,-0.005921973763348909,-0.005921973763348909
63,Quindío,63302,Génova,7723,-0.2837689639041403,-0.2255658224713616,-0.0582031414327787,0.0007846019410363497,-0.22556582247136173,-0.05820314143277858,False,False,0.0007846019410363497,-0.22556582247136173,-0.05820314143277858,0.0,0.0,0.0007846019410363497,-0.22556582247136173,-0.05820314143277858,0.0,0.0,0.0007843486154529861,-0.22602383846716637,-0.05774512543697394,-0.00045801599580463925,-0.00045801599580463925,0.0007843486154529861,-0.22602383846716637,-0.05774512543697394,-0.00045801599580463925,-0.00045801599580463925
63,Quindío,63401,La Tebaida,33885,0.7424564607694393,1.7245688781668305,-0.9821124173973912,0.0018632083984564736,1.7245688781668316,-0.9821124173973923,False,False,0.0018632083984564736,1.7245688781668316,-0.9821124173973923,0.0,0.0,0.0018632083984564736,1.7245688781668316,-0.9821124173973923,0.0,0.0,0.0018621060841866786,1.7225758794287396,-0.9801194186593003,-0.001992998738092,-0.001992998738092,0.0018621060841866786,1.7225758794287396,-0.9801194186593003,-0.001992998738092,-0.001992998738092
63,Quindío,63470,Montenegro,37530,-0.2613737250726051,1.8006781147880728,-2.0620518398606777,0.0019053039080959477,1.800678114788074,-2.062051839860679,False,False,0.0019053039080959477,1.800678114788074,-2.062051839860679,0.0,0.0,0.0019053039080959477,1.800678114788074,-2.062051839860679,0.0,0.0,0.0019046760508344312,1.7995429405785113,-2.060916665651116,-0.0011351742095626616,-0.0011351742095628836,0.0019046760508344312,1.7995429405785113,-2.060916665651116,-0.0011351742095626616,-0.0011351742095628836
63,Quindío,63548,Pijao,5361,-0.1656571468932035,1.4854128036289371,-1.651069950522141,0.0017309327734735414,1.485412803628938,-1.6510699505221416,False,False,0.0017309327734735414,1.485412803628938,-1.6510699505221416,0.0,0.0,0.0017309327734735414,1.485412803628938,-1.6510699505221416,0.0,0.0,0.0017285685052028388,1.4811381754134318,-1.6467953223066354,-0.004274628215506171,-0.004274628215506171,0.0017285685052028388,1.4811381754134318,-1.6467953223066354,-0.004274628215506171,-0.004274628215506171
63,Quindío,63594,Quimbaya,31400,0.0847563557349806,2.976966512535501,-2.8922101568005205,0.0025559011520625012,2.976966512535503,-2.8922101568005223,False,False,0.0025559011520625012,2.976966512535503,-2.8922101568005223,0.0,0.0,0.0025559011520625012,2.976966512535503,-2.8922101568005223,0.0,0.0,0.002554801538861047,2.9749783973645956,-2.890222041629615,-0.0019881151709073563,-0.0019881151709073563,0.002554801538861047,2.9749783973645956,-2.890222041629615,-0.0019881151709073563,-0.0019881151709073563
63,Quindío,63690,Salento,10264,-0.5921188029022957,2.591216521021485,-3.1833353239237807,0.0023425454122458548,2.591216521021486,-3.1833353239237816,False,False,0.0023425454122458548,2.591216521021486,-3.1833353239237816,0.0,0.0,0.0023425454122458548,2.591216521021486,-3.1833353239237816,0.0,0.0,0.0023396695448896204,2.5860169149119145,-3.17813571781421,-0.005199606109571597,-0.005199606109571597,0.0023396695448896204,2.5860169149119145,-3.17813571781421,-0.005199606109571597,-0.005199606109571597
66,Risaralda,66001,Pereira,486042,0.5661095738004052,2.1824055773406257,-1.6162960035402203,0.002116434814052875,2.182405577340627,-1.6162960035402218,False,False,0.002116434814052875,2.182405577340627,-1.6162960035402218,0.0,0.0,0.002116434814052875,2.182405577340627,-1.6162960035402218,0.0,0.0,0.0021150558398496102,2.1799123737939845,-1.6138027999935793,-0.0024932035466425084,-0.0024932035466425084,0.0021150558398496102,2.1799123737939845,-1.6138027999935793,-0.0024932035466425084,-0.0024932035466425084
66,Risaralda,66045,Apía,12754,0.0988635448360955,0.1186951664160068,-0.0198316215799113,0.0009750103910425138,0.11869516641600687,-0.019831621579911377,False,False,0.0010142263319156352,0.1895981047293658,-0.09073455989327031,0.07090293831335893,0.07090293831335893,0.0009750103910425138,0.11869516641600687,-0.019831621579911377,0.0,0.0,0.0009692366979437205,0.10825625314478164,-0.009392708308686146,-0.01043891327122523,-0.01043891327122523,0.001005806188432015,0.1743743742586288,-0.07551082942253332,0.05567920784262194,0.05567920784262194
66,Risaralda,66075,Balboa,6647,-0.0330595121035293,1.4813474109903266,-1.514406923093856,0.0017286842320007301,1.4813474109903275,-1.5144069230938568,False,False,0.0017461656827963555,1.512954104589761,-1.5460136166932903,0.031606693599433466,0.031606693599433466,0.0017286842320007301,1.4813474109903275,-1.5144069230938568,0.0,0.0,0.0017257748144198027,1.4760871456320204,-1.5091466577355497,-0.005260265358307148,-0.005260265358307148,0.0017427920436166307,1.5068545204582604,-1.5399140325617897,0.025507109467932887,0.025507109467932887
66,Risaralda,66088,Belén de Umbría,25391,-0.4147435419645782,0.2339619262213872,-0.6487054681859654,0.0010387636648093417,0.23396192622138737,-0.6487054681859655,False,False,0.001063223845704484,0.2781862558824553,-0.6929297978470335,0.04422432966106796,0.04422432966106793,0.0010387636648093417,0.23396192622138737,-0.6487054681859655,0.0,0.0,0.0010333088564438225,0.22409956075365753,-0.6388431027182357,-0.009862365467729839,-0.009862365467729783,0.0010569979960245205,0.2669298375490308,-0.681673379513609,0.03296791132764346,0.03296791132764343
66,Risaralda,66170,Dosquebradas,240061,1.1054482767635507,1.9654196915643711,-0.8599714148008204,0.0019964213721656546,1.9654196915643725,-0.8599714148008217,False,False,0.0019964213721656546,1.9654196915643725,-0.8599714148008217,0.0,0.0,0.0019964213721656546,1.9654196915643725,-0.8599714148008217,0.0,0.0,0.0019950212523796563,1.9628882565252608,-0.85743997976171,-0.0025314350391116847,-0.0025314350391116847,0.0019950212523796563,1.9628882565252608,-0.85743997976171,-0.0025314350391116847,-0.0025314350391116847
66,Risaralda,66318,Guática,12548,0.2111609096107997,0.4149890545671719,-0.2038281449563722,0.0011388885585092929,0.4149890545671722,-0.20382814495637253,False,False,0.0011559404010906779,0.4458190108492033,-0.23465810123840358,0.030829956282031057,0.030829956282031057,0.0011388885585092929,0.4149890545671722,-0.20382814495637253,0.0,0.0,0.0011322457856541538,0.40297883363427595,-0.19181792402347625,-0.012010220932896276,-0.012010220932896276,0.0011486561805456887,0.43264904403307475,-0.22148813442227505,0.017659989465902526,0.017659989465902526
66,Risaralda,66383,La Celia,7749,-0.0066470017657416,-0.1028929777716317,0.0962459760058901,0.0008524514708149458,-0.10289297777163177,0.09624597600589017,False,False,0.0009200432688317175,0.01931388450352354,-0.02596088626926514,0.12220686227515531,0.12220686227515531,0.0008524514708149458,-0.10289297777163177,0.09624597600589017,0.0,0.0,0.0008478656605813679,-0.1111841831556903,0.1045371813899487,-0.008291205384058531,-0.008291205384058531,0.0009122659196895007,0.005252334679788253,-0.011899336445529853,0.10814531245142002,0.10814531245142003
66,Risaralda,66400,La Virginia,28384,0.4158474893985042,1.4693559357527792,-1.053508446354275,0.0017220518272642884,1.4693559357527801,-1.0535084463542759,False,False,0.0017294601655780456,1.482750309131817,-1.0669028197333128,0.013394373379036928,0.013394373379036928,0.0017220518272642884,1.4693559357527801,-1.0535084463542759,0.0,0.0,0.001720389528173129,1.4663504770720832,-1.050502987673579,-0.003005458680696904,-0.003005458680696904,0.0017276682728622924,1.4795105434686582,-1.063663054070154,0.010154607715878061,0.010154607715878061
66,Risaralda,66440,Marsella,17421,-0.1775959739003347,1.4360603502838996,-1.6136563241842343,0.001703636261673581,1.4360603502839004,-1.6136563241842352,False,False,0.0017110445999873381,1.4494547236629374,-1.6270506975632721,0.013394373379036928,0.013394373379036928,0.001703636261673581,1.4360603502839004,-1.6136563241842352,0.0,0.0,0.0017018464903310482,1.432824420091503,-1.6104203939918378,-0.0032359301923974293,-0.0032359301923974293,0.0017091252350202113,1.4459844864880775,-1.6235804603884123,0.009924136204177092,0.009924136204177092
66,Risaralda,66456,Mistrató,18387,-0.0871396350271682,-0.4791982280297209,0.3920585930025527,0.000644319554205984,-0.47919822802972123,0.392058593002553,False,False,0.0006904098487489988,-0.3958663676160962,0.308726732588928,0.083331860413625,0.083331860413625,0.000644319554205984,-0.47919822802972123,0.392058593002553,0.0,0.0,0.0006352480390329068,-0.49559964710586635,0.40846001207869814,-0.01640141907614512,-0.01640141907614512,0.0006795046519900384,-0.41558310718374414,0.32844347215657593,0.06361512084597709,0.06361512084597709
66,Risaralda,66572,Pueblo Rico,18266,-0.5400734747335417,-0.8694286877870876,0.3293552130535458,0.0004284856973762091,-0.869428687787088,0.3293552130535463,False,False,0.0005404870963417159,-0.6669286812832494,0.12685520654970772,0.2025000065038386,0.2025000065038386,0.0004284856973762091,-0.869428687787088,0.3293552130535463,0.0,0.0,0.00041831048267894404,-0.8878256101595371,0.34775213542599537,-0.018396922372449054,-0.018396922372449054,0.0005240703768469065,-0.6966103266481829,0.15653685191464117,0.17281836113890514,0.17281836113890514
66,Risaralda,66594,Quinchía,28224,-0.2971993934949894,0.4091916414011649,-0.7063910348961543,0.001135682048069198,0.40919164140116515,-0.7063910348961546,False,False,0.0011435879639746934,0.42348564162856117,-0.7206850351235505,0.01429400022739602,0.014294000227395909,0.001135682048069198,0.40919164140116515,-0.7063910348961546,0.0,0.0,0.0011299198305605373,0.39877347614825004,-0.6959728696432395,-0.010418165252915113,-0.010418165252915168,0.0011375189267503864,0.41251274228314583,-0.7097121357781353,0.0033211008819806764,0.0033211008819806764
66,Risaralda,66682,Santa Rosa de Cabal,83030,0.5367870152839228,2.776697739878611,-2.239910724594688,0.002445133833611815,2.7766977398786126,-2.2399107245946897,False,False,0.002445133833611815,2.7766977398786126,-2.2399107245946897,0.0,0.0,0.002445133833611815,2.7766977398786126,-2.2399107245946897,0.0,0.0,0.002442117168183094,2.7712435689970145,-2.2344565537130916,-0.005454170881598053,-0.005454170881598053,0.002442117168183094,2.7712435689970145,-2.2344565537130916,-0.005454170881598053,-0.005454170881598053
66,Risaralda,66687,Santuario,13026,0.0773146670671357,0.0582493213102038,0.0190653457569318,0.0009415781984693549,0.05824932131020387,0.019065345756931834,False,False,0.0009936798345573615,0.1524497665201003,-0.07513509945296461,0.09420044520989644,0.09420044520989644,0.0009415781984693549,0.05824932131020387,0.019065345756931834,0.0,0.0,0.0009364968192363403,0.04906212063915856,0.028252546427977143,-0.009187200671045309,-0.009187200671045309,0.0009856778849034957,0.137982136009072,-0.060667468941936295,0.07973281469886813,0.07973281469886813
68,Santander,68001,Bucaramanga,615463,0.0197489046056414,1.9197924507987705,-1.900043546193129,0.0019711852505234244,1.9197924507987716,-1.9000435461931302,False,False,0.0019711852505234244,1.9197924507987716,-1.9000435461931302,0.0,0.0,0.0019711852505234244,1.9197924507987716,-1.9000435461931302,0.0,0.0,0.001971184333338689,1.9197907925166735,-1.9000418879110321,-1.6582820980826085e-06,-1.6582820980826085e-06,0.001971184333338689,1.9197907925166735,-1.9000418879110321,-1.6582820980826085e-06,-1.6582820980826085e-06
68,Santander,68013,Aguada,1891,-1.0942204090729235,-0.1224708880031932,-0.9717495210697302,0.0008416230596330704,-0.12247088800319333,-0.9717495210697302,False,False,0.0008416230596330704,-0.12247088800319333,-0.9717495210697302,0.0,0.0,0.0008416230596330704,-0.12247088800319333,-0.9717495210697302,0.0,0.0,0.0008415689902861983,-0.12256864609545277,-0.9716517629774707,-9.775809225943954e-05,-9.775809225953669e-05,0.0008415689902861983,-0.12256864609545277,-0.9716517629774707,-9.775809225943954e-05,-9.775809225953669e-05
68,Santander,68020,Albania,4223,-1.0942204090729235,0.2188413738637383,-1.3130617829366618,0.0010304005884498564,0.21884137386373842,-1.313061782936662,False,False,0.0010304005884498564,0.21884137386373842,-1.313061782936662,0.0,0.0,0.0010304005884498564,0.21884137386373842,-1.313061782936662,0.0,0.0,0.0010302862157062893,0.21863458643491934,-1.3128549955078428,-0.0002067874288190774,-0.00020678742881918843,0.0010302862157062893,0.21863458643491934,-1.3128549955078428,-0.0002067874288190774,-0.00020678742881918843
68,Santander,68051,Aratoca,8824,-0.6874247496240675,0.3822105243570413,-1.0696352739811088,0.001120758972723338,0.3822105243570415,-1.069635273981109,False,False,0.001120758972723338,0.3822105243570415,-1.069635273981109,0.0,0.0,0.001120758972723338,0.3822105243570415,-1.069635273981109,0.0,0.0,0.0011202592321040495,0.38130698672634356,-1.068731736350411,-0.0009035376306979481,-0.0009035376306980591,0.0011202592321040495,0.38130698672634356,-1.068731736350411,-0.0009035376306979481,-0.0009035376306980591
68,Santander,68077,Barbosa,33724,-0.5265432021023458,0.5869023757049396,-1.1134455778072856,0.001233972666409662,0.58690237570494,-1.1134455778072858,False,False,0.001233972666409662,0.58690237570494,-1.1134455778072858,0.0,0.0,0.001233972666409662,0.58690237570494,-1.1134455778072858,0.0,0.0,0.0012339507498571607,0.5868627502889627,-1.1134059523913087,-3.962541597724023e-05,-3.962541597712921e-05,0.0012339507498571607,0.5868627502889627,-1.1134059523913087,-3.962541597724023e-05,-3.962541597712921e-05
68,Santander,68079,Barichara,12657,-0.9051516513906552,0.3575238898845986,-1.262675541275254,0.0011071049603388432,0.3575238898845988,-1.2626755412752542,False,False,0.0011071049603388432,0.3575238898845988,-1.2626755412752542,0.0,0.0,0.0011071049603388432,0.3575238898845988,-1.2626755412752542,0.0,0.0,0.0011070577977216806,0.3574386192507463,-1.2625902706414016,-8.527063385249667e-05,-8.527063385255218e-05,0.0011070577977216806,0.3574386192507463,-1.2625902706414016,-8.527063385249667e-05,-8.527063385255218e-05
68,Santander,68081,Barrancabermeja,226559,0.2841938062571818,0.389671244999349,-0.1054774387421672,0.001124885447401814,0.38967124499934924,-0.10547743874216742,False,False,0.001124885447401814,0.38967124499934924,-0.10547743874216742,0.0,0.0,0.001124885447401814,0.38967124499934924,-0.10547743874216742,0.0,0.0,0.001124885447401814,0.38967124499934924,-0.10547743874216742,0.0,0.0,0.001124885447401814,0.38967124499934924,-0.10547743874216742,0.0,0.0
68,Santander,68092,Betulia,6747,-0.9168791265781504,-0.049190096606822,-0.8676890299713284,0.0008821541751396641,-0.04919009660682211,-0.8676890299713282,False,False,0.0008821541751396641,-0.04919009660682211,-0.8676890299713282,0.0,0.0,0.0008821541751396641,-0.04919009660682211,-0.8676890299713282,0.0,0.0,0.000882153257954929,-0.04919175488891975,-0.8676873716892306,-1.6582820976385193e-06,-1.6582820976385193e-06,0.000882153257954929,-0.04919175488891975,-0.8676873716892306,-1.6582820976385193e-06,-1.6582820976385193e-06
68,Santander,68101,Bolívar,11558,-0.5766041982266547,-0.9873631240007622,0.4107589257741075,0.00036325694963348004,-0.9873631240007629,0.4107589257741082,False,False,0.00036325694963348004,-0.9873631240007629,0.4107589257741082,0.0,0.0,0.00036325694963348004,-0.9873631240007629,0.4107589257741082,0.0,0.0,0.0003631725128096285,-0.9875157868919142,0.41091158866525956,-0.00015266289115134501,-0.00015266289115134501,0.0003631725128096285,-0.9875157868919142,0.41091158866525956,-0.00015266289115134501,-0.00015266289115134501
68,Santander,68121,Cabrera,2117,-1.0942204090729235,0.0033383748500324,-1.097558783922956,0.0009112073213111724,0.003338374850032455,-1.097558783922956,False,False,0.0009112073213111724,0.003338374850032455,-1.097558783922956,0.0,0.0,0.0009112073213111724,0.003338374850032455,-1.097558783922956,0.0,0.0,0.0009111642381788936,0.003260479978653743,-1.0974808890515773,-7.789487137871203e-05,-7.789487137865869e-05,0.0009111642381788936,0.003260479978653743,-1.0974808890515773,-7.789487137871203e-05,-7.789487137865869e-05
68,Santander,68132,California,2465,-1.0942204090729235,0.6287529853776139,-1.7229733944505374,0.001257119958658317,0.6287529853776143,-1.7229733944505377,False,False,0.001257119958658317,0.6287529853776143,-1.7229733944505377,0.0,0.0,0.001257119958658317,0.6287529853776143,-1.7229733944505377,0.0,0.0,0.001257119958658317,0.6287529853776143,-1.7229733944505377,0.0,0.0,0.001257119958658317,0.6287529853776143,-1.7229733944505377,0.0,0.0
68,Santander,68147,Capitanejo,6215,-0.3241340805179854,-0.6520465882502849,0.3279125077322995,0.0005487182824439011,-0.6520465882502854,0.32791250773229996,False,False,0.0006245357346718124,-0.5149676346741358,0.19083355415615033,0.13707895357614963,0.13707895357614963,0.0007015496219457542,-0.375725510755112,0.05159143023712659,0.2763210774951734,0.2763210774951734,0.0005470361931811162,-0.6550878278222918,0.3309537473043064,-0.0030412395720064156,-0.0030412395720064156,0.0007756849849108807,-0.24168779675096871,-0.08244628376701671,0.41035879149931664,0.41035879149931664
68,Santander,68152,Carcasí,4852,-1.0942204090729235,-0.8002329757648613,-0.2939874333080622,0.00046675738280826256,-0.8002329757648617,-0.29398743330806176,False,False,0.0005359835210697189,-0.6750712047721817,-0.41914920430074176,0.12516177099268,0.12516177099268,0.0006195887223101157,-0.5239118982696884,-0.5703085108032351,0.2763210774951733,0.2763210774951733,0.0004660856001725835,-0.8014475676302373,-0.2927728414426862,-0.001214591865375536,-0.001214591865375536,0.000688143077935893,-0.39996471914238396,-0.6942556899305395,0.4002682566224778,0.4002682566224778
68,Santander,68160,Cepitá,2167,-1.0942204090729235,0.3663811026977565,-1.46060151177068,0.001112003825495127,0.3663811026977567,-1.46060151177068,False,False,0.0011261596117242239,0.39197495089908035,-1.486195359972004,0.025593848201323655,0.02559384820132382,0.001112003825495127,0.3663811026977567,-1.46060151177068,0.0,0.0,0.001111456886659783,0.3653922300699382,-1.4596126391428617,-0.0009888726278184934,-0.0009888726278184379,0.0011256126728888798,0.39098607827126186,-1.4852064873441853,0.02460497557350516,0.02460497557350516
68,Santander,68162,Cerrito,7482,-0.7743803574845154,-0.3445496130949458,-0.4298307443895696,0.0007187928023891972,-0.34454961309494603,-0.42983074438956936,False,False,0.000732948588618294,-0.3189557648936226,-0.4554245925908928,0.025593848201323433,0.025593848201323433,0.0007187928023891972,-0.34454961309494603,-0.42983074438956936,0.0,0.0,0.0007187099339159402,-0.3446994403875378,-0.4296809170969776,-0.0001498272925917754,-0.0001498272925917754,0.000732865720145037,-0.31910559218621437,-0.455274765298301,0.025444020908731657,0.025444020908731657
68,Santander,68167,Charalá,13688,-0.3949091098372514,-0.3900913127228636,-0.0048177971143877,0.0006936039929779886,-0.39009131272286385,-0.0048177971143875675,False,False,0.0007001953069444435,-0.3781741301393942,-0.0167349796978572,0.011917182583469632,0.011917182583469632,0.0006936039929779886,-0.39009131272286385,-0.0048177971143875675,0.0,0.0,0.000692918900595991,-0.39132996878512405,-0.003579141052127366,-0.0012386560622602016,-0.0012386560622602016,0.0006995102145624459,-0.3794127862016544,-0.015496323635596998,0.01067852652120943,0.01067852652120943
68,Santander,68169,Charta,3252,-0.3583522461010692,0.6866413528030089,-1.0449935989040782,0.0012891376274347898,0.6866413528030092,-1.0449935989040784,False,False,0.0012891376274347898,0.6866413528030092,-1.0449935989040784,0.0,0.0,0.0012891376274347898,0.6866413528030092,-1.0449935989040784,0.0,0.0,0.0012891367102500547,0.6866396945209116,-1.0449919406219808,-1.6582820976385193e-06,-1.6582820976385193e-06,0.0012891367102500547,0.6866396945209116,-1.0449919406219808,-1.6582820976385193e-06,-1.6582820976385193e-06
68,Santander,68176,Chimá,3243,-0.3563100587847737,-0.710001473362209,0.3536914145774353,0.0005166638231799816,-0.7100014733622094,0.35369141457743575,False,False,0.0005166638231799816,-0.7100014733622094,0.35369141457743575,0.0,0.0,0.0005166638231799816,-0.7100014733622094,0.35369141457743575,0.0,0.0,0.0005166055613938984,-0.7101068114398562,0.35379675265508254,-0.00010533807764678826,-0.00010533807764678826,0.0005166055613938984,-0.7101068114398562,0.35379675265508254,-0.00010533807764678826,-0.00010533807764678826
68,Santander,68179,Chipatá,5247,-0.6381420279056909,-0.3006790608039022,-0.3374629671017886,0.0007430573113875866,-0.3006790608039024,-0.33746296710178847,False,False,0.0007430573113875866,-0.3006790608039024,-0.33746296710178847,0.0,0.0,0.0007430573113875866,-0.3006790608039024,-0.33746296710178847,0.0,0.0,0.0007430381591909102,-0.30071368822808947,-0.3374283396776014,-3.4627424187083644e-05,-3.4627424187083644e-05,0.0007430381591909102,-0.30071368822808947,-0.3374283396776014,-3.4627424187083644e-05,-3.4627424187083644e-05
68,Santander,68190,Cimitarra,33782,-0.6691934836124174,-0.6867424549144551,0.0175489713020376,0.0005295282306913147,-0.6867424549144554,0.01754897130203803,False,False,0.0005295282306913147,-0.6867424549144554,0.01754897130203803,0.0,0.0,0.0005295282306913147,-0.6867424549144554,0.01754897130203803,0.0,0.0,0.0005295282306913147,-0.6867424549144554,0.01754897130203803,0.0,0.0,0.0005295282306913147,-0.6867424549144554,0.01754897130203803,0.0,0.0
68,Santander,68207,Concepción,6125,-0.8988699383803137,-0.7561873892627926,-0.1426825491175211,0.0004911187020578717,-0.756187389262793,-0.14268254911752065,False,False,0.0005052744882869684,-0.7305935410614698,-0.16827639731884392,0.025593848201323266,0.025593848201323266,0.0004911187020578717,-0.756187389262793,-0.14268254911752065,0.0,0.0,0.0004905557781523962,-0.7572051631082346,-0.1416647752720791,-0.0010177738454415497,-0.0010177738454415497,0.000504711564381493,-0.7316113149069111,-0.1672586234734026,0.02457607435588194,0.02457607435588194
68,Santander,68209,Confines,3613,-0.7630491848846492,0.1630286744735636,-0.9260778593582129,0.0009995309577784009,0.16302867447356373,-0.926077859358213,False,False,0.0009995309577784009,0.16302867447356373,-0.926077859358213,0.0,0.0,0.0009995309577784009,0.16302867447356373,-0.926077859358213,0.0,0.0,0.000998995056984056,0.1620597587694514,-0.9251089436541007,-0.0009689157041123386,-0.0009689157041122831,0.000998995056984056,0.1620597587694514,-0.9251089436541007,-0.0009689157041123386,-0.0009689157041122831
68,Santander,68211,Contratación,4144,-0.2280126631808615,-0.7494597052014413,0.5214470420205799,0.0004948397391070976,-0.7494597052014418,0.5214470420205803,False,False,0.0004948397391070976,-0.7494597052014418,0.5214470420205803,0.0,0.0,0.0004948397391070976,-0.7494597052014418,0.5214470420205803,0.0,0.0,0.0004947855967283257,-0.7495575953363395,0.5215449321554779,-9.789013489769349e-05,-9.789013489758247e-05,0.0004947855967283257,-0.7495575953363395,0.5215449321554779,-9.789013489769349e-05,-9.789013489758247e-05
68,Santander,68217,Coromoro,5662,-0.6715705916966483,-0.5180916018841942,-0.1534789898124541,0.0006228078893058305,-0.5180916018841946,-0.15347898981245378,False,False,0.0006293992032722855,-0.5061744193007249,-0.1653961723959234,0.011917182583469632,0.011917182583469632,0.0006228078893058305,-0.5180916018841946,-0.15347898981245378,0.0,0.0,0.0006219563355396151,-0.5196312223245616,-0.15193936937208674,-0.00153962044036704,-0.00153962044036704,0.0006285476495060702,-0.5077140397410917,-0.1638565519555566,0.010377562143102814,0.010377562143102814
68,Santander,68229,Curití,14441,-0.5142293121304925,0.4207546813785563,-0.9349839935090488,0.001142077488129282,0.4207546813785566,-0.9349839935090491,False,False,0.0011562332743583787,0.44634852957987986,-0.9605778417103723,0.025593848201323266,0.025593848201323155,0.001142077488129282,0.4207546813785566,-0.9349839935090491,0.0,0.0,0.0011415249617341076,0.41975570636887105,-0.9339850184993636,-0.0009989750096855432,-0.0009989750096855987,0.0011556807479632045,0.44534955457019465,-0.9595788667006871,0.024594873191638056,0.024594873191638
68,Santander,68235,El Carmen de Chucurí,24214,-0.9953914974521888,-0.6366908048436856,-0.3587006926085032,0.0005572114635229735,-0.6366908048436859,-0.3587006926085029,False,False,0.0005572114635229735,-0.6366908048436859,-0.3587006926085029,0.0,0.0,0.0005572114635229735,-0.6366908048436859,-0.3587006926085029,0.0,0.0,0.0005571949948248018,-0.6367205804671844,-0.3586709169850044,-2.9775623498484727e-05,-2.9775623498484727e-05,0.0005571949948248018,-0.6367205804671844,-0.3586709169850044,-2.9775623498484727e-05,-2.9775623498484727e-05
68,Santander,68245,El Guacamayo,2201,-1.0942204090729235,-0.7439619682064774,-0.3502584408664461,0.0004978805006616841,-0.7439619682064779,-0.35025844086644564,False,False,0.0004978805006616841,-0.7439619682064779,-0.35025844086644564,0.0,0.0,0.0004978805006616841,-0.7439619682064779,-0.35025844086644564,0.0,0.0,0.0004978272350069623,-0.7440582732127298,-0.35016213586019374,-9.630500625190663e-05,-9.630500625190663e-05,0.0004978272350069623,-0.7440582732127298,-0.35016213586019374,-9.630500625190663e-05,-9.630500625190663e-05
68,Santander,68250,El Peñón,5351,-0.6470061937889635,-0.6467301153037915,-0.0002760784851719,0.0005516587880658515,-0.6467301153037919,-0.000276078485171638,False,False,0.0005516587880658515,-0.6467301153037919,-0.000276078485171638,0.0,0.0,0.0005516587880658515,-0.6467301153037919,-0.000276078485171638,0.0,0.0,0.0005516561121681474,-0.6467349533621332,-0.00027124042683035476,-4.838058341283258e-06,-4.838058341283258e-06,0.0005516561121681474,-0.6467349533621332,-0.00027124042683035476,-4.838058341283258e-06,-4.838058341283258e-06
68,Santander,68255,El Playón,15124,-0.8568781121292111,-0.5687799075278608,-0.2880982046013502,0.0005947725265357349,-0.5687799075278611,-0.28809820460134994,False,False,0.0005947725265357349,-0.5687799075278611,-0.28809820460134994,0.0,0.0,0.0005947725265357349,-0.5687799075278611,-0.28809820460134994,0.0,0.0,0.0005947725265357349,-0.5687799075278611,-0.28809820460134994,0.0,0.0,0.0005947725265357349,-0.5687799075278611,-0.28809820460134994,0.0,0.0
68,Santander,68264,Encino,2898,-1.0942204090729235,0.618657327995096,-1.7128777370680195,0.0012515361180953438,0.6186573279950963,-1.7128777370680197,False,False,0.0012581274320617988,0.6305745105785662,-1.7247949196514898,0.011917182583469854,0.011917182583470076,0.0012515361180953438,0.6186573279950963,-1.7128777370680197,0.0,0.0,0.001250806519162764,0.6173382035023914,-1.711558612575315,-0.0013191244927048817,-0.0013191244927046597,0.001257397833129219,0.6292553860858613,-1.7234757951587847,0.010598058090764972,0.010598058090764972
68,Santander,68266,Enciso,3921,0.1264086477924016,-0.6890083622490791,0.8154170100414807,0.0005282749725024104,-0.6890083622490796,0.8154170100414811,False,False,0.0005720292208468912,-0.609900104172262,0.7363087519646636,0.07910825807681754,0.07910825807681754,0.0005282749725024104,-0.6890083622490796,0.8154170100414811,0.0,0.0,0.0005276419029516479,-0.6901529603463432,0.8165616081387448,-0.0011445980972636383,-0.0011445980972636383,0.0005713961512961287,-0.6110447022695257,0.7374533500619272,0.0779636599795539,0.0779636599795539
68,Santander,68271,Florián,5703,-1.0942204090729235,-0.4108330805137649,-0.6833873285591585,0.0006821318599657133,-0.41083308051376516,-0.6833873285591583,False,False,0.0006821318599657133,-0.41083308051376516,-0.6833873285591583,0.0,0.0,0.0006821318599657133,-0.41083308051376516,-0.6833873285591583,0.0,0.0,0.0006820218474653883,-0.4110319845652956,-0.6831884245076278,-0.00019890405153044632,-0.00019890405153044632,0.0006820218474653883,-0.4110319845652956,-0.6831884245076278,-0.00019890405153044632,-0.00019890405153044632
68,Santander,68276,Floridablanca,312530,-0.1906940103714629,2.288023684330641,-2.478717694702104,0.0021748514824925674,2.2880236843306423,-2.4787176947021052,False,False,0.0021748514824925674,2.2880236843306423,-2.4787176947021052,0.0,0.0,0.0021748514824925674,2.2880236843306423,-2.4787176947021052,0.0,0.0,0.002174836853265152,2.287997234494532,-2.478691244865995,-2.644983611022056e-05,-2.644983611022056e-05,0.002174836853265152,2.287997234494532,-2.478691244865995,-2.644983611022056e-05,-2.644983611022056e-05
68,Santander,68296,Galán,3063,-1.0942204090729235,0.1097480517457017,-1.2039684608186252,0.0009700618017704439,0.10974805174570178,-1.2039684608186252,False,False,0.0009700618017704439,0.10974805174570178,-1.2039684608186252,0.0,0.0,0.0009700618017704439,0.10974805174570178,-1.2039684608186252,0.0,0.0,0.0009700341916504495,0.10969813228460497,-1.2039185413575284,-4.9919461096809004e-05,-4.991946109678125e-05,0.0009700341916504495,0.10969813228460497,-1.2039185413575284,-4.9919461096809004e-05,-4.991946109678125e-05
68,Santander,68298,Gámbita,4110,-0.5119714392470184,1.1138177382793524,-1.6257891775263706,0.001525406028628506,1.1138177382793528,-1.625789177526371,False,False,0.001525406028628506,1.1138177382793528,-1.625789177526371,0.0,0.0,0.001525406028628506,1.1138177382793528,-1.625789177526371,0.0,0.0,0.0015253499932886762,1.1137164256458967,-1.6256878648929152,-0.00010131263345614094,-0.0001013126334559189,0.0015253499932886762,1.1137164256458967,-1.6256878648929152,-0.00010131263345614094,-0.0001013126334559189
68,Santander,68307,Girón,175000,0.1501620892390007,1.5150799621584805,-1.3649178729194795,0.0017473414803966067,1.5150799621584812,-1.3649178729194804,False,False,0.0017473414803966067,1.5150799621584812,-1.3649178729194804,0.0,0.0,0.0017473414803966067,1.5150799621584812,-1.3649178729194804,0.0,0.0,0.0017473405632118717,1.5150783038763835,-1.3649162146373828,-1.6582820976385193e-06,-1.6582820976385193e-06,0.0017473405632118717,1.5150783038763835,-1.3649162146373828,-1.6582820976385193e-06,-1.6582820976385193e-06
68,Santander,68318,Guaca,6668,-0.3764509831627645,-0.0311871671928137,-0.3452638159699507,0.000892111474967247,-0.031187167192813742,-0.34526381596995076,False,False,0.0009062672611963437,-0.005593318991490315,-0.3708576641712742,0.025593848201323426,0.025593848201323433,0.000892111474967247,-0.031187167192813742,-0.34526381596995076,0.0,0.0,0.0008920759314142052,-0.03125143040549331,-0.34519955275727116,-6.426321267956683e-05,-6.4263212679605e-05,0.000906231717643302,-0.005657582204169884,-0.3707934009585946,0.02552958498864386,0.025529584988643828
68,Santander,68320,Guadalupe,4608,-1.0942204090729235,-0.3725336021078591,-0.7216868069650644,0.0007033150452661511,-0.37253360210785935,-0.7216868069650642,False,False,0.0007033150452661511,-0.37253360210785935,-0.7216868069650642,0.0,0.0,0.0007033150452661511,-0.37253360210785935,-0.7216868069650642,0.0,0.0,0.0007032408996690944,-0.37266765832523613,-0.7215527507476873,-0.00013405621737677675,-0.00013405621737683227,0.0007032408996690944,-0.37266765832523613,-0.7215527507476873,-0.00013405621737677675,-0.00013405621737683227
68,Santander,68322,Guapotá,2634,-1.0942204090729235,-0.2555794312619472,-0.8386409778109762,0.0007680016147914944,-0.2555794312619474,-0.8386409778109761,False,False,0.0007680016147914944,-0.2555794312619474,-0.8386409778109761,0.0,0.0,0.0007680016147914944,-0.2555794312619474,-0.8386409778109761,0.0,0.0,0.0007678970953301844,-0.25576840382649163,-0.8384520052464319,-0.00018897256454425415,-0.00018897256454419864,0.0007678970953301844,-0.25576840382649163,-0.8384520052464319,-0.00018897256454425415,-0.00018897256454419864
68,Santander,68324,Guavatá,4326,-0.5410435098624589,0.1632492778050182,-0.704292787667477,0.0009996529720052937,0.16324927780501833,-0.7042927876674772,False,False,0.0009996529720052937,0.16324927780501833,-0.7042927876674772,0.0,0.0,0.0009996529720052937,0.16324927780501833,-0.7042927876674772,0.0,0.0,0.0009996271892859477,0.16320266230839528,-0.7042461721708542,-4.661549662304809e-05,-4.661549662299258e-05,0.0009996271892859477,0.16320266230839528,-0.7042461721708542,-4.661549662304809e-05,-4.661549662299258e-05
68,Santander,68327,Güepsa,5560,-1.0942204090729235,0.5502322138890873,-1.644452622962011,0.0012136906452158052,0.5502322138890876,-1.6444526229620111,False,False,0.0012136906452158052,0.5502322138890876,-1.6444526229620111,0.0,0.0,0.0012136906452158052,0.5502322138890876,-1.6444526229620111,0.0,0.0,0.0012136671971655503,0.5501898195049729,-1.6444102285778963,-4.239438411468566e-05,-4.239438411479668e-05,0.0012136671971655503,0.5501898195049729,-1.6444102285778963,-4.239438411468566e-05,-4.239438411479668e-05
68,Santander,68344,Hato,2618,-1.0942204090729235,-0.448945315620336,-0.6452750934525875,0.0006610522376815661,-0.4489453156203363,-0.6452750934525873,False,False,0.0006610522376815661,-0.4489453156203363,-0.6452750934525873,0.0,0.0,0.0006610522376815661,-0.4489453156203363,-0.6452750934525873,0.0,0.0,0.0006610198245644572,-0.44900391896356234,-0.6452164901093611,-5.86033432260491e-05,-5.860334322616012e-05,0.0006610198245644572,-0.44900391896356234,-0.6452164901093611,-5.86033432260491e-05,-5.860334322616012e-05
68,Santander,68368,Jesús María,3429,-1.0942204090729235,0.2421963142520158,-1.336416723324939,0.0010433180497448195,0.24219631425201596,-1.3364167233249395,False,False,0.0010433180497448195,0.24219631425201596,-1.3364167233249395,0.0,0.0,0.0010433180497448195,0.24219631425201596,-1.3364167233249395,0.0,0.0,0.0010432244845776741,0.24202714719579643,-1.33624755626872,-0.00016916705621952688,-0.00016916705621961015,0.0010432244845776741,0.24202714719579643,-1.33624755626872,-0.00016916705621952688,-0.00016916705621961015
68,Santander,68370,Jordán,1551,-1.0942204090729235,0.2444031699096983,-1.338623578982622,0.0010445386468462359,0.2444031699096985,-1.338623578982622,False,False,0.0010445386468462359,0.2444031699096985,-1.338623578982622,0.0,0.0,0.0010445386468462359,0.2444031699096985,-1.338623578982622,0.0,0.0,0.0010444847736433508,0.2443057664483545,-1.338526175521278,-9.74034613439867e-05,-9.740346134390343e-05,0.0010444847736433508,0.2443057664483545,-1.338526175521278,-9.74034613439867e-05,-9.740346134390343e-05
68,Santander,68377,La Belleza,6336,-0.9053754543708662,-0.7319774331498426,-0.1733980212210235,0.0005045090668304897,-0.7319774331498431,-0.1733980212210231,False,False,0.0005045090668304897,-0.7319774331498431,-0.1733980212210231,0.0,0.0,0.0005045090668304897,-0.7319774331498431,-0.1733980212210231,0.0,0.0,0.0005044130117988526,-0.7321511019139023,-0.17322435245696388,-0.0001736687640592205,-0.0001736687640592205,0.0005044130117988526,-0.7321511019139023,-0.17322435245696388,-0.0001736687640592205,-0.0001736687640592205
68,Santander,68385,Landázuri,10619,0.1452313248864499,-0.9595957619835178,1.1048270868699677,0.0003786148918143564,-0.9595957619835184,1.1048270868699683,False,False,0.0003786148918143564,-0.9595957619835184,1.1048270868699683,0.0,0.0,0.0003786148918143564,-0.9595957619835184,1.1048270868699683,0.0,0.0,0.00037859976518094256,-0.9596231111362341,1.104854436022684,-2.734915271573879e-05,-2.7349152715627767e-05,0.00037859976518094256,-0.9596231111362341,1.104854436022684,-2.734915271573879e-05,-2.7349152715627767e-05
68,Santander,68397,La Paz,5075,-1.0942204090729235,-0.6727068398722084,-0.4215135692007151,0.0005372912354793819,-0.6727068398722087,-0.4215135692007148,False,False,0.0005372912354793819,-0.6727068398722087,-0.4215135692007148,0.0,0.0,0.0005372912354793819,-0.6727068398722087,-0.4215135692007148,0.0,0.0,0.000537272613255477,-0.6727405090986354,-0.42147989997428814,-3.366922642666914e-05,-3.366922642666914e-05,0.000537272613255477,-0.6727405090986354,-0.42147989997428814,-3.366922642666914e-05,-3.366922642666914e-05
68,Santander,68406,Lebrija,50221,-0.5700676457701384,1.027711698299251,-1.5977793440693893,0.0014777813539252566,1.0277116982992516,-1.59777934406939,False,False,0.0014777813539252566,1.0277116982992516,-1.59777934406939,0.0,0.0,0.0014777813539252566,1.0277116982992516,-1.59777934406939,0.0,0.0,0.0014777813539252566,1.0277116982992516,-1.59777934406939,0.0,0.0,0.0014777813539252566,1.0277116982992516,-1.59777934406939,0.0,0.0
68,Santander,68418,Los Santos,16737,-0.7367723499846057,0.5493678724682678,-1.2861402224528735,0.001213212583757996,0.5493678724682681,-1.286140222452874,False,False,0.001213212583757996,0.5493678724682681,-1.286140222452874,0.0,0.0,0.001213212583757996,0.5493678724682681,-1.286140222452874,0.0,0.0,0.0012131849586232322,0.5493179258602705,-1.2860902758448762,-4.994660799761963e-05,-4.994660799773065e-05,0.0012131849586232322,0.5493179258602705,-1.2860902758448762,-4.994660799761963e-05,-4.994660799773065e-05
68,Santander,68425,Macaravita,2430,-0.601824675331263,-0.6757585205687773,0.0739338452375142,0.0005356033713004478,-0.6757585205687777,0.07393384523751467,False,False,0.0006320110580434089,-0.5014521514270669,-0.10037252390419615,0.17430636914171083,0.17430636914171083,0.0006884347108023009,-0.39943744307360435,-0.2023872322576587,0.2763210774951734,0.2763210774951734,0.0005339464231314727,-0.6787543047115929,0.07692962938032988,-0.0029957841428152054,-0.0029957841428152054,0.000783185449376287,-0.22812685807470862,-0.37369781725655443,0.4476316624940691,0.4476316624940691
68,Santander,68432,Málaga,23796,0.0119939095448765,-0.6445381834568246,0.656532093001701,0.0005528711309073945,-0.644538183456825,0.6565320930017015,False,False,0.0005670269171364913,-0.6189443352555015,0.630938244800378,0.025593848201323488,0.025593848201323488,0.0005528711309073945,-0.644538183456825,0.6565320930017015,0.0,0.0,0.0005522729221329168,-0.6456197528107908,0.6576136623556672,-0.00108156935396575,-0.00108156935396575,0.0005664287083620135,-0.6200259046094676,0.632019814154344,0.024512278847357405,0.024512278847357405
68,Santander,68444,Matanza,5607,-0.6674247490079208,0.7166047808777977,-1.3840295298857184,0.0013057101990614237,0.7166047808777981,-1.3840295298857188,False,False,0.0013057101990614237,0.7166047808777981,-1.3840295298857188,0.0,0.0,0.0013057101990614237,0.7166047808777981,-1.3840295298857188,0.0,0.0,0.0013057101990614237,0.7166047808777981,-1.3840295298857188,0.0,0.0,0.0013057101990614237,0.7166047808777981,-1.3840295298857188,0.0,0.0
68,Santander,68464,Mogotes,11185,-0.6663181710783825,-0.5568245766518024,-0.1094935944265801,0.0006013849400676261,-0.5568245766518027,-0.1094935944265798,False,False,0.0006221320402631778,-0.5193135458670097,-0.1470046252113728,0.03751103078479301,0.03751103078479301,0.0006013849400676261,-0.5568245766518027,-0.1094935944265798,0.0,0.0,0.0006007059943562502,-0.5580521194525112,-0.10826605162587133,-0.0012275428007084699,-0.0012275428007084699,0.0006214530945518019,-0.5205410886677181,-0.14577708241066445,0.03628348798408465,0.03628348798408465
68,Santander,68468,Molagavita,4660,-1.0942204090729235,-0.531154667825015,-0.5630657412479085,0.0006155827949198565,-0.5311546678250152,-0.5630657412479083,False,False,0.0006297385811489533,-0.5055608196236918,-0.5886595894492317,0.025593848201323377,0.025593848201323377,0.0006155827949198565,-0.5311546678250152,-0.5630657412479083,0.0,0.0,0.0006149501515868102,-0.5322984953150267,-0.5619219137578968,-0.0011438274900115175,-0.0011438274900115175,0.0006291059378159069,-0.5067046471137034,-0.5875157619592201,0.02445002071131175,0.02445002071131175
68,Santander,68498,Ocamonte,6494,-0.5414694237053989,-0.0718827703881668,-0.469586653317232,0.000869603009074737,-0.07188277038816689,-0.469586653317232,False,False,0.000876194323041192,-0.05996558780469725,-0.4815038359007016,0.011917182583469639,0.011917182583469632,0.000869603009074737,-0.07188277038816689,-0.469586653317232,0.0,0.0,0.0008689598306187107,-0.07304564551947267,-0.4684237781859262,-0.0011628751313057795,-0.0011628751313058072,0.0008755511445851657,-0.06112846293600304,-0.4803409607693958,0.010754307452163846,0.010754307452163825
68,Santander,68500,Oiba,11595,0.4536730359364364,-0.2401355087131708,0.6938085446496072,0.0007765435450404947,-0.24013550871317096,0.6938085446496074,False,False,0.0007765435450404947,-0.24013550871317096,0.6938085446496074,0.0,0.0,0.0007765435450404947,-0.24013550871317096,0.6938085446496074,0.0,0.0,0.0007763901259479439,-0.2404128924559305,0.6940859283923668,-0.0002773837427595405,-0.00027738374275942945,0.0007763901259479439,-0.2404128924559305,0.6940859283923668,-0.0002773837427595405,-0.00027738374275942945
68,Santander,68502,Onzaga,4721,-1.0942204090729235,-0.3479606925318102,-0.7462597165411133,0.0007169061571712177,-0.34796069253181044,-0.7462597165411131,False,False,0.000763125147283745,-0.264396148831155,-0.8298242602417685,0.08356454370065547,0.08356454370065536,0.0008697374966730709,-0.07163961503663689,-1.0225807940362865,0.27632107749517354,0.27632107749517343,0.0007145548685878596,-0.35221185330140986,-0.7420085557715137,-0.004251160769599416,-0.004251160769599416,0.00091360519820224,0.00767376789441892,-1.1018941769673425,0.35563446042622937,0.35563446042622937
68,Santander,68522,Palmar,1523,-0.3085857189926642,-0.3778972500065546,0.0693115310138904,0.0007003484474937164,-0.3778972500065549,0.0693115310138907,False,False,0.0007003484474937164,-0.3778972500065549,0.0693115310138907,0.0,0.0,0.0007003484474937164,-0.3778972500065549,0.0693115310138907,0.0,0.0,0.0007003053643614376,-0.3779751448779336,0.06938942588526942,-7.78948713787142e-05,-7.78948713787142e-05,0.0007003053643614376,-0.3779751448779336,0.06938942588526942,-7.78948713787142e-05,-7.78948713787142e-05
68,Santander,68524,Palmas del Socorro,2789,-1.0942204090729235,0.0031654974443169,-1.0973859065172404,0.0009111117039745414,0.0031654974443169905,-1.0973859065172404,False,False,0.0009111117039745414,0.0031654974443169905,-1.0973859065172404,0.0,0.0,0.0009111117039745414,0.0031654974443169905,-1.0973859065172404,0.0,0.0,0.0009110242468070192,0.003007373731973988,-1.0972277828048975,-0.00015812371234300232,-0.0001581237123429169,0.0009110242468070192,0.003007373731973988,-1.0972277828048975,-0.00015812371234300232,-0.0001581237123429169
68,Santander,68533,Páramo,5496,-0.8765126883683683,-8.405000143461238e-05,-0.8764286383669336,0.0009093144010202717,-8.405000143461244e-05,-0.8764286383669336,False,False,0.0009093144010202717,-8.405000143461244e-05,-0.8764286383669336,0.0,0.0,0.0009093144010202717,-8.405000143461244e-05,-0.8764286383669336,0.0,0.0,0.0009086964839469443,-0.0012012522196512391,-0.875311436148717,-0.0011172022182166267,-0.0011172022182166508,0.0009086964839469443,-0.0012012522196512391,-0.875311436148717,-0.0011172022182166267,-0.0011172022182166508
68,Santander,68547,Piedecuesta,189863,-0.1552184797036255,1.6943157106243116,-1.8495341903279372,0.0018464755738684618,1.6943157106243127,-1.8495341903279383,False,False,0.0018464755738684618,1.6943157106243127,-1.8495341903279383,0.0,0.0,0.0018464755738684618,1.6943157106243127,-1.8495341903279383,0.0,0.0,0.001846451579906162,1.6942723292240207,-1.8494908089276463,-4.338140029203075e-05,-4.338140029203075e-05,0.001846451579906162,1.6942723292240207,-1.8494908089276463,-4.338140029203075e-05,-4.338140029203075e-05
68,Santander,68549,Pinchote,6013,-0.6962421509680723,-0.0545560804181522,-0.64168607054992,0.0008791862853895773,-0.054556080418152283,-0.64168607054992,False,False,0.0008791862853895773,-0.054556080418152283,-0.64168607054992,0.0,0.0,0.0008791862853895773,-0.054556080418152283,-0.64168607054992,0.0,0.0,0.0008787193467255012,-0.055400311681204885,-0.6408418392868674,-0.0008442312630526014,-0.0008442312630525528,0.0008787193467255012,-0.055400311681204885,-0.6408418392868674,-0.0008442312630526014,-0.0008442312630525528
68,Santander,68572,Puente Nacional,15257,-0.7805226616803207,0.5930259184161798,-1.3735485800965006,0.0012373595569195688,0.5930259184161801,-1.3735485800965008,False,False,0.0012373595569195688,0.5930259184161801,-1.3735485800965008,0.0,0.0,0.0012373595569195688,0.5930259184161801,-1.3735485800965008,0.0,0.0,0.001237343268900201,0.5929964694623424,-1.373519131142663,-2.9448953837718506e-05,-2.9448953837718506e-05,0.001237343268900201,0.5929964694623424,-1.373519131142663,-2.9448953837718506e-05,-2.9448953837718506e-05
68,Santander,68573,Puerto Parra,8892,-0.8250972347606799,-0.9332948787206072,0.1081976439599272,0.0003931617344062782,-0.9332948787206077,0.10819764395992781,False,False,0.0003931617344062782,-0.9332948787206077,0.10819764395992781,0.0,0.0,0.0003931617344062782,-0.9332948787206077,0.10819764395992781,0.0,0.0,0.0003931617344062782,-0.9332948787206077,0.10819764395992781,0.0,0.0,0.0003931617344062782,-0.9332948787206077,0.10819764395992781,0.0,0.0
68,Santander,68575,Puerto Wilches,36099,-0.9947837238745328,-0.4898266887674627,-0.50495703510707,0.0006384410236714456,-0.4898266887674631,-0.5049570351070698,False,False,0.0006384410236714456,-0.4898266887674631,-0.5049570351070698,0.0,0.0,0.0006384410236714456,-0.4898266887674631,-0.5049570351070698,0.0,0.0,0.0006384410236714456,-0.4898266887674631,-0.5049570351070698,0.0,0.0,0.0006384410236714456,-0.4898266887674631,-0.5049570351070698,0.0,0.0
68,Santander,68615,Rionegro,27251,-0.479516256495356,-0.6541911143823936,0.1746748578870376,0.0005475321593861238,-0.6541911143823941,0.17467485788703807,False,False,0.0005475321593861238,-0.6541911143823941,0.17467485788703807,0.0,0.0,0.0005475321593861238,-0.6541911143823941,0.17467485788703807,0.0,0.0,0.0005475321593861238,-0.6541911143823941,0.17467485788703807,0.0,0.0,0.0005475321593861238,-0.6541911143823941,0.17467485788703807,0.0,0.0
68,Santander,68655,Sabana de Torres,37531,-0.647887967574128,-0.4149486035473386,-0.2329393640267894,0.0006798555917067971,-0.4149486035473388,-0.23293936402678922,False,False,0.0006798555917067971,-0.4149486035473388,-0.23293936402678922,0.0,0.0,0.0006798555917067971,-0.4149486035473388,-0.23293936402678922,0.0,0.0,0.0006798555917067971,-0.4149486035473388,-0.23293936402678922,0.0,0.0,0.0006798555917067971,-0.4149486035473388,-0.23293936402678922,0.0,0.0
68,Santander,68669,San Andrés,8900,-0.2875766115500685,0.1264401425482326,-0.4140167540983011,0.0009792940855309251,0.12644014254823271,-0.4140167540983012,False,False,0.0009934498717600218,0.15203399074955593,-0.4396106022996244,0.02559384820132321,0.02559384820132321,0.0009792940855309251,0.12644014254823271,-0.4140167540983012,0.0,0.0,0.0009787446605039737,0.1254467748531979,-0.4130233864032664,-0.0009933676950348025,-0.0009933676950347747,0.0009929004467330704,0.15104062305452115,-0.4386172346045896,0.024600480506288436,0.024600480506288436
68,Santander,68673,San Benito,3015,-1.0942204090729235,-0.1095602127776254,-0.984660196295298,0.0008487638677338618,-0.10956021277762545,-0.9846601962952981,False,False,0.0008487638677338618,-0.10956021277762545,-0.9846601962952981,0.0,0.0,0.0008487638677338618,-0.10956021277762545,-0.9846601962952981,0.0,0.0,0.0008487136814139578,-0.10965095030591374,-0.9845694587670097,-9.073752828828163e-05,-9.07375282883649e-05,0.0008487136814139578,-0.10965095030591374,-0.9845694587670097,-9.073752828828163e-05,-9.07375282883649e-05
68,Santander,68679,San Gil,67893,0.298046967628453,-0.0221732964174751,0.3202202640459281,0.0008970969865944433,-0.022173296417475147,0.3202202640459282,False,False,0.0008970969865944433,-0.022173296417475147,0.3202202640459282,0.0,0.0,0.0008970969865944433,-0.022173296417475147,0.3202202640459282,0.0,0.0,0.0008965544990941879,-0.023154120972745242,0.3212010886011982,-0.0009808245552700955,-0.0009808245552700434,0.0008965544990941879,-0.023154120972745242,0.3212010886011982,-0.0009808245552700955,-0.0009808245552700434
68,Santander,68682,San Joaquín,2525,-1.0942204090729235,-0.3851652345101132,-0.7090551745628103,0.0006963285738842667,-0.3851652345101134,-0.7090551745628101,False,False,0.0007170756740798185,-0.34765420372532013,-0.7465662053476034,0.03751103078479329,0.03751103078479334,0.0006963285738842667,-0.3851652345101134,-0.7090551745628101,0.0,0.0,0.0006946494218118722,-0.3882011636031557,-0.7060192454697678,-0.003035929093042289,-0.003035929093042289,0.0007153965220074239,-0.35069013281836264,-0.7435302762545608,0.034475101691750776,0.03447510169175072
68,Santander,68684,San José de Miranda,4519,-0.564668900778064,-0.5326155510142468,-0.0320533497638171,0.000614774790200528,-0.5326155510142472,-0.032053349763816796,False,False,0.0006289305764296246,-0.5070217028129239,-0.05764719796514006,0.025593848201323266,0.025593848201323266,0.000614774790200528,-0.5326155510142472,-0.032053349763816796,0.0,0.0,0.0006141448302052049,-0.5337545269942648,-0.03091437378379913,-0.0011389759800176646,-0.0011389759800176646,0.0006283006164343016,-0.5081606787929414,-0.05650822198512262,0.024454872221305823,0.024454872221305823
68,Santander,68686,San Miguel,2665,-1.0942204090729235,-0.6100457573879136,-0.4841746516850099,0.000571948661027667,-0.6100457573879139,-0.4841746516850096,False,False,0.0006477661132555783,-0.4729668038117643,-0.6212536052611592,0.13707895357614958,0.13707895357614963,0.0007247800005295202,-0.33372467989274057,-0.7604957291801829,0.2763210774951733,0.2763210774951733,0.0005702720603745817,-0.6130770734811949,-0.4811433355917286,-0.003031316093281,-0.003031316093281,0.0007989208521043462,-0.19967704240987177,-0.8945433666630518,0.4103687149780421,0.41036871497804217
68,Santander,68689,San Vicente de Chucurí,35766,-0.6927704399428329,-0.0328992782365126,-0.6598711617063203,0.0008911645178022113,-0.03289927823651267,-0.6598711617063203,False,False,0.0008911645178022113,-0.03289927823651267,-0.6598711617063203,0.0,0.0,0.0008911645178022113,-0.03289927823651267,-0.6598711617063203,0.0,0.0,0.0008911636006174762,-0.03290093651861051,-0.6598695034242225,-1.6582820978397472e-06,-1.658282097860564e-06,0.0008911636006174762,-0.03290093651861051,-0.6598695034242225,-1.6582820978397472e-06,-1.658282097860564e-06
68,Santander,68705,Santa Bárbara,2624,-1.0942204090729235,1.335581571031662,-2.429801980104586,0.001648062121025918,1.3355815710316628,-2.4298019801045863,False,False,0.001648062121025918,1.3355815710316628,-2.4298019801045863,0.0,0.0,0.001648062121025918,1.3355815710316628,-2.4298019801045863,0.0,0.0,0.001648038127063618,1.3355381896313705,-2.429758598704294,-4.338140029225279e-05,-4.3381400292474837e-05,0.001648038127063618,1.3355381896313705,-2.429758598704294,-4.338140029225279e-05,-4.3381400292474837e-05
68,Santander,68720,Santa Helena del Opón,3472,-1.0942204090729235,-0.7619812063953928,-0.3322392026775307,0.00048791418055979833,-0.7619812063953932,-0.33223920267753027,False,False,0.00048791418055979833,-0.7619812063953932,-0.33223920267753027,0.0,0.0,0.00048791418055979833,-0.7619812063953932,-0.33223920267753027,0.0,0.0,0.0004878982342335974,-0.7620100375634788,-0.33221037150944466,-2.8831168085607928e-05,-2.8831168085607928e-05,0.0004878982342335974,-0.7620100375634788,-0.33221037150944466,-2.8831168085607928e-05,-2.8831168085607928e-05
68,Santander,68745,Simacota,11483,-0.3648246561385295,-0.711823588250186,0.3469989321116565,0.0005156560236245509,-0.7118235882501864,0.34699893211165694,False,False,0.0005156560236245509,-0.7118235882501864,0.34699893211165694,0.0,0.0,0.0005156560236245509,-0.7118235882501864,0.34699893211165694,0.0,0.0,0.0005156552580367281,-0.7118249724430672,0.3470003163045377,-1.3841928807600823e-06,-1.3841928807600823e-06,0.0005156552580367281,-0.7118249724430672,0.3470003163045377,-1.3841928807600823e-06,-1.3841928807600823e-06
68,Santander,68755,Socorro,36336,-0.3697742420256654,-0.3302714619894225,-0.0395027800362428,0.0007266899522514081,-0.33027146198942275,-0.039502780036242635,False,False,0.0007266899522514081,-0.33027146198942275,-0.039502780036242635,0.0,0.0,0.0007266899522514081,-0.33027146198942275,-0.039502780036242635,0.0,0.0,0.0007266040806737441,-0.33042671893439013,-0.03934752309127526,-0.00015525694496737463,-0.00015525694496737463,0.0007266040806737441,-0.33042671893439013,-0.03934752309127526,-0.00015525694496737463,-0.00015525694496737463
68,Santander,68770,Suaita,10286,-0.7452446265552581,-0.3935976547289979,-0.3516469718262602,0.0006916646586702086,-0.39359765472899816,-0.35164697182626,False,False,0.0006916646586702086,-0.39359765472899816,-0.35164697182626,0.0,0.0,0.0006916646586702086,-0.39359765472899816,-0.35164697182626,0.0,0.0,0.0006915860587946235,-0.3937397643407012,-0.35150486221455696,-0.00014210961170302294,-0.00014210961170302294,0.0006915860587946235,-0.3937397643407012,-0.35150486221455696,-0.00014210961170302294,-0.00014210961170302294
68,Santander,68773,Sucre,7377,-0.7698279370674375,-0.7025633868526117,-0.0672645502148258,0.0005207777790710674,-0.7025633868526121,-0.06726455021482536,False,False,0.0005207777790710674,-0.7025633868526121,-0.06726455021482536,0.0,0.0,0.0005207777790710674,-0.7025633868526121,-0.06726455021482536,0.0,0.0,0.0005206880902155665,-0.7027255454862541,-0.06710239158118336,-0.00016215863364199556,-0.00016215863364199556,0.0005206880902155665,-0.7027255454862541,-0.06710239158118336,-0.00016215863364199556,-0.00016215863364199556
68,Santander,68780,Suratá,4451,-0.5565786957535638,-0.525970423759709,-0.0306082719938547,0.0006184501656321725,-0.5259704237597093,-0.03060827199385452,False,False,0.0006184501656321725,-0.5259704237597093,-0.03060827199385452,0.0,0.0,0.0006184501656321725,-0.5259704237597093,-0.03060827199385452,0.0,0.0,0.000618444843429113,-0.5259800463730347,-0.03059864938052903,-9.622613325488416e-06,-9.622613325488416e-06,0.000618444843429113,-0.5259800463730347,-0.03059864938052903,-9.622613325488416e-06,-9.622613325488416e-06
68,Santander,68820,Tona,8362,0.3366832419582113,1.006779145230355,-0.6700959032721436,0.0014662036988519881,1.0067791452303556,-0.6700959032721443,False,False,0.0014662036988519881,1.0067791452303556,-0.6700959032721443,0.0,0.0,0.0014662036988519881,1.0067791452303556,-0.6700959032721443,0.0,0.0,0.0014661956274738062,1.0067645520721502,-0.6700813101139389,-1.4593158205400414e-05,-1.4593158205400414e-05,0.0014661956274738062,1.0067645520721502,-0.6700813101139389,-1.4593158205400414e-05,-1.4593158205400414e-05
68,Santander,68855,Valle de San José,7004,0.2724519301529303,0.333977395700294,-0.0615254655473637,0.0010940815519207042,0.3339773957002942,-0.06152546554736393,False,False,0.0011006728658871593,0.3458945782837641,-0.07344264813083379,0.011917182583469854,0.011917182583469854,0.0010940815519207042,0.3339773957002942,-0.06152546554736393,0.0,0.0,0.0010934387157016086,0.33281513933787277,-0.06036320918494248,-0.0011622563624214544,-0.0011622563624214544,0.0011000300296680637,0.34473232192134257,-0.07228039176841228,0.010754926221048344,0.010754926221048344
68,Santander,68861,Vélez,26750,-0.1996247956207851,-0.5558349873563366,0.3562101917355515,0.0006019322752870517,-0.555834987356337,0.35621019173555185,False,False,0.0006019322752870517,-0.555834987356337,0.35621019173555185,0.0,0.0,0.0006019322752870517,-0.555834987356337,0.35621019173555185,0.0,0.0,0.0006019151845609006,-0.5558658876146259,0.35624109199384074,-3.090025828889065e-05,-3.090025828889065e-05,0.0006019151845609006,-0.5558658876146259,0.35624109199384074,-3.090025828889065e-05,-3.090025828889065e-05
68,Santander,68867,Vetas,2162,-0.5407876463568111,-0.3748717648905405,-0.1659158814662705,0.000702021823072282,-0.37487176489054075,-0.16591588146627034,False,False,0.000702021823072282,-0.37487176489054075,-0.16591588146627034,0.0,0.0,0.000702021823072282,-0.37487176489054075,-0.16591588146627034,0.0,0.0,0.000702021823072282,-0.37487176489054075,-0.16591588146627034,0.0,0.0,0.000702021823072282,-0.37487176489054075,-0.16591588146627034,0.0,0.0
68,Santander,68872,Villanueva,8989,-0.6948917964378467,0.159194401664689,-0.8540861981025357,0.0009974102471373312,0.15919440166468912,-0.8540861981025358,False,False,0.0009974102471373312,0.15919440166468912,-0.8540861981025358,0.0,0.0,0.0009974102471373312,0.15919440166468912,-0.8540861981025358,0.0,0.0,0.0009973630845201687,0.15910913103083663,-0.8540009274686833,-8.527063385249667e-05,-8.527063385255218e-05,0.0009973630845201687,0.15910913103083663,-0.8540009274686833,-8.527063385249667e-05,-8.527063385255218e-05
68,Santander,68895,Zapatoca,10231,-0.5094673873779596,0.0472525449814715,-0.5567199323594312,0.0009354959550453013,0.04725254498147157,-0.5567199323594312,False,False,0.0009354959550453013,0.04725254498147157,-0.5567199323594312,0.0,0.0,0.0009354959550453013,0.04725254498147157,-0.5567199323594312,0.0,0.0,0.0009354920274835894,0.04724544389809638,-0.556712831276056,-7.1010833751911084e-06,-7.101083375204986e-06,0.0009354920274835894,0.04724544389809638,-0.556712831276056,-7.1010833751911084e-06,-7.101083375204986e-06
70,Sucre,70001,Sincelejo,319888,0.7322297184290678,0.2995275513229292,0.4327021671061385,0.001075027573449174,0.29952755132292946,0.43270216710613835,False,False,0.0011037357488672395,0.3514323111077777,0.38079740732129014,0.05190475978484821,0.05190475978484821,0.001075027573449174,0.29952755132292946,0.43270216710613835,0.0,0.0,0.0010187242154619058,0.19773033750311736,0.5344993809259504,-0.1017972138198121,-0.10179721381981205,0.0010466777765588678,0.24827074464288476,0.483958973786183,-0.0512568066800447,-0.051256806680044675
70,Sucre,70110,Buenavista,11927,0.7037441111398844,-0.3235928661926473,1.0273369773325318,0.000730383838909875,-0.32359286619264754,1.027336977332532,False,False,0.0007451083553985978,-0.296970746180999,1.0007148573208835,0.026622120011648542,0.026622120011648542,0.000730383838909875,-0.32359286619264754,1.027336977332532,0.0,0.0,0.0007001004563486418,-0.3783456212675779,1.0820897324074623,-0.05475275507493038,-0.05475275507493027,0.0007144426618441343,-0.35241472457394757,1.056158835713832,-0.028821858381300025,-0.028821858381300025
70,Sucre,70124,Caimito,17498,0.006001782438873,-0.8575223645361124,0.8635241469749854,0.0004350710051185053,-0.857522364536113,0.8635241469749859,False,False,0.00045318863621530747,-0.8247654485616395,0.8307672310005124,0.0327569159744735,0.0327569159744735,0.0004350710051185053,-0.857522364536113,0.8635241469749859,0.0,0.0,0.00042260703996806084,-0.8800573779139899,0.8860591603528628,-0.02253501337787689,-0.02253501337787689,0.0004406428413329479,-0.8474484111740622,0.8534501936129352,0.010073953362050747,0.010073953362050747
70,Sucre,70204,Coloso,10048,1.348907838390068,-0.2046303853772056,1.5535382237672737,0.0007961811912446966,-0.20463038537720576,1.5535382237672737,True,False,0.0008348113892699266,-0.13478647785813283,1.4836943162482008,0.06984390751907293,0.06984390751907288,0.0007961811912446966,-0.20463038537720576,1.5535382237672737,0.0,0.0,0.0007608939803543424,-0.2684301280661315,1.6173379664561993,-0.06379974268892571,-0.06379974268892563,0.0007986167959350834,-0.20022677997406252,1.5491346183641304,0.004403605403143246,0.004403605403143329
70,Sucre,70215,Corozal,76816,0.4550718174612995,0.0594602644800844,0.3956115529812151,0.0009422479630359638,0.05946026448008445,0.39561155298121503,False,False,0.0009624925376319887,0.0960627223531779,0.35900909510812157,0.03660245787309346,0.036602457873093464,0.0009422479630359638,0.05946026448008445,0.39561155298121503,0.0,0.0,0.0008985864150738852,-0.019480390082734774,0.47455220754403427,-0.07894065456281922,-0.07894065456281923,0.0009184018548425651,0.016346186362706502,0.43872563109859297,-0.04311407811737795,-0.04311407811737794
70,Sucre,70221,Coveñas,21748,0.681141110804966,-0.3006391092398365,0.9817802200448024,0.0007430794083304138,-0.3006391092398367,0.9817802200448027,False,False,0.0007676196736633428,-0.2562699858590254,0.9374110966639914,0.04436912338081134,0.04436912338081134,0.0007430794083304138,-0.3006391092398367,0.9817802200448027,0.0,0.0,0.0007015602105812991,-0.3757063663623946,1.0568474771673606,-0.07506725712255785,-0.0750672571225579,0.0007253411198588586,-0.3327101687447552,1.0138512795497212,-0.03207105950491845,-0.03207105950491851
70,Sucre,70230,Chalán,4847,1.5288676533469387,-0.2028191802031419,1.7316868335500808,0.0007971829567103429,-0.20281918020314207,1.7316868335500808,True,False,0.0008399303558046453,-0.12553131884987156,1.6543989721968102,0.07728786135327051,0.07728786135327059,0.0007971829567103429,-0.20281918020314207,1.7316868335500808,0.0,0.0,0.0008223708421956106,-0.15727915104551107,1.68614680439245,0.045540029157631,0.04554002915763089,0.0008719142022422435,-0.06770410265924125,1.59657175600618,0.13511507754390084,0.13511507754390073
70,Sucre,70233,El Roble,10586,0.9311471685203716,-0.5682696651815876,1.499416833701959,0.0005950547381641723,-0.568269665181588,1.4994168337019596,True,False,0.0006188655162067546,-0.5252194644428516,1.4563666329632232,0.04305020073873633,0.04305020073873633,0.0005950547381641723,-0.568269665181588,1.4994168337019596,0.0,0.0,0.0006612784379426534,-0.44853634256495994,1.3796835110853316,0.119733322616628,0.11973332261662795,0.0006846600811578905,-0.40626202325387595,1.3374091917742477,0.162007641927712,0.1620076419277119
70,Sucre,70235,Galeras,25175,0.7989518744722532,-0.3093814945318381,1.1083333690040913,0.0007382440535079383,-0.3093814945318383,1.1083333690040915,False,False,0.0007545468146181692,-0.27990588742920747,1.0788577619014608,0.029475607102630808,0.029475607102630752,0.0007382440535079383,-0.3093814945318383,1.1083333690040915,0.0,0.0,0.000709189590777895,-0.36191234634388814,1.1608642208161415,-0.05253085181204986,-0.05253085181204997,0.0007252343155911488,-0.3329032722694044,1.1318551467416578,-0.02352177773756614,-0.023521777737566252
70,Sucre,70265,Guaranda,19509,0.2915145576301354,-1.1606395432134864,1.4521541008436218,0.0002674189213063508,-1.160639543213487,1.4521541008436225,True,False,0.00032006731814021805,-1.0654505473639069,1.3569651049940423,0.09518899584958018,0.09518899584958018,0.0002674189213063508,-1.160639543213487,1.4521541008436225,0.0,0.0,0.0003165094389881436,-1.0718832397953364,1.3633977974254718,0.08875630341815066,0.08875630341815066,0.00036915783582201084,-0.9766942439457564,1.2682088015758919,0.18394529926773062,0.18394529926773062
70,Sucre,70400,La Unión,13950,0.0581768236891351,-0.6239945228567793,0.6821713465459144,0.0005642336921576532,-0.6239945228567797,0.6821713465459148,False,False,0.0005745456178015369,-0.6053504252897782,0.6635272489789134,0.018644097567001472,0.018644097567001472,0.0005642336921576532,-0.6239945228567797,0.6821713465459148,0.0,0.0,0.0005410273916081023,-0.6659518203157276,0.7241286440048628,-0.04195729745894794,-0.04195729745894794,0.0005508976680207489,-0.6481062303836664,0.7062830540728016,-0.02411170752688674,-0.02411170752688674
70,Sucre,70418,Los Palmitos,25570,1.157885269434876,-0.0328022703723059,1.190687539807182,0.0008912181722029661,-0.03280227037230597,1.190687539807182,False,False,0.0009281346070704619,0.03394313075494859,1.1239421386799275,0.06674540112725456,0.06674540112725436,0.0008912181722029661,-0.03280227037230597,1.190687539807182,0.0,0.0,0.0008495715634676365,-0.10809988823835,1.265985157673226,-0.07529761786604403,-0.07529761786604405,0.0008855802865415025,-0.04299564200568961,1.2008809114405656,-0.010193371633383637,-0.010193371633383741
70,Sucre,70429,Majagual,40125,-0.0500403876155589,-1.12180721272087,1.0717668251053112,0.0002888968235314131,-1.1218072127208707,1.0717668251053118,False,False,0.000327467088139239,-1.0520716656109197,1.0020312779953608,0.069735547109951,0.069735547109951,0.0002888968235314131,-1.1218072127208707,1.0717668251053118,0.0,0.0,0.0002854560517577008,-1.1280281734677053,1.0779877858521465,-0.006220960746834647,-0.006220960746834647,0.0003240263163655267,-1.0582926263577543,1.0082522387421955,0.06351458636311635,0.06351458636311635
70,Sucre,70473,Morroa,17030,0.7844952737101195,0.1653632618907039,0.6191320118194156,0.0010008222024615067,0.16536326189070405,0.6191320118194155,False,False,0.00103362143625993,0.22466470918376108,0.5598305645263584,0.05930144729305703,0.059301447293057086,0.0010008222024615067,0.16536326189070405,0.6191320118194155,0.0,0.0,0.000949792046941727,0.07310006767980183,0.7113952060303177,-0.09226319421090222,-0.09226319421090223,0.000981811883850227,0.130992355116497,0.6535029185936225,-0.03437090677420704,-0.034370906774207066
70,Sucre,70508,Ovejas,24462,0.7791300131611696,-0.7271186177232093,1.5062486308843788,0.0005071964451397235,-0.7271186177232097,1.5062486308843792,True,False,0.0005470762123989536,-0.6550154725486326,1.4341454857098022,0.07210314517457717,0.07210314517457705,0.0005071964451397235,-0.7271186177232097,1.5062486308843792,0.0,0.0,0.0007262683236192711,-0.3310337721171404,1.11016378527831,0.3960848456060693,0.39608484560606927,0.000772271453270605,-0.24785950697728268,1.0269895201384522,0.4792591107459271,0.479259110745927
70,Sucre,70523,Palmito,16081,0.9913550967793866,0.2821561063967994,0.7091989903825873,0.0010654195434674964,0.28215610639679956,0.709198990382587,False,False,0.0010919010607156453,0.3300350388432877,0.6613200579360989,0.047878932446488165,0.04787893244648811,0.0010654195434674964,0.28215610639679956,0.709198990382587,0.0,0.0,0.0010061863913141413,0.17506178608396752,0.8162933106954191,-0.10709432031283203,-0.10709432031283206,0.0010319085525069209,0.22156779276728392,0.7697873040121027,-0.06058831362951564,-0.06058831362951567
70,Sucre,70670,Sampués,53083,0.8602676254800661,-0.024506595648287,0.8847742211283531,0.0008958064543985783,-0.02450659564828706,0.8847742211283531,False,False,0.0009231421698816572,0.024916738472881617,0.8353508870071844,0.04942333412116867,0.04942333412116873,0.0008958064543985783,-0.02450659564828706,0.8847742211283531,0.0,0.0,0.0008505289602620536,-0.10636890220704227,0.9666365276871084,-0.08186230655875522,-0.08186230655875526,0.0008768438500827185,-0.05879123434707613,0.9190588598271422,-0.034284638698789074,-0.03428463869878906
70,Sucre,70678,San Benito Abad,31892,0.0259678876232933,-0.9073317621724588,0.933299649795752,0.0004075217604877688,-0.9073317621724593,0.9332996497957525,False,False,0.0004215374564080601,-0.8819911990970918,0.9079590867203851,0.025340563075367473,0.025340563075367473,0.0004075217604877688,-0.9073317621724593,0.9332996497957525,0.0,0.0,0.0003949828656578033,-0.9300022493991495,0.9559701370224428,-0.022670487226690295,-0.022670487226690295,0.00040891673184617947,-0.9048096355583279,0.9307775231816212,0.0025221266141313148,0.0025221266141313148
70,Sucre,70702,San Juan de Betulia,14694,0.859440800049799,0.1163669677356997,0.7430738323140992,0.0009737226799270127,0.1163669677356998,0.7430738323140992,False,False,0.0010036143111698695,0.17041143126024036,0.6890293687895586,0.054044463524540565,0.05404446352454062,0.0009737226799270127,0.1163669677356998,0.7430738323140992,0.0,0.0,0.0009301799444844406,0.037641127775153556,0.8217996722746453,-0.07872583996054625,-0.07872583996054616,0.0009595048120599892,0.09066087511421682,0.7687799249355821,-0.025706092621482976,-0.025706092621482934
70,Sucre,70708,San Marcos,64076,0.2116768102625228,-0.9057893624780238,1.1174661727405466,0.00040837485144081724,-0.9057893624780243,1.117466172740547,False,False,0.00043104478098859666,-0.8648018308644175,1.0764786411269402,0.0409875316136068,0.0409875316136068,0.00040837485144081724,-0.9057893624780243,1.117466172740547,0.0,0.0,0.00039634682275348617,-0.9275361969810737,1.1392130072435964,-0.021746834503049373,-0.021746834503049373,0.0004189349225693505,-0.886696614602013,1.0983734248645358,0.01909274787601134,0.01909274787601123
70,Sucre,70713,San Onofre,52983,0.3202721842326244,-0.9687636381484048,1.2890358223810292,0.0003735442008364259,-0.9687636381484055,1.2890358223810299,True,False,0.00040108732684150823,-0.91896530306794,1.2392374873005645,0.049798335080465495,0.049798335080465383,0.0003735442008364259,-0.9687636381484055,1.2890358223810299,0.0,0.0,0.0003995114805464463,-0.9218144539530765,1.2420866381857008,0.04694918419532901,0.04694918419532912,0.0004306996909689746,-0.8654257581712488,1.1856979424038732,0.10333787997715671,0.10333787997715671
70,Sucre,70717,San Pedro,20760,0.6077631788269695,-0.641298905819913,1.2490620846468825,0.000554662753699095,-0.6412989058199134,1.249062084646883,False,False,0.0005753057467246094,-0.603976102171606,1.2117392809985756,0.03732280364830742,0.03732280364830731,0.000554662753699095,-0.6412989058199134,1.249062084646883,0.0,0.0,0.0005331701631772187,-0.6801577929468917,1.2879209717738611,-0.03885888712697827,-0.03885888712697816,0.0005532463925354249,-0.6438597054840615,1.2516228843110309,-0.002560799664148017,-0.002560799664147906
70,Sucre,70742,San Luis de Sincé,32683,0.6062783260914589,-0.5604829530751597,1.1667612791666186,0.0005993615165407203,-0.56048295307516,1.1667612791666189,False,False,0.0006156642776509513,-0.5310073459725291,1.137285672063988,0.029475607102630974,0.029475607102630974,0.0005993615165407203,-0.56048295307516,1.1667612791666189,0.0,0.0,0.0005776730612130006,-0.5996959663543427,1.2059742924458017,-0.039213013279182696,-0.03921301327918281,0.0005937177860262544,-0.570686892279859,1.176965218371318,-0.010203939204698975,-0.010203939204699086
70,Sucre,70771,Sucre,33442,-0.1275816376861268,-0.980357326391932,0.8527756887058051,0.00036713180942536515,-0.9803573263919325,0.8527756887058058,False,False,0.0003792622902002767,-0.9584252571633081,0.8308436194771813,0.02193206922862445,0.02193206922862445,0.00036713180942536515,-0.9803573263919325,0.8527756887058058,0.0,0.0,0.00035869520774523813,-0.995610813499019,0.8680291758128922,-0.015253487107086516,-0.015253487107086405,0.00037082568852014967,-0.9736787442703947,0.846097106584268,0.006678582121537824,0.006678582121537824
70,Sucre,70820,Santiago de Tolú,37512,0.247418854402689,-0.3090054471808693,0.5564243015835583,0.0007384520427821756,-0.3090054471808695,0.5564243015835585,False,False,0.0007682566261636509,-0.2551183673377713,0.5025372217404603,0.05388707984309815,0.05388707984309815,0.0007384520427821756,-0.3090054471808695,0.5564243015835585,0.0,0.0,0.0006980774825154924,-0.3820031846386927,0.6294220390413817,-0.07299773745782323,-0.07299773745782323,0.0007270031768796109,-0.3297051477305467,0.5771240021332357,-0.020699700549677236,-0.02069970054967718
70,Sucre,70823,Tolú Viejo,23190,0.4716141696464738,-0.296578295227702,0.7681924648741758,0.0007453254173955501,-0.29657829522770224,0.768192464874176,False,False,0.0007840519963950974,-0.2265601296359055,0.6981742992823793,0.07001816559179674,0.07001816559179674,0.0007453254173955501,-0.29657829522770224,0.768192464874176,0.0,0.0,0.000708325838219902,-0.36347402236067744,0.8350881920071512,-0.0668957271329752,-0.0668957271329752,0.0007462730203295259,-0.2948650166252425,0.7664791862717163,0.0017132786024597335,0.0017132786024597335
73,Tolima,73001,Ibagué,552035,0.4678305213188407,1.7076425199337308,-1.23981199861489,0.001853846542947286,1.7076425199337317,-1.239811998614891,False,False,0.001853846542947286,1.7076425199337317,-1.239811998614891,0.0,0.0,0.001853846542947286,1.7076425199337317,-1.239811998614891,0.0,0.0,0.0018450725616076349,1.6917790459525621,-1.2239485246337214,-0.015863473981169607,-0.015863473981169607,0.0018450725616076349,1.6917790459525621,-1.2239485246337214,-0.015863473981169607,-0.015863473981169607
73,Tolima,73024,Alpujarra,4807,-0.0013854889680881,-0.514829742906377,0.5134442539382889,0.0006246120016861272,-0.5148297429063772,0.5134442539382891,False,False,0.0006246120016861272,-0.5148297429063772,0.5134442539382891,0.0,0.0,0.0006246120016861272,-0.5148297429063772,0.5134442539382891,0.0,0.0,0.0006238639003028997,-0.5161823200738799,0.5147968311057918,-0.0013525771675026999,-0.0013525771675026999,0.0006238639003028997,-0.5161823200738799,0.5147968311057918,-0.0013525771675026999,-0.0013525771675026999
73,Tolima,73026,Alvarado,8855,-0.2076271446296222,-0.6744711218055804,0.4668439771759582,0.0005363154229442673,-0.6744711218055809,0.4668439771759587,False,False,0.000540341180842204,-0.6671924984308305,0.45956535380120833,0.0072786233747503815,0.0072786233747503815,0.0005363154229442673,-0.6744711218055809,0.4668439771759587,0.0,0.0,0.0005339370630921024,-0.678771227786223,0.47114408315660083,-0.004300105980642122,-0.004300105980642122,0.0005379626052924486,-0.6714929943955612,0.46386584976593903,0.002978127410019682,0.002978127410019682
73,Tolima,73030,Ambalema,6761,0.8446440396599557,-0.9359906941573256,1.7806347338172814,0.0003916706969219927,-0.9359906941573263,1.780634733817282,True,False,0.00041296854532215104,-0.8974839033548465,1.7421279430148022,0.03850679080247976,0.03850679080247987,0.0003916706969219927,-0.9359906941573263,1.780634733817282,0.0,0.0,0.0007302854293122273,-0.323770792043108,1.1684148317030636,0.6122199021142183,0.6122199021142185,0.0007515830620147951,-0.28526439122471675,1.1299084308846725,0.6507263029326096,0.6507263029326096
73,Tolima,73043,Anzoátegui,10590,-0.18319256861046,1.8084996670023472,-1.9916922356128075,0.0019096299563030818,1.8084996670023485,-1.9916922356128086,False,False,0.0019132036560303046,1.8149609632423027,-1.9981535318527628,0.006461296239954173,0.006461296239954173,0.0019096299563030818,1.8084996670023485,-1.9916922356128086,0.0,0.0,0.0019032098450471975,1.7968920211775645,-1.9800845897880246,-0.011607645824784019,-0.011607645824784019,0.0019067835447744202,1.8033533174175185,-1.9865458860279785,-0.005146349584830068,-0.005146349584830068
73,Tolima,73055,Armero,12831,-0.095355669755611,-0.4441764754403697,0.3488208056847587,0.0006636898512837613,-0.44417647544037003,0.34882080568475904,False,False,0.0006865167816186775,-0.40290508433295374,0.30754941457734275,0.04127139110741629,0.04127139110741629,0.0006636898512837613,-0.44417647544037003,0.34882080568475904,0.0,0.0,0.0006592683238783744,-0.452170655304351,0.35681498554874,-0.007994179863980988,-0.007994179863980988,0.0006820952542132906,-0.4108992641969348,0.3155435944413238,0.033277211243435245,0.033277211243435245
73,Tolima,73067,Ataco,20279,-0.1580926186879414,-0.6758646335784895,0.517772014890548,0.0005355446809046232,-0.6758646335784899,0.5177720148905485,False,False,0.0005355446809046232,-0.6758646335784899,0.5177720148905485,0.0,0.0,0.0005355446809046232,-0.6758646335784899,0.5177720148905485,0.0,0.0,0.0005341755623733946,-0.6783400179401057,0.5202473992521643,-0.0024753843616157623,-0.0024753843616158733,0.0005341755623733946,-0.6783400179401057,0.5202473992521643,-0.0024753843616157623,-0.0024753843616158733
73,Tolima,73124,Cajamarca,19013,0.5105127661835736,2.209432970111828,-1.6989202039282545,0.002131383484193819,2.209432970111829,-1.6989202039282556,False,False,0.002131383484193819,2.209432970111829,-1.6989202039282556,0.0,0.0,0.002131383484193819,2.209432970111829,-1.6989202039282556,0.0,0.0,0.0021253036471670698,2.1984405445811612,-1.6879277783975877,-0.010992425530667926,-0.010992425530667926,0.0021253036471670698,2.1984405445811612,-1.6879277783975877,-0.010992425530667926,-0.010992425530667926
73,Tolima,73148,Carmen de Apicalá,10895,0.5697535347722997,-0.639847434752627,1.2096009695249266,0.0005554655526367381,-0.6398474347526273,1.209600969524927,False,False,0.0005623938120044189,-0.6273210504398053,1.1970745852121052,0.012526384312821937,0.012526384312821826,0.0005943227598185391,-0.569593091684475,1.1393466264567746,0.07025434306815226,0.07025434306815237,0.0005550391765421347,-0.640618328355098,1.2103718631273979,-0.0007708936024707347,-0.0007708936024708457,0.0005999006944647359,-0.5595081122773812,1.129261647049681,0.08033932247524611,0.080339322475246
73,Tolima,73152,Casabianca,6590,-0.3849900042809913,-0.5054098081964338,0.1204198039154424,0.0006298221045591727,-0.5054098081964341,0.12041980391544282,False,False,0.0006333958042863954,-0.49894851195648043,0.11395850767548915,0.006461296239953673,0.006461296239953673,0.0006298221045591727,-0.5054098081964341,0.12041980391544282,0.0,0.0,0.0006278301848238164,-0.5090112253491698,0.12402122106817848,-0.003601417152735653,-0.003601417152735653,0.0006314038845510392,-0.502549929109216,0.11755992482822475,0.0028598790872180757,0.0028598790872180757
73,Tolima,73168,Chaparral,52842,0.5199069177318965,-0.7554776960184808,1.2753846137503773,0.0004915112286437796,-0.7554776960184812,1.2753846137503777,False,False,0.0004915112286437796,-0.7554776960184812,1.2753846137503777,0.0,0.0,0.0004915112286437796,-0.7554776960184812,1.2753846137503777,0.0,0.0,0.0004908526980898294,-0.7566683279453108,1.2765752456772073,-0.001190631926829555,-0.001190631926829555,0.0004908526980898294,-0.7566683279453108,1.2765752456772073,-0.001190631926829555,-0.001190631926829555
73,Tolima,73200,Coello,8536,-0.3276017942148135,0.0141503558380114,-0.3417521500528249,0.000917187355668451,0.014150355838011462,-0.34175215005282494,False,False,0.0009212131135663877,0.02142897921276155,-0.34903077342757505,0.0072786233747500866,0.007278623374750104,0.000917187355668451,0.014150355838011462,-0.34175215005282494,0.0,0.0,0.0009148625141877378,0.009947011778801794,-0.3375488059936153,-0.004203344059209668,-0.004203344059209635,0.000918888056388084,0.01722524516946357,-0.34482703938427706,0.003074889331452106,0.003074889331452113
73,Tolima,73217,Coyaima,23625,0.1635130118114098,-1.0503854714580458,1.2138984832694557,0.000328399710845331,-1.0503854714580465,1.2138984832694564,False,False,0.00033487591204229785,-1.0386764142800213,1.2021894260914312,0.011709057178025173,0.011709057178025173,0.000367256918027132,-0.9801311283898942,1.143644140201304,0.07025434306815226,0.07025434306815237,0.00032745526585128943,-1.0520930404634556,1.2156060522748655,-0.0017075690054091375,-0.0017075690054091375,0.0003718649413007672,-0.9717997615364468,1.1353127733478565,0.07858570992159974,0.07858570992159986
73,Tolima,73226,Cunday,9022,-0.085009221150928,-0.9155051907293328,0.8304959695784048,0.00040300109182943387,-0.9155051907293332,0.8304959695784052,False,False,0.00042347049915440884,-0.8784962323170039,0.7934870111660759,0.03700895841232932,0.03700895841232932,0.0005231051867550005,-0.6983554030641356,0.6133461819132076,0.21714978766519766,0.21714978766519766,0.0004025271231129826,-0.9163621324197988,0.8313529112688708,-0.0008569416904655736,-0.0008569416904655736,0.0005402452351572193,-0.6673659694947001,0.582356748343772,0.24813922123463317,0.24813922123463317
73,Tolima,73236,Dolores,8594,-0.0519847283549277,-1.0875644888293792,1.0355797604744514,0.00030783624504774715,-1.0875644888293798,1.035579760474452,False,False,0.000314312446244714,-1.0758554316513542,1.0238707032964265,0.011709057178025617,0.011709057178025617,0.00034669345222954816,-1.0173101457612275,0.9653254174062997,0.07025434306815237,0.07025434306815237,0.00030723551308737944,-1.0886506201367128,1.036665891781785,-0.001086131307332927,-0.001086131307332927,0.0003516451885368573,-1.008357341209704,0.9563726128547763,0.07920714761967584,0.07920714761967584
73,Tolima,73268,Espinal,71777,0.1520567619267844,0.0212131769717092,0.1308435849550751,0.0009210937547904792,0.02121317697170927,0.13084358495507514,False,False,0.00092802201415816,0.033739561284531226,0.11831720064225318,0.012526384312821957,0.012526384312821964,0.0009599509619722803,0.09146752003986154,0.06058924188692287,0.07025434306815227,0.07025434306815227,0.0009187075898634237,0.01689895931272452,0.13515780261405988,-0.004314217658984747,-0.004314217658984737,0.000963569107786025,0.0980091753904414,0.054047586536343006,0.07679599841873214,0.07679599841873214
73,Tolima,73270,Falan,7948,-0.1459475643923,0.0465051159470678,-0.1924526803393678,0.0009350825570463285,0.046505115947067834,-0.19245268033936783,False,False,0.0009432579573338013,0.06128634749127895,-0.20723391188357895,0.01478123154421112,0.014781231544211126,0.0009350825570463285,0.046505115947067834,-0.19245268033936783,0.0,0.0,0.0009307637745672376,0.03869670026492175,-0.18464426465722175,-0.007808415682146082,-0.007808415682146075,0.0009389391748547104,0.053477931809132864,-0.19942549620143285,0.006972815862065031,0.006972815862065024
73,Tolima,73275,Flandes,29056,0.1166542678719849,0.1723792877722021,-0.0557250199002172,0.001004702719442582,0.17237928777220227,-0.05572501990021736,False,False,0.0010116309788102628,0.18490567208502423,-0.06825140421303932,0.012526384312821964,0.012526384312821964,0.001043559926624383,0.24263363084035455,-0.12597936296836965,0.07025434306815229,0.07025434306815229,0.0010023880840825147,0.16819439651372797,-0.051540128641743066,-0.004184891258474294,-0.004184891258474294,0.001047249602005116,0.24930461259144485,-0.13265034471945994,0.07692532481924258,0.07692532481924258
73,Tolima,73283,Fresno,31821,0.6431379834905375,0.1118443547647642,0.5312936287257732,0.0009712212529469858,0.11184435476476431,0.5312936287257732,False,False,0.000978228506447937,0.12451356151238419,0.5186244219781533,0.012669206747619871,0.012669206747619954,0.0009712212529469858,0.11184435476476431,0.5312936287257732,0.0,0.0,0.0009665932125000653,0.10347679659801262,0.539661186892525,-0.008367558166751693,-0.00836755816675172,0.0009736004660010165,0.11614600334563248,0.526991980144905,0.004301648580868164,0.004301648580868234
73,Tolima,73319,Guamo,33796,0.2786003886700151,-0.1344144309384703,0.4130148196084854,0.0008350171659323694,-0.1344144309384704,0.41301481960848546,False,False,0.00084194542530005,-0.12188804662564863,0.4004884352956637,0.012526384312821756,0.01252638431282177,0.0008738743731141704,-0.06416008787031811,0.3427604765403332,0.07025434306815227,0.07025434306815226,0.0008325868569040057,-0.13880846171483185,0.41740885038484693,-0.004394030776361468,-0.004394030776361468,0.0008774483748266071,-0.05769824563711479,0.33629863430712986,0.0767161853013556,0.0767161853013556
73,Tolima,73347,Herveo,7598,0.039269975326775,0.9953261500484584,-0.9560561747216832,0.0014598691238321432,0.9953261500484589,-0.9560561747216839,False,False,0.001463442823559366,1.0017874462884124,-0.9625174709616374,0.006461296239953507,0.006461296239953507,0.0014598691238321432,0.9953261500484589,-0.9560561747216839,0.0,0.0,0.0014573862847683376,0.9908371442752053,-0.9515671689484303,-0.004489005773253618,-0.004489005773253618,0.0014609599844955603,0.9972984405151589,-0.9580284651883839,0.0019722904666999996,0.0019722904666999996
73,Tolima,73349,Honda,24953,0.1629467331790436,-0.3757608558296977,0.5387075890087414,0.000701530072821443,-0.375760855829698,0.5387075890087416,False,False,0.0007168847219085298,-0.34799944776945746,0.5109461809485011,0.027761408060240522,0.027761408060240522,0.000701530072821443,-0.375760855829698,0.5387075890087416,0.0,0.0,0.000696164190599278,-0.3854624416574061,0.5484091748364497,-0.009701585827708137,-0.009701585827708081,0.0007115188396863649,-0.35770103359716543,0.520647766776209,0.018059822232532552,0.018059822232532552
73,Tolima,73352,Icononzo,12415,-0.2662370436644657,-0.4544121992338806,0.1881751555694149,0.0006580285409258478,-0.4544121992338809,0.18817515556941516,False,False,0.0006649568002935285,-0.44188581492105916,0.17564877125659345,0.012526384312821714,0.012526384312821714,0.0006968857481076488,-0.3841578561657286,0.1179208125012629,0.07025434306815226,0.07025434306815226,0.000657692099416619,-0.45502048991985683,0.18878344625539112,-0.000608290685975954,-0.000608290685975954,0.0007025536173392203,-0.37391027384213993,0.10767323017767422,0.08050192539174095,0.08050192539174095
73,Tolima,73408,Lérida,18514,0.2859244802854581,-0.3930989374048434,0.6790234176903015,0.0006919404958860093,-0.39309893740484364,0.6790234176903017,False,False,0.0007132383442861675,-0.3545921466023641,0.6405166268878222,0.03850679080247954,0.03850679080247954,0.0006919404958860093,-0.39309893740484364,0.6790234176903017,0.0,0.0,0.0006880224608306945,-0.4001827964593886,0.6861072767448466,-0.00708385905454495,-0.007083859054544894,0.0007093200935332623,-0.36167639564099735,0.6476008759264554,0.03142254176384629,0.03142254176384629
73,Tolima,73411,Líbano,37508,0.2726915017417076,-0.051831483969809,0.3245229857115166,0.0008806932414588607,-0.051831483969809126,0.3245229857115167,False,False,0.0008951727762076413,-0.025652294175013503,0.2983437959167211,0.026179189794795624,0.02617918979479561,0.0008806932414588607,-0.051831483969809126,0.3245229857115167,0.0,0.0,0.0008765238557125168,-0.059369788388771494,0.3320612901304791,-0.007538304418962367,-0.0075383044189623605,0.0008910033904612974,-0.03319059859397588,0.30588210033568347,0.01864088537583325,0.01864088537583325
73,Tolima,73443,Mariquita,40114,-0.0322497756081608,-0.1920278034693811,0.1597780278612203,0.0008031515949924465,-0.19202780346938125,0.15977802786122045,False,False,0.0008173380972930117,-0.16637842020573199,0.13412864459757118,0.025649383263649267,0.025649383263649267,0.0008031515949924465,-0.19202780346938125,0.15977802786122045,0.0,0.0,0.0007978165595484437,-0.20167361791533722,0.16942384230717641,-0.00964581444595597,-0.00964581444595597,0.0008120030618490089,-0.17602423465168796,0.14377445904352715,0.016003568817693298,0.016003568817693298
73,Tolima,73449,Melgar,39096,0.7515081350898587,-0.0016452435045922,0.753153378594451,0.0009084509153373406,-0.0016452435045922508,0.753153378594451,False,False,0.0009163243872437868,0.012590097544622293,0.7389180375452364,0.014235341049214544,0.014235341049214534,0.0009473081225191416,0.06860909956356002,0.6828990355262987,0.07025434306815227,0.07025434306815226,0.0009080013875061865,-0.002457995752092326,0.7539661308419511,-0.0008127522475000753,-0.0008127522475001037,0.0009538076669635005,0.08036036164074166,0.671147773449117,0.0820056051453339,0.08200560514533395
73,Tolima,73461,Murillo,4251,-0.748122518087436,0.2735894451764142,-1.0217119632638505,0.001060681380453519,0.2735894451764143,-1.0217119632638503,False,False,0.0010642550801807417,0.280050741416368,-1.028173259503804,0.006461296239953673,0.006461296239953729,0.001060681380453519,0.2735894451764143,-1.0217119632638503,0.0,0.0,0.0010575763732831964,0.2679755512608713,-1.0160980693483073,-0.005613893915543011,-0.005613893915543011,0.0010611500730104192,0.2744368475008249,-1.022559365588261,0.0008474023244106066,0.0008474023244107176
73,Tolima,73483,Natagaima,15717,-0.1390894288249888,-1.2127569269197884,1.0736674980947996,0.00023859314501968536,-1.2127569269197893,1.0736674980948004,False,False,0.00023859314501968536,-1.2127569269197893,1.0736674980948004,0.0,0.0,0.00023859314501968536,-1.2127569269197893,1.0736674980948004,0.0,0.0,0.00023768234250677315,-1.214403669875609,1.0753142410506202,-0.001646742955819791,-0.001646742955819791,0.00023768234250677315,-1.214403669875609,1.0753142410506202,-0.001646742955819791,-0.001646742955819791
73,Tolima,73504,Ortega,36303,-0.4514887771588594,-0.6513321692971409,0.1998433921382815,0.0005491134227877514,-0.6513321692971412,0.19984339213828184,False,False,0.0005491134227877514,-0.6513321692971412,0.19984339213828184,0.0,0.0,0.0005491134227877514,-0.6513321692971412,0.19984339213828184,0.0,0.0,0.0005468784045576817,-0.6553731117345182,0.2038843345756588,-0.00404094243737696,-0.00404094243737696,0.0005468784045576817,-0.6553731117345182,0.2038843345756588,-0.00404094243737696,-0.00404094243737696
73,Tolima,73520,Palocabildo,10120,0.4342111113515313,0.0703856523579561,0.3638254589935751,0.0009482907219854023,0.0703856523579562,0.3638254589935751,False,False,0.0009552979754863535,0.08305485910557606,0.35115625224595526,0.012669206747619857,0.012669206747619843,0.0009482907219854023,0.0703856523579562,0.3638254589935751,0.0,0.0,0.0009440140524661351,0.06265337746259456,0.37155773388893676,-0.007732274895361643,-0.007732274895361657,0.0009510213059670863,0.07532258421021443,0.35888852714131686,0.004936931852258228,0.004936931852258242
73,Tolima,73547,Piedras,7393,-0.4244320993150201,-0.375088797493365,-0.049343301821655,0.0007019017837915079,-0.37508879749336527,-0.049343301821654806,False,False,0.0007068727542282099,-0.36610121738222257,-0.05833088193279751,0.008987580111142701,0.008987580111142701,0.0007019017837915079,-0.37508879749336527,-0.049343301821654806,0.0,0.0,0.0006995046675729251,-0.37942281523186666,-0.04500928408315341,-0.0043340177385013945,-0.0043340177385013945,0.000704474971307984,-0.3704364405260878,-0.053995658788932255,0.004652356967277449,0.004652356967277449
73,Tolima,73555,Planadas,27075,0.1799275019619429,-0.7125957067048093,0.8925232086667523,0.0005152289700724155,-0.7125957067048098,0.8925232086667527,False,False,0.0005304224284112899,-0.6851257336432645,0.8650532356052074,0.027469973061545305,0.027469973061545305,0.0005534478454020967,-0.643495476044179,0.823422978006122,0.06910023066063076,0.06910023066063076,0.0005122963819112019,-0.7178978647778685,0.8978253667398115,-0.0053021580730587825,-0.0053021580730587825,0.000564137481857701,-0.6241684723480002,0.8040959743099432,0.08842723435680955,0.08842723435680955
73,Tolima,73563,Prado,8623,0.084433413485498,-1.005004703435882,1.08943811692138,0.0003534995100619554,-1.0050047034358827,1.0894381169213807,False,False,0.00035997571125892226,-0.9932956462578572,1.077729059743355,0.011709057178025506,0.011709057178025617,0.0003923567172437564,-0.9347503603677304,1.0191837738532283,0.07025434306815226,0.07025434306815237,0.00035278390545602495,-1.0062985260014359,1.090731939486934,-0.0012938225655532154,-0.0012938225655532154,0.00039719358090550274,-0.9260052470744272,1.0104386605599252,0.07899945636145544,0.07899945636145556
73,Tolima,73585,Purificación,24074,0.0471066140831946,-0.8286540329423704,0.875760647025565,0.00045103788620716326,-0.8286540329423708,0.8757606470255654,False,False,0.00047105523536142437,-0.792462401664838,0.8395690157480326,0.03619163127753289,0.03619163127753289,0.0005711419811327299,-0.6115042452771731,0.6586108593603677,0.21714978766519777,0.21714978766519777,0.00045016594737840813,-0.830230509844666,0.8773371239278606,-0.0015764769022951208,-0.0015764769022951208,0.0005874322169495214,-0.5820512840702754,0.62915789815347,0.24660274887209543,0.24660274887209543
73,Tolima,73616,Rioblanco,23853,-0.0458501472371743,-1.0337216570676602,0.987871509830486,0.0003376163551114108,-1.0337216570676608,0.9878715098304865,False,False,0.0003376163551114108,-1.0337216570676608,0.9878715098304865,0.0,0.0,0.0003376163551114108,-1.0337216570676608,0.9878715098304865,0.0,0.0,0.0003347128082662196,-1.0389713080583285,0.9931211608211542,-0.005249650990667654,-0.005249650990667654,0.0003347128082662196,-1.0389713080583285,0.9931211608211542,-0.005249650990667654,-0.005249650990667654
73,Tolima,73622,Roncesvalles,5609,0.1051644371575168,-0.132089803027907,0.2372542401854238,0.000836302902079012,-0.1320898030279071,0.2372542401854239,False,False,0.000836302902079012,-0.1320898030279071,0.2372542401854239,0.0,0.0,0.000836302902079012,-0.1320898030279071,0.2372542401854239,0.0,0.0,0.0008343767204229642,-0.13557236486624075,0.24073680202375755,-0.0034825618383336476,-0.0034825618383336476,0.0008343767204229642,-0.13557236486624075,0.24073680202375755,-0.0034825618383336476,-0.0034825618383336476
73,Tolima,73624,Rovira,22305,-0.0507550565810896,0.9990739857723812,-1.0498290423534709,0.0014619420266997504,0.9990739857723818,-1.0498290423534715,False,False,0.0014619420266997504,0.9990739857723818,-1.0498290423534715,0.0,0.0,0.0014619420266997504,0.9990739857723818,-1.0498290423534715,0.0,0.0,0.0014559969829517757,0.9883252682675118,-1.0390803248486014,-0.010748717504870053,-0.010748717504870164,0.0014559969829517757,0.9883252682675118,-1.0390803248486014,-0.010748717504870053,-0.010748717504870164
73,Tolima,73671,Saldaña,14768,0.224132329956092,-0.9554146803749948,1.179547010331087,0.0003809274200825204,-0.9554146803749954,1.1795470103310874,False,False,0.00038740362127948725,-0.9437056231969699,1.1678379531530618,0.011709057178025506,0.011709057178025617,0.0004197846272643214,-0.8851603373068432,1.109292667262935,0.07025434306815226,0.07025434306815237,0.0003802754256520753,-0.9565934949043234,1.1807258248604153,-0.0011788145293279984,-0.0011788145293278873,0.0004246851011015531,-0.8763002159773149,1.100432545933407,0.07911446439768055,0.07911446439768044
73,Tolima,73675,San Antonio,13284,0.0625289947799319,-0.3978115512999354,0.4603405460798673,0.00068933398066585,-0.3978115512999357,0.4603405460798676,False,False,0.00068933398066585,-0.3978115512999357,0.4603405460798676,0.0,0.0,0.00068933398066585,-0.3978115512999357,0.4603405460798676,0.0,0.0,0.0006874239641088051,-0.40126488642607244,0.46379388120600434,-0.0034533351261367695,-0.0034533351261367695,0.0006874239641088051,-0.40126488642607244,0.46379388120600434,-0.0034533351261367695,-0.0034533351261367695
73,Tolima,73678,San Luis,13979,0.1078197045266531,-0.4094974498637599,0.517317154390413,0.0006828705883434773,-0.4094974498637602,0.5173171543904133,False,False,0.0006828705883434773,-0.4094974498637602,0.5173171543904133,0.0,0.0,0.0006828705883434773,-0.4094974498637602,0.5173171543904133,0.0,0.0,0.0006806730958580919,-0.413470545259825,0.5212902497864781,-0.00397309539606483,-0.00397309539606483,0.0006806730958580919,-0.413470545259825,0.5212902497864781,-0.00397309539606483,-0.00397309539606483
73,Tolima,73686,Santa Isabel,5933,0.0585665990487414,0.3006551775734877,-0.2420885785247463,0.0010756512559850578,0.30065517757348786,-0.24208857852474647,False,False,0.0010792249557122805,0.3071164738134415,-0.24854987476470009,0.006461296239953618,0.006461296239953618,0.0010756512559850578,0.30065517757348786,-0.24208857852474647,0.0,0.0,0.0010728513686784364,0.29559294439570893,-0.23702634534696754,-0.00506223317777893,-0.00506223317777893,0.0010764250684056592,0.3020542406356626,-0.2434876415869212,0.0013990630621747435,0.0013990630621747435
73,Tolima,73770,Suárez,3916,-0.137028732085273,-0.702866372670811,0.565837640585538,0.0005206101996418569,-0.7028663726708114,0.5658376405855384,False,False,0.0005410796069668319,-0.6658574142584819,0.5288286821732089,0.03700895841232954,0.03700895841232954,0.0006407142945674235,-0.48571658500561365,0.34868785292034066,0.21714978766519777,0.21714978766519777,0.0005200907456663899,-0.7038055523094774,0.5667768202242044,-0.0009391796386659657,-0.0009391796386659657,0.0006578088577106267,-0.4548093893843786,0.3177806572991056,0.24805698328643283,0.24805698328643283
73,Tolima,73854,Valle de San Juan,5503,0.7738930063439005,-0.4507086057004915,1.224601612044392,0.0006600769737338305,-0.4507086057004918,1.2246016120443923,False,False,0.0006600769737338305,-0.4507086057004918,1.2246016120443923,0.0,0.0,0.0006600769737338305,-0.4507086057004918,1.2246016120443923,0.0,0.0,0.0006578797634758139,-0.45468119082575165,1.2285741971696522,-0.003972585125259831,-0.0039725851252598865,0.0006578797634758139,-0.45468119082575165,1.2285741971696522,-0.003972585125259831,-0.0039725851252598865
73,Tolima,73861,Venadillo,13031,0.2619103238214417,-0.4452474084637098,0.7071577322851514,0.0006630975253926006,-0.44524740846371,0.7071577322851517,False,False,0.0006791972650986168,-0.41613886673752654,0.6780491905589683,0.02910854172618349,0.02910854172618338,0.0006630975253926006,-0.44524740846371,0.7071577322851517,0.0,0.0,0.0006595085654226748,-0.4517362954237365,0.7136466192451782,-0.006488886960026474,-0.006488886960026585,0.0006756080894311005,-0.4226281436816413,0.684538467503083,0.022619264782068715,0.02261926478206866
73,Tolima,73870,Villahermosa,9556,-0.3724878488768138,0.1015871781441496,-0.4740750270209634,0.0009655480771739107,0.10158717814414966,-0.4740750270209635,False,False,0.0009725553306748619,0.11425638489176954,-0.48674423376858333,0.012669206747619871,0.012669206747619843,0.0009655480771739107,0.10158717814414966,-0.4740750270209635,0.0,0.0,0.0009614512717044051,0.09418009982296417,-0.46666794869977796,-0.007407078321185492,-0.007407078321185534,0.0009684585252053563,0.10684930657058403,-0.47933715544739786,0.005262128426434365,0.005262128426434365
73,Tolima,73873,Villarrica,5280,1.2914029926947828,-1.129689236005453,2.421092228700235,0.00028453732917981564,-1.1296892360054533,2.4210922287002363,True,True,0.0003139746073478467,-1.0764662488326107,2.3678692415273934,0.053222987172842684,0.053222987172842906,0.00046116099818800194,-0.8103513129683977,2.1017543056631807,0.31933792303705566,0.31933792303705566,0.0003312907701485923,-1.0451583981078851,2.336561390802668,0.08453083789756821,0.08453083789756821,0.0005336047737557058,-0.6793720112889556,1.9707750039837384,0.4503172247164977,0.45031722471649793
76,Valle del Cauca,76001,Cali,2280171,-0.2153829362164231,2.0738189525569046,-2.2892018887733276,0.0020563762782795005,2.073818952556906,-2.289201888773329,False,False,0.0020563762782795005,2.073818952556906,-2.289201888773329,0.0,0.0,0.0020563762782795005,2.073818952556906,-2.289201888773329,0.0,0.0,0.002049942711089493,2.0621869782257587,-2.2775699144421817,-0.011631974331147266,-0.011631974331147266,0.002049942711089493,2.0621869782257587,-2.2775699144421817,-0.011631974331147266,-0.011631974331147266
76,Valle del Cauca,76020,Alcalá,14381,0.617209118827837,3.221381719408676,-2.6041726005808385,0.002691085567958905,3.221381719408678,-2.604172600580841,False,False,0.002691085567958905,3.221381719408678,-2.604172600580841,0.0,0.0,0.002691085567958905,3.221381719408678,-2.604172600580841,0.0,0.0,0.0026895563601720246,3.218616891561444,-2.601407772733607,-0.002764827847233864,-0.002764827847234308,0.0026895563601720246,3.218616891561444,-2.601407772733607,-0.002764827847233864,-0.002764827847234308
76,Valle del Cauca,76036,Andalucía,24590,-0.4974583187641728,-0.1981833626538033,-0.2992749561103694,0.0007997469963853981,-0.19818336265380346,-0.29927495611036936,False,False,0.0007997469963853981,-0.19818336265380346,-0.29927495611036936,0.0,0.0,0.0007997469963853981,-0.19818336265380346,-0.29927495611036936,0.0,0.0,0.0007984321368206126,-0.20056064608847454,-0.2968976726756982,-0.0023772834346710847,-0.0023772834346711402,0.0007984321368206126,-0.20056064608847454,-0.2968976726756982,-0.0023772834346710847,-0.0023772834346711402
76,Valle del Cauca,76041,Ansermanuevo,17894,-0.4613516636566884,0.0967987922137778,-0.5581504558704663,0.0009628996529479183,0.09679879221377793,-0.5581504558704663,False,False,0.0009933173705204117,0.1517944267607966,-0.613146090417485,0.05499563454701867,0.054995634547018724,0.0009628996529479183,0.09679879221377793,-0.5581504558704663,0.0,0.0,0.000960182150218564,0.09188551143825904,-0.5532371750949474,-0.004913280775518891,-0.004913280775518891,0.0009899461156715132,0.14569915353087648,-0.6070508171875648,0.048900361317098545,0.04890036131709852
76,Valle del Cauca,76054,Argelia,5543,-0.4824384147518675,0.1631383077830442,-0.6455767225349118,0.0009995915952284782,0.16313830778304436,-0.6455767225349118,False,False,0.0010467663226817095,0.24843083720080766,-0.7308692519526752,0.0852925294177633,0.08529252941776333,0.0009995915952284782,0.16313830778304436,-0.6455767225349118,0.0,0.0,0.000996438887928804,0.1574381714045214,-0.6398765861563889,-0.0057001363785229575,-0.0057001363785229575,0.0010418062615354944,0.2394629812307468,-0.7219013959826143,0.07632467344770244,0.07632467344770244
76,Valle del Cauca,76100,Bolívar,16071,-0.2365969951634946,-0.8374181291079019,0.6008211339444073,0.00044619052324577414,-0.8374181291079024,0.6008211339444077,False,False,0.00047307121717036284,-0.7888174799657135,0.5522204848022189,0.04860064914218887,0.04860064914218887,0.00044619052324577414,-0.8374181291079024,0.6008211339444077,0.0,0.0,0.0004417212383799986,-0.8454986550901339,0.6089016599266392,-0.008080525982231523,-0.008080525982231523,0.0004671982921186649,-0.7994358059165496,0.562838810753055,0.03798232319135275,0.03798232319135275
76,Valle del Cauca,76109,Buenaventura,328686,-0.7368692718967953,-0.5552459012701383,-0.181623370626657,0.0006022580948606134,-0.5552459012701386,-0.18162337062665668,False,False,0.0006022580948606134,-0.5552459012701386,-0.18162337062665668,0.0,0.0,0.0006022580948606134,-0.5552459012701386,-0.18162337062665668,0.0,0.0,0.0006011342626185027,-0.5572778047859754,-0.17959146711081986,-0.0020319035158368193,-0.0020319035158368193,0.0006011342626185027,-0.5572778047859754,-0.17959146711081986,-0.0020319035158368193,-0.0020319035158368193
76,Valle del Cauca,76111,Guadalajara de Buga,132138,-0.4961672594093492,0.3447236176297911,-0.8408908770391403,0.0011000252153826344,0.3447236176297913,-0.8408908770391406,False,False,0.0011000252153826344,0.3447236176297913,-0.8408908770391406,0.0,0.0,0.0011000252153826344,0.3447236176297913,-0.8408908770391406,0.0,0.0,0.0010987827824267282,0.34247728245920056,-0.8386445418685498,-0.002246335170590752,-0.0022463351705908075,0.0010987827824267282,0.34247728245920056,-0.8386445418685498,-0.002246335170590752,-0.0022463351705908075
76,Valle del Cauca,76113,Bugalagrande,25391,-0.4231659141981651,0.5375169025538683,-0.9606828167520334,0.0012066578915758714,0.5375169025538686,-0.9606828167520338,False,False,0.0012066578915758714,0.5375169025538686,-0.9606828167520338,0.0,0.0,0.0012066578915758714,0.5375169025538686,-0.9606828167520338,0.0,0.0,0.001205109071892274,0.5347166161387112,-0.9578825303368763,-0.0028002864151573936,-0.0028002864151575046,0.001205109071892274,0.5347166161387112,-0.9578825303368763,-0.0028002864151573936,-0.0028002864151575046
76,Valle del Cauca,76122,Caicedonia,30115,-0.6135108970563563,1.224026763715406,-1.8375376607717624,0.0015863619033495726,1.2240267637154068,-1.837537660771763,False,False,0.0015863619033495726,1.2240267637154068,-1.837537660771763,0.0,0.0,0.0015863619033495726,1.2240267637154068,-1.837537660771763,0.0,0.0,0.0015852246520454342,1.2219705983584415,-1.8354814954147978,-0.0020561653569652893,-0.0020561653569652893,0.0015852246520454342,1.2219705983584415,-1.8354814954147978,-0.0020561653569652893,-0.0020561653569652893
76,Valle del Cauca,76126,Calima,19194,-0.2572872183198486,-0.443637567269467,0.1863503489496184,0.0006639879177880402,-0.4436375672694673,0.18635034894961872,False,False,0.0006922383335827963,-0.3925604429209038,0.13527322460105523,0.051077124348563485,0.051077124348563485,0.0006639879177880402,-0.4436375672694673,0.18635034894961872,0.0,0.0,0.00066161104971262,-0.4479349760980802,0.19064775777823162,-0.004297408828612903,-0.004297408828612903,0.0006898614655073761,-0.39685785174951677,0.1395706334296682,0.04677971551995053,0.04677971551995053
76,Valle del Cauca,76130,Candelaria,110619,-0.6865429807646368,1.519731712592755,-2.2062746933573916,0.0017499143324437364,1.5197317125927559,-2.2062746933573925,False,False,0.0017531292628141899,1.525544349103901,-2.2120873298685377,0.005812636511145053,0.005812636511145275,0.0017499143324437364,1.5197317125927559,-2.2062746933573925,0.0,0.0,0.0017433147732338838,1.5077996225004777,-2.1943426032651145,-0.011932090092278136,-0.011932090092277914,0.0017465297036043373,1.5136122590116228,-2.20015523977626,-0.006119453581133083,-0.006119453581132639
76,Valle del Cauca,76147,Cartago,142792,0.1101382864431668,1.6352153186145864,-1.5250770321714195,0.001813787542402282,1.6352153186145872,-1.5250770321714204,False,False,0.0018211958807160392,1.6486096919936242,-1.5384714055504574,0.013394373379036928,0.013394373379036928,0.001813787542402282,1.6352153186145872,-1.5250770321714204,0.0,0.0,0.0018124104812630177,1.6327255739128888,-1.522587287469722,-0.002489744701698493,-0.002489744701698493,0.0018196892259521808,1.6458856403094633,-1.5357473538662965,0.010670321694876028,0.010670321694876028
76,Valle del Cauca,76233,Dagua,57738,-0.5083247755189237,-0.5022994315584586,-0.0060253439604651,0.0006315424330706498,-0.5022994315584588,-0.006025343960464946,False,False,0.0006315424330706498,-0.5022994315584588,-0.006025343960464946,0.0,0.0,0.0006315424330706498,-0.5022994315584588,-0.006025343960464946,0.0,0.0,0.0006298253666854976,-0.5054039102290148,-0.0029208652899089804,-0.0031044786705559657,-0.0031044786705559657,0.0006298253666854976,-0.5054039102290148,-0.0029208652899089804,-0.0031044786705559657,-0.0031044786705559657
76,Valle del Cauca,76243,El Águila,9210,-0.6103616921641277,0.0584560997213307,-0.6688177918854584,0.0009416925662252968,0.05845609972133078,-0.6688177918854585,False,False,0.0010162500612902723,0.1932570341294552,-0.8036187262935829,0.1348009344081244,0.13480093440812435,0.0009416925662252968,0.05845609972133078,-0.6688177918854585,0.0,0.0,0.0009367830356294094,0.04957960365270421,-0.6599412958168319,-0.008876496068626567,-0.008876496068626616,0.001007241701836217,0.17696980142625554,-0.7873314935903832,0.11851370170492476,0.1185137017049247
76,Valle del Cauca,76246,El Cairo,7034,0.2308198444671367,-0.1683049014785135,0.3991247459456503,0.0008162725733883085,-0.16830490147851365,0.39912474594565034,False,False,0.0009037663352301521,-0.010115026122803867,0.24093487058994056,0.15818987535570977,0.15818987535570977,0.0008162725733883085,-0.16830490147851365,0.39912474594565034,0.0,0.0,0.0008107778541718696,-0.178239426291086,0.4090592707582227,-0.009934524812572343,-0.009934524812572343,0.0008939832566347986,-0.027802961251156704,0.2586228057182934,0.14050194022735696,0.14050194022735696
76,Valle del Cauca,76248,El Cerrito,56819,-0.2666260617327887,0.7705105320150245,-1.0371365937478132,0.0013355251094107792,0.770510532015025,-1.0371365937478136,False,False,0.0013355251094107792,0.770510532015025,-1.0371365937478136,0.0,0.0,0.0013355251094107792,0.770510532015025,-1.0371365937478136,0.0,0.0,0.001331250985963293,0.7627828604510231,-1.0294089221838116,-0.007727671564001892,-0.007727671564002003,0.001331250985963293,0.7627828604510231,-1.0294089221838116,-0.007727671564001892,-0.007727671564002003
76,Valle del Cauca,76250,El Dovio,9256,-0.0958649244019793,-0.9449436683916488,0.8490787439896694,0.00038671886676426223,-0.9449436683916493,0.8490787439896701,False,False,0.00044805645680878655,-0.8340444966163822,0.7381795722144029,0.11089917177526709,0.1108991717752672,0.00038671886676426223,-0.9449436683916493,0.8490787439896701,0.0,0.0,0.0003828823036845789,-0.9518802250397277,0.8560153006377484,-0.006936556648078351,-0.006936556648078351,0.00044229036882975306,-0.8444696597307786,0.7486047353287992,0.10047400866087075,0.10047400866087086
76,Valle del Cauca,76275,Florida,57543,0.221555286923791,0.0753265367485473,0.1462287501752436,0.0009510234920895976,0.07532653674854742,0.1462287501752436,False,False,0.0009542384224600511,0.08113917325969242,0.1404161136640986,0.005812636511144997,0.005812636511144997,0.0009510234920895976,0.07532653674854742,0.1462287501752436,0.0,0.0,0.0009464637277529249,0.06708242268960993,0.15447286423418108,-0.00824411405893749,-0.00824411405893749,0.0009496786581233784,0.07289505920075492,0.14866022772303608,-0.0024314775477924933,-0.0024314775477924933
76,Valle del Cauca,76306,Ginebra,24240,-0.5376861970995066,0.556261401190035,-1.0939475982895417,0.0012170253483794735,0.5562614011900353,-1.093947598289542,False,False,0.0012170253483794735,0.5562614011900353,-1.093947598289542,0.0,0.0,0.0012170253483794735,0.5562614011900353,-1.093947598289542,0.0,0.0,0.0012134989440854757,0.5498856157171267,-1.0875718128166332,-0.006375785472908624,-0.006375785472908735,0.0012134989440854757,0.5498856157171267,-1.0875718128166332,-0.006375785472908624,-0.006375785472908735
76,Valle del Cauca,76318,Guacarí,34561,-0.4376121736546394,0.5357059843840887,-0.973318158038728,0.0012056562848503747,0.535705984384089,-0.9733181580387285,False,False,0.0012056562848503747,0.535705984384089,-0.9733181580387285,0.0,0.0,0.0012056562848503747,0.535705984384089,-0.9733181580387285,0.0,0.0,0.0012021039142259603,0.5292832514433201,-0.9668954250979596,-0.006422732940768894,-0.006422732940768894,0.0012021039142259603,0.5292832514433201,-0.9668954250979596,-0.006422732940768894,-0.006422732940768894
76,Valle del Cauca,76364,Jamundí,189878,-0.3675386878268446,1.0714039100968324,-1.4389425979236772,0.0015019472239897278,1.0714039100968331,-1.4389425979236776,False,False,0.0015051621543601813,1.077216546607978,-1.4447552344348225,0.005812636511144831,0.005812636511144831,0.0015019472239897278,1.0714039100968331,-1.4389425979236776,0.0,0.0,0.001495432193629339,1.0596246492792272,-1.4271633371060717,-0.011779260817605941,-0.011779260817605941,0.0014986471239997925,1.0654372857903722,-1.432975973617217,-0.005966624306460888,-0.005966624306460666
76,Valle del Cauca,76377,La Cumbre,18290,-0.8029264185646368,-0.2980451915376136,-0.5048812270270231,0.0007445140868593986,-0.29804519153761383,-0.5048812270270229,False,False,0.0007445140868593986,-0.29804519153761383,-0.5048812270270229,0.0,0.0,0.0007445140868593986,-0.29804519153761383,-0.5048812270270229,0.0,0.0,0.0007427149885108476,-0.30129798507990546,-0.5016284334847313,-0.003252793542291632,-0.0032527935422915766,0.0007427149885108476,-0.30129798507990546,-0.5016284334847313,-0.003252793542291632,-0.0032527935422915766
76,Valle del Cauca,76400,La Unión,34777,-0.7171571010632789,0.6068127800666394,-1.3239698811299183,0.0012449849778706841,0.6068127800666397,-1.3239698811299188,False,False,0.0012653295829613091,0.6435960943932614,-1.3607531954565402,0.03678331432662163,0.03678331432662141,0.0012449849778706841,0.6068127800666397,-1.3239698811299188,0.0,0.0,0.0012426240098549893,0.6025441187557146,-1.3197012198189935,-0.004268661310925181,-0.0042686613109252924,0.001262649490800274,0.6387504524186672,-1.3559075534819462,0.03193767235202749,0.03193767235202749
76,Valle del Cauca,76403,La Victoria,12681,-0.2808244674273651,1.3933756015335717,-1.6742000689609369,0.0016800276126810818,1.3933756015335723,-1.6742000689609373,False,False,0.0016800276126810818,1.3933756015335723,-1.6742000689609373,0.0,0.0,0.0016800276126810818,1.3933756015335723,-1.6742000689609373,0.0,0.0,0.001678305305848491,1.3902616480649317,-1.671086115492297,-0.003113953468640629,-0.003113953468640407,0.001678305305848491,1.3902616480649317,-1.671086115492297,-0.003113953468640629,-0.003113953468640407
76,Valle del Cauca,76497,Obando,12572,-0.1782883281724563,1.2965703494194982,-1.4748586775919543,0.0016264852753193333,1.2965703494194991,-1.4748586775919554,False,False,0.0016338936136330903,1.3099647227985356,-1.488253050970992,0.013394373379036484,0.013394373379036484,0.0016264852753193333,1.2965703494194991,-1.4748586775919554,0.0,0.0,0.0016246697143719856,1.2932877912814598,-1.471576119453916,-0.0032825581380393487,-0.0032825581380393487,0.001631948459061149,1.3064478576780347,-1.484736185850491,0.009877508258535617,0.009877508258535617
76,Valle del Cauca,76520,Palmira,378446,-0.6020246308362878,0.5100833990980966,-1.1121080299343844,0.0011914846043319855,0.510083399098097,-1.1121080299343848,False,False,0.0011914846043319855,0.510083399098097,-1.1121080299343848,0.0,0.0,0.0011914846043319855,0.510083399098097,-1.1121080299343848,0.0,0.0,0.0011871135590773583,0.502180491628493,-1.1042051224647809,-0.007902907469603981,-0.007902907469603981,0.0011871135590773583,0.502180491628493,-1.1042051224647809,-0.007902907469603981,-0.007902907469603981
76,Valle del Cauca,76563,Pradera,49776,-0.4329180590403715,0.0803587457156386,-0.5132768047560101,0.0009538067732061358,0.08035874571563867,-0.5132768047560101,False,False,0.0009570217035765893,0.08617138222678367,-0.5190894412671552,0.005812636511144997,0.005812636511145053,0.0009538067732061358,0.08035874571563867,-0.5132768047560101,0.0,0.0,0.0009492730292476398,0.0721616768436247,-0.5050797358839962,-0.008197068872013963,-0.00819706887201388,0.0009524879596180933,0.0779743133547697,-0.5108923723951412,-0.0023844323608689655,-0.0023844323608689377
76,Valle del Cauca,76606,Restrepo,15926,0.372577934342943,-0.1527086165949329,0.5252865509378759,0.0008248987742254551,-0.15270861659493298,0.525286550937876,False,False,0.0008248987742254551,-0.15270861659493298,0.525286550937876,0.0,0.0,0.0008248987742254551,-0.15270861659493298,0.525286550937876,0.0,0.0,0.0008230175167159858,-0.15610995498375319,0.5286878893266962,-0.003401338388820202,-0.0034013383888201743,0.0008230175167159858,-0.15610995498375319,0.5286878893266962,-0.003401338388820202,-0.0034013383888201743
76,Valle del Cauca,76616,Riofrío,16128,-0.4623218350497393,-0.8092322424420954,0.346910407392356,0.00046177994861003313,-0.8092322424420959,0.3469104073923566,False,False,0.0004747162153869011,-0.7858433014945108,0.3235214664447715,0.023388940947585146,0.023388940947585146,0.00046177994861003313,-0.8092322424420959,0.3469104073923566,0.0,0.0,0.0004591430680904032,-0.8139997571991157,0.3516779221493764,-0.004767514757019753,-0.004767514757019753,0.0004718898043465245,-0.7909534899327377,0.32863165488299845,0.018278752509358176,0.018278752509358176
76,Valle del Cauca,76622,Roldanillo,38443,0.1460835052384592,-0.042227041846414,0.1883105470848732,0.0008860053941480168,-0.04222704184641408,0.18831054708487327,False,False,0.0009063499992386419,-0.005443727519792242,0.15152723275825145,0.03678331432662184,0.036783314326621824,0.0008860053941480168,-0.04222704184641408,0.18831054708487327,0.0,0.0,0.0008827158553056626,-0.04817457145875844,0.19425807669721765,-0.005947529612344363,-0.005947529612344377,0.0009027413362509471,-0.011968237795805931,0.15805174303426514,0.030258804050608146,0.03025880405060813
76,Valle del Cauca,76670,San Pedro,17270,-0.4371911938985329,0.1367535221315906,-0.5739447160301235,0.0009849983467867217,0.13675352213159075,-0.5739447160301236,False,False,0.0009849983467867217,0.13675352213159075,-0.5739447160301236,0.0,0.0,0.0009849983467867217,0.13675352213159075,-0.5739447160301236,0.0,0.0,0.0009834014580813628,0.13386632629111145,-0.5710575201896444,-0.0028871958404793063,-0.002887195840479251,0.0009834014580813628,0.13386632629111145,-0.5710575201896444,-0.0028871958404793063,-0.002887195840479251
76,Valle del Cauca,76736,Sevilla,43923,-0.3672659558703925,0.4779308877122167,-0.8451968435826092,0.0011737012653699462,0.477930887712217,-0.8451968435826095,False,False,0.0011737012653699462,0.477930887712217,-0.8451968435826095,0.0,0.0,0.0011737012653699462,0.477930887712217,-0.8451968435826095,0.0,0.0,0.0011727320827781816,0.4761785928038634,-0.8434445486742559,-0.0017522949083536021,-0.0017522949083536021,0.0011727320827781816,0.4761785928038634,-0.8434445486742559,-0.0017522949083536021,-0.0017522949083536021
76,Valle del Cauca,76823,Toro,14973,-0.1710802346529429,0.1879876029374916,-0.3590678375904345,0.0010133355741480648,0.18798760293749173,-0.3590678375904346,False,False,0.0010336801792386898,0.22477091726411338,-0.3958511519170563,0.03678331432662166,0.036783314326621686,0.0010133355741480648,0.18798760293749173,-0.3590678375904346,0.0,0.0,0.001011267814592205,0.18424906638904268,-0.35532930104198557,-0.0037385365484490507,-0.003738536548449023,0.0010312932955374894,0.220455400051995,-0.3915356347049379,0.03246779711450326,0.032467797114503316
76,Valle del Cauca,76828,Trujillo,19948,-0.590185324710758,-0.644895406191759,0.0547100814810009,0.0005526735534023578,-0.6448954061917594,0.05471008148100143,False,False,0.0005656098201792258,-0.6215064652441744,0.03132114053341639,0.023388940947585035,0.023388940947585035,0.0005526735534023578,-0.6448954061917594,0.05471008148100143,0.0,0.0,0.000548890220503471,-0.6517357219709108,0.06155039726015277,-0.00684031577915134,-0.00684031577915134,0.0005616369567595922,-0.628689454704533,0.03850412999377495,0.016205951487226478,0.016205951487226478
76,Valle del Cauca,76834,Tuluá,224250,-0.5377654395666739,0.6060598740173561,-1.14382531358403,0.0012445685505714202,0.6060598740173564,-1.1438253135840304,False,False,0.0012445685505714202,0.6060598740173564,-1.1438253135840304,0.0,0.0,0.0012445685505714202,0.6060598740173564,-1.1438253135840304,0.0,0.0,0.0012430610578922962,0.6033343073713441,-1.141099746938018,-0.002725566646012312,-0.002725566646012423,0.0012430610578922962,0.6033343073713441,-1.141099746938018,-0.002725566646012312,-0.002725566646012423
76,Valle del Cauca,76845,Ulloa,5636,-0.7054240533011178,3.2524500610251095,-3.957874114326227,0.00270826925987406,3.2524500610251117,-3.9578741143262297,False,False,0.00270826925987406,3.2524500610251117,-3.9578741143262297,0.0,0.0,0.00270826925987406,3.2524500610251117,-3.9578741143262297,0.0,0.0,0.0027067451543878124,3.2496944582047154,-3.955118511505833,-0.00275560282039633,-0.002755602820396774,0.0027067451543878124,3.2496944582047154,-3.955118511505833,-0.00275560282039633,-0.002755602820396774
76,Valle del Cauca,76863,Versalles,7457,-0.1672866406562423,-0.0848232072742021,-0.0824634333820401,0.0008624457399986329,-0.08482320727420221,-0.08246343338204008,False,False,0.0009096204674518641,0.0004693221435610888,-0.1677559627998034,0.0852925294177633,0.08529252941776332,0.0008624457399986329,-0.08482320727420221,-0.08246343338204008,0.0,0.0,0.0008591856677354362,-0.09071746092279835,-0.07656917973344395,-0.005894253648596137,-0.005894253648596137,0.0009045530413421266,-0.008692651096573164,-0.15859398955966914,0.07613055617762905,0.07613055617762905
76,Valle del Cauca,76869,Vijes,13893,1.023077982131246,-0.0643053656404802,1.087383347771726,0.0008737940209513351,-0.06430536564048024,1.087383347771726,False,False,0.0008737940209513351,-0.06430536564048024,1.087383347771726,0.0,0.0,0.0008737940209513351,-0.06430536564048024,1.087383347771726,0.0,0.0,0.0008718299141260028,-0.06785649668507106,1.0909344788163169,-0.003551131044590816,-0.003551131044590816,0.0008718299141260028,-0.06785649668507106,1.0909344788163169,-0.003551131044590816,-0.003551131044590816
76,Valle del Cauca,76890,Yotoco,16743,-0.8441676676065171,-0.1655648339749967,-0.6786028336315203,0.0008177880863947141,-0.16556483397499686,-0.6786028336315202,False,False,0.0008177880863947141,-0.16556483397499686,-0.6786028336315202,0.0,0.0,0.0008177880863947141,-0.16556483397499686,-0.6786028336315202,0.0,0.0,0.0008152693957911412,-0.17011865980499175,-0.6740490078015253,-0.00455382582999489,-0.004553825829994862,0.0008152693957911412,-0.17011865980499175,-0.6740490078015253,-0.00455382582999489,-0.004553825829994862
76,Valle del Cauca,76892,Yumbo,114676,0.0177089258705257,1.076582455531653,-1.0588735296611274,0.0015048114428276435,1.0765824555316537,-1.058873529661128,False,False,0.0015048114428276435,1.0765824555316537,-1.058873529661128,0.0,0.0,0.0015048114428276435,1.0765824555316537,-1.058873529661128,0.0,0.0,0.0015005791724088606,1.0689304547955423,-1.0512215289250166,-0.007652000736111386,-0.007652000736111386,0.0015005791724088606,1.0689304547955423,-1.0512215289250166,-0.007652000736111386,-0.007652000736111386
76,Valle del Cauca,76895,Zarzal,43760,-0.4737960525246502,0.5256354825404722,-0.9994315350651224,0.001200086357647689,0.5256354825404725,-0.9994315350651227,False,False,0.0012130226244245568,0.5490244234880574,-1.0228204760127075,0.023388940947584813,0.023388940947584813,0.001200086357647689,0.5256354825404725,-0.9994315350651227,0.0,0.0,0.0011982769117052287,0.5223639804119198,-0.99616003293657,-0.0032715021285527612,-0.0032715021285527612,0.0012110236479613502,0.5454102476782979,-1.0192063002029481,0.01977476513782539,0.01977476513782539
81,Arauca,81001,Arauca,90619,0.2428062566592184,0.8099363109503416,-0.5671300542911232,0.0013573312439996027,0.8099363109503421,-0.5671300542911237,False,False,0.0013573312439996027,0.8099363109503421,-0.5671300542911237,0.0,0.0,0.0013573312439996027,0.8099363109503421,-0.5671300542911237,0.0,0.0,0.0013573312439996027,0.8099363109503421,-0.5671300542911237,0.0,0.0,0.0013573312439996027,0.8099363109503421,-0.5671300542911237,0.0,0.0
81,Arauca,81065,Arauquita,53319,0.1621068506205085,-0.4957904238141146,0.6578972744346232,0.0006351425217117828,-0.4957904238141149,0.6578972744346234,False,False,0.0006351425217117828,-0.4957904238141149,0.6578972744346234,0.0,0.0,0.0006351425217117828,-0.4957904238141149,0.6578972744346234,0.0,0.0,0.0006351425217117828,-0.4957904238141149,0.6578972744346234,0.0,0.0,0.0006351425217117828,-0.4957904238141149,0.6578972744346234,0.0,0.0
81,Arauca,81220,Cravo Norte,4135,0.1349336599035318,-1.2068902431613528,1.3418239030648846,0.0002418379685610641,-1.2068902431613535,1.3418239030648853,True,False,0.0014510278113663846,0.979340940503264,-0.8444072805997322,2.1862311836646176,2.1862311836646176,0.0002418379685610641,-1.2068902431613535,1.3418239030648853,0.0,0.0,0.0002418379685610641,-1.2068902431613535,1.3418239030648853,0.0,0.0,0.0014510278113663846,0.979340940503264,-0.8444072805997322,2.1862311836646176,2.1862311836646176
81,Arauca,81300,Fortul,20073,0.3907240859827348,0.6369838264567438,-0.246259740474009,0.0012616723817986482,0.6369838264567441,-0.24625974047400934,False,False,0.0012616723817986482,0.6369838264567441,-0.24625974047400934,0.0,0.0,0.0012616723817986482,0.6369838264567441,-0.24625974047400934,0.0,0.0,0.0012601970654029333,0.634316434955505,-0.24359234897277027,-0.002667391501239069,-0.002667391501239069,0.0012601970654029333,0.634316434955505,-0.24359234897277027,-0.002667391501239069,-0.002667391501239069
81,Arauca,81591,Puerto Rondón,4673,-0.1877450658604681,-1.0582695242618383,0.8705244584013704,0.000324039093980235,-1.0582695242618392,0.870524458401371,False,False,0.000324039093980235,-1.0582695242618392,0.870524458401371,0.0,0.0,0.000324039093980235,-1.0582695242618392,0.870524458401371,0.0,0.0,0.000324039093980235,-1.0582695242618392,0.870524458401371,0.0,0.0,0.000324039093980235,-1.0582695242618392,0.870524458401371,0.0,0.0
81,Arauca,81736,Saravena,58996,0.306616837242004,0.820481687333785,-0.5138648500917811,0.0013631638211335747,0.8204816873337855,-0.5138648500917815,False,False,0.0013631638211335747,0.8204816873337855,-0.5138648500917815,0.0,0.0,0.0013631638211335747,0.8204816873337855,-0.5138648500917815,0.0,0.0,0.0013616885047378598,0.8178142958325464,-0.5111974585905423,-0.002667391501239069,-0.0026673915012391802,0.0013616885047378598,0.8178142958325464,-0.5111974585905423,-0.002667391501239069,-0.0026673915012391802
81,Arauca,81794,Tame,46068,0.8808251358038592,1.1745618542950458,-0.2937367184911865,0.0015590031928466304,1.1745618542950464,-0.2937367184911872,False,False,0.0015590031928466304,1.1745618542950464,-0.2937367184911872,0.0,0.0,0.0015590031928466304,1.1745618542950464,-0.2937367184911872,0.0,0.0,0.0015522972092297449,1.1624373474712328,-0.2816122116673736,-0.012124506823813608,-0.012124506823813608,0.0015522972092297449,1.1624373474712328,-0.2816122116673736,-0.012124506823813608,-0.012124506823813608
85,Casanare,85001,Yopal,192468,0.2622316061093541,1.5177512120821974,-1.2555196059728433,0.0017488189308599831,1.5177512120821983,-1.2555196059728442,False,False,0.0017488189308599831,1.5177512120821983,-1.2555196059728442,0.0,0.0,0.0017488189308599831,1.5177512120821983,-1.2555196059728442,0.0,0.0,0.0017486939615729117,1.517525265962967,-1.2552936598536129,-0.0002259461192313239,-0.0002259461192313239,0.0017486939615729117,1.517525265962967,-1.2552936598536129,-0.0002259461192313239,-0.0002259461192313239
85,Casanare,85010,Aguazul,39218,-0.4290726627591075,0.0295058165086471,-0.4585784792677546,0.0009256803582444209,0.02950581650864714,-0.45857847926775464,False,False,0.0009256803582444209,0.02950581650864714,-0.45857847926775464,0.0,0.0,0.0009256803582444209,0.02950581650864714,-0.45857847926775464,0.0,0.0,0.0009255553889573496,0.02927987038941599,-0.4583525331485235,-0.00022594611923115043,-0.00022594611923115737,0.0009255553889573496,0.02927987038941599,-0.4583525331485235,-0.00022594611923115043,-0.00022594611923115737
85,Casanare,85015,Chámeza,2691,-0.8256961833083211,-0.7357671617918501,-0.0899290215164709,0.0005024129932701344,-0.7357671617918505,-0.08992902151647053,False,False,0.0005024129932701344,-0.7357671617918505,-0.08992902151647053,0.0,0.0,0.0005024129932701344,-0.7357671617918505,-0.08992902151647053,0.0,0.0,0.000502410416005623,-0.7357718215200784,-0.0899243617882427,-4.659728227829341e-06,-4.659728227829341e-06,0.000502410416005623,-0.7357718215200784,-0.0899243617882427,-4.659728227829341e-06,-4.659728227829341e-06
85,Casanare,85125,Hato Corozal,13104,-0.2778382927441108,-0.8509926049734038,0.573154312229293,0.00043868257145155575,-0.8509926049734043,0.5731543122292935,False,False,0.00043868257145155575,-0.8509926049734043,0.5731543122292935,0.0,0.0,0.00043868257145155575,-0.8509926049734043,0.5731543122292935,0.0,0.0,0.00043868257145155575,-0.8509926049734043,0.5731543122292935,0.0,0.0,0.00043868257145155575,-0.8509926049734043,0.5731543122292935,0.0,0.0
85,Casanare,85136,La Salina,1518,0.7507486559436357,-1.2120611999434914,1.962809855887127,0.00023897794695618228,-1.2120611999434923,1.9628098558871279,True,True,0.0004145382050022684,-0.8946459379511245,1.64539459389476,0.3174152619923678,0.3174152619923678,0.0009336658537827877,0.043943697761841684,0.706804958181794,1.256004897705334,1.256004897705334,0.0005424070775722072,-0.6634573298960987,1.4142059858397344,0.5486038700473935,0.5486038700473934,0.0014126552424448986,0.9099628298016024,-0.15921417385796666,2.1220240297450945,2.1220240297450945
85,Casanare,85139,Maní,19474,-0.1498341127057439,-0.8141119426840309,0.664277829978287,0.00045908101904916553,-0.8141119426840313,0.6642778299782874,False,False,0.00045908101904916553,-0.8141119426840313,0.6642778299782874,0.0,0.0,0.00045908101904916553,-0.8141119426840313,0.6642778299782874,0.0,0.0,0.00045908101904916553,-0.8141119426840313,0.6642778299782874,0.0,0.0,0.00045908101904916553,-0.8141119426840313,0.6642778299782874,0.0,0.0
85,Casanare,85162,Monterrey,18836,-0.4445574172245765,-0.3118660315442224,-0.1326913856803541,0.0007368698727067967,-0.3118660315442226,-0.13269138568035388,False,False,0.0007368698727067967,-0.3118660315442226,-0.13269138568035388,0.0,0.0,0.0007368698727067967,-0.3118660315442226,-0.13269138568035388,0.0,0.0,0.0007356354593997713,-0.3140978670838667,-0.13045955014070976,-0.0022318355396441225,-0.0022318355396441225,0.0007356354593997713,-0.3140978670838667,-0.13045955014070976,-0.0022318355396441225,-0.0022318355396441225
85,Casanare,85225,Nunchía,9365,-0.3146351548012264,-0.7884069589790723,0.4737718041778459,0.00047329827358187756,-0.7884069589790728,0.47377180417784637,False,False,0.0005123301136279778,-0.7178368773890538,0.4032017225878274,0.07057008159001898,0.07057008159001898,0.00047329827358187756,-0.7884069589790728,0.47377180417784637,0.0,0.0,0.0004731733042948063,-0.7886329050983039,0.47399775029707747,-0.00022594611923110186,-0.00022594611923110186,0.0005122051443409064,-0.7180628235082851,0.4034276687070587,0.07034413547078766,0.07034413547078766
85,Casanare,85230,Orocué,14229,-0.4052444182537722,-1.1758932068780272,0.770648788624255,0.0002589822219734768,-1.175893206878028,0.7706487886242557,False,False,0.0002589822219734768,-1.175893206878028,0.7706487886242557,0.0,0.0,0.0002589822219734768,-1.175893206878028,0.7706487886242557,0.0,0.0,0.0002589822219734768,-1.175893206878028,0.7706487886242557,0.0,0.0,0.0002589822219734768,-1.175893206878028,0.7706487886242557,0.0,0.0
85,Casanare,85250,Paz de Ariporo,38468,-0.2658181185828289,0.0955198428018382,-0.3613379613846671,0.0009621922745837569,0.0955198428018383,-0.3613379613846672,False,False,0.0009621922745837569,0.0955198428018383,-0.3613379613846672,0.0,0.0,0.0009621922745837569,0.0955198428018383,-0.3613379613846672,0.0,0.0,0.0009621922745837569,0.0955198428018383,-0.3613379613846672,0.0,0.0,0.0009621922745837569,0.0955198428018383,-0.3613379613846672,0.0,0.0
85,Casanare,85263,Pore,13407,-0.3794659927391277,-0.7444075475141072,0.3649415547749795,0.0004976340537273544,-0.7444075475141076,0.36494155477497997,False,False,0.0005366658937734546,-0.6738374659240887,0.294371473184961,0.07057008159001898,0.07057008159001898,0.0004976340537273544,-0.7444075475141076,0.36494155477497997,0.0,0.0,0.0004975090844402831,-0.7446334936333387,0.3651675008942111,-0.00022594611923110186,-0.00022594611923110186,0.0005365409244863833,-0.6740634120433198,0.2945974193041921,0.07034413547078788,0.07034413547078788
85,Casanare,85279,Recetor,1728,-0.1332646827341109,0.1647987194515569,-0.2980634021856678,0.0010005099578149434,0.16479871945155702,-0.29806340218566796,False,False,0.0010005099578149434,0.16479871945155702,-0.29806340218566796,0.0,0.0,0.0010005099578149434,0.16479871945155702,-0.29806340218566796,0.0,0.0,0.001000383374567529,0.16456985527073922,-0.29783453800485016,-0.00022886418081780047,-0.00022886418081780047,0.001000383374567529,0.16456985527073922,-0.29783453800485016,-0.00022886418081780047,-0.00022886418081780047
85,Casanare,85300,Sabanalarga,3836,-0.201858001351994,-0.4969396755950477,0.2950816742430537,0.0006345068782397138,-0.49693967559504804,0.29508167424305404,False,False,0.0006345068782397138,-0.49693967559504804,0.29508167424305404,0.0,0.0,0.0006345068782397138,-0.49693967559504804,0.29508167424305404,0.0,0.0,0.0006332724649326884,-0.49917151113469194,0.29731350978269794,-0.0022318355396439005,-0.0022318355396439005,0.0006332724649326884,-0.49917151113469194,0.29731350978269794,-0.0022318355396439005,-0.0022318355396439005
85,Casanare,85315,Sácama,2125,-0.8256961833083211,-0.686591672215808,-0.1391045110925131,0.0005296116275932696,-0.6865916722158084,-0.13910451109251265,False,False,0.0007497338931292372,-0.28860771295829174,-0.5370884703500294,0.3979839592575167,0.39798395925751673,0.0010019994042353613,0.16749165822381856,-0.9931878415321396,0.8540833304396269,0.8540833304396269,0.0005274047443117966,-0.6905817462950538,-0.1351144370132673,-0.003990074079245343,-0.003990074079245343,0.0012199147864898558,0.5614855434020897,-1.3871817267104107,1.248077215617898,1.248077215617898
85,Casanare,85325,San Luis de Palenque,8976,-0.2924868994436886,-1.2704256473983306,0.977938747954642,0.00020669696150017988,-1.2704256473983313,0.9779387479546426,False,False,0.00020669696150017988,-1.2704256473983313,0.9779387479546426,0.0,0.0,0.00020669696150017988,-1.2704256473983313,0.9779387479546426,0.0,0.0,0.00020669696150017988,-1.2704256473983313,0.9779387479546426,0.0,0.0,0.00020669696150017988,-1.2704256473983313,0.9779387479546426,0.0,0.0
85,Casanare,85400,Támara,7293,-0.0053742081319635,-1.280875764592437,1.2755015564604733,0.00020091707158659012,-1.2808757645924376,1.2755015564604741,True,False,0.00041039773022502135,-0.9021319709566562,0.8967577628246927,0.37874379363578137,0.3787437936357815,0.0003537484110884433,-1.0045546870972641,0.9991804789653006,0.27632107749517343,0.27632107749517354,0.00021920329649315515,-1.2478140287863475,1.242439820654384,0.033061735806090065,0.033061735806090065,0.0005815152946334396,-0.5927491576553926,0.5873749495234291,0.688126606937045,0.6881266069370451
85,Casanare,85410,Tauramena,25904,-0.5023618939728653,0.0911044229341316,-0.593466316906997,0.0009597501353920535,0.09110442293413169,-0.593466316906997,False,False,0.0009597501353920535,0.09110442293413169,-0.593466316906997,0.0,0.0,0.0009597501353920535,0.09110442293413169,-0.593466316906997,0.0,0.0,0.000958515722085028,0.08887258739448756,-0.5912344813673529,-0.0022318355396441364,-0.0022318355396441225,0.000958515722085028,0.08887258739448756,-0.5912344813673529,-0.0022318355396441364,-0.0022318355396441225
85,Casanare,85430,Trinidad,14036,-0.3994630567080663,-0.6261516688492104,0.226688612141144,0.0005630405891395526,-0.6261516688492108,0.2266886121411445,False,False,0.0005630405891395526,-0.6261516688492108,0.2266886121411445,0.0,0.0,0.0005630405891395526,-0.6261516688492108,0.2266886121411445,0.0,0.0,0.0005630405891395526,-0.6261516688492108,0.2266886121411445,0.0,0.0,0.0005630405891395526,-0.6261516688492108,0.2266886121411445,0.0,0.0
85,Casanare,85440,Villanueva,40889,0.0814468288161937,-0.0078800348376252,0.0893268636538189,0.0009050024939589222,-0.007880034837625257,0.08932686365381895,False,False,0.0009307468089120629,0.03866602613660757,0.04278080267958612,0.04654606097423283,0.04654606097423283,0.0009050024939589222,-0.007880034837625257,0.08932686365381895,0.0,0.0,0.0009011870346462981,-0.014778435596525188,0.09622526441271888,-0.0068984007588999315,-0.006898400758899928,0.0009269313495994388,0.031767625377707644,0.04967920343848605,0.0396476602153329,0.0396476602153329
86,Putumayo,86001,Mocoa,65766,-0.0681153460150904,0.2683524569824117,-0.3364678029975021,0.0010577848373164549,0.2683524569824119,-0.3364678029975023,False,False,0.0010577848373164549,0.2683524569824119,-0.3364678029975023,0.0,0.0,0.0010577848373164549,0.2683524569824119,-0.3364678029975023,0.0,0.0,0.0010577848373164549,0.2683524569824119,-0.3364678029975023,0.0,0.0,0.0010577848373164549,0.2683524569824119,-0.3364678029975023,0.0,0.0
86,Putumayo,86219,Colón,5762,-0.3805454643697605,1.5357335567681454,-1.916279021137906,0.001758764845412178,1.5357335567681463,-1.9162790211379068,False,False,0.001758764845412178,1.5357335567681463,-1.9162790211379068,0.0,0.0,0.001758764845412178,1.5357335567681463,-1.9162790211379068,0.0,0.0,0.001758764845412178,1.5357335567681463,-1.9162790211379068,0.0,0.0,0.001758764845412178,1.5357335567681463,-1.9162790211379068,0.0,0.0
86,Putumayo,86320,Orito,38938,0.1874644156055813,0.4412199105013661,-0.2537554948957848,0.0011533966694541522,0.44121991050136644,-0.25375549489578514,False,False,0.0011533966694541522,0.44121991050136644,-0.25375549489578514,0.0,0.0,0.0011533966694541522,0.44121991050136644,-0.25375549489578514,0.0,0.0,0.0011533966694541522,0.44121991050136644,-0.25375549489578514,0.0,0.0,0.0011533966694541522,0.44121991050136644,-0.25375549489578514,0.0,0.0
86,Putumayo,86568,Puerto Asís,71540,0.3916298605416429,-0.5153281189005561,0.9069579794421988,0.0006243363532576526,-0.5153281189005564,0.9069579794421994,False,False,0.0006243363532576526,-0.5153281189005564,0.9069579794421994,0.0,0.0,0.0006243363532576526,-0.5153281189005564,0.9069579794421994,0.0,0.0,0.0006243363532576526,-0.5153281189005564,0.9069579794421994,0.0,0.0,0.0006243363532576526,-0.5153281189005564,0.9069579794421994,0.0,0.0
86,Putumayo,86569,Puerto Caicedo,17329,-0.3125286658726441,-0.7800861086893454,0.4675574428167012,0.0004779004802144699,-0.7800861086893458,0.4675574428167017,False,False,0.0004779004802144699,-0.7800861086893458,0.4675574428167017,0.0,0.0,0.0004779004802144699,-0.7800861086893458,0.4675574428167017,0.0,0.0,0.0004779004802144699,-0.7800861086893458,0.4675574428167017,0.0,0.0,0.0004779004802144699,-0.7800861086893458,0.4675574428167017,0.0,0.0
86,Putumayo,86571,Puerto Guzmán,41134,-0.5922414624742125,-1.2141593674613862,0.6219179049871737,0.0002378174645378089,-1.2141593674613869,0.6219179049871744,False,False,0.00027275424801614045,-1.1509932021551468,0.5587517396809343,0.06316616530624009,0.06316616530624009,0.0002378174645378089,-1.2141593674613869,0.6219179049871744,0.0,0.0,0.00023688969226147972,-1.215836791973277,0.6235953294990646,-0.0016774245118902353,-0.0016774245118902353,0.00026950704504898835,-1.1568641879467627,0.5646227254725502,0.05729517951462415,0.05729517951462415
86,Putumayo,86573,Puerto Leguízamo,36170,-0.5973771668505864,-1.1942576106651983,0.5968804438146121,0.00024882499308819466,-1.1942576106651992,0.5968804438146128,False,False,0.00024882499308819466,-1.1942576106651992,0.5968804438146128,0.0,0.0,0.00024882499308819466,-1.1942576106651992,0.5968804438146128,0.0,0.0,0.00024882499308819466,-1.1942576106651992,0.5968804438146128,0.0,0.0,0.00024882499308819466,-1.1942576106651992,0.5968804438146128,0.0,0.0
86,Putumayo,86749,Sibundoy,16037,0.2486807697489045,0.4015486408159159,-0.1528678710670114,0.0011314547555736501,0.40154864081591624,-0.15286787106701175,False,False,0.0011314547555736501,0.40154864081591624,-0.15286787106701175,0.0,0.0,0.0011314547555736501,0.40154864081591624,-0.15286787106701175,0.0,0.0,0.0011314547555736501,0.40154864081591624,-0.15286787106701175,0.0,0.0,0.0011314547555736501,0.40154864081591624,-0.15286787106701175,0.0,0.0
86,Putumayo,86755,San Francisco,5670,0.0482468139051957,0.2643679291759598,-0.2161211152707641,0.001055581021641362,0.26436792917596,-0.21612111527076433,False,False,0.001055581021641362,0.26436792917596,-0.21612111527076433,0.0,0.0,0.001055581021641362,0.26436792917596,-0.21612111527076433,0.0,0.0,0.001055581021641362,0.26436792917596,-0.21612111527076433,0.0,0.0,0.001055581021641362,0.26436792917596,-0.21612111527076433,0.0,0.0
86,Putumayo,86757,San Miguel,19566,0.1214364018749444,-0.5340547469734597,0.6554911488484041,0.0006139787805430454,-0.53405474697346,0.6554911488484044,False,False,0.0006139787805430454,-0.53405474697346,0.6554911488484044,0.0,0.0,0.0006139787805430454,-0.53405474697346,0.6554911488484044,0.0,0.0,0.0006139787805430454,-0.53405474697346,0.6554911488484044,0.0,0.0,0.0006139787805430454,-0.53405474697346,0.6554911488484044,0.0,0.0
86,Putumayo,86760,Santiago,7308,0.1865057145124599,1.415427251754095,-1.2289215372416349,0.0016922242329026709,1.4154272517540958,-1.2289215372416358,False,False,0.0016922242329026709,1.4154272517540958,-1.2289215372416358,0.0,0.0,0.0016922242329026709,1.4154272517540958,-1.2289215372416358,0.0,0.0,0.0016922242329026709,1.4154272517540958,-1.2289215372416358,0.0,0.0,0.0016922242329026709,1.4154272517540958,-1.2289215372416358,0.0,0.0
86,Putumayo,86865,Valle del Guamuez,34604,0.3797766329492157,-0.0809307369294747,0.4607073698786904,0.000864598639307468,-0.08093073692947475,0.46070736987869043,False,False,0.000864598639307468,-0.08093073692947475,0.46070736987869043,0.0,0.0,0.000864598639307468,-0.08093073692947475,0.46070736987869043,0.0,0.0,0.000864598639307468,-0.08093073692947475,0.46070736987869043,0.0,0.0,0.000864598639307468,-0.08093073692947475,0.46070736987869043,0.0,0.0
86,Putumayo,86885,Villagarzón,25576,0.8415443285895934,-0.217180253987548,1.0587245825771414,0.0007892399428691564,-0.21718025398754814,1.0587245825771414,False,False,0.0007892399428691564,-0.21718025398754814,1.0587245825771414,0.0,0.0,0.0007892399428691564,-0.21718025398754814,1.0587245825771414,0.0,0.0,0.0007892399428691564,-0.21718025398754814,1.0587245825771414,0.0,0.0,0.0007892399428691564,-0.21718025398754814,1.0587245825771414,0.0,0.0
88,"Archipiélago de San Andrés, Providencia y Santa Catalina",88001,San Andrés,56965,-0.206994760826975,1.1488971481646393,-1.3558919089916142,0.0015448082155709647,1.14889714816464,-1.355891908991615,False,False,0.0015448082155709647,1.14889714816464,-1.355891908991615,0.0,0.0,0.0015448082155709647,1.14889714816464,-1.355891908991615,0.0,0.0,0.0015448082155709647,1.14889714816464,-1.355891908991615,0.0,0.0,0.0015448082155709647,1.14889714816464,-1.355891908991615,0.0,0.0
88,"Archipiélago de San Andrés, Providencia y Santa Catalina",88564,Providencia,6285,0.8592721209536284,-0.2057807210313981,1.0650528419850265,0.0007955449482895784,-0.20578072103139822,1.0650528419850267,False,False,0.0007955449482895784,-0.20578072103139822,1.0650528419850267,0.0,0.0,0.0007955449482895784,-0.20578072103139822,1.0650528419850267,0.0,0.0,0.0007955449482895784,-0.20578072103139822,1.0650528419850267,0.0,0.0,0.0007955449482895784,-0.20578072103139822,1.0650528419850267,0.0,0.0
91,Amazonas,91001,Leticia,53059,0.8064909790086716,0.22949266233576,0.5769983166729116,0.001036291744851518,0.22949266233576018,0.5769983166729115,False,False,0.0010844170877445862,0.3165039170063117,0.4899870620023599,0.08701125467055151,0.08701125467055154,0.001036291744851518,0.22949266233576018,0.5769983166729115,0.0,0.0,0.001036291744851518,0.22949266233576018,0.5769983166729115,0.0,0.0,0.0010844170877445862,0.3165039170063117,0.4899870620023599,0.08701125467055151,0.08701125467055154
91,Amazonas,91263,El Encanto (ANM),2211,1.595564157962299,-0.826400980622165,2.421965138584464,0.0004522840343735866,-0.8264009806221655,2.4219651385844645,True,False,0.0027137042062415195,3.2622765157383915,-1.6667123577760925,4.088677496360557,4.088677496360557,0.0004522840343735866,-0.8264009806221655,2.4219651385844645,0.0,0.0,0.0004522840343735866,-0.8264009806221655,2.4219651385844645,0.0,0.0,0.0027137042062415195,3.2622765157383915,-1.6667123577760925,4.088677496360557,4.088677496360557
91,Amazonas,91405,La Chorrera (ANM),3127,1.3441037907085718,-1.065942303722022,2.410046094430594,0.0003197953309881676,-1.0659423037220228,2.4100460944305944,True,False,0.0019187719859290054,1.8250285771392478,-0.48092478643067604,2.8909708808612704,2.8909708808612704,0.0003197953309881676,-1.0659423037220228,2.4100460944305944,0.0,0.0,0.0003197953309881676,-1.0659423037220228,2.4100460944305944,0.0,0.0,0.0019187719859290054,1.8250285771392478,-0.48092478643067604,2.8909708808612704,2.8909708808612704
91,Amazonas,91407,La Pedrera (ANM),4073,1.4872774848518706,-1.200234395708016,2.6875118805598865,0.00024551927326295114,-1.2002343957080166,2.687511880559887,True,True,0.0014731156395777069,1.0192760252232853,0.4680014596285853,2.219510420931302,2.219510420931302,0.007611097471151486,12.116828129879798,-10.629550645027926,13.317062525587815,13.317062525587813,0.00024551927326295114,-1.2002343957080166,2.687511880559887,0.0,0.0,0.00883869383746624,14.336338550811098,-12.849061065959226,15.536572946519115,15.536572946519113
91,Amazonas,91430,La Victoria (ANM),681,1.18790043564144,0.3769398876839413,0.8109605479574986,0.001117843818837578,0.37693988768394154,0.8109605479574984,False,False,0.001117843818837578,0.37693988768394154,0.8109605479574984,0.0,0.0,0.001117843818837578,0.37693988768394154,0.8109605479574984,0.0,0.0,0.0009833488150974522,0.13377114708189847,1.0541292885595415,-0.24316874060204308,-0.24316874060204308,0.0009833488150974522,0.13377114708189847,1.0541292885595415,-0.24316874060204308,-0.24316874060204308
91,Amazonas,91460,Miriti - Paraná (ANM),2043,1.7735693700478208,-0.75915694543973,2.532726315487551,0.0004894762604013706,-0.7591569454397304,2.532726315487551,True,False,0.002936857562408223,3.665740726833002,-1.892171356785181,4.424897672272732,4.424897672272732,0.0004894762604013706,-0.7591569454397304,2.532726315487551,0.0,0.0,0.0005959333678649816,-0.5666810910943736,2.3402504611421944,0.19247585434535686,0.19247585434535663,0.003043314669871834,3.8582165811783584,-2.0846472111305374,4.617373526618088,4.617373526618088
91,Amazonas,91530,Puerto Alegría (ANM),793,-0.5691063675777011,0.6358297103839554,-1.2049360779616565,0.0012610340479192938,0.6358297103839557,-1.2049360779616567,False,False,0.0012610340479192938,0.6358297103839557,-1.2049360779616567,0.0,0.0,0.0012610340479192938,0.6358297103839557,-1.2049360779616567,0.0,0.0,0.0012610340479192938,0.6358297103839557,-1.2049360779616567,0.0,0.0,0.0012610340479192938,0.6358297103839557,-1.2049360779616567,0.0,0.0
91,Amazonas,91536,Puerto Arica (ANM),1067,0.5522822294159588,0.0503463588036035,0.5019358706123552,0.0009372071227741331,0.0503463588036036,0.5019358706123552,False,False,0.0009372071227741331,0.0503463588036036,0.5019358706123552,0.0,0.0,0.0009372071227741331,0.0503463588036036,0.5019358706123552,0.0,0.0,0.0009372071227741331,0.0503463588036036,0.5019358706123552,0.0,0.0,0.0009372071227741331,0.0503463588036036,0.5019358706123552,0.0,0.0
91,Amazonas,91540,Puerto Nariño,11184,0.5007448779446837,-1.15666542319958,1.6574103011442638,0.00026961698050101,-1.1566654231995808,1.6574103011442645,True,False,0.0004883685391058651,-0.7611597201516194,1.261904598096303,0.3955057030479614,0.3955057030479614,0.00026961698050101,-1.1566654231995808,1.6574103011442645,0.0,0.0,0.00026961698050101,-1.1566654231995808,1.6574103011442645,0.0,0.0,0.0004883685391058651,-0.7611597201516194,1.261904598096303,0.3955057030479614,0.3955057030479614
91,Amazonas,91669,Puerto Santander (ANM),1853,0.7223363015990232,-0.6684143056413686,1.390750607240392,0.0005396654074473826,-0.668414305641369,1.3907506072403923,True,False,0.0032379924446842958,4.210196565623171,-3.487860264024148,4.878610871264541,4.87861087126454,0.0005396654074473826,-0.668414305641369,1.3907506072403923,0.0,0.0,0.0005396654074473826,-0.668414305641369,1.3907506072403923,0.0,0.0,0.0032379924446842958,4.210196565623171,-3.487860264024148,4.878610871264541,4.87861087126454
91,Amazonas,91798,Tarapacá (ANM),4018,1.2176357424156814,-1.1941580854466312,2.4117938278623123,0.00024888003982080636,-1.1941580854466318,2.411793827862313,True,False,0.0014932802389248383,1.0557338867915946,0.16190185562408677,2.2498919722382267,2.2498919722382267,0.00024888003982080636,-1.1941580854466318,2.411793827862313,0.0,0.0,0.00024888003982080636,-1.1941580854466318,2.411793827862313,0.0,0.0,0.0014932802389248383,1.0557338867915946,0.16190185562408677,2.2498919722382267,2.2498919722382267
94,Guainía,94001,Inírida,38710,2.289416876988658,-0.0094048443692873,2.298821721357945,0.0009041591320072332,-0.009404844369287403,2.298821721357945,True,True,0.0010333247222939809,0.2241282464199969,2.065288630568661,0.2335330907892843,0.23353309078928408,0.001679152673727719,1.3917937003664183,0.8976231766222396,1.4011985447357056,1.4011985447357056,0.0009041591320072332,-0.009404844369287403,2.298821721357945,0.0,0.0,0.0018083182640144665,1.6253267911557023,0.6640900858329555,1.6347316355249897,1.6347316355249897
94,Guainía,94343,Barrancominas,11359,1.6346138703990003,-0.5299457657262628,2.1645596361252633,0.0006162514305836781,-0.5299457657262632,2.1645596361252633,True,False,0.001056431023857734,0.26590474439374684,1.3687091260052535,0.79585051012001,0.7958505101200097,0.0006162514305836781,-0.5299457657262632,2.1645596361252633,0.0,0.0,0.0006162514305836781,-0.5299457657262632,2.1645596361252633,0.0,0.0,0.001056431023857734,0.26590474439374684,1.3687091260052535,0.79585051012001,0.7958505101200097
94,Guainía,94883,San Felipe (ANM),1926,1.423940108097348,-0.7053965064308091,2.129336614528157,0.0005192107995846313,-0.7053965064308095,2.1293366145281576,True,False,0.003115264797507788,3.9883033608865284,-2.5643632527891804,4.693699867317338,4.6936998673173385,0.0005192107995846313,-0.7053965064308095,2.1293366145281576,0.0,0.0,0.0005192107995846313,-0.7053965064308095,2.1293366145281576,0.0,0.0,0.003115264797507788,3.9883033608865284,-2.5643632527891804,4.693699867317338,4.6936998673173385
94,Guainía,94884,Puerto Colombia (ANM),1971,1.423940108097348,0.1904786280617233,1.2334614800356245,0.0010147133434804667,0.19047862806172347,1.2334614800356245,False,False,0.0010147133434804667,0.19047862806172347,1.2334614800356245,0.0,0.0,0.0010147133434804667,0.19047862806172347,1.2334614800356245,0.0,0.0,0.0010147133434804667,0.19047862806172347,1.2334614800356245,0.0,0.0,0.0010147133434804667,0.19047862806172347,1.2334614800356245,0.0,0.0
94,Guainía,94885,La Guadalupe (ANM),319,1.423940108097348,4.0236164633365625,-2.5996763552392146,0.003134796238244514,4.023616463336564,-2.5996763552392164,False,False,0.003134796238244514,4.023616463336564,-2.5996763552392164,0.0,0.0,0.003134796238244514,4.023616463336564,-2.5996763552392164,0.0,0.0,0.003134796238244514,4.023616463336564,-2.5996763552392164,0.0,0.0,0.003134796238244514,4.023616463336564,-2.5996763552392164,0.0,0.0
94,Guainía,94886,Cacahual (ANM),902,1.423940108097348,0.3603127317361425,1.0636273763612054,0.0011086474501108647,0.3603127317361427,1.0636273763612052,False,False,0.0011086474501108647,0.3603127317361427,1.0636273763612052,0.0,0.0,0.0011086474501108647,0.3603127317361427,1.0636273763612052,0.0,0.0,0.0011086474501108647,0.3603127317361427,1.0636273763612052,0.0,0.0,0.0011086474501108647,0.3603127317361427,1.0636273763612052,0.0,0.0
94,Guainía,94887,Pana Pana (ANM),2001,1.423940108097348,-0.7405816628574757,2.1645217709548237,0.0004997501249375312,-0.7405816628574762,2.164521770954824,True,False,0.0029985007496251873,3.7771924223265283,-2.3532523142291804,4.517774085184005,4.517774085184005,0.0004997501249375312,-0.7405816628574762,2.164521770954824,0.0,0.0,0.0004997501249375312,-0.7405816628574762,2.164521770954824,0.0,0.0,0.0029985007496251873,3.7771924223265283,-2.3532523142291804,4.517774085184005,4.517774085184005
94,Guainía,94888,Morichal (ANM),1052,1.423940108097348,0.0745072357812348,1.349432872316113,0.0009505703422053232,0.07450723578123493,1.349432872316113,True,False,0.005703422053231939,8.667725814158796,-7.243785706061448,8.593218578377561,8.593218578377561,0.0009505703422053232,0.07450723578123493,1.349432872316113,0.0,0.0,0.0009505703422053232,0.07450723578123493,1.349432872316113,0.0,0.0,0.005703422053231939,8.667725814158796,-7.243785706061448,8.593218578377561,8.593218578377561
95,Guaviare,95001,San José del Guaviare,54315,0.7623429869841964,1.1506997364543567,-0.3883567494701603,0.001545805215095522,1.1506997364543574,-0.38835674947016097,False,False,0.001545805215095522,1.1506997364543574,-0.38835674947016097,0.0,0.0,0.001545805215095522,1.1506997364543574,-0.38835674947016097,0.0,0.0,0.001545805215095522,1.1506997364543574,-0.38835674947016097,0.0,0.0,0.001545805215095522,1.1506997364543574,-0.38835674947016097,0.0,0.0
95,Guaviare,95015,Calamar,9862,0.7416360669142066,-0.9108113170913404,1.652447384005547,0.00040559724193875484,-0.910811317091341,1.6524473840055476,True,False,0.0009125937943621984,0.005845136412328919,0.7357909305018777,0.9166564535036699,0.9166564535036699,0.00040559724193875484,-0.910811317091341,1.6524473840055476,0.0,0.0,0.00040559724193875484,-0.910811317091341,1.6524473840055476,0.0,0.0,0.0009125937943621984,0.005845136412328919,0.7357909305018777,0.9166564535036699,0.9166564535036699
95,Guaviare,95025,El Retorno,13324,0.5792421731588918,-0.6888924767366627,1.2681346498955546,0.0005283390680041073,-0.6888924767366631,1.268134649895555,False,False,0.0005283390680041073,-0.6888924767366631,1.268134649895555,0.0,0.0,0.0005283390680041073,-0.6888924767366631,1.268134649895555,0.0,0.0,0.0005283390680041073,-0.6888924767366631,1.268134649895555,0.0,0.0,0.0005283390680041073,-0.6888924767366631,1.268134649895555,0.0,0.0
95,Guaviare,95200,Miraflores,7049,1.128971979610526,-1.387644326554705,2.516616306165231,0.00014186409419775854,-1.3876443265547058,2.516616306165232,True,True,0.0008511845651865513,-0.10518355985684885,1.2341555394673749,1.282460766697857,1.282460766697857,0.004397786920130515,6.307120273632436,-5.17814829402191,7.694764600187142,7.694764600187142,0.00014186409419775854,-1.3876443265547058,2.516616306165232,0.0,0.0,0.005107107391119308,7.589581040330293,-6.460609060719767,8.977225366884998,8.977225366884998
97,Vaupés,97001,Mitú,31810,3.62807144779887,0.4588653430844599,3.16920610471441,0.0011631562401760453,0.4588653430844602,3.1692061047144096,True,True,0.001320339515875511,0.7430547786221274,2.8850166691767423,0.28418943553766723,0.2841894355376673,0.002106255894372839,2.164001956310463,1.4640694914884067,1.7051366132260029,1.7051366132260029,0.0011631562401760453,0.4588653430844602,3.1692061047144096,0.0,0.0,0.0022634391700723042,2.44819139184813,1.1798800559507399,1.9893260487636697,1.9893260487636697
97,Vaupés,97161,Carurú,3025,3.500554716521628,1.3443150719910752,2.1562396445305527,0.001652892561983471,1.344315071991076,2.156239644530552,True,False,0.003305785123966942,4.332766623876429,-0.8322119073548011,2.988451551885353,2.988451551885353,0.001652892561983471,1.344315071991076,2.156239644530552,0.0,0.0,0.001652892561983471,1.344315071991076,2.156239644530552,0.0,0.0,0.003305785123966942,4.332766623876429,-0.8322119073548011,2.988451551885353,2.988451551885353
97,Vaupés,97511,Pacoa (ANM),4255,3.824984740442374,2.7064609517100124,1.1185237887323614,0.002406286335927523,2.7064609517100138,1.11852378873236,False,False,0.002406286335927523,2.7064609517100138,1.11852378873236,0.0,0.0,0.002406286335927523,2.7064609517100138,1.11852378873236,0.0,0.0,0.002376697435104695,2.652963828777564,1.1720209116648097,-0.05349712293244968,-0.05349712293244968,0.002376697435104695,2.652963828777564,1.1720209116648097,-0.05349712293244968,-0.05349712293244968
97,Vaupés,97666,Taraira,2831,3.2676432303840244,0.9104565104139366,2.3571867199700876,0.001412928293889085,0.9104565104139372,2.357186719970087,True,False,0.0031790886612504416,4.103697748299205,-0.8360545179151808,3.193241237885268,3.193241237885268,0.001412928293889085,0.9104565104139372,2.357186719970087,0.0,0.0,0.001412928293889085,0.9104565104139372,2.357186719970087,0.0,0.0,0.0031790886612504416,4.103697748299205,-0.8360545179151808,3.193241237885268,3.193241237885268
97,Vaupés,97777,Papunahua (ANM),768,2.289715202418346,0.7100473598070748,1.5796678426112711,0.0013020833333333333,0.7100473598070752,1.5796678426112707,True,False,0.0078125,12.480966558313838,-10.191251355895492,11.770919198506762,11.770919198506762,0.0013020833333333333,0.7100473598070752,1.5796678426112707,0.0,0.0,0.0013020833333333333,0.7100473598070752,1.5796678426112707,0.0,0.0,0.0078125,12.480966558313838,-10.191251355895492,11.770919198506762,11.770919198506762
97,Vaupés,97889,Yavaraté (ANM),1086,4.0370527045579605,6.6800494726408886,-2.642996768082928,0.004604051565377533,6.680049472640892,-2.6429967680829316,False,False,0.004604051565377533,6.680049472640892,-2.6429967680829316,0.0,0.0,0.004604051565377533,6.680049472640892,-2.6429967680829316,0.0,0.0,0.004604051565377533,6.680049472640892,-2.6429967680829316,0.0,0.0,0.004604051565377533,6.680049472640892,-2.6429967680829316,0.0,0.0
99,Vichada,99001,Puerto Carreño,23959,3.238331783182199,0.1669706837342268,3.0713610994479725,0.0010017112567302475,0.16697068373422688,3.071361099447972,True,False,0.0012104011018823824,0.5442846761568318,2.6940471070253675,0.377313992422605,0.37731399242260455,0.0010017112567302475,0.16697068373422688,3.071361099447972,0.0,0.0,0.0010017112567302475,0.16697068373422688,3.071361099447972,0.0,0.0,0.0012104011018823824,0.5442846761568318,2.6940471070253675,0.377313992422605,0.37731399242260455
99,Vichada,99524,La Primavera,10603,3.817462185480702,-0.7915413705428485,4.60900355602355,0.00047156465151372253,-0.7915413705428489,4.60900355602355,True,True,0.0009431293030274451,0.06105373880857931,3.7564084466721224,0.8525951093514282,0.8525951093514279,0.0033009525605960576,4.32402928556572,-0.506567100085018,5.115570656108568,5.115570656108568,0.00047156465151372253,-0.7915413705428489,4.60900355602355,0.0,0.0,0.0037725172121097802,5.176624394917148,-1.3591622094364464,5.968165765459997,5.968165765459997
99,Vichada,99624,Santa Rosalía,4170,3.2628588585063025,-0.7769838713136346,4.039842729819937,0.00047961630695443646,-0.776983871313635,4.039842729819938,True,False,0.0016786570743405275,1.39089765013797,1.8719612083683326,2.167881521451605,2.1678815214516054,0.00047961630695443646,-0.776983871313635,4.039842729819938,0.0,0.0,0.00047961630695443646,-0.776983871313635,4.039842729819938,0.0,0.0,0.0016786570743405275,1.39089765013797,1.8719612083683326,2.167881521451605,2.1678815214516054
99,Vichada,99773,Cumaribo,104385,2.780688228536548,-1.5748539895406568,4.355542218077205,3.831968194663984e-05,-1.5748539895406577,4.355542218077206,True,False,8.621928437993965e-05,-1.4882508765986335,4.268939105135182,0.08660311294202416,0.08660311294202394,3.831968194663984e-05,-1.5748539895406577,4.355542218077206,0.0,0.0,3.831968194663984e-05,-1.5748539895406577,4.355542218077206,0.0,0.0,8.621928437993965e-05,-1.4882508765986335,4.268939105135182,0.08660311294202416,0.08660311294202394
