cod_mpio,year,hansen_sedes_all_hl60,hansen_sedes_all_hl120,e2sfca_sedes_all_120min,e2sfca_sedes_all_180min,hansen_sedes_ips_hl60,hansen_sedes_ips_hl120,e2sfca_sedes_ips_120min,e2sfca_sedes_ips_180min
05001,2021,12415.884191095402,14077.651956177731,0.003403727944902256,0.0034409045210312744,1509.2307449949556,1743.757230117834,0.00041091122782498405,0.0004183799199809328
05001,2022,12415.884191095402,14077.651956177731,0.0033754110724590713,0.0034125243355190423,1509.2307449949556,1743.757230117834,0.00040750889711580124,0.0004149424079762078
05001,2023,12415.884191095402,14077.651956177731,0.003351725789056478,0.003388821546051805,1509.2307449949556,1743.757230117834,0.00040466549219071057,0.0004120731941778465
05001,2024,12415.884191095402,14077.651956177731,0.0033252561143804972,0.0033622182269895605,1509.2307449949556,1743.757230117834,0.00040148337552912993,0.0004088489004291765
05001,2025,12415.884191095402,14077.651956177731,0.0033026112962770285,0.0033395370074530235,1509.2307449949556,1743.757230117834,0.00039876445623872585,0.00040610336969476563
05002,2021,5594.891065290358,10239.816579538718,0.0013248018147526048,0.0013473051932097412,708.8323846341981,1344.973091688629,0.00015640301274080876,0.00018146265117641083
05002,2022,5594.891065290358,10239.816579538718,0.001314095268185236,0.0013362881941866404,708.8323846341981,1344.973091688629,0.0001552071948950169,0.00018007215644534835
05002,2023,5594.891065290358,10239.816579538718,0.0013053420540724513,0.0013273141310344353,708.8323846341981,1344.973091688629,0.0001542435626928392,0.00017896836886384737
05002,2024,5594.891065290358,10239.816579538718,0.001295396295835781,0.0013170469502062705,708.8323846341981,1344.973091688629,0.00015312592660391108,0.00017766513267444356
05002,2025,5594.891065290358,10239.816579538718,0.0012868922680774214,0.0013082671478725314,708.8323846341981,1344.973091688629,0.0001521832169096607,0.00017656720645522052
05004,2021,3303.157976108534,7211.062228709079,0.0006468687458135924,0.0006284285030392279,418.82380374679525,922.243802167016,0.0001099764129798883,0.00010100346887843931
05004,2022,3303.157976108534,7211.062228709079,0.0006421746376829041,0.0006229661129703253,418.82380374679525,922.243802167016,0.00010915130114581744,0.00010008620530966177
05004,2023,3303.157976108534,7211.062228709079,0.0006381796770371955,0.0006182917971422702,418.82380374679525,922.243802167016,0.00010844945174016928,9.929034952733979e-05
05004,2024,3303.157976108534,7211.062228709079,0.0006324041850851723,0.0006117870650220517,418.82380374679525,922.243802167016,0.00010742661733976478,9.815935161817522e-05
05004,2025,3303.157976108534,7211.062228709079,0.000628656557077025,0.0006073773909200456,418.82380374679525,922.243802167016,0.00010678061398464419,9.741105182447544e-05
05021,2021,4544.005647331088,8548.732633198979,0.0011868171457223439,0.0011787828225963775,556.1848599092774,1056.3011202982823,0.00016782777980620678,0.000154321496607571
05021,2022,4544.005647331088,8548.732633198979,0.001175596217666564,0.0011684212467728667,556.1848599092774,1056.3011202982823,0.00016619765205418667,0.00015300676500485866
05021,2023,4544.005647331088,8548.732633198979,0.0011659482190557124,0.0011596021698074058,556.1848599092774,1056.3011202982823,0.0001647847952386328,0.00015189110441419298
05021,2024,4544.005647331088,8548.732633198979,0.0011553702863871741,0.0011499168507551666,556.1848599092774,1056.3011202982823,0.0001632286364617111,0.00015065646622533784
05021,2025,4544.005647331088,8548.732633198979,0.0011462478951349778,0.0011415337013638194,556.1848599092774,1056.3011202982823,0.00016189844948649788,0.00014959451624093928
05030,2021,8490.858117031032,12052.026678026396,0.0024964348309576014,0.00242921848017085,1049.1807659722238,1542.3127429025822,0.0002950680010972451,0.00029145284220579603
05030,2022,8490.858117031032,12052.026678026396,0.0024759124695994993,0.0024091020777880705,1049.1807659722238,1542.3127429025822,0.0002926678319634422,0.0002890659044191667
05030,2023,8490.858117031032,12052.026678026396,0.0024588363500119247,0.0023923219452338332,1049.1807659722238,1542.3127429025822,0.00029067323691397637,0.00028708081910302444
05030,2024,8490.858117031032,12052.026678026396,0.002439593636323126,0.0023734715064167773,1049.1807659722238,1542.3127429025822,0.0002884149529093173,0.0002848400388920708
05030,2025,8490.858117031032,12052.026678026396,0.0024232134550489985,0.002357382456069346,1049.1807659722238,1542.3127429025822,0.000286500788569044,0.0002829331184974324
05031,2021,1604.9902978638954,4945.483810926164,0.0008317834772289314,0.0005742415767329801,205.02475650895136,624.1959935829132,0.00012017093112518727,8.451137992790021e-05
05031,2022,1604.9902978638954,4945.483810926164,0.000823947036249707,0.0005687064231235334,205.02475650895136,624.1959935829132,0.00011904400119907692,8.371779183410677e-05
05031,2023,1604.9902978638954,4945.483810926164,0.0008167243521413723,0.0005636827412510256,205.02475650895136,624.1959935829132,0.00011800837553153089,8.300028844267965e-05
05031,2024,1604.9902978638954,4945.483810926164,0.0008093235151235929,0.0005585278256044419,205.02475650895136,624.1959935829132,0.0001169392776343854,8.226631585726413e-05
05031,2025,1604.9902978638954,4945.483810926164,0.0008028142658855634,0.0005539606464680658,205.02475650895136,624.1959935829132,0.00011600146464475219,8.161421125254296e-05
05034,2021,3518.5791809658886,8236.448977148946,0.0008063971372255659,0.0010089662542127906,495.672964689947,1168.2820383904004,0.00015396688969113103,0.00023005689211803645
05034,2022,3518.5791809658886,8236.448977148946,0.0008020584262986053,0.0010008319713316145,495.672964689947,1168.2820383904004,0.00015313227741193283,0.00022806680981712514
05034,2023,3518.5791809658886,8236.448977148946,0.0007990981325085267,0.0009942653360589745,495.672964689947,1168.2820383904004,0.00015254240081864735,0.0002264027540077335
05034,2024,3518.5791809658886,8236.448977148946,0.0007947062691491131,0.0009865388883835249,495.672964689947,1168.2820383904004,0.00015168944357470666,0.0002244744707783333
05034,2025,3518.5791809658886,8236.448977148946,0.000791565918495331,0.0009799762936361777,495.672964689947,1168.2820383904004,0.00015106615712373557,0.00022279823195226557
05036,2021,9715.818583098118,12774.457847090627,0.0025268116008804477,0.002491482842275382,1193.38989754278,1617.6461543147905,0.0003050678711402215,0.0003046280479558696
05036,2022,9715.818583098118,12774.457847090627,0.002506132264488363,0.0024709441082397293,1193.38989754278,1617.6461543147905,0.00030259575729284905,0.0003021332067256908
05036,2023,9715.818583098118,12774.457847090627,0.0024889207269719613,0.0024538082187561786,1193.38989754278,1617.6461543147905,0.0003005418649291484,0.00030005562209519304
05036,2024,9715.818583098118,12774.457847090627,0.0024695149742797093,0.0024345296573996767,1193.38989754278,1617.6461543147905,0.00029821702731436966,0.00029770934270868934
05036,2025,9715.818583098118,12774.457847090627,0.002453020460504723,0.002418115819081493,1193.38989754278,1617.6461543147905,0.0002962477594166367,0.00029571766749415844
05038,2021,3127.9214790162227,7016.017614025633,0.0007799355318885805,0.0007549362293728295,389.94060367038037,874.6232853363158,0.0001372363781973751,0.00010975182287326265
05038,2022,3127.9214790162227,7016.017614025633,0.0007744821031171307,0.0007484200363774714,389.94060367038037,874.6232853363158,0.0001362250122204436,0.00010880386154135084
05038,2023,3127.9214790162227,7016.017614025633,0.0007694604275184526,0.0007427985932676056,389.94060367038037,874.6232853363158,0.0001352942857176341,0.00010798230542746896
05038,2024,3127.9214790162227,7016.017614025633,0.0007638382154276738,0.000736650266100251,389.94060367038037,874.6232853363158,0.0001342347903932401,0.00010708000076095994
05038,2025,3127.9214790162227,7016.017614025633,0.0007593721931280059,0.0007313834884918273,389.94060367038037,874.6232853363158,0.00013340659872975496,0.00010631344180723576
05040,2021,1122.6619040170638,3791.967366090641,0.0006709528929128889,0.0005220268853938156,153.9422914298632,505.1508916019084,0.0001105052686417472,9.632098130399843e-05
05040,2022,1122.6619040170638,3791.967366090641,0.0006649591036709513,0.0005171904654242895,153.9422914298632,505.1508916019084,0.00010954380356355801,9.544827565599784e-05
05040,2023,1122.6619040170638,3791.967366090641,0.0006594309818363282,0.0005127867177555604,153.9422914298632,505.1508916019084,0.00010865811655070733,9.465227931287028e-05
05040,2024,1122.6619040170638,3791.967366090641,0.0006538304464249556,0.0005083230731812212,153.9422914298632,505.1508916019084,0.00010774810149567971,9.384798660726191e-05
05040,2025,1122.6619040170638,3791.967366090641,0.0006488589194652552,0.0005043839211608545,153.9422914298632,505.1508916019084,0.00010695103819024671,9.314224690701977e-05
05042,2021,5292.220362531846,9172.34416170614,0.0011001424799963937,0.0009753635738376766,657.1207562473429,1154.90851384149,0.00014308085547066752,0.00013189061374168688
05042,2022,5292.220362531846,9172.34416170614,0.0010915261913854442,0.0009671619615845535,657.1207562473429,1154.90851384149,0.00014194642870712603,0.00013075869968671603
05042,2023,5292.220362531846,9172.34416170614,0.001084292129946896,0.0009602410561193996,657.1207562473429,1154.90851384149,0.00014099174175777833,0.0001297956182697242
05042,2024,5292.220362531846,9172.34416170614,0.0010755403838567906,0.0009519551764102187,657.1207562473429,1154.90851384149,0.000139817037374046,0.0001286313633630333
05042,2025,5292.220362531846,9172.34416170614,0.0010686289337544339,0.0009453717332957057,657.1207562473429,1154.90851384149,0.00013891737523778188,0.0001277182551305304
05044,2021,6718.994926370735,10370.652114493105,0.0010480611885314507,0.00111988991538597,832.2733344382515,1308.4851051554722,0.00011682102420260563,0.00020578251228431442
05044,2022,6718.994926370735,10370.652114493105,0.0010396656689542418,0.0011101780082665214,832.2733344382515,1308.4851051554722,0.00011585708230479824,0.00020382155328606472
05044,2023,6718.994926370735,10370.652114493105,0.0010326146938517632,0.0011019035000528674,832.2733344382515,1308.4851051554722,0.00011504839263675426,0.00020209497566178272
05044,2024,6718.994926370735,10370.652114493105,0.0010243777097411581,0.001092186646437219,832.2733344382515,1308.4851051554722,0.00011412129586931196,0.00020011815064171606
05044,2025,6718.994926370735,10370.652114493105,0.0010176065665138765,0.0010842454847694366,832.2733344382515,1308.4851051554722,0.00011335005578000123,0.0001984421417100232
05045,2021,447.7807721061452,747.2532694613807,0.0012148467720148335,0.001193926681929088,186.594488550345,331.4384354406574,0.00047071340878801813,0.00046422095193890975
05045,2022,447.7807721061452,747.2532694613807,0.00120827533335926,0.0011871383756029321,186.594488550345,331.4384354406574,0.00046807493874539784,0.00046147854870858814
05045,2023,447.7807721061452,747.2532694613807,0.0012024929242130395,0.0011811178284266836,186.594488550345,331.4384354406574,0.00046574002409783893,0.00045903320596856617
05045,2024,447.7807721061452,747.2532694613807,0.001165972926005316,0.001150354119378408,186.594488550345,331.4384354406574,0.00045247115419123186,0.0004476055584705838
05045,2025,447.7807721061452,747.2532694613807,0.001160380019883848,0.001144649408279662,186.594488550345,331.4384354406574,0.0004502367084548942,0.0004453099340161995
05051,2021,446.7743170503404,890.4140467489352,0.0005458830252821904,0.0005496166485720473,220.91036804474226,448.6514730984672,0.00022788432169686227,0.00025050992389248167
05051,2022,446.7743170503404,890.4140467489352,0.00053924528590057,0.0005425710676018595,220.91036804474226,448.6514730984672,0.0002246763048562758,0.00024711680630645793
05051,2023,446.7743170503404,890.4140467489352,0.0005329938220658289,0.0005359315036757345,220.91036804474226,448.6514730984672,0.00022164194287136726,0.00024391457948324478
05051,2024,446.7743170503404,890.4140467489352,0.0005265961381613849,0.0005277454057140631,220.91036804474226,448.6514730984672,0.00021861863738995095,0.0002401091536771397
05051,2025,446.7743170503404,890.4140467489352,0.0005210965082743758,0.0005218247457614018,220.91036804474226,448.6514730984672,0.00021593092464366635,0.00023725849860862052
05055,2021,3298.377225077484,7898.3623572529705,0.000816190731299121,0.0009878597504416504,445.05925287202905,1081.7789170743154,0.00015720355918467336,0.00017102157943582486
05055,2022,3298.377225077484,7898.3623572529705,0.0008113834596596339,0.0009804563991206098,445.05925287202905,1081.7789170743154,0.00015656338234334343,0.00016987219743608962
05055,2023,3298.377225077484,7898.3623572529705,0.0008078179374576195,0.0009746054848092741,445.05925287202905,1081.7789170743154,0.00015617369550406524,0.0001689975046568331
05055,2024,3298.377225077484,7898.3623572529705,0.0008033606445792985,0.0009676545914341148,445.05925287202905,1081.7789170743154,0.00015556446650672349,0.00016790693664232392
05055,2025,3298.377225077484,7898.3623572529705,0.0007996812808789807,0.0009617981633845697,445.05925287202905,1081.7789170743154,0.00015512010305533116,0.0001670085596428345
05059,2021,8410.209852404128,11630.900738604185,0.0024711563422231187,0.002309557434372904,1034.5154192602438,1462.4922455988394,0.00028698569258535703,0.0002811089504794658
05059,2022,8410.209852404128,11630.900738604185,0.0024511049913037946,0.002290494430915324,1034.5154192602438,1462.4922455988394,0.00028466287784387494,0.00027880268364478665
05059,2023,8410.209852404128,11630.900738604185,0.002434359268120493,0.0022745785177657445,1034.5154192602438,1462.4922455988394,0.000282730615536946,0.000276880004408868
05059,2024,8410.209852404128,11630.900738604185,0.0024152443957192247,0.0022566642634742414,1034.5154192602438,1462.4922455988394,0.00028053279168768454,0.00027470790013132544
05059,2025,8410.209852404128,11630.900738604185,0.0023991707378978777,0.002241423187338664,1034.5154192602438,1462.4922455988394,0.0002786798977006366,0.0002728649321102112
05079,2021,6802.4155927737065,10470.172166158169,0.0012570194283089932,0.0013142673816954318,823.6979920022319,1281.2888582003309,0.0001568108761197026,0.00016118419871360607
05079,2022,6802.4155927737065,10470.172166158169,0.0012455543283160719,0.0013026814964632273,823.6979920022319,1281.2888582003309,0.00015537163170781812,0.000159799185839326
05079,2023,6802.4155927737065,10470.172166158169,0.0012357900782818563,0.0012928307218836822,823.6979920022319,1281.2888582003309,0.00015414078676143436,0.00015862321375680367
05079,2024,6802.4155927737065,10470.172166158169,0.0012250639566091439,0.0012819919546818393,823.6979920022319,1281.2888582003309,0.00015278008349106187,0.0001573218567985762
05079,2025,6802.4155927737065,10470.172166158169,0.0012157919356506708,0.0012726298430634194,823.6979920022319,1281.2888582003309,0.00015161587937955422,0.00015620480789530806
05086,2021,5454.304521845471,9271.512086802351,0.0011161856746865356,0.001049232975063432,666.8135842909896,1132.1351322024395,0.00016269911735743435,0.0001388191779816185
05086,2022,5454.304521845471,9271.512086802351,0.0011074175275376777,0.0010403301170557387,666.8135842909896,1132.1351322024395,0.0001614434915599654,0.000137642198314649
05086,2023,5454.304521845471,9271.512086802351,0.0010999267676329624,0.0010327910409544667,666.8135842909896,1132.1351322024395,0.0001603620164482826,0.0001366416313356406
05086,2024,5454.304521845471,9271.512086802351,0.0010913710961385846,0.0010238759118591859,666.8135842909896,1132.1351322024395,0.00015909830273632306,0.00013544309779763564
05086,2025,5454.304521845471,9271.512086802351,0.0010843472605186798,0.001016722869281566,666.8135842909896,1132.1351322024395,0.00015809362280517494,0.0001344974306355176
05088,2021,10891.582951197475,13127.427095394734,0.0032902141522077773,0.0033328893830734717,1321.3362231914725,1598.9132618092358,0.000400018124967697,0.0004073723154103406
05088,2022,10891.582951197475,13127.427095394734,0.00326254292757456,0.0033051240326528748,1321.3362231914725,1598.9132618092358,0.0003966571749072737,0.0004039891867862893
05088,2023,10891.582951197475,13127.427095394734,0.003239352474724309,0.003281882934763209,1321.3362231914725,1598.9132618092358,0.00039384044660164874,0.00040115741545882996
05088,2024,10891.582951197475,13127.427095394734,0.0032134686604923107,0.003255821006276614,1321.3362231914725,1598.9132618092358,0.000390692027297984,0.00039797638785950376
05088,2025,10891.582951197475,13127.427095394734,0.0031913158796253913,0.003233605162986695,1321.3362231914725,1598.9132618092358,0.0003880024677916872,0.0003952707140380524
05091,2021,3716.821227268928,8431.734370879858,0.0007111909208609795,0.0009758361450551143,512.9720784917894,1183.0397229535033,0.00012356148784613348,0.00021904116261116152
05091,2022,3716.821227268928,8431.734370879858,0.0007070313351742758,0.0009677998002401909,512.9720784917894,1183.0397229535033,0.00012283778420909267,0.00021708721354439528
05091,2023,3716.821227268928,8431.734370879858,0.0007040225317390575,0.0009612318172490431,512.9720784917894,1183.0397229535033,0.00012230360749181186,0.000215428173888778
05091,2024,3716.821227268928,8431.734370879858,0.0006998040370152513,0.0009535903291412123,512.9720784917894,1183.0397229535033,0.00012156035669095808,0.00021353255519596036
05091,2025,3716.821227268928,8431.734370879858,0.0006967112195970462,0.0009470732157863668,512.9720784917894,1183.0397229535033,0.0001210124374761359,0.0002118748539301549
05093,2021,6125.065480441684,9942.276363676658,0.0010421971035025328,0.001096429196341776,764.6141763062192,1265.1213599465902,0.00011538137705802395,0.00020438394340821742
05093,2022,6125.065480441684,9942.276363676658,0.0010337892932138506,0.0010869021541160438,764.6141763062192,1265.1213599465902,0.00011442985576401525,0.0002024404376210507
05093,2023,6125.065480441684,9942.276363676658,0.0010267251895234935,0.0010788098459644758,764.6141763062192,1265.1213599465902,0.00011363220815231068,0.00020073399080306587
05093,2024,6125.065480441684,9942.276363676658,0.0010185362850565047,0.001069759648764794,764.6141763062192,1265.1213599465902,0.00011272504632056608,0.0001988474588312186
05093,2025,6125.065480441684,9942.276363676658,0.0010117421154048835,0.0010619698723577176,764.6141763062192,1265.1213599465902,0.00011196147481243455,0.00019718559581128085
05101,2021,4136.790143112001,8786.152965771813,0.0007741771190532404,0.0008719508412195988,554.7036527091147,1207.4905453689596,0.00011013543575751053,0.00018887467653421107
05101,2022,4136.790143112001,8786.152965771813,0.0007690546397039915,0.0008645952710630548,554.7036527091147,1207.4905453689596,0.00010942540677003435,0.00018714451262458564
05101,2023,4136.790143112001,8786.152965771813,0.0007650076760431399,0.0008584192113939158,554.7036527091147,1207.4905453689596,0.00010887396167197399,0.000185641993791426
05101,2024,4136.790143112001,8786.152965771813,0.0007596765403468541,0.0008514080903944546,554.7036527091147,1207.4905453689596,0.00010815024790753089,0.00018395799724396593
05101,2025,4136.790143112001,8786.152965771813,0.0007556392928939027,0.0008453880950201086,554.7036527091147,1207.4905453689596,0.0001075967227651209,0.00018247402696819722
05107,2021,1895.1937787577906,5353.616393491153,0.0007366932416790646,0.0003627121025089237,249.16466220424786,690.567573750638,0.0001515236234749071,8.768743970310924e-05
05107,2022,1895.1937787577906,5353.616393491153,0.0007322519615781712,0.00035961198701788146,249.16466220424786,690.567573750638,0.00015060128146920633,8.689524637140348e-05
05107,2023,1895.1937787577906,5353.616393491153,0.00072809081728226,0.0003568434239711206,249.16466220424786,690.567573750638,0.00014974107960549364,8.617497711751713e-05
05107,2024,1895.1937787577906,5353.616393491153,0.0007231792733573399,0.00035333989310890756,249.16466220424786,690.567573750638,0.00014868338182416423,8.532550114673266e-05
05107,2025,1895.1937787577906,5353.616393491153,0.0007195832322324691,0.00035083555767459,249.16466220424786,690.567573750638,0.00014794279083153717,8.468308647876319e-05
05113,2021,3105.9276059986073,6963.0506360672025,0.0005959888573487634,0.0006024790031187457,389.1553214742279,871.1993790297547,0.00012715235133306082,9.515665695708667e-05
05113,2022,3105.9276059986073,6963.0506360672025,0.0005919206548077622,0.0005974818416928117,389.1553214742279,871.1993790297547,0.00012625997165422262,9.436223488430698e-05
05113,2023,3105.9276059986073,6963.0506360672025,0.0005882999318842597,0.0005932224206380566,389.1553214742279,871.1993790297547,0.0001254685425076621,9.367953278536888e-05
05113,2024,3105.9276059986073,6963.0506360672025,0.0005833875311437922,0.0005872114002156329,389.1553214742279,871.1993790297547,0.00012437358950800672,9.267733667768537e-05
05113,2025,3105.9276059986073,6963.0506360672025,0.0005801720150028112,0.0005832008360627395,389.1553214742279,871.1993790297547,0.00012367079674554973,9.203864841364785e-05
05120,2021,197.14384928559048,401.7626328516983,0.0007694299095118361,0.0007373147980492588,61.178693274834266,129.4190429340268,0.00019419718514808817,0.00020115403136415822
05120,2022,197.14384928559048,401.7626328516983,0.0007637884615699896,0.0007313374322049643,61.178693274834266,129.4190429340268,0.00019275172750169196,0.00019945404419789903
05120,2023,197.14384928559048,401.7626328516983,0.0007586126472999252,0.0007258592578278912,61.178693274834266,129.4190429340268,0.00019142139111234682,0.0001978887435523437
05120,2024,197.14384928559048,401.7626328516983,0.000753940936444873,0.0007207547720104861,61.178693274834266,129.4190429340268,0.00019021844011736942,0.00019643265891333914
05120,2025,197.14384928559048,401.7626328516983,0.0007496897769825366,0.0007161360134372013,61.178693274834266,129.4190429340268,0.00018912777387765928,0.00019511430998619668
05125,2021,5145.371766871291,9050.511200569528,0.0013736759885728585,0.0011181423768599566,642.6523907088754,1148.8477642073062,0.00013258879378116596,0.000204630136075822
05125,2022,5145.371766871291,9050.511200569528,0.0013633035987044844,0.00110845485825503,642.6523907088754,1148.8477642073062,0.0001315390358753803,0.00020267006317558522
05125,2023,5145.371766871291,9050.511200569528,0.0013545658036931865,0.0011001892686644922,642.6523907088754,1148.8477642073062,0.00013065919281813552,0.00020094031255877794
05125,2024,5145.371766871291,9050.511200569528,0.0013436590712971575,0.0010904378413011159,642.6523907088754,1148.8477642073062,0.00012957656960783825,0.0001989582993161474
05125,2025,5145.371766871291,9050.511200569528,0.001335214218345005,0.001082511220861406,642.6523907088754,1148.8477642073062,0.00012874138038613167,0.0001972820154672489
05129,2021,9481.396550145424,12715.858319843102,0.0027348149504420175,0.0026669698995007507,1164.1382398237704,1616.5530206935252,0.0003254131029468356,0.00032228475693434115
05129,2022,9481.396550145424,12715.858319843102,0.0027121317288386296,0.002644756538096658,1164.1382398237704,1616.5530206935252,0.00032273554227589215,0.0003196213348665464
05129,2023,9481.396550145424,12715.858319843102,0.0026932194953585833,0.00262619787177881,1164.1382398237704,1616.5530206935252,0.0003205054909196241,0.00031740139748300753
05129,2024,9481.396550145424,12715.858319843102,0.0026719905512369766,0.0026054097255820436,1164.1382398237704,1616.5530206935252,0.00031799482685121433,0.0003149065240095091
05129,2025,9481.396550145424,12715.858319843102,0.0026538625694663824,0.002587627817227961,1164.1382398237704,1616.5530206935252,0.0003158570723211344,0.000312776790524191
05134,2021,2041.122867679418,5620.4181373391875,0.0007762333519012539,0.0004401702769804751,261.28871804311257,711.3375066022237,0.0001522892372276626,8.647603429669435e-05
05134,2022,2041.122867679418,5620.4181373391875,0.0007709769105871175,0.0004362329932437738,261.28871804311257,711.3375066022237,0.0001512271725561797,8.569593494645577e-05
05134,2023,2041.122867679418,5620.4181373391875,0.0007660681834675986,0.0004327165757053204,261.28871804311257,711.3375066022237,0.0001502386437744311,8.499357139517827e-05
05134,2024,2041.122867679418,5620.4181373391875,0.000760596909380419,0.00042894650585430325,261.28871804311257,711.3375066022237,0.0001491037780605036,8.423509286595159e-05
05134,2025,2041.122867679418,5620.4181373391875,0.0007562830580695982,0.00042573594508788713,261.28871804311257,711.3375066022237,0.00014823529990287077,8.359932592442374e-05
05138,2021,2640.963962382222,6421.082227386364,0.0005187443926056111,0.0005171584364605093,341.0344885811163,839.010635593225,9.55446149796564e-05,8.511479313334067e-05
05138,2022,2640.963962382222,6421.082227386364,0.0005151250419145662,0.0005128583361010557,341.0344885811163,839.010635593225,9.48626553676481e-05,8.438065656039615e-05
05138,2023,2640.963962382222,6421.082227386364,0.000511959896837372,0.0005091846885684272,341.0344885811163,839.010635593225,9.426121631320068e-05,8.37433454181439e-05
05138,2024,2640.963962382222,6421.082227386364,0.0005073411518630394,0.0005038256908135146,341.0344885811163,839.010635593225,9.338106444681577e-05,8.279310138951196e-05
05138,2025,2640.963962382222,6421.082227386364,0.000504438821257946,0.0005003689384847843,341.0344885811163,839.010635593225,9.284763107794657e-05,8.219743385853138e-05
05142,2021,2062.502001645773,5685.5522346814305,0.000677841921842857,0.0006153456685167567,266.24427911669454,724.4816214074364,0.00015466861848033713,0.00012884581740433098
05142,2022,2062.502001645773,5685.5522346814305,0.0006731405029866399,0.0006105485241550442,266.24427911669454,724.4816214074364,0.00015360180070141428,0.00012791621417436612
05142,2023,2062.502001645773,5685.5522346814305,0.0006690632789788737,0.0006064174027744103,266.24427911669454,724.4816214074364,0.00015268378852792587,0.0001271282735978135
05142,2024,2062.502001645773,5685.5522346814305,0.0006646467892589245,0.0006020273524310935,266.24427911669454,724.4816214074364,0.0001516675931380023,0.0001262726609573223
05142,2025,2062.502001645773,5685.5522346814305,0.0006608166327200592,0.0005980982513066419,266.24427911669454,724.4816214074364,0.00015079901622227343,0.00012551536548150677
05145,2021,3971.113744615607,9001.447639690108,0.0009401375107152203,0.0011271864896399372,560.4670183757885,1293.777054090008,0.0001401300083694584,0.00017514703532238172
05145,2022,3971.113744615607,9001.447639690108,0.0009341327333378024,0.0011187105741126808,560.4670183757885,1293.777054090008,0.00013924982616196591,0.0001738750211007844
05145,2023,3971.113744615607,9001.447639690108,0.000930102159688227,0.0011123297680816796,560.4670183757885,1293.777054090008,0.0001386756127572496,0.00017294744304376797
05145,2024,3971.113744615607,9001.447639690108,0.0009244621742864647,0.0011044281920532888,560.4670183757885,1293.777054090008,0.00013784973786775762,0.00017175801623677206
05145,2025,3971.113744615607,9001.447639690108,0.0009200289394840015,0.0010978485740076158,560.4670183757885,1293.777054090008,0.00013720367122233105,0.00017077835935929366
05147,2021,384.45528070842505,676.9346732471541,0.0012225303652717233,0.001172748671286273,158.73127973387002,298.5069237181893,0.0004728446342573092,0.0004589707638670716
05147,2022,384.45528070842505,676.9346732471541,0.0012161075290696112,0.001166204113021531,158.73127973387002,298.5069237181893,0.00047033681179917456,0.0004562913293146006
05147,2023,384.45528070842505,676.9346732471541,0.0012104755400020415,0.001160458402943071,158.73127973387002,298.5069237181893,0.00046813366373246984,0.00045394024066879106
05147,2024,384.45528070842505,676.9346732471541,0.0011728602474792692,0.001135258840121882,158.73127973387002,298.5069237181893,0.0004543607916792524,0.0004463507649193401
05147,2025,384.45528070842505,676.9346732471541,0.001167393728873816,0.001129776833087296,158.73127973387002,298.5069237181893,0.00045224157356787384,0.00044412682362694587
05148,2021,6077.536321771794,10236.437174064851,0.0014201810016602474,0.0014663950667046575,743.8933631103919,1289.3570410034367,0.0001664478360318267,0.0001871367015180587
05148,2022,6077.536321771794,10236.437174064851,0.0014073532342962223,0.0014538357985376595,743.8933631103919,1289.3570410034367,0.00016500400325569685,0.00018565316088074355
05148,2023,6077.536321771794,10236.437174064851,0.0013964872847802032,0.0014433254928022123,743.8933631103919,1289.3570410034367,0.00016378972087606347,0.00018443320966559873
05148,2024,6077.536321771794,10236.437174064851,0.001384677587396415,0.0014316599910550462,743.8933631103919,1289.3570410034367,0.00016245412812704988,0.00018304428895698577
05148,2025,6077.536321771794,10236.437174064851,0.0013743000887661905,0.001421555069896552,743.8933631103919,1289.3570410034367,0.00016129122667151653,0.00018186025834815656
05150,2021,3715.629024148953,7640.782488756237,0.0008772876147864312,0.0008022911660290564,455.9432745549516,935.3760504846472,0.0001445758549842344,0.0001121764072701356
05150,2022,3715.629024148953,7640.782488756237,0.0008707385985374692,0.0007953358393872417,455.9432745549516,935.3760504846472,0.00014345676224595166,0.00011121399645295075
05150,2023,3715.629024148953,7640.782488756237,0.000864727294360381,0.000789341471257115,455.9432745549516,935.3760504846472,0.00014242993078811178,0.0001103821519933905
05150,2024,3715.629024148953,7640.782488756237,0.0008580571335033112,0.0007827522953523907,455.9432745549516,935.3760504846472,0.00014127591464732395,0.00010946434376949142
05150,2025,3715.629024148953,7640.782488756237,0.0008526900797740481,0.0007771207578543272,455.9432745549516,935.3760504846472,0.00014035798644814094,0.00010868510912777936
05154,2021,243.3926930137787,432.25684303986657,0.0009621117458033289,0.0009217224500874067,80.01437456726019,156.18392087185248,0.00025787671225455653,0.0002653749496121213
05154,2022,243.3926930137787,432.25684303986657,0.0009552340523677191,0.000914258390976369,80.01437456726019,156.18392087185248,0.00025599611180916515,0.00026310194933898423
05154,2023,243.3926930137787,432.25684303986657,0.0009489354668985175,0.0009074195245383743,80.01437456726019,156.18392087185248,0.00025427522616219985,0.00026101304182586817
05154,2024,243.3926930137787,432.25684303986657,0.0009433809483716782,0.0009011997028879749,80.01437456726019,156.18392087185248,0.00025274914497371156,0.0002590993889332267
05154,2025,243.3926930137787,432.25684303986657,0.0009382538192336863,0.0008954854131964369,80.01437456726019,156.18392087185248,0.0002513447145992682,0.00025734743388683515
05172,2021,304.6891457802994,592.0148449801953,0.0008952793907384221,0.0008668817387695231,124.43380508309211,260.2125188253747,0.0003359941791466988,0.0003322284366774718
05172,2022,304.6891457802994,592.0148449801953,0.0008904695456935183,0.0008618763140621014,124.43380508309211,260.2125188253747,0.000334142337072776,0.00033018109431308694
05172,2023,304.6891457802994,592.0148449801953,0.0008862274908737373,0.0008574766592384151,124.43380508309211,260.2125188253747,0.00033250325449080505,0.0003283834748800029
05172,2024,304.6891457802994,592.0148449801953,0.0008484779077618021,0.0008325231154453232,124.43380508309211,260.2125188253747,0.0003182858342291261,0.00032060192046753564
05172,2025,304.6891457802994,592.0148449801953,0.0008443031641459311,0.0008282950656259563,124.43380508309211,260.2125188253747,0.0003166880253889489,0.0003188912430696277
05190,2021,3717.3077482272165,7688.344989931289,0.0006274702701632044,0.0007942627537948358,458.192988427149,950.4925719869218,0.00011596928944293796,0.0001152775638507548
05190,2022,3717.3077482272165,7688.344989931289,0.0006213835018341001,0.0007871922355390033,458.192988427149,950.4925719869218,0.00011483156208069252,0.00011426565352049154
05190,2023,3717.3077482272165,7688.344989931289,0.0006159853539348942,0.0007811041862635045,458.192988427149,950.4925719869218,0.00011382069273527446,0.00011339343114251091
05190,2024,3717.3077482272165,7688.344989931289,0.0006101853537276164,0.0007744967412955947,458.192988427149,950.4925719869218,0.00011272491080775388,0.00011244594279918514
05190,2025,3717.3077482272165,7688.344989931289,0.0006051840152530969,0.0007687455221091939,458.192988427149,950.4925719869218,0.00011178896967530024,0.00011162229042483362
05197,2021,5099.977302232928,9363.185183454814,0.0014391192261034805,0.0013935185222135893,628.5940449861032,1186.7853676552534,0.0001698843956019534,0.0001763406655058584
05197,2022,5099.977302232928,9363.185183454814,0.0014262238068423936,0.0013817049926718359,628.5940449861032,1186.7853676552534,0.00016844155052178896,0.00017496935674897202
05197,2023,5099.977302232928,9363.185183454814,0.0014152768339622662,0.0013718101894465995,628.5940449861032,1186.7853676552534,0.00016722680180050904,0.00017384116984894653
05197,2024,5099.977302232928,9363.185183454814,0.0014033290799637633,0.0013608358048848791,628.5940449861032,1186.7853676552534,0.00016587155142417886,0.00017255687394327634
05197,2025,5099.977302232928,9363.185183454814,0.0013928697281549234,0.0013513226810219427,628.5940449861032,1186.7853676552534,0.00016470624034024793,0.00017146119650912901
05206,2021,5926.551662509092,9781.54967385519,0.0011907428650733038,0.001218165527649866,718.5461352428807,1199.6423806069024,0.00015422512382164992,0.0001510322747517518
05206,2022,5926.551662509092,9781.54967385519,0.0011796108236122572,0.0012073296413928005,718.5461352428807,1199.6423806069024,0.00015276092723362234,0.00014972012806895846
05206,2023,5926.551662509092,9781.54967385519,0.0011700877189769604,0.001198104903089583,718.5461352428807,1199.6423806069024,0.00015150033725460816,0.00014860412965274868
05206,2024,5926.551662509092,9781.54967385519,0.0011596957493599904,0.0011879912389864758,718.5461352428807,1199.6423806069024,0.00015011842659344452,0.00014737410868409902
05206,2025,5926.551662509092,9781.54967385519,0.0011506642394926037,0.0011792228742104405,718.5461352428807,1199.6423806069024,0.0001489285225732953,0.00014631357017311436
05209,2021,6406.461469786035,10457.74834971455,0.0012569834116230665,0.0012025530697105245,804.7108133130288,1353.1738221668145,0.00014171483633749536,0.0002130006808537898
05209,2022,6406.461469786035,10457.74834971455,0.0012470908923192757,0.001192208646695446,804.7108133130288,1353.1738221668145,0.00014058334396055354,0.0002110163757299876
05209,2023,6406.461469786035,10457.74834971455,0.0012388650986533728,0.0011834562859035281,804.7108133130288,1353.1738221668145,0.00013964580110744843,0.00020928558849859095
05209,2024,6406.461469786035,10457.74834971455,0.0012292083464607519,0.0011736400176137656,804.7108133130288,1353.1738221668145,0.00013856344329272094,0.00020736692107871003
05209,2025,6406.461469786035,10457.74834971455,0.0012212624503144347,0.0011652044461270023,804.7108133130288,1353.1738221668145,0.0001376603261576687,0.0002056786969265196
05212,2021,10210.91170580533,12751.286806214226,0.0026253125830679974,0.002657462591222359,1235.632372325378,1551.3966667129657,0.0003166142341828177,0.0003205003085815626
05212,2022,10210.91170580533,12751.286806214226,0.0026028294647696755,0.002634994531290597,1235.632372325378,1551.3966667129657,0.0003139149108977129,0.00031781691419158334
05212,2023,10210.91170580533,12751.286806214226,0.0025839236820164716,0.0026161221175341007,1235.632372325378,1551.3966667129657,0.0003116464715391298,0.0003155655814990084
05212,2024,10210.91170580533,12751.286806214226,0.002562938407947374,0.002595073901223004,1235.632372325378,1551.3966667129657,0.0003091229827451691,0.0003130469711514405
05212,2025,10210.91170580533,12751.286806214226,0.002544894048945756,0.002577053466276778,1235.632372325378,1551.3966667129657,0.00030695853082572216,0.0003108976088604984
05234,2021,1122.9026145768585,3815.8919405767597,0.00041323241762672436,0.00028854248615950586,166.6450256663014,557.263225811744,9.037062314592285e-05,7.689591208591904e-05
05234,2022,1122.9026145768585,3815.8919405767597,0.0004103781555306999,0.00028618465769876474,166.6450256663014,557.263225811744,8.972615899502765e-05,7.620420406840015e-05
05234,2023,1122.9026145768585,3815.8919405767597,0.0004077718280857891,0.00028403304813936505,166.6450256663014,557.263225811744,8.913644099266828e-05,7.557811192111033e-05
05234,2024,1122.9026145768585,3815.8919405767597,0.00040263495096982374,0.0002747442145279765,166.6450256663014,557.263225811744,8.768058136333818e-05,7.32141092818976e-05
05234,2025,1122.9026145768585,3815.8919405767597,0.000400341123211488,0.0002728173093952716,166.6450256663014,557.263225811744,8.715447807498308e-05,7.265248125020724e-05
05237,2021,6475.8016642623215,10171.138663065527,0.0013416412282934772,0.0012473752405106453,783.53664650643,1236.9753446719574,0.00017445352746244395,0.0001581513913379889
05237,2022,6475.8016642623215,10171.138663065527,0.0013301348883459794,0.0012365585526549383,783.53664650643,1236.9753446719574,0.00017293913149194544,0.0001568006329254232
05237,2023,6475.8016642623215,10171.138663065527,0.0013202654006810532,0.0012273779624402386,783.53664650643,1236.9753446719574,0.00017163306970680888,0.0001556537931766091
05237,2024,6475.8016642623215,10171.138663065527,0.0013093387980220438,0.0012172350205032377,783.53664650643,1236.9753446719574,0.0001701813059513147,0.00015438329486499577
05237,2025,6475.8016642623215,10171.138663065527,0.0013000403279481475,0.001208512199173292,783.53664650643,1236.9753446719574,0.00016895556161527494,0.00015329473602672153
05240,2021,8861.282466688583,11890.85790429597,0.0023586967348988136,0.0022499473294246976,1087.3818342295572,1486.5794390932545,0.0002728789607700713,0.0002756095453932643
05240,2022,8861.282466688583,11890.85790429597,0.0023393987129114147,0.0022313530535959117,1087.3818342295572,1486.5794390932545,0.00027062960983918467,0.0002733389474063659
05240,2023,8861.282466688583,11890.85790429597,0.0023232314794302813,0.0022158068002640654,1087.3818342295572,1486.5794390932545,0.00026874801081182585,0.0002714404040064271
05240,2024,8861.282466688583,11890.85790429597,0.002304788109596238,0.0021983075899856047,1087.3818342295572,1486.5794390932545,0.0002666161621013444,0.00026929884142633004
05240,2025,8861.282466688583,11890.85790429597,0.0022893021285244754,0.0021834410771815853,1087.3818342295572,1486.5794390932545,0.0002648189532813583,0.00026748460886042715
05250,2021,199.60841014120524,441.0743357237405,0.0007574709584572759,0.000617798235742948,60.58461646046609,146.7311615156109,0.0001957853451896803,0.00016155386684285926
05250,2022,199.60841014120524,441.0743357237405,0.0007518745429669941,0.0006123988816450911,60.58461646046609,146.7311615156109,0.00019438314670976645,0.00016014478874675726
05250,2023,199.60841014120524,441.0743357237405,0.0007468460752205605,0.0006074934231255965,60.58461646046609,146.7311615156109,0.0001931270555131923,0.000158867045427307
05250,2024,199.60841014120524,441.0743357237405,0.0007424832391931136,0.0006029963763731292,60.58461646046609,146.7311615156109,0.0001920323344695851,0.00015769690659232926
05250,2025,199.60841014120524,441.0743357237405,0.0007383295803779928,0.0005988058809494913,60.58461646046609,146.7311615156109,0.00019101200683228358,0.00015661468374243714
05264,2021,6337.932199560545,10012.760092895061,0.0012516670866353297,0.001185843253590654,771.0634609885194,1218.147059213725,0.0001737081641275576,0.0001525627493311431
05264,2022,6337.932199560545,10012.760092895061,0.001241512504074243,0.0011756404151421125,771.0634609885194,1218.147059213725,0.000172330862491167,0.00015126054385133426
05264,2023,6337.932199560545,10012.760092895061,0.0012328406129833564,0.0011669923832829815,771.0634609885194,1218.147059213725,0.00017114731551598765,0.00015015492656452029
05264,2024,6337.932199560545,10012.760092895061,0.0012230594499901366,0.0011573371502141441,771.0634609885194,1218.147059213725,0.00016978620772360237,0.00014891304560058817
05264,2025,6337.932199560545,10012.760092895061,0.001214903112113035,0.0011491287395635466,771.0634609885194,1218.147059213725,0.00016868199362484392,0.00014786649379298068
05266,2021,11286.52423556093,13739.335336100821,0.0035953180221272372,0.003614075233900132,1369.6513387061823,1699.7858313142171,0.00042716844697746433,0.0004337738774448819
05266,2022,11286.52423556093,13739.335336100821,0.0035648867731504453,0.003583831855158381,1369.6513387061823,1699.7858313142171,0.0004235863062149812,0.000430174524788751
05266,2023,11286.52423556093,13739.335336100821,0.0035393556277536074,0.003558513175765147,1369.6513387061823,1699.7858313142171,0.00042058603147109247,0.000427166562402655
05266,2024,11286.52423556093,13739.335336100821,0.003510942426188137,0.0035302095727725753,1369.6513387061823,1699.7858313142171,0.0004172380832758532,0.0004237949773360872
05266,2025,11286.52423556093,13739.335336100821,0.0034865400610747943,0.0035059849965553736,1369.6513387061823,1699.7858313142171,0.00041436933916692994,0.0004209153608509884
05282,2021,6672.063917104662,11129.146353480217,0.0013091537523998043,0.001331048405299916,843.7683385124225,1474.9151223637386,0.00016232505655600882,0.00017239742151498372
05282,2022,6672.063917104662,11129.146353480217,0.001298582009613015,0.0013199838572481662,843.7683385124225,1474.9151223637386,0.0001610634809640258,0.00017100400530764928
05282,2023,6672.063917104662,11129.146353480217,0.0012898953876171757,0.001310896450293913,843.7683385124225,1474.9151223637386,0.00016003740157524113,0.00016987663789803603
05282,2024,6672.063917104662,11129.146353480217,0.0012799833859291434,0.0013005552168475962,843.7683385124225,1474.9151223637386,0.0001588468770929954,0.00016857089473435228
05282,2025,6672.063917104662,11129.146353480217,0.0012715842588904016,0.0012917213162179759,843.7683385124225,1474.9151223637386,0.00015785051040102533,0.00016746346572065742
05284,2021,1843.9146751395242,5240.285365750293,0.0006927914464375419,0.0004173835633227003,247.6136620040368,698.3041637607487,0.00013405558954791163,0.00015993528171127697
05284,2022,1843.9146751395242,5240.285365750293,0.0006876069305276278,0.00041307483515919824,247.6136620040368,698.3041637607487,0.00013291995643300322,0.00015816280539030286
05284,2023,1843.9146751395242,5240.285365750293,0.0006832047217616312,0.0004092133244972932,247.6136620040368,698.3041637607487,0.00013193491465030488,0.000156551244791367
05284,2024,1843.9146751395242,5240.285365750293,0.0006768410399958974,0.00040371782547495163,247.6136620040368,698.3041637607487,0.00013058013481289036,0.00015459906829474782
05284,2025,1843.9146751395242,5240.285365750293,0.0006726794554826813,0.0004000651511734542,247.6136620040368,698.3041637607487,0.00012965983624000523,0.00015306010994694817
05306,2021,3948.1893147263895,7896.029642799839,0.0010355245494468944,0.0008928070577867476,495.1370634153002,1001.6460106398249,0.00013892316054741005,0.00012534802838634919
05306,2022,3948.1893147263895,7896.029642799839,0.0010275355293308953,0.0008853398263334968,495.1370634153002,1001.6460106398249,0.0001378371469262556,0.00012427284293834966
05306,2023,3948.1893147263895,7896.029642799839,0.0010207792843519243,0.0008790229433426545,495.1370634153002,1001.6460106398249,0.00013691553108955294,0.00012335367387786847
05306,2024,3948.1893147263895,7896.029642799839,0.0010123340045752212,0.0008708414810262832,495.1370634153002,1001.6460106398249,0.0001357418861622854,0.0001221543690054527
05306,2025,3948.1893147263895,7896.029642799839,0.0010059306207660613,0.0008648481146646852,495.1370634153002,1001.6460106398249,0.00013488192592924067,0.00012128623661749294
05308,2021,9068.461969372476,12064.858602191172,0.0025751047321269935,0.0026054179832015315,1097.5023990913528,1473.4605259696825,0.00030905416966973785,0.00030993977318875506
05308,2022,9068.461969372476,12064.858602191172,0.0025528412459739063,0.0025832257171063506,1097.5023990913528,1473.4605259696825,0.00030639353412873773,0.0003073287651789819
05308,2023,9068.461969372476,12064.858602191172,0.002534081687501478,0.0025645518231351416,1097.5023990913528,1473.4605259696825,0.0003041507326862275,0.00030513498481013945
05308,2024,9068.461969372476,12064.858602191172,0.0025132810101772375,0.0025437538757642356,1097.5023990913528,1473.4605259696825,0.00030165798294250684,0.0003026831352132321
05308,2025,9068.461969372476,12064.858602191172,0.0024953900594628805,0.0025259350874298745,1097.5023990913528,1473.4605259696825,0.0002995208882619785,0.0003005896543528768
05310,2021,3496.3221925464336,7404.978879941874,0.0006111385190121673,0.0007909421363529782,429.8041234440858,908.7155751066874,0.00011082641834303992,0.00011199731375749147
05310,2022,3496.3221925464336,7404.978879941874,0.0006057165045653378,0.0007838919087244451,429.8041234440858,908.7155751066874,0.00010981949407294795,0.00011100781916774757
05310,2023,3496.3221925464336,7404.978879941874,0.0006008202581987303,0.0007777931374114198,429.8041234440858,908.7155751066874,0.00010890769510950597,0.00011014999133184881
05310,2024,3496.3221925464336,7404.978879941874,0.0005954136879781318,0.0007712067581347409,429.8041234440858,908.7155751066874,0.00010788443998251907,0.00010922085949761532
05310,2025,3496.3221925464336,7404.978879941874,0.00059096775147482,0.0007654778340837665,429.8041234440858,908.7155751066874,0.00010705781447045885,0.00010841647902741971
05313,2021,5185.515749039299,9407.23500164848,0.0012788015179865607,0.0012715424103666186,636.8193556521813,1186.8196306924863,0.00016218113359678472,0.00016760492646874524
05313,2022,5185.515749039299,9407.23500164848,0.0012670521510931146,0.0012607215538055657,636.8193556521813,1186.8196306924863,0.00016072110878255288,0.00016629373076063454
05313,2023,5185.515749039299,9407.23500164848,0.0012570264131452746,0.0012516204845951274,636.8193556521813,1186.8196306924863,0.0001594782683195532,0.00016520994967974759
05313,2024,5185.515749039299,9407.23500164848,0.001246084575925015,0.0012415441465539183,636.8193556521813,1186.8196306924863,0.0001581017848261356,0.00016397959383104033
05313,2025,5185.515749039299,9407.23500164848,0.0012365431869703007,0.0012328262890463158,636.8193556521813,1186.8196306924863,0.0001569171232206373,0.0001629311454509636
05315,2021,2743.104079140829,6561.723705786613,0.0008488099839618624,0.0008056043591944687,341.9728677235027,814.5392430274778,0.00013764577801171832,0.00011516346935364431
05315,2022,2743.104079140829,6561.723705786613,0.0008424573972566522,0.0007985336461154337,341.9728677235027,814.5392430274778,0.00013659483522312523,0.00011416014212936345
05315,2023,2743.104079140829,6561.723705786613,0.0008365505429620879,0.0007923751205597333,341.9728677235027,814.5392430274778,0.00013562001843011562,0.00011328431651837463
05315,2024,2743.104079140829,6561.723705786613,0.0008300375409096769,0.0007857085349938571,341.9728677235027,814.5392430274778,0.0001345282548167745,0.00011233407770866537
05315,2025,2743.104079140829,6561.723705786613,0.0008248128810925251,0.0007799648348209187,341.9728677235027,814.5392430274778,0.00013366366419131443,0.00011151896477812265
05318,2021,9967.314447519715,12677.894247997947,0.0027908685799481045,0.0027975118779398614,1205.811122216308,1549.5422347633576,0.0003346355860778659,0.00033529682870159797
05318,2022,9967.314447519715,12677.894247997947,0.0027665052720638006,0.002773608501717186,1205.811122216308,1549.5422347633576,0.0003317274748420082,0.0003324653297803538
05318,2023,9967.314447519715,12677.894247997947,0.0027459417363074265,0.0027535069172380717,1205.811122216308,1549.5422347633576,0.00032927420152909463,0.00033008843613343365
05318,2024,9967.314447519715,12677.894247997947,0.002723225055304343,0.0027311543370412603,1205.811122216308,1549.5422347633576,0.00032655713490302614,0.0003274359555770117
05318,2025,9967.314447519715,12677.894247997947,0.0027036181860994658,0.0027119533839157243,1205.811122216308,1549.5422347633576,0.0003242186956026706,0.00032516467387652605
05321,2021,5580.89125419336,9510.492868443402,0.0013793459109206342,0.0013907170764450635,676.3109985006417,1168.8139673532128,0.0001872871637343414,0.0001885479434821129
05321,2022,5580.89125419336,9510.492868443402,0.0013666774537303835,0.0013787516713027928,676.3109985006417,1168.8139673532128,0.00018556390567633124,0.00018702320044317278
05321,2023,5580.89125419336,9510.492868443402,0.0013558681504909095,0.0013686502834183575,676.3109985006417,1168.8139673532128,0.00018408929962026278,0.0001857513065589281
05321,2024,5580.89125419336,9510.492868443402,0.0013440257788013366,0.0013574827335208694,676.3109985006417,1168.8139673532128,0.00018245706303945605,0.0001843208610042552
05321,2025,5580.89125419336,9510.492868443402,0.001333744908630927,0.0013478315645072054,676.3109985006417,1168.8139673532128,0.00018105671104300404,0.00018309768345581477
05347,2021,9896.186781255468,12596.439285246403,0.0025485937459550196,0.002437526777991786,1211.0994490631645,1574.9846464208038,0.00028986856470888706,0.0002946264258908994
05347,2022,9896.186781255468,12596.439285246403,0.0025276548857698857,0.0024174211444001194,1211.0994490631645,1574.9846464208038,0.0002874812911886115,0.00029221035198390675
05347,2023,9896.186781255468,12596.439285246403,0.0025101129602962523,0.002400627985717057,1211.0994490631645,1574.9846464208038,0.0002854863133711166,0.00029019508243500737
05347,2024,9896.186781255468,12596.439285246403,0.002490223591200427,0.002381742239580501,1211.0994490631645,1574.9846464208038,0.00028323919243433823,0.00028792199378983955
05347,2025,9896.186781255468,12596.439285246403,0.0024734113433755077,0.0023656700675941953,1211.0994490631645,1574.9846464208038,0.0002813306467625474,0.00028599285834420945
05353,2021,4550.18249383911,9291.850824659217,0.0012703964353613355,0.0012993905878886695,604.6363188003564,1276.204951813603,0.00017804482648629924,0.00024537322809446173
05353,2022,4550.18249383911,9291.850824659217,0.001261256988081075,0.001288629977387245,604.6363188003564,1276.204951813603,0.00017680146488272002,0.0002431962992833777
05353,2023,4550.18249383911,9291.850824659217,0.0012540112543016828,0.001279767042020178,604.6363188003564,1276.204951813603,0.00017581972132663093,0.00024134874653838342
05353,2024,4550.18249383911,9291.850824659217,0.001245191961293109,0.0012695763202109694,604.6363188003564,1276.204951813603,0.0001746066470024012,0.00023924783004601214
05353,2025,4550.18249383911,9291.850824659217,0.001238072274984692,0.0012608763321619724,604.6363188003564,1276.204951813603,0.00017363646400295622,0.00023741421994898936
05360,2021,11995.463396065968,14144.790238024625,0.003448730258820458,0.003463786392073996,1463.104806696968,1777.256874929208,0.0004123237533315429,0.000416967856707274
05360,2022,11995.463396065968,14144.790238024625,0.003419822196601197,0.0034350538757196352,1463.104806696968,1777.256874929208,0.0004088870327598674,0.000413525436032143
05360,2023,11995.463396065968,14144.790238024625,0.00339561074231871,0.0034110357863415593,1463.104806696968,1777.256874929208,0.0004060116763753349,0.00041065053726083736
05360,2024,11995.463396065968,14144.790238024625,0.003368586990346293,0.003384117040753486,1463.104806696968,1777.256874929208,0.0004027967078065511,0.0004074233750039072
05360,2025,11995.463396065968,14144.790238024625,0.0033454371849017998,0.00336113268283903,1463.104806696968,1777.256874929208,0.0004000467569306157,0.00040467168845999296
05361,2021,981.9053533563904,3438.535802437954,0.0004405657597425209,0.0002790184769970487,153.35787520330382,502.01734291978505,9.764027518138535e-05,7.976941789838915e-05
05361,2022,981.9053533563904,3438.535802437954,0.0004376856910890247,0.00027664586801212285,153.35787520330382,502.01734291978505,9.695134250814499e-05,7.904015379637076e-05
05361,2023,981.9053533563904,3438.535802437954,0.00043496139807349586,0.0002744557758851606,153.35787520330382,502.01734291978505,9.63003040711359e-05,7.835830663449939e-05
05361,2024,981.9053533563904,3438.535802437954,0.0004313973872511623,0.0002707418101284918,153.35787520330382,502.01734291978505,9.547175267206513e-05,7.733289349323496e-05
05361,2025,981.9053533563904,3438.535802437954,0.0004291008730209381,0.00026882055085278143,153.35787520330382,502.01734291978505,9.49243016390669e-05,7.673891359346575e-05
05364,2021,3730.0608105045853,8710.732859575603,0.0008001871638265971,0.001011106535356014,530.9411459002863,1258.454468877611,0.0001323122290878811,0.00016910984273402064
05364,2022,3730.0608105045853,8710.732859575603,0.0007961704110117819,0.001003583511530878,530.9411459002863,1258.454468877611,0.00013166699734105545,0.00016789056120052978
05364,2023,3730.0608105045853,8710.732859575603,0.0007936231463961074,0.0009978602810298998,530.9411459002863,1258.454468877611,0.0001312631227818092,0.0001669845344252444
05364,2024,3730.0608105045853,8710.732859575603,0.0007896056793605486,0.0009908146943252369,530.9411459002863,1258.454468877611,0.00013061251638407477,0.00016583626356651005
05364,2025,3730.0608105045853,8710.732859575603,0.000786810932799425,0.0009849728856364953,530.9411459002863,1258.454468877611,0.00013016586301116816,0.00016489272604296453
05368,2021,5099.019188521331,9892.380211916745,0.0013429197648958744,0.0012443139057690753,668.6604525596764,1352.5272281787106,0.00017990523229868832,0.00016989907695759987
05368,2022,5099.019188521331,9892.380211916745,0.0013331382934041668,0.0012343260269607299,668.6604525596764,1352.5272281787106,0.0001786389315516924,0.00016856942695466884
05368,2023,5099.019188521331,9892.380211916745,0.0013253765401108123,0.0012262407178747,668.6604525596764,1352.5272281787106,0.00017764467454672048,0.0001675102785550631
05368,2024,5099.019188521331,9892.380211916745,0.0013160221866148252,0.0012168739515870553,668.6604525596764,1352.5272281787106,0.00017642241079995262,0.00016625920641086549
05368,2025,5099.019188521331,9892.380211916745,0.001308401465995971,0.0012089481644621614,668.6604525596764,1352.5272281787106,0.00017544067116597413,0.0001652076676302697
05376,2021,7777.394892704768,11559.002442153012,0.001663188332793324,0.0016384527960155715,949.5123280866551,1447.2874494491825,0.00019086525761270872,0.00019406118539436293
05376,2022,7777.394892704768,11559.002442153012,0.001648345329629837,0.0016241361018651092,949.5123280866551,1447.2874494491825,0.00018919935650294983,0.00019240861741873013
05376,2023,7777.394892704768,11559.002442153012,0.0016357929002497012,0.0016120894282086258,949.5123280866551,1447.2874494491825,0.00018779582860019628,0.00019102622561863847
05376,2024,7777.394892704768,11559.002442153012,0.0016221076482874589,0.0015988022619867698,949.5123280866551,1447.2874494491825,0.00018625718796522604,0.00018948721153206133
05376,2025,7777.394892704768,11559.002442153012,0.0016101157194950313,0.001587264173711724,949.5123280866551,1447.2874494491825,0.00018491486903814955,0.00018815951814168594
05380,2021,10922.57210713577,13542.86480754212,0.003449134442725454,0.0034537562185319105,1336.647042118092,1711.5805500318409,0.0004132971120322972,0.00041830608675621735
05380,2022,10922.57210713577,13542.86480754212,0.0034202140830227904,0.0034250965770128315,1336.647042118092,1711.5805500318409,0.00040985142415238154,0.0004148559821111504
05380,2023,10922.57210713577,13542.86480754212,0.003395992255924682,0.0034011478654021503,1336.647042118092,1711.5805500318409,0.0004069685773065834,0.00041197773651562735
05380,2024,10922.57210713577,13542.86480754212,0.0033689541469639783,0.0033743004279341723,1336.647042118092,1711.5805500318409,0.0004037447550434789,0.0004087432817242254
05380,2025,10922.57210713577,13542.86480754212,0.003345792916455712,0.003351374855495403,1336.647042118092,1711.5805500318409,0.0004009874390791331,0.0004059860659365954
05390,2021,5273.297543627717,10082.093459580241,0.0013287992126817816,0.0012351856186190702,687.4790448096935,1373.8075167407308,0.00016068467361319067,0.00016228964765689193
05390,2022,5273.297543627717,10082.093459580241,0.001318764257614819,0.0012251976390832645,687.4790448096935,1373.8075167407308,0.00015950635247036503,0.00016100964422468907
05390,2023,5273.297543627717,10082.093459580241,0.0013107578931526088,0.001217117029328716,687.4790448096935,1373.8075167407308,0.0001585757096329208,0.0001599899370367523
05390,2024,5273.297543627717,10082.093459580241,0.0013013535133561845,0.0012077879269616256,687.4790448096935,1373.8075167407308,0.0001574691250943894,0.00015879110965554268
05390,2025,5273.297543627717,10082.093459580241,0.0012934878867644634,0.0011998583916347893,687.4790448096935,1373.8075167407308,0.00015654986488744684,0.0001577788507119805
05400,2021,6514.717069020183,10622.27815685487,0.0014493663054470259,0.0014776790037873899,799.0161607881511,1339.3880073778132,0.00016752349426526865,0.00018494805882596625
05400,2022,6514.717069020183,10622.27815685487,0.001436232331306719,0.0014648757357547224,799.0161607881511,1339.3880073778132,0.00016605451444525788,0.00018345418589247076
05400,2023,6514.717069020183,10622.27815685487,0.0014251018364862663,0.001454145493665001,799.0161607881511,1339.3880073778132,0.00016481665525894232,0.00018222352573580121
05400,2024,6514.717069020183,10622.27815685487,0.0014130121544982837,0.0014422648986478928,799.0161607881511,1339.3880073778132,0.00016345885948807065,0.0001808278415956049
05400,2025,6514.717069020183,10622.27815685487,0.0014023814980730267,0.0014319514022889273,799.0161607881511,1339.3880073778132,0.00016227403762638214,0.00017963371835449563
05411,2021,4262.050847691514,8163.032087543664,0.001022025286595607,0.0009198145420760336,524.7296271002301,1001.2816635609427,0.00016133921577872934,0.00012560028391157195
05411,2022,4262.050847691514,8163.032087543664,0.0010142100045118902,0.0009120163894406304,524.7296271002301,1001.2816635609427,0.00016012269458191036,0.0001245339647786735
05411,2023,4262.050847691514,8163.032087543664,0.0010075353790698336,0.0009054077632758247,524.7296271002301,1001.2816635609427,0.00015907773911876867,0.0001236261991336685
05411,2024,4262.050847691514,8163.032087543664,0.0009995427756153096,0.0008974926479069901,524.7296271002301,1001.2816635609427,0.0001577800049942335,0.00012252419695961438
05411,2025,4262.050847691514,8163.032087543664,0.0009933197737332243,0.0008912293722612131,524.7296271002301,1001.2816635609427,0.00015681483809188457,0.00012166770862860791
05425,2021,1812.6573020743906,5351.504515005309,0.0006482963167234887,0.0005605639242033549,239.11255087843952,700.3799598438121,0.00013189521023536545,0.00010383406576219126
05425,2022,1812.6573020743906,5351.504515005309,0.0006432706585661891,0.0005557172162078976,239.11255087843952,700.3799598438121,0.00013088483558247507,0.00010297266438497434
05425,2023,1812.6573020743906,5351.504515005309,0.000638769301620411,0.0005514093472875737,239.11255087843952,700.3799598438121,0.0001299876467175704,0.0001022101933681559
05425,2024,1812.6573020743906,5351.504515005309,0.0006340864994068255,0.0005470296961251641,239.11255087843952,700.3799598438121,0.0001290360192316217,0.00010143336484014512
05425,2025,1812.6573020743906,5351.504515005309,0.0006299467768791098,0.0005430078348265697,239.11255087843952,700.3799598438121,0.00012820480914980852,0.00010071915772936497
05440,2021,7702.34129783431,11165.525223409819,0.0016683584263826178,0.0016837737452925665,928.9515651147132,1365.5620199214839,0.000191153896812944,0.0001979706341563855
05440,2022,7702.34129783431,11165.525223409819,0.0016528574325673558,0.0016686982411464595,928.9515651147132,1365.5620199214839,0.0001893990798908216,0.0001962500403418517
05440,2023,7702.34129783431,11165.525223409819,0.0016396264360332433,0.0016559084199099555,928.9515651147132,1365.5620199214839,0.0001879034319861963,0.00019479658481482245
05440,2024,7702.34129783431,11165.525223409819,0.0016253098241869695,0.00164193933655492,928.9515651147132,1365.5620199214839,0.00018627597729922913,0.00019319819344313627
05440,2025,7702.34129783431,11165.525223409819,0.0016127279074799302,0.0016297396945708668,928.9515651147132,1365.5620199214839,0.00018485401347985273,0.00019180920935020352
05467,2021,7144.32993333713,11152.463645733971,0.001690757282710821,0.0016739951495304522,879.0146185673176,1409.6138396109427,0.00020325906241545238,0.0002111362641804112
05467,2022,7144.32993333713,11152.463645733971,0.0016766603734609399,0.0016598192238235828,879.0146185673176,1409.6138396109427,0.000201611949645052,0.0002093906528544831
05467,2023,7144.32993333713,11152.463645733971,0.0016649650965089096,0.0016480921569905565,879.0146185673176,1409.6138396109427,0.00020025459840557644,0.00020796296094804977
05467,2024,7144.32993333713,11152.463645733971,0.0016518642065812411,0.0016349068710585508,879.0146185673176,1409.6138396109427,0.00019871881509076394,0.00020633486975566606
05467,2025,7144.32993333713,11152.463645733971,0.0016405996541694404,0.0016235531988112136,879.0146185673176,1409.6138396109427,0.00019740780787845213,0.00020494233900576446
05475,2021,105.30403082495575,293.23909560332527,0.0002768355663904494,0.00021935870224808177,39.45477934836811,110.48019124698531,0.00015633217476315942,0.00011416754278148639
05475,2022,105.30403082495575,293.23909560332527,0.0002740803844433075,0.0002171445822430656,39.45477934836811,110.48019124698531,0.0001544243423438114,0.00011288864705296711
05475,2023,105.30403082495575,293.23909560332527,0.000271557519163731,0.00021516415797809762,39.45477934836811,110.48019124698531,0.00015263789115942613,0.00011174405783206958
05475,2024,105.30403082495575,293.23909560332527,0.0002674861298964927,0.00021538086856916176,39.45477934836811,110.48019124698531,0.00015027355979036448,0.00011335959861917259
05475,2025,105.30403082495575,293.23909560332527,0.00026521349550696384,0.00021352846691471795,39.45477934836811,110.48019124698531,0.00014867823544696047,0.00011229799610584074
05480,2021,164.7151040234538,373.4934981103785,0.00019196326045320693,0.00028112549302287493,60.77348749821658,135.12749098713329,7.21719066962316e-05,0.00011202801122461152
05480,2022,164.7151040234538,373.4934981103785,0.00019098405404400573,0.00027929849866029864,60.77348749821658,135.12749098713329,7.180741503171766e-05,0.0001112620756882923
05480,2023,164.7151040234538,373.4934981103785,0.000190074572621171,0.0002776633917459485,60.77348749821658,135.12749098713329,7.146775571111077e-05,0.0001105794778080912
05480,2024,164.7151040234538,373.4934981103785,0.00017766918057490102,0.0002676906705923606,60.77348749821658,135.12749098713329,6.595448301063192e-05,0.00010661422730116877
05480,2025,164.7151040234538,373.4934981103785,0.00017675513592314753,0.0002661704769933191,60.77348749821658,135.12749098713329,6.560216897170428e-05,0.00010598498957701894
05483,2021,3183.191791125709,7773.074228230384,0.0007098558352102171,0.0009387446441819182,444.0481699386455,1084.943485128972,0.00013515709317987918,0.00016261629605218377
05483,2022,3183.191791125709,7773.074228230384,0.0007061497132587515,0.0009318701002987746,444.0481699386455,1084.943485128972,0.0001346681665714072,0.00016153884781908327
05483,2023,3183.191791125709,7773.074228230384,0.0007036246026833045,0.0009265249567921527,444.0481699386455,1084.943485128972,0.00013441159435290768,0.00016073291981746698
05483,2024,3183.191791125709,7773.074228230384,0.0007001996788644998,0.0009200700871033551,444.0481699386455,1084.943485128972,0.0001339504409820243,0.00015971143828303656
05483,2025,3183.191791125709,7773.074228230384,0.0006974554347725654,0.0009146598518534465,444.0481699386455,1084.943485128972,0.00013362728931330285,0.0001588732640700155
05490,2021,325.1214874236666,739.5094538665713,0.0005830846304243459,0.0005677826665765466,151.3718334800048,359.8569075141937,0.00021260386639965266,0.00023641905325837452
05490,2022,325.1214874236666,739.5094538665713,0.0005819289776130618,0.0005627122027629926,151.3718334800048,359.8569075141937,0.00021207753381334793,0.00023420327859919557
05490,2023,325.1214874236666,739.5094538665713,0.000581124487025365,0.0005580078629424533,151.3718334800048,359.8569075141937,0.00021168602567939675,0.00023214611032879506
05490,2024,325.1214874236666,739.5094538665713,0.000577335975132551,0.0005505568976679809,151.3718334800048,359.8569075141937,0.00021008162749376686,0.00022896876848457507
05490,2025,325.1214874236666,739.5094538665713,0.0005767443619832446,0.0005463100035324729,151.3718334800048,359.8569075141937,0.00020976642585843186,0.00022711774723738865
05495,2021,183.38479066744466,369.68104494936154,0.0007336891081362038,0.0006960392927341217,68.33163869088101,148.66466584467238,0.000222451753598633,0.00021363655980124256
05495,2022,183.38479066744466,369.68104494936154,0.0007282753848433193,0.0006902862726531414,68.33163869088101,148.66466584467238,0.0002207325372275733,0.00021174675070522383
05495,2023,183.38479066744466,369.68104494936154,0.0007233238628653766,0.0006850355981631289,68.33163869088101,148.66466584467238,0.00021916437486381514,0.00021002243906145468
05495,2024,183.38479066744466,369.68104494936154,0.0007189470802703718,0.0006802680917999416,68.33163869088101,148.66466584467238,0.00021775798899501775,0.00020844143940169468
05495,2025,183.38479066744466,369.68104494936154,0.0007148970589520686,0.0006758723953108987,68.33163869088101,148.66466584467238,0.00021646737104867394,0.00020699379084672702
05501,2021,5498.164939233015,9346.897204488088,0.0011650443043033094,0.0009825621156420079,680.0600059453398,1171.0615917854918,0.0001482258601734988,0.00012809358456029746
05501,2022,5498.164939233015,9346.897204488088,0.0011561759314642475,0.0009743216608876897,680.0600059453398,1171.0615917854918,0.00014709300139409005,0.0001270207351152636
05501,2023,5498.164939233015,9346.897204488088,0.0011486064129591468,0.0009673675686129177,680.0600059453398,1171.0615917854918,0.00014611968186971377,0.00012611193681130427
05501,2024,5498.164939233015,9346.897204488088,0.0011397089989506584,0.000959073632464404,680.0600059453398,1171.0615917854918,0.00014497124894234363,0.00012501155786570362
05501,2025,5498.164939233015,9346.897204488088,0.001132555747451478,0.0009524631188072126,680.0600059453398,1171.0615917854918,0.00014406626124433236,0.00012415127872096086
05541,2021,6470.424829358204,10241.018037403976,0.0014470615138533279,0.0014482191458489166,781.3029803516868,1256.2077609834337,0.00017746057561485607,0.0001749243255333198
05541,2022,6470.424829358204,10241.018037403976,0.0014335400600446139,0.0014353244535828113,781.3029803516868,1256.2077609834337,0.0001758108652371052,0.0001734300124144712
05541,2023,6470.424829358204,10241.018037403976,0.0014219771314556836,0.0014243650295123881,781.3029803516868,1256.2077609834337,0.00017439844674591522,0.00017216705806646302
05541,2024,6470.424829358204,10241.018037403976,0.0014094222706313878,0.0014123776472945186,781.3029803516868,1256.2077609834337,0.00017284770597567395,0.00017077143740600338
05541,2025,6470.424829358204,10241.018037403976,0.0013984374975313638,0.0014019405649582084,781.3029803516868,1256.2077609834337,0.00017150769271469124,0.00016956567669275014
05543,2021,1909.1046715254413,5388.783033137329,0.0004871622366763747,0.0005177324957414584,252.78978570994258,706.466175405515,0.00010934074034068628,9.433237894540174e-05
05543,2022,1909.1046715254413,5388.783033137329,0.00048406117445224175,0.0005134874061771235,252.78978570994258,706.466175405515,0.00010862955192595457,9.353827105875747e-05
05543,2023,1909.1046715254413,5388.783033137329,0.0004811874863343689,0.0005098034188548697,252.78978570994258,706.466175405515,0.00010797650876801373,9.283311475791924e-05
05543,2024,1909.1046715254413,5388.783033137329,0.0004772447422976821,0.0005043452983651733,252.78978570994258,706.466175405515,0.000107062841082546,9.174273660822711e-05
05543,2025,1909.1046715254413,5388.783033137329,0.00047478911789302383,0.0005009365917306742,252.78978570994258,706.466175405515,0.00010650337738517046,9.11018564941827e-05
05576,2021,4928.45662174966,9668.850413971073,0.0012524077040844133,0.0013122850414106246,647.1252279825923,1318.2267006081433,0.00016777570620638726,0.00024274709729186881
05576,2022,4928.45662174966,9668.850413971073,0.0012434520745932879,0.0013014184678650166,647.1252279825923,1318.2267006081433,0.00016661271966120637,0.00024059286044408884
05576,2023,4928.45662174966,9668.850413971073,0.0012363700010837133,0.0012924690338652327,647.1252279825923,1318.2267006081433,0.00016570116062425487,0.00023876552196768356
05576,2024,4928.45662174966,9668.850413971073,0.0012277609496785622,0.0012821875069326054,647.1252279825923,1318.2267006081433,0.00016457291028112834,0.0002366894660188998
05576,2025,4928.45662174966,9668.850413971073,0.0012208043183412499,0.0012734065817746813,647.1252279825923,1318.2267006081433,0.0001636732638641094,0.00023487711514109873
05579,2021,1206.1486525468215,4173.597798733774,0.00076907484832399,0.000583787821825132,173.7405925864958,575.4751638025359,0.0001739256842411068,0.00012260769544593074
05579,2022,1206.1486525468215,4173.597798733774,0.0007645852804643373,0.000579188512886081,173.7405925864958,575.4751638025359,0.000172949135295343,0.00012168900347410464
05579,2023,1206.1486525468215,4173.597798733774,0.000760686095509384,0.0005751115750684971,173.7405925864958,575.4751638025359,0.00017210769898182634,0.00012087992926825766
05579,2024,1206.1486525468215,4173.597798733774,0.0007567502047968408,0.0005710510811568262,173.7405925864958,575.4751638025359,0.0001712397278703481,0.00012006562435209496
05579,2025,1206.1486525468215,4173.597798733774,0.0007530840422797334,0.0005672303836732321,173.7405925864958,575.4751638025359,0.00017044417972713447,0.00011930502473153659
05585,2021,1893.1530586554907,5467.3316065263325,0.0004603178185018401,0.00043677919848323065,254.04930030744165,718.4317052824891,0.00011498848717727769,0.00010401979045792903
05585,2022,1893.1530586554907,5467.3316065263325,0.000457493413234432,0.00043354589106586516,254.04930030744165,718.4317052824891,0.00011433600099566386,0.00010331884602412268
05585,2023,1893.1530586554907,5467.3316065263325,0.0004551830346082324,0.00043083927988379894,254.04930030744165,718.4317052824891,0.00011381485501880145,0.00010274370673880186
05585,2024,1893.1530586554907,5467.3316065263325,0.00045236524394693544,0.0004277871275838802,254.04930030744165,718.4317052824891,0.00011314401550394042,0.00010207287273954968
05585,2025,1893.1530586554907,5467.3316065263325,0.00045010180686398644,0.0004251664522360104,254.04930030744165,718.4317052824891,0.00011262770930689565,0.00010150838712703845
05591,2021,1809.185607463738,5370.951209799663,0.0007794717318119413,0.000610800382831701,252.62196283901073,723.66495630913,0.00019972153387753813,0.00015445469374051856
05591,2022,1809.185607463738,5370.951209799663,0.0007763278974476563,0.0006069094567514136,252.62196283901073,723.66495630913,0.00019909662900882515,0.00015354215066677444
05591,2023,1809.185607463738,5370.951209799663,0.000774177402532428,0.0006037879429520969,252.62196283901073,723.66495630913,0.0001987375699654768,0.00015282464418324643
05591,2024,1809.185607463738,5370.951209799663,0.0007709284114254969,0.0006000568640811771,252.62196283901073,723.66495630913,0.00019806226092279367,0.00015193695643029459
05591,2025,1809.185607463738,5370.951209799663,0.0007686608407252505,0.0005969633159191339,252.62196283901073,723.66495630913,0.00019765077781785448,0.00015121631522321843
05604,2021,256.94647317543854,647.3147947560084,0.000849939754673179,0.0007697372003365878,54.828748050442655,139.07058130109465,0.00012461975330333537,0.00014309267793519896
05604,2022,256.94647317543854,647.3147947560084,0.0008413438212037322,0.0007621870228881828,54.828748050442655,139.07058130109465,0.00012338672400756816,0.00014169429644107713
05604,2023,256.94647317543854,647.3147947560084,0.0008335347027372097,0.0007553279027307622,54.828748050442655,139.07058130109465,0.00012227278020932096,0.0001404284245404428
05604,2024,256.94647317543854,647.3147947560084,0.0008262024969736716,0.000748735639174352,54.828748050442655,139.07058130109465,0.00012123455561217812,0.00013921810650127753
05604,2025,256.94647317543854,647.3147947560084,0.0008189502890991801,0.0007425302175519371,54.828748050442655,139.07058130109465,0.00012019719752793265,0.00013808406413816666
05607,2021,9327.29335957618,12607.571500441221,0.0028221488606453176,0.0027930453413373534,1135.503030378787,1570.1227461703793,0.0003246921523678268,0.00032912439374388556
05607,2022,9327.29335957618,12607.571500441221,0.002797908395962444,0.0027693382901329967,1135.503030378787,1570.1227461703793,0.00032194401381922507,0.0003263736897358757
05607,2023,9327.29335957618,12607.571500441221,0.002777536536928158,0.0027494594024319316,1135.503030378787,1570.1227461703793,0.0003196401602639246,0.00032407538930762434
05607,2024,9327.29335957618,12607.571500441221,0.0027550102785519146,0.002727337674847183,1135.503030378787,1570.1227461703793,0.0003170812329656922,0.00032150327666251544
05607,2025,9327.29335957618,12607.571500441221,0.0027355275770707776,0.0027083096898416034,1135.503030378787,1570.1227461703793,0.0003148766854582947,0.0003192998969585596
05615,2021,9377.159998038494,12577.299646609046,0.002961106047691104,0.0029232322895269025,1141.0403723843674,1561.1718447293347,0.00034577332028852645,0.0003467147103059322
05615,2022,9377.159998038494,12577.299646609046,0.0029353495026327413,0.002898266934579159,1141.0403723843674,1561.1718447293347,0.00034279139087836375,0.0003438008326659862
05615,2023,9377.159998038494,12577.299646609046,0.00291363643154463,0.002877293111802896,1141.0403723843674,1561.1718447293347,0.0003402800916155041,0.00034136011387381166
05615,2024,9377.159998038494,12577.299646609046,0.0028897202410851797,0.0028540068893440186,1141.0403723843674,1561.1718447293347,0.0003375050937138586,0.00033863529829090185
05615,2025,9377.159998038494,12577.299646609046,0.0028689905567396154,0.002833954345471257,1141.0403723843674,1561.1718447293347,0.0003351081093086728,0.0003362992698948778
05628,2021,2855.4918708984887,6669.681396601208,0.0004799200390821043,0.000551733199166046,359.8721066762219,835.6561731099963,0.00010800140697982642,8.960396992981035e-05
05628,2022,2855.4918708984887,6669.681396601208,0.0004768286733171241,0.0005471831314491916,359.8721066762219,835.6561731099963,0.0001072905341851066,8.886312390942897e-05
05628,2023,2855.4918708984887,6669.681396601208,0.00047400126648647936,0.0005432801492581507,359.8721066762219,835.6561731099963,0.00010664488173338776,8.82198229588139e-05
05628,2024,2855.4918708984887,6669.681396601208,0.0004702346801094489,0.0005377061272172377,359.8721066762219,835.6561731099963,0.00010576963722834574,8.72707861461307e-05
05628,2025,2855.4918708984887,6669.681396601208,0.0004677811373139755,0.0005340549027000144,359.8721066762219,835.6561731099963,0.00010520884895044708,8.667590140368674e-05
05631,2021,11220.790096984007,13725.624681094483,0.0034400911295633116,0.0034433386850327456,1369.6476977531522,1727.4562171698715,0.00041225174464702127,0.0004158110783265904
05631,2022,11220.790096984007,13725.624681094483,0.0034112392853496098,0.0034147567192062476,1369.6476977531522,1727.4562171698715,0.000408813797253717,0.0004123783562063761
05631,2023,11220.790096984007,13725.624681094483,0.0033870745714017643,0.0033908711594112626,1369.6476977531522,1727.4562171698715,0.00040593736386860976,0.0004095136355003357
05631,2024,11220.790096984007,13725.624681094483,0.0033601048550455136,0.0033641006587629496,1369.6476977531522,1727.4562171698715,0.00040272124998681525,0.00040629646548382987
05631,2025,11220.790096984007,13725.624681094483,0.0033369983342322195,0.0033412368006623372,1369.6476977531522,1727.4562171698715,0.0003999700860168417,0.000403552993065778
05642,2021,4973.77972407101,9242.884598465984,0.001180213504874214,0.001144047407025044,639.1888125001669,1216.3250277147501,0.0001499741336343881,0.00021833099016762674
05642,2022,4973.77972407101,9242.884598465984,0.0011710660391490765,0.0011342798344887407,639.1888125001669,1216.3250277147501,0.00014882039310200594,0.0002163298024695841
05642,2023,4973.77972407101,9242.884598465984,0.0011634802568149065,0.0011260374073769298,639.1888125001669,1216.3250277147501,0.0001478685231630965,0.00021459218235788072
05642,2024,4973.77972407101,9242.884598465984,0.0011544627017580796,0.0011167486434165968,639.1888125001669,1216.3250277147501,0.00014674537745685022,0.00021265118738550773
05642,2025,4973.77972407101,9242.884598465984,0.001147110488687748,0.001108781258309387,639.1888125001669,1216.3250277147501,0.00014582049845988815,0.00021094794542847548
05647,2021,2959.8112196648976,6781.147070191118,0.0007517240520061093,0.0006626921375957462,372.0679677962391,847.8465187701012,0.00015531505580660893,0.0001085884171066635
05647,2022,2959.8112196648976,6781.147070191118,0.0007471963648838578,0.0006571694543947407,372.0679677962391,847.8465187701012,0.0001543526564254124,0.0001076751785755
05647,2023,2959.8112196648976,6781.147070191118,0.0007429917471982583,0.0006524342722137033,372.0679677962391,847.8465187701012,0.00015346687711094168,0.0001068817985364996
05647,2024,2959.8112196648976,6781.147070191118,0.0007378885469911362,0.0006466300890722912,372.0679677962391,847.8465187701012,0.00015234084053987812,0.00010591396534386107
05647,2025,2959.8112196648976,6781.147070191118,0.0007342416562209524,0.0006421932399547902,372.0679677962391,847.8465187701012,0.0001515734032674314,0.0001051798102087893
05649,2021,3149.888644912439,7118.499191267661,0.0006881703324421798,0.0008474870682494216,394.83692619536487,895.1430858325343,0.00013552267890090525,0.00014369956137724607
05649,2022,3149.888644912439,7118.499191267661,0.0006823192543330924,0.0008406220404581809,394.83692619536487,895.1430858325343,0.0001344291861684922,0.0001426275526097685
05649,2023,3149.888644912439,7118.499191267661,0.0006772600298417574,0.000834840897386823,394.83692619536487,895.1430858325343,0.0001334885834534551,0.000141737297856905
05649,2024,3149.888644912439,7118.499191267661,0.0006716634111007079,0.0008284135928916405,394.83692619536487,895.1430858325343,0.00013241902196470338,0.0001407260657525589
05649,2025,3149.888644912439,7118.499191267661,0.0006668796183451867,0.0008228747182590216,394.83692619536487,895.1430858325343,0.00013152746565718966,0.00013986515256050799
05652,2021,3173.34175043737,7411.676092128668,0.0007255733473268266,0.0008533222657551569,412.69631899720997,975.0414594362852,0.00014877274720914382,0.00014943638857678682
05652,2022,3173.34175043737,7411.676092128668,0.0007210515181212006,0.0008468708107459956,412.69631899720997,975.0414594362852,0.00014815210709022251,0.00014844590145509507
05652,2023,3173.34175043737,7411.676092128668,0.0007175731349549579,0.0008416097931343605,412.69631899720997,975.0414594362852,0.00014775513569695764,0.00014766599619214562
05652,2024,3173.34175043737,7411.676092128668,0.0007133143612269473,0.0008355616891860303,412.69631899720997,975.0414594362852,0.00014714616122227903,0.0001467250983136949
05652,2025,3173.34175043737,7411.676092128668,0.0007098237033706787,0.0008304163230429093,412.69631899720997,975.0414594362852,0.00014671199224499447,0.00014594477624247488
05656,2021,8510.033638041496,11639.018740530773,0.002176409131342095,0.0022195075633958316,1043.415759876241,1449.7807206420653,0.00026816340806158585,0.00027333202950579596
05656,2022,8510.033638041496,11639.018740530773,0.00215825972353212,0.0022010490269286282,1043.415759876241,1449.7807206420653,0.0002659411403043653,0.0002710672432134579
05656,2023,8510.033638041496,11639.018740530773,0.0021430536544026005,0.002185577826284706,1043.415759876241,1449.7807206420653,0.00026407902338932787,0.0002691683486458931
05656,2024,8510.033638041496,11639.018740530773,0.0021259617790419932,0.0021677363741781593,1043.415759876241,1449.7807206420653,0.00026197108828581394,0.0002669583492241579
05656,2025,8510.033638041496,11639.018740530773,0.0021114486812166405,0.002152964787783649,1043.415759876241,1449.7807206420653,0.0002601961391612968,0.00026514690027277073
05658,2021,3641.7003325058104,7544.237659805579,0.0007582333933473691,0.000691625900964574,452.9884734340422,937.8640006673661,0.00013809163983914723,0.00010115740965854036
05658,2022,3641.7003325058104,7544.237659805579,0.0007534294900132229,0.0006858352975890832,452.9884734340422,937.8640006673661,0.00013718627756497784,0.00010031300821453116
05658,2023,3641.7003325058104,7544.237659805579,0.0007490138664538644,0.0006808868230067731,452.9884734340422,937.8640006673661,0.00013635958849573274,9.958769084325307e-05
05658,2024,3641.7003325058104,7544.237659805579,0.0007437840547797348,0.0006748456968529318,452.9884734340422,937.8640006673661,0.00013534005628340317,9.869125402612527e-05
05658,2025,3641.7003325058104,7544.237659805579,0.0007399025566675351,0.000670191789847254,452.9884734340422,937.8640006673661,0.00013461402385572642,9.801302687308439e-05
05659,2021,351.72462873672663,784.0304255029389,0.0004516887530090276,0.0005206502675518196,171.69106995748677,392.6005949402056,0.00014045878618749086,0.0002172786027698044
05659,2022,351.72462873672663,784.0304255029389,0.0004504092145417182,0.0005153710994629773,171.69106995748677,392.6005949402056,0.00014000444097754893,0.00021492747036458212
05659,2023,351.72462873672663,784.0304255029389,0.00044938242070713294,0.0005104456042183204,171.69106995748677,392.6005949402056,0.00013963573817523062,0.00021273376801242256
05659,2024,351.72462873672663,784.0304255029389,0.0004473387489161079,0.0005037585149115072,171.69106995748677,392.6005949402056,0.00013893493464935895,0.00020986446532863138
05659,2025,351.72462873672663,784.0304255029389,0.0004465585687383698,0.0004993510348027426,171.69106995748677,392.6005949402056,0.00013864121797714434,0.00020790887056681688
05660,2021,3266.0688609487997,7492.488497684891,0.0007050464119979355,0.0008540558572466026,416.83941950906785,970.5146665936303,0.00015365847945256563,0.000149256903129101
05660,2022,3266.0688609487997,7492.488497684891,0.0007004807149357079,0.0008475729058059847,416.83941950906785,970.5146665936303,0.00015294620978718068,0.00014826567665763004
05660,2023,3266.0688609487997,7492.488497684891,0.0006969068232712168,0.0008422567222710789,416.83941950906785,970.5146665936303,0.00015246025806757373,0.000147480321998245
05660,2024,3266.0688609487997,7492.488497684891,0.0006924766592387079,0.0008361564046013896,416.83941950906785,970.5146665936303,0.000151741256762391,0.00014653471727321283
05660,2025,3266.0688609487997,7492.488497684891,0.0006889273875520289,0.0008309772995124076,416.83941950906785,970.5146665936303,0.0001512271591590838,0.00014575321765256997
05664,2021,8711.23235248888,11749.963881578242,0.0024010269049737115,0.0023154164016684266,1057.8086488241124,1429.7973508914872,0.0002984484777202832,0.0002840593191128353
05664,2022,8711.23235248888,11749.963881578242,0.002381206074029258,0.0022959865409548095,1057.8086488241124,1429.7973508914872,0.00029599534617289814,0.00028168968649288414
05664,2023,8711.23235248888,11749.963881578242,0.002364475587428987,0.002279674575478562,1057.8086488241124,1429.7973508914872,0.0002939219651948923,0.000279700581853623
05664,2024,8711.23235248888,11749.963881578242,0.002345770631229822,0.002261395576589026,1057.8086488241124,1429.7973508914872,0.0002915920603298089,0.000277464934054224
05664,2025,8711.23235248888,11749.963881578242,0.0023298795861402483,0.002245830787761411,1057.8086488241124,1429.7973508914872,0.0002896263836759872,0.00027556832259885303
05665,2021,502.2961870746273,949.2607498029618,0.0007099697195480937,0.0006945692934677254,248.66122905277982,475.00905336954327,0.00031712319505842275,0.0003236174174109228
05665,2022,502.2961870746273,949.2607498029618,0.0007024055184068887,0.0006867760434887527,248.66122905277982,475.00905336954327,0.0003134063242962967,0.0003197709635150352
05665,2023,502.2961870746273,949.2607498029618,0.0006953571748584633,0.000679479835186488,248.66122905277982,475.00905336954327,0.00030992620388744005,0.0003161594349687334
05665,2024,502.2961870746273,949.2607498029618,0.0006842164137622996,0.0006674638719446298,248.66122905277982,475.00905336954327,0.00030490818857110237,0.00031087572573027883
05665,2025,502.2961870746273,949.2607498029618,0.000677900400334092,0.0006609120200064953,248.66122905277982,475.00905336954327,0.0003017876858006328,0.0003076440326351128
05667,2021,3809.2904515446653,7827.566689415052,0.0006305297762012177,0.0008552133317085296,470.3610132900518,972.735970703031,0.00011706787069609405,0.00013907162511695426
05667,2022,3809.2904515446653,7827.566689415052,0.0006245676744078998,0.0008480506470581211,470.3610132900518,972.735970703031,0.00011595903385237113,0.00013799180758162623
05667,2023,3809.2904515446653,7827.566689415052,0.0006193510973379432,0.0008419770575492317,470.3610132900518,972.735970703031,0.0001149858640427987,0.00013708766134321756
05667,2024,3809.2904515446653,7827.566689415052,0.0006137544040902876,0.0008352982181888791,470.3610132900518,972.735970703031,0.000113930070714903,0.00013607518600053704
05667,2025,3809.2904515446653,7827.566689415052,0.0006088443436091532,0.0008295029611996795,470.3610132900518,972.735970703031,0.0001130155844721711,0.00013520551962425457
05670,2021,3021.261154488078,6921.935761162663,0.000579199302994909,0.0007648344119859397,376.82482042712576,863.1182869732748,0.0001200216140004754,0.00011965007341509163
05670,2022,3021.261154488078,6921.935761162663,0.0005736868715112344,0.0007582080721304628,376.82482042712576,863.1182869732748,0.00011888919729632546,0.00011864257122535653
05670,2023,3021.261154488078,6921.935761162663,0.0005687833206942141,0.0007525085532535636,376.82482042712576,863.1182869732748,0.00011788462429085546,0.0001177761442201541
05670,2024,3021.261154488078,6921.935761162663,0.0005634241896754701,0.0007463027901924319,376.82482042712576,863.1182869732748,0.00011676904525550546,0.00011683032967473359
05670,2025,3021.261154488078,6921.935761162663,0.0005588810629926144,0.0007409148006034165,376.82482042712576,863.1182869732748,0.0001158355088562522,0.00011601038457729752
05674,2021,7829.474120741918,11239.684157118405,0.0015324497312345499,0.0015768532393972954,945.6313873146373,1374.182923052706,0.00018462267139291707,0.00019024190199878522
05674,2022,7829.474120741918,11239.684157118405,0.0015183836376588635,0.0015628715575097597,945.6313873146373,1374.182923052706,0.0001829420969952977,0.00018860259495121788
05674,2023,7829.474120741918,11239.684157118405,0.0015063991433331648,0.001550997775032877,945.6313873146373,1374.182923052706,0.0001815100714577751,0.00018721476227098827
05674,2024,7829.474120741918,11239.684157118405,0.001493306944066236,0.0015379747097301066,945.6313873146373,1374.182923052706,0.00017993342380121535,0.00018568295524439075
05674,2025,7829.474120741918,11239.684157118405,0.0014819179515040046,0.0015266722492475533,945.6313873146373,1374.182923052706,0.00017857475072463518,0.00018436102896628325
05679,2021,6778.9957499329585,11242.038646796775,0.0014546134948210429,0.0014437882128102918,854.3867770586056,1487.3028538250758,0.00017566556220655863,0.00018325760759440907
05679,2022,6778.9957499329585,11242.038646796775,0.0014427969596230766,0.0014317931615077102,854.3867770586056,1487.3028538250758,0.00017427662182928173,0.00018177069922870683
05679,2023,6778.9957499329585,11242.038646796775,0.0014330642905530258,0.0014219358070539014,854.3867770586056,1487.3028538250758,0.00017314061808773105,0.0001805654452934103
05679,2024,6778.9957499329585,11242.038646796775,0.0014220359985891208,0.001410745274443608,854.3867770586056,1487.3028538250758,0.00017184061292386347,0.00017917638038525822
05679,2025,6778.9957499329585,11242.038646796775,0.0014126303790441734,0.0014011679926987308,854.3867770586056,1487.3028538250758,0.00017073946896233692,0.000177994763487797
05686,2021,4977.527769120579,8866.724663195257,0.0011730187539086567,0.0010666871195402997,606.7017200901091,1081.5517341499885,0.0001633943258334027,0.00013596571050159765
05686,2022,4977.527769120579,8866.724663195257,0.0011632152297130333,0.0010574423741716776,606.7017200901091,1081.5517341499885,0.00016204003733874,0.00013479724984076372
05686,2023,4977.527769120579,8866.724663195257,0.0011547689652859742,0.0010495813279857017,606.7017200901091,1081.5517341499885,0.00016086419782318035,0.00013380188017543372
05686,2024,4977.527769120579,8866.724663195257,0.0011453389246540145,0.0010408477356375569,606.7017200901091,1081.5517341499885,0.0001595312775153495,0.0001326898266256101
05686,2025,4977.527769120579,8866.724663195257,0.0011374260123193072,0.0010334003899507961,606.7017200901091,1081.5517341499885,0.00015843821440690817,0.00013174917703214466
05690,2021,4550.017346078966,8525.684125805872,0.0011667602080382348,0.0011183707025837991,556.852660864354,1051.3137853070493,0.00016680886341696033,0.00014802818295060077
05690,2022,4550.017346078966,8525.684125805872,0.001155819580777009,0.001108535843687234,556.852660864354,1051.3137853070493,0.00016518555043252344,0.00014673969862781993
05690,2023,4550.017346078966,8525.684125805872,0.0011463712145604438,0.0011001448429452073,556.852660864354,1051.3137853070493,0.00016377301746835476,0.0001456397055613578
05690,2024,4550.017346078966,8525.684125805872,0.001135951308105703,0.0010909188330198312,556.852660864354,1051.3137853070493,0.0001622058552673104,0.0001444265966312791
05690,2025,4550.017346078966,8525.684125805872,0.0011270756887073706,0.0010829646175551362,556.852660864354,1051.3137853070493,0.00016088444237639143,0.00014338436604528282
05697,2021,6789.9140480486685,10745.50482791498,0.0014098009304929254,0.0014883534366246548,825.3689441705609,1341.6009873536652,0.00016207565531927597,0.0001876668683520345
05697,2022,6789.9140480486685,10745.50482791498,0.0013966586554873368,0.0014753715513169854,825.3689441705609,1341.6009873536652,0.00016059588050042407,0.00018615103621204501
05697,2023,6789.9140480486685,10745.50482791498,0.0013854344598320024,0.0014644230141453495,825.3689441705609,1341.6009873536652,0.00015933579722315287,0.00018489193672456417
05697,2024,6789.9140480486685,10745.50482791498,0.0013733107104269477,0.0014523846027249374,825.3689441705609,1341.6009873536652,0.00015796444872780334,0.00018347774766678062
05697,2025,6789.9140480486685,10745.50482791498,0.001362637208848933,0.0014419050482763326,825.3689441705609,1341.6009873536652,0.0001567655978029253,0.00018226343549527184
05736,2021,224.08975553265745,497.849271886603,0.0008816916994135302,0.0007947146849214191,51.9862487872396,124.5689050716132,0.00014326005329140542,0.00014670244802196078
05736,2022,224.08975553265745,497.849271886603,0.0008723573115304494,0.0007872170248675623,51.9862487872396,124.5689050716132,0.00014176370105870546,0.00014534407729671048
05736,2023,224.08975553265745,497.849271886603,0.0008639034499006113,0.0007804111722213795,51.9862487872396,124.5689050716132,0.00014041229077072921,0.00014411378077457522
05736,2024,224.08975553265745,497.849271886603,0.0008562395738319114,0.00077405753746033,51.9862487872396,124.5689050716132,0.00013919227347172137,0.0001429703400813162
05736,2025,224.08975553265745,497.849271886603,0.0008483945126682066,0.000767925287196868,51.9862487872396,124.5689050716132,0.00013794505550484534,0.000141873724255176
05756,2021,3251.497679611703,7560.376160188927,0.0008190375291064572,0.0009734837341867641,428.61101993275946,1006.7875376417705,0.0001615331500322921,0.0001686557198315018
05756,2022,3251.497679611703,7560.376160188927,0.0008140982911009004,0.0009661417231498756,428.61101993275946,1006.7875376417705,0.00016083831411212564,0.00016751523337206925
05756,2023,3251.497679611703,7560.376160188927,0.0008103875794556285,0.0009603197798936716,428.61101993275946,1006.7875376417705,0.00016039651744524595,0.00016664375375236498
05756,2024,3251.497679611703,7560.376160188927,0.0008057883903694815,0.0009534270765750057,428.61101993275946,1006.7875376417705,0.0001597297200941624,0.00016556135540359435
05756,2025,3251.497679611703,7560.376160188927,0.0008019885410706491,0.0009476128557626157,428.61101993275946,1006.7875376417705,0.00015923817383426303,0.0001646688118128318
05761,2021,6879.6924522901045,10468.613735517856,0.001319997670992271,0.001111698247374088,846.3949233536807,1306.2930636680196,0.00015930537855860964,0.00014402265246756926
05761,2022,6879.6924522901045,10468.613735517856,0.001309713758357071,0.0011023556987198647,846.3949233536807,1306.2930636680196,0.0001580628247100587,0.0001428209723784525
05761,2023,6879.6924522901045,10468.613735517856,0.0013009550691763874,0.001094476338018836,846.3949233536807,1306.2930636680196,0.00015700365741585284,0.0001418060625246579
05761,2024,6879.6924522901045,10468.613735517856,0.0012907834365335157,0.0010851600882029588,846.3949233536807,1306.2930636680196,0.00015577380342629004,0.0001405883340998791
05761,2025,6879.6924522901045,10468.613735517856,0.0012824856573760434,0.001077664603097811,846.3949233536807,1306.2930636680196,0.0001547803209967413,0.00013962547409658005
05789,2021,4515.128971996715,9376.534595768431,0.0008704642184706938,0.0009758487681097112,606.7677916933022,1303.037477226752,0.00012268416625544286,0.00014064707620787758
05789,2022,4515.128971996715,9376.534595768431,0.0008651577375689823,0.00096827321886432,606.7677916933022,1303.037477226752,0.00012198275606117798,0.00013959176983094348
05789,2023,4515.128971996715,9376.534595768431,0.0008613652086531827,0.0009623005009410086,606.7677916933022,1303.037477226752,0.0001214933113351726,0.0001387786853343914
05789,2024,4515.128971996715,9376.534595768431,0.0008562559214520564,0.000955217100052093,606.7677916933022,1303.037477226752,0.00012080665594476626,0.00013778683286323225
05789,2025,4515.128971996715,9376.534595768431,0.0008523204001292226,0.0009492571043056395,606.7677916933022,1303.037477226752,0.00012029252205563396,0.00013696089050933388
05790,2021,201.80012260720926,470.78560698553304,0.0006453808201641755,0.0005074205537288727,54.785170056238236,124.75760628542112,0.00017039610927666637,0.00014408419007234146
05790,2022,201.80012260720926,470.78560698553304,0.0006406044262055224,0.0005030085313056554,54.785170056238236,124.75760628542112,0.0001690180309394232,0.00014274639404341315
05790,2023,201.80012260720926,470.78560698553304,0.0006361392488997941,0.0004989479408033941,54.785170056238236,124.75760628542112,0.00016772130697923092,0.00014150019498255256
05790,2024,201.80012260720926,470.78560698553304,0.0006316663424429666,0.0004948947299137974,54.785170056238236,124.75760628542112,0.0001664394631351224,0.00014022081150549882
05790,2025,201.80012260720926,470.78560698553304,0.0006279198849326264,0.000491393644386932,54.785170056238236,124.75760628542112,0.00016535712706757842,0.00013915063402843858
05792,2021,5624.757277957761,10227.496227590505,0.0012998282349744202,0.0012631242761839596,723.5293071100781,1370.2574163854872,0.00018109534970821024,0.00023062379434673428
05792,2022,5624.757277957761,10227.496227590505,0.0012901136732916768,0.0012524896444828662,723.5293071100781,1370.2574163854872,0.000179799443800471,0.00022854319973191056
05792,2023,5624.757277957761,10227.496227590505,0.0012822972717961448,0.0012435797532926458,723.5293071100781,1370.2574163854872,0.0001787707298495779,0.00022675068578018517
05792,2024,5624.757277957761,10227.496227590505,0.0012730111138286168,0.0012335161581256092,723.5293071100781,1370.2574163854872,0.0001775203817349995,0.00022474399775346916
05792,2025,5624.757277957761,10227.496227590505,0.0012653878765538922,0.0012248775496602774,723.5293071100781,1370.2574163854872,0.00017651102524551455,0.00022298436455214568
05809,2021,7730.022891956153,11471.689627150803,0.002533840797347786,0.002350556146604932,959.3980426712992,1468.757460840227,0.00028886625604907185,0.00028514517673662826
05809,2022,7730.022891956153,11471.689627150803,0.002513416633586465,0.002331186559686844,959.3980426712992,1468.757460840227,0.0002865338553876739,0.0002828125783503498
05809,2023,7730.022891956153,11471.689627150803,0.002496402895934191,0.002315030446113905,959.3980426712992,1468.757460840227,0.0002845962382450857,0.00028087125728738516
05809,2024,7730.022891956153,11471.689627150803,0.0024769440360947405,0.002296834941240927,959.3980426712992,1468.757460840227,0.00028239446965748136,0.0002786753261393505
05809,2025,7730.022891956153,11471.689627150803,0.0024605966426299057,0.0022813532023508165,959.3980426712992,1468.757460840227,0.0002805348195216958,0.000276812302728583
05819,2021,2312.4980219678237,5972.619009742998,0.0007243840513181015,0.0005557476574387179,297.6183848746111,760.7880295124806,0.0001477776392376545,9.68904288175739e-05
05819,2022,2312.4980219678237,5972.619009742998,0.0007201446864502337,0.0005511823008657159,297.6183848746111,760.7880295124806,0.00014689837449893256,9.60847551615644e-05
05819,2023,2312.4980219678237,5972.619009742998,0.0007161923699970255,0.0005472565548527236,297.6183848746111,760.7880295124806,0.00014608600782389905,9.538116199825802e-05
05819,2024,2312.4980219678237,5972.619009742998,0.0007113713275139843,0.0005422252559494921,297.6183848746111,760.7880295124806,0.00014504367731899172,9.445229557450584e-05
05819,2025,2312.4980219678237,5972.619009742998,0.0007079590919956036,0.0005385628675594657,297.6183848746111,760.7880295124806,0.00014434382270093142,9.380472104118985e-05
05837,2021,392.4608543846538,707.5347566225978,0.001046664480292927,0.0009796504965977199,168.06026560029193,322.66313904018887,0.0004234608716481801,0.0004024378570528395
05837,2022,392.4608543846538,707.5347566225978,0.0010416913751270277,0.000974277416056746,168.06026560029193,322.66313904018887,0.0004214217070773944,0.0004001883850003336
05837,2023,392.4608543846538,707.5347566225978,0.0010374271019881495,0.000969543124189668,168.06026560029193,322.66313904018887,0.0004196742589591669,0.0003982044209802637
05837,2024,392.4608543846538,707.5347566225978,0.0010113155710265392,0.0009467954420247178,168.06026560029193,322.66313904018887,0.0004090968087843172,0.000388862317096497
05837,2025,392.4608543846538,707.5347566225978,0.0010072217725971742,0.0009423312947855111,168.06026560029193,322.66313904018887,0.0004074258650917742,0.000387004365601471
05842,2021,1875.2676877058973,5371.242201677551,0.0004225357923266399,0.0004982288853230909,253.7347483090559,732.705087997245,9.528708752188985e-05,9.027977580092144e-05
05842,2022,1875.2676877058973,5371.242201677551,0.0004196231611918491,0.0004941230675406137,253.7347483090559,732.705087997245,9.46344937665161e-05,8.948461646386448e-05
05842,2023,1875.2676877058973,5371.242201677551,0.0004170047284442993,0.0004905674120163218,253.7347483090559,732.705087997245,9.404977855240887e-05,8.879176799919008e-05
05842,2024,1875.2676877058973,5371.242201677551,0.0004118564362330689,0.00048310139951391793,253.7347483090559,732.705087997245,9.258037341354455e-05,8.741852156004457e-05
05842,2025,1875.2676877058973,5371.242201677551,0.0004095454386396103,0.0004798056893888098,253.7347483090559,732.705087997245,9.205903990080615e-05,8.678451948943999e-05
05847,2021,3016.6576350394857,6916.171352031365,0.0009252815951644546,0.0006789496532771522,397.65581660013976,910.5445131249713,6.342011729035802e-05,0.00015505151814956293
05847,2022,3016.6576350394857,6916.171352031365,0.0009187890414247345,0.0006729529334665411,397.65581660013976,910.5445131249713,6.282985478269998e-05,0.00015347396815140575
05847,2023,3016.6576350394857,6916.171352031365,0.0009132207914616394,0.0006677813110637932,397.65581660013976,910.5445131249713,6.230890014777205e-05,0.00015205718320041728
05847,2024,3016.6576350394857,6916.171352031365,0.0009055618083136032,0.0006614686627105078,397.65581660013976,910.5445131249713,6.165605608241781e-05,0.00015042662605839905
05847,2025,3016.6576350394857,6916.171352031365,0.0009000842023166435,0.0006564885701977388,397.65581660013976,910.5445131249713,6.115595554309697e-05,0.00014904639791871505
05854,2021,1198.4531054764175,3984.2635035351645,0.0004213442680907804,0.000372977228070031,168.5934527470212,538.7877706358058,9.732811532435814e-05,9.176503349506531e-05
05854,2022,1198.4531054764175,3984.2635035351645,0.00041845494568184594,0.0003696949856250673,168.5934527470212,538.7877706358058,9.668416283335286e-05,9.093777911492084e-05
05854,2023,1198.4531054764175,3984.2635035351645,0.00041575552774440825,0.00036670349402887235,168.5934527470212,538.7877706358058,9.608291045334967e-05,9.017708474302807e-05
05854,2024,1198.4531054764175,3984.2635035351645,0.0004126390492387183,0.00036362768898802196,168.5934527470212,538.7877706358058,9.535560561171979e-05,8.93961679804521e-05
05854,2025,1198.4531054764175,3984.2635035351645,0.00041031027439169924,0.00036098916075639326,168.5934527470212,538.7877706358058,9.484012794087735e-05,8.873094295533568e-05
05856,2021,4480.050581567072,9355.847774796235,0.0008355159007436638,0.0009975856893617032,603.510379836306,1301.9704298906188,0.00010696728081429901,0.00014163936611484346
05856,2022,4480.050581567072,9355.847774796235,0.0008300605344053289,0.000989807538431067,603.510379836306,1301.9704298906188,0.00010629378800803157,0.00014057025382968166
05856,2023,4480.050581567072,9355.847774796235,0.0008260750532512056,0.000983671828744461,603.510379836306,1301.9704298906188,0.00010581110857338556,0.00013974532763089714
05856,2024,4480.050581567072,9355.847774796235,0.0008209342687522657,0.0009764129506481765,603.510379836306,1301.9704298906188,0.00010517552497980658,0.00013874382243041962
05856,2025,4480.050581567072,9355.847774796235,0.0008168252882930898,0.0009702867524612204,603.510379836306,1301.9704298906188,0.00010467195809849727,0.00013790585884901945
05858,2021,1399.7320444536933,4632.842915981005,0.0008394468257304429,0.0006111168215046829,185.956623530027,607.2466691857234,0.00011951001915003103,8.746651805456055e-05
05858,2022,1399.7320444536933,4632.842915981005,0.0008313547607188046,0.0006051774661061931,185.956623530027,607.2466691857234,0.00011838984766522905,8.664981921248057e-05
05858,2023,1399.7320444536933,4632.842915981005,0.0008239530694591224,0.000599780861722557,185.956623530027,607.2466691857234,0.00011737369294636419,8.5913021065969e-05
05858,2024,1399.7320444536933,4632.842915981005,0.0008164039147007447,0.0005942744337018118,185.956623530027,607.2466691857234,0.00011632752556925069,8.516659837830732e-05
05858,2025,1399.7320444536933,4632.842915981005,0.0008096737762153813,0.0005893357904306309,185.956623530027,607.2466691857234,0.00011539630208917277,8.448980333641956e-05
05861,2021,6812.462884553433,10847.06718405951,0.001337545098333279,0.0012409485119409297,851.6749604414215,1401.1547187572517,0.00016328137155918976,0.00015334198972084286
05861,2022,6812.462884553433,10847.06718405951,0.0013268432840121706,0.0012307037573471443,851.6749604414215,1401.1547187572517,0.00016199526600953594,0.0001520994874839378
05861,2023,6812.462884553433,10847.06718405951,0.0013180502235111704,0.001222191575993797,851.6749604414215,1401.1547187572517,0.00016094105735477054,0.00015107301567533765
05861,2024,6812.462884553433,10847.06718405951,0.0013079627974332826,0.0012125930292341068,851.6749604414215,1401.1547187572517,0.00015972179927513047,0.0001499056654995415
05861,2025,6812.462884553433,10847.06718405951,0.0012994612173569066,0.001204401607314476,851.6749604414215,1401.1547187572517,0.0001587013370924019,0.00014891404200245335
05873,2021,877.2325714011342,3174.236809963475,0.0006858341846566468,0.0004515313516284005,149.77800632294026,471.5314002659163,0.0003492101570566718,0.0002781904162857112
05873,2022,877.2325714011342,3174.236809963475,0.00067868664163334,0.0004464911259640129,149.77800632294026,471.5314002659163,0.0003449233834489611,0.00027494353706824305
05873,2023,877.2325714011342,3174.236809963475,0.0006721211470833153,0.000441866820571008,149.77800632294026,471.5314002659163,0.00034088268612660956,0.00027194522605185063
05873,2024,877.2325714011342,3174.236809963475,0.0006646396037229038,0.00043640692425706923,149.77800632294026,471.5314002659163,0.0003365702375465074,0.0002686821418978433
05873,2025,877.2325714011342,3174.236809963475,0.0006582206859186692,0.000431922999536734,149.77800632294026,471.5314002659163,0.00033264426646091913,0.00026577895914784924
05885,2021,1626.1175222636532,5029.508101090391,0.0005592729798849615,0.0005062744852896184,212.50023465859647,650.393954426487,8.891185845340804e-05,7.832725590756628e-05
05885,2022,1626.1175222636532,5029.508101090391,0.0005541825099013357,0.0005015747928567797,212.50023465859647,650.393954426487,8.811649159915736e-05,7.764222137257576e-05
05885,2023,1626.1175222636532,5029.508101090391,0.0005495307731182699,0.0004973456576368136,212.50023465859647,650.393954426487,8.739834494012466e-05,7.703244540666633e-05
05885,2024,1626.1175222636532,5029.508101090391,0.0005445449393157335,0.0004929295095891164,212.50023465859647,650.393954426487,8.661731456229589e-05,7.639705173986689e-05
05885,2025,1626.1175222636532,5029.508101090391,0.0005403654146779983,0.0004890382487614008,212.50023465859647,650.393954426487,8.596363257133843e-05,7.583272562105532e-05
05887,2021,2520.7839193057393,6268.580334847779,0.0009774449844504156,0.000713082654800219,320.50065128432095,792.473120810237,0.00017418381948763428,0.00011353941146688193
05887,2022,2520.7839193057393,6268.580334847779,0.0009713555202427433,0.0007070840295047417,320.50065128432095,792.473120810237,0.0001730762567116008,0.00011257543414565897
05887,2023,2520.7839193057393,6268.580334847779,0.0009656425909420539,0.0007019026001881736,320.50065128432095,792.473120810237,0.0001720422205490037,0.00011173281414449063
05887,2024,2520.7839193057393,6268.580334847779,0.0009591160565439774,0.0006961429389353269,320.50065128432095,792.473120810237,0.00017082339654179142,0.0001107956969672734
05887,2025,2520.7839193057393,6268.580334847779,0.0009541470919355791,0.000691314214266237,320.50065128432095,792.473120810237,0.0001699241520137086,0.00011001903524117843
05890,2021,2452.9910428391804,6187.701455071476,0.0005951016409034813,0.0008104121520173722,306.38818887804763,767.4893183517794,0.00010882958310499919,0.0001181035708202485
05890,2022,2452.9910428391804,6187.701455071476,0.0005894703528648211,0.00080311872631348,306.38818887804763,767.4893183517794,0.00010779679214817459,0.00011706288658083155
05890,2023,2452.9910428391804,6187.701455071476,0.0005843656767149515,0.0007967406399213548,306.38818887804763,767.4893183517794,0.00010686741499419724,0.00011615377075898543
05890,2024,2452.9910428391804,6187.701455071476,0.0005788564010008017,0.0007899277201818339,306.38818887804763,767.4893183517794,0.00010584603563400207,0.00011518354069843207
05890,2025,2452.9910428391804,6187.701455071476,0.0005742198324996848,0.0007839641650131395,306.38818887804763,767.4893183517794,0.00010499566657267142,0.00011433244894137153
05893,2021,398.1653499531722,1093.7745045248005,0.0004337522018311424,0.0004134908842544468,128.86739483739774,346.237643092189,0.00014580205142946206,0.0001235954468025678
05893,2022,398.1653499531722,1093.7745045248005,0.0004289679184972762,0.00040926969601323286,128.86739483739774,346.237643092189,0.00014420529595240918,0.00012232468060351082
05893,2023,398.1653499531722,1093.7745045248005,0.00042459046218882007,0.0004054419001614692,128.86739483739774,346.237643092189,0.00014274615830894388,0.0001211747392965363
05893,2024,398.1653499531722,1093.7745045248005,0.0004203896560014402,0.0004016916690078389,128.86739483739774,346.237643092189,0.000141347733953118,0.00012004759937809574
05893,2025,398.1653499531722,1093.7745045248005,0.0004165880386284188,0.00039830781406590484,128.86739483739774,346.237643092189,0.00014009034929427498,0.00011903983467142377
05895,2021,193.9139587804405,405.9354163924133,0.0006127718012833562,0.0005832655160403571,46.45247192793935,105.43440490680659,0.0001119242681328686,0.00012187184948200054
05895,2022,193.9139587804405,405.9354163924133,0.0006073668105338931,0.0005781675565710164,46.45247192793935,105.43440490680659,0.00011098017239246675,0.00012081729263965999
05895,2023,193.9139587804405,405.9354163924133,0.0006024204391760058,0.000573515151108428,46.45247192793935,105.43440490680659,0.0001101176928970475,0.00011985737819232433
05895,2024,193.9139587804405,405.9354163924133,0.0005979641110847831,0.0005691260510632889,46.45247192793935,105.43440490680659,0.00010934539436650335,0.0001189577913838506
05895,2025,193.9139587804405,405.9354163924133,0.0005936510480344022,0.0005650848350151311,46.45247192793935,105.43440490680659,0.00010860216871394845,0.0001181334665818655
08001,2021,2813.3406931963336,3642.7660191217224,0.0011965998551674495,0.0012486515374637434,1109.9346359012575,1491.2523229071287,0.00046312798484850307,0.0004928076306011681
08001,2022,2813.3406931963336,3642.7660191217224,0.0011839688977270159,0.0012358799641698642,1109.9346359012575,1491.2523229071287,0.0004581630222530296,0.0004876569990110846
08001,2023,2813.3406931963336,3642.7660191217224,0.0011721643122614943,0.0012240452129741307,1109.9346359012575,1491.2523229071287,0.0004535224552189958,0.0004828840277050844
08001,2024,2813.3406931963336,3642.7660191217224,0.0011606963499071821,0.0012124928778126467,1109.9346359012575,1491.2523229071287,0.0004490092127109747,0.0004782220465351807
08001,2025,2813.3406931963336,3642.7660191217224,0.0011507724231527411,0.00120251660467672,1109.9346359012575,1491.2523229071287,0.0004450936436603403,0.00047418392895836855
08078,2021,2224.040477549331,3381.580445686166,0.0009021501772176592,0.0009610960122854712,918.8536854388711,1418.807438645829,0.0003820205981752377,0.0004069455548868672
08078,2022,2224.040477549331,3381.580445686166,0.0008923978373470414,0.0009512135700056773,918.8536854388711,1418.807438645829,0.00037775498958458594,0.00040262541402296824
08078,2023,2224.040477549331,3381.580445686166,0.000883296681761947,0.0009420761519849201,918.8536854388711,1418.807438645829,0.00037377791844368026,0.00039863098362339896
08078,2024,2224.040477549331,3381.580445686166,0.0008744329851357669,0.0009331292835201357,918.8536854388711,1418.807438645829,0.00036989422547406466,0.000394713666517044
08078,2025,2224.040477549331,3381.580445686166,0.0008667327081606191,0.0009253842178426219,918.8536854388711,1418.807438645829,0.00036650351490812125,0.00039130624828131533
08137,2021,1274.2601347355856,2558.1179139439696,0.0002831354723549271,0.0004383744840452882,571.8813657894432,1123.1429188669038,0.000214044059427233,0.00025081609641552975
08137,2022,1274.2601347355856,2558.1179139439696,0.00027914928501183035,0.00043356659761191945,571.8813657894432,1123.1429188669038,0.0002109491118652906,0.00024786536884635006
08137,2023,1274.2601347355856,2558.1179139439696,0.00027550902759447885,0.0004291892406107826,571.8813657894432,1123.1429188669038,0.0002081206954883656,0.0002451727863434012
08137,2024,1274.2601347355856,2558.1179139439696,0.0002718806689866565,0.00042484393283237433,571.8813657894432,1123.1429188669038,0.00020530196187024542,0.00024250135274854018
08137,2025,1274.2601347355856,2558.1179139439696,0.00026863430515779244,0.00042102940904961055,571.8813657894432,1123.1429188669038,0.0002027778429478546,0.00024014024247777786
08141,2021,1428.0784635518544,2685.8593885170662,0.00047327304901309525,0.0005395749836053087,631.00213788036,1166.4743823463098,0.0002647985905638451,0.00027991258665083663
08141,2022,1428.0784635518544,2685.8593885170662,0.0004674243290558717,0.0005337460487332735,631.00213788036,1166.4743823463098,0.0002612840728917907,0.0002766784077922185
08141,2023,1428.0784635518544,2685.8593885170662,0.0004620216867619034,0.0005284103757138372,631.00213788036,1166.4743823463098,0.0002580480417590175,0.0002737165164481678
08141,2024,1428.0784635518544,2685.8593885170662,0.0004567008347438032,0.0005231392019527872,631.00213788036,1166.4743823463098,0.00025484680901837327,0.0002707874723366599
08141,2025,1428.0784635518544,2685.8593885170662,0.0004520092763603066,0.0005185301980090346,631.00213788036,1166.4743823463098,0.00025200558128128073,0.0002682069262476781
08296,2021,2615.99945374242,3576.7729343370306,0.0012138228694172086,0.0012653348705947167,1048.8757255911996,1476.5630568427748,0.0004765956693617173,0.0005060057842731449
08296,2022,2615.99945374242,3576.7729343370306,0.0012009538171060183,0.00125235111261628,1048.8757255911996,1476.5630568427748,0.00047144588669138576,0.0005006877636814656
08296,2023,2615.99945374242,3576.7729343370306,0.001188927659301335,0.0012403198728043769,1048.8757255911996,1476.5630568427748,0.00046663347255060036,0.0004957599036539298
08296,2024,2615.99945374242,3576.7729343370306,0.001177241587706139,0.0012285736235801868,1048.8757255911996,1476.5630568427748,0.00046195098899170627,0.000490945002077118
08296,2025,2615.99945374242,3576.7729343370306,0.0011671224642063028,0.0012184245758311753,1048.8757255911996,1476.5630568427748,0.0004578840077687032,0.0004867706540613378
08372,2021,1929.3314226592997,3026.5210521983954,0.0006875272586750294,0.0006306840826345465,779.9476681924931,1236.1110091192872,0.00028146404769252754,0.00026456500564002276
08372,2022,1929.3314226592997,3026.5210521983954,0.0006813193234772897,0.0006247259718342103,779.9476681924931,1236.1110091192872,0.0002787858482430943,0.00026194097888947225
08372,2023,1929.3314226592997,3026.5210521983954,0.000675697378897053,0.0006193022286598283,779.9476681924931,1236.1110091192872,0.0002763537751487647,0.0002595478098303013
08372,2024,1929.3314226592997,3026.5210521983954,0.0006701193877999594,0.0006139337692838543,779.9476681924931,1236.1110091192872,0.0002739380732890514,0.0002571759642450061
08372,2025,1929.3314226592997,3026.5210521983954,0.000665339683393766,0.0006093113042073158,779.9476681924931,1236.1110091192872,0.00027185112620530915,0.0002551187262152238
08421,2021,1697.5128175533991,2869.7062877915346,0.0006647512373676392,0.0006031980487643102,703.8537997728272,1190.073574730736,0.00029716328085719126,0.00027485210358178287
08421,2022,1697.5128175533991,2869.7062877915346,0.0006586509162863974,0.0005974146183888115,703.8537997728272,1190.073574730736,0.00029424741093203973,0.00027208164992997076
08421,2023,1697.5128175533991,2869.7062877915346,0.0006531527844830482,0.0005921665862020631,703.8537997728272,1190.073574730736,0.0002916095878443682,0.00026956184833856403
08421,2024,1697.5128175533991,2869.7062877915346,0.00064766769146278,0.0005869517024841474,703.8537997728272,1190.073574730736,0.0002889773091718358,0.00026705678899895043
08421,2025,1697.5128175533991,2869.7062877915346,0.0006429475019713981,0.0005824432306566743,703.8537997728272,1190.073574730736,0.000286692441848728,0.0002648763464336687
08433,2021,2466.8724597327478,3504.559788889401,0.0012079313389487469,0.0012544433469067321,1016.0296159586055,1472.222709045973,0.0005014234795410855,0.0005244673721020991
08433,2022,2466.8724597327478,3504.559788889401,0.0011949166328956895,0.001241437984430079,1016.0296159586055,1472.222709045973,0.0004958739818270403,0.0005188800457493619
08433,2023,2466.8724597327478,3504.559788889401,0.0011827588115579457,0.0012293877940489947,1016.0296159586055,1472.222709045973,0.0004906930614179756,0.000513703800324825
08433,2024,2466.8724597327478,3504.559788889401,0.0011709313289957432,0.00121761431787524,1016.0296159586055,1472.222709045973,0.0004856431169462721,0.0005086410664485448
08433,2025,2466.8724597327478,3504.559788889401,0.001160666170870904,0.0012074242733850753,1016.0296159586055,1472.222709045973,0.0004812428188055861,0.000504242114950814
08436,2021,1439.9176047162725,2702.716049038371,0.0007138919706729938,0.0006559684451142309,630.6126147928263,1169.3343380325211,0.0003367154846483755,0.00031672425081287253
08436,2022,1439.9176047162725,2702.716049038371,0.0007068939532205437,0.0006493734626323792,630.6126147928263,1169.3343380325211,0.0003330839347402978,0.00031330997133931275
08436,2023,1439.9176047162725,2702.716049038371,0.0007005741860036305,0.0006433851491448496,630.6126147928263,1169.3343380325211,0.0003297910522107999,0.0003102027561965127
08436,2024,1439.9176047162725,2702.716049038371,0.0006942704180566683,0.0006374371425239075,630.6126147928263,1169.3343380325211,0.0003265058466846427,0.00030711615121212867
08436,2025,1439.9176047162725,2702.716049038371,0.0006888063073074685,0.000632264523078561,630.6126147928263,1169.3343380325211,0.00032362854531283163,0.000304409446795644
08520,2021,1888.5722842437624,3163.797083142823,0.0004471306986445729,0.0005392558906634298,810.7013489766414,1360.5766208031705,0.00024301255856473732,0.00027555163808186097
08520,2022,1888.5722842437624,3163.797083142823,0.00044194673625397437,0.0005335506734445807,810.7013489766414,1360.5766208031705,0.0002400416516160124,0.0002724618421594834
08520,2023,1888.5722842437624,3163.797083142823,0.0004371260343961189,0.0005283088459017167,810.7013489766414,1360.5766208031705,0.00023728558913160708,0.00026961906260181785
08520,2024,1888.5722842437624,3163.797083142823,0.0004324070910631325,0.0005231520163982903,810.7013489766414,1360.5766208031705,0.00023457781183222541,0.00026682230382848445
08520,2025,1888.5722842437624,3163.797083142823,0.0004282744784685483,0.0005186633378357683,810.7013489766414,1360.5766208031705,0.00023219283086676817,0.00026437236565114437
08549,2021,1762.8940781740291,2937.3713326589927,0.0006201918589132464,0.0005714577263997928,721.8681291311452,1211.5743940236266,0.0002714293869104741,0.000256985741409957
08549,2022,1762.8940781740291,2937.3713326589927,0.0006145996769961084,0.0005660400384855454,721.8681291311452,1211.5743940236266,0.0002688244070142021,0.0002544232134078754
08549,2023,1762.8940781740291,2937.3713326589927,0.0006095545856581317,0.0005611207653638611,721.8681291311452,1211.5743940236266,0.0002664642093318639,0.00025209025126481164
08549,2024,1762.8940781740291,2937.3713326589927,0.0006045295971969677,0.0005562368535770835,721.8681291311452,1211.5743940236266,0.0002641138944478526,0.0002497733339279003
08549,2025,1762.8940781740291,2937.3713326589927,0.0006002168420525626,0.0005520225152842997,721.8681291311452,1211.5743940236266,0.00026207927491510904,0.0002477601515272489
08558,2021,2186.3530328057145,3364.803617750658,0.0009241942019667552,0.0009838772115949282,916.0056422846121,1425.98102920135,0.0004025749944805635,0.00042298734688528633
08558,2022,2186.3530328057145,3364.803617750658,0.0009140736033667199,0.0009736675361184273,916.0056422846121,1425.98102920135,0.0003979698032437258,0.0004184384365138543
08558,2023,2186.3530328057145,3364.803617750658,0.0009046347461110236,0.0009642286834596134,916.0056422846121,1425.98102920135,0.00039368199224130925,0.00041423316351662615
08558,2024,2186.3530328057145,3364.803617750658,0.0008954384109847412,0.0009549908326006412,916.0056422846121,1425.98102920135,0.000389491674434468,0.00041011232570980984
08558,2025,2186.3530328057145,3364.803617750658,0.0008874430406494199,0.0009469876042465698,916.0056422846121,1425.98102920135,0.0003858289915129633,0.0004065246108323764
08560,2021,1645.747187856548,3002.4099786780057,0.000426991542985629,0.0005155787801716232,720.4988404054212,1306.671359137559,0.0002359990128270158,0.00026336809919682566
08560,2022,1645.747187856548,3002.4099786780057,0.000421865349979946,0.0005100880521054978,720.4988404054212,1306.671359137559,0.00023296652299473943,0.0002603777079063024
08560,2023,1645.747187856548,3002.4099786780057,0.0004171071285802217,0.000505051418229906,720.4988404054212,1306.671359137559,0.00023016027412241122,0.0002576316026681264
08560,2024,1645.747187856548,3002.4099786780057,0.0004124387394269186,0.0005000887434970676,720.4988404054212,1306.671359137559,0.00022739488625665756,0.0002549245581485069
08560,2025,1645.747187856548,3002.4099786780057,0.0004083375517381808,0.0004957640497295827,720.4988404054212,1306.671359137559,0.0002249490989076993,0.00025254890556389986
08573,2021,2650.45714420387,3543.6891092303695,0.0011638597998424227,0.001204860879808583,1031.6674835042922,1437.1952665513572,0.0004422196115198491,0.0004644299647208742
08573,2022,2650.45714420387,3543.6891092303695,0.0011515767986180153,0.0011926040378318192,1031.6674835042922,1437.1952665513572,0.000437475613193615,0.0004596130163656208
08573,2023,2650.45714420387,3543.6891092303695,0.0011400978816307244,0.0011812463868828493,1031.6674835042922,1437.1952665513572,0.00043304190378685135,0.00045514928362009704
08573,2024,2650.45714420387,3543.6891092303695,0.0011289462993116462,0.001170155447527538,1031.6674835042922,1437.1952665513572,0.0004287295090378131,0.00045078627847506387
08573,2025,2650.45714420387,3543.6891092303695,0.001119296395823663,0.0011605820684283642,1031.6674835042922,1437.1952665513572,0.0004249876560707222,0.0004470091218085414
08606,2021,1586.4904020070092,2778.7974286144204,0.0006874043317468496,0.0006246108944869747,670.854483644973,1169.6560556264576,0.00031201296396014583,0.00028889289147681583
08606,2022,1586.4904020070092,2778.7974286144204,0.0006809044264600683,0.0006185301025120615,670.854483644973,1169.6560556264576,0.0003088269617085795,0.00028592490399089447
08606,2023,1586.4904020070092,2778.7974286144204,0.0006750434459852936,0.0006130130982623893,670.854483644973,1169.6560556264576,0.00030594342623679394,0.00028322631233358426
08606,2024,1586.4904020070092,2778.7974286144204,0.0006691955496570395,0.0006075298268124912,670.854483644973,1169.6560556264576,0.0003030654615435311,0.0002805429093046969
08606,2025,1586.4904020070092,2778.7974286144204,0.0006641451523016107,0.000602777971203559,670.854483644973,1169.6560556264576,0.00030055698487773904,0.0002782007388506597
08634,2021,2224.78822025064,3361.2140930150176,0.0009299119500002812,0.0009836702671622705,932.1813325910719,1425.4753145988632,0.0004036059711340985,0.0004233237237148167
08634,2022,2224.78822025064,3361.2140930150176,0.0009197688470383316,0.0009734839322869678,932.1813325910719,1425.4753145988632,0.00039902627454469977,0.00041878458584776977
08634,2023,2224.78822025064,3361.2140930150176,0.0009103036491520995,0.0009640608531490456,932.1813325910719,1425.4753145988632,0.0003947581820784176,0.00041458532504881336
08634,2024,2224.78822025064,3361.2140930150176,0.0009010871593933992,0.0009548439034136671,932.1813325910719,1425.4753145988632,0.0003905913789003606,0.0004104734054768648
08634,2025,2224.78822025064,3361.2140930150176,0.0008930790626799886,0.0009468636052100279,932.1813325910719,1425.4753145988632,0.0003869531605515947,0.00040689627712146
08638,2021,1739.6955976520433,2937.4929922980896,0.0006850651477413013,0.0006280523174858137,745.1010388117421,1251.1681236461789,0.0003225761197165968,0.0003001480911183174
08638,2022,1739.6955976520433,2937.4929922980896,0.0006785367384895763,0.0006218802385719285,745.1010388117421,1251.1681236461789,0.0003192243451257725,0.0002970075631487239
08638,2023,1739.6955976520433,2937.4929922980896,0.0006726269778925029,0.0006162645207726671,745.1010388117421,1251.1681236461789,0.0003161746212995071,0.00029414077548682967
08638,2024,1739.6955976520433,2937.4929922980896,0.0006667432278847277,0.0006106920639153424,745.1010388117421,1251.1681236461789,0.0003131394847977625,0.0002912966304631348
08638,2025,1739.6955976520433,2937.4929922980896,0.000661660751487485,0.0006058628759163857,745.1010388117421,1251.1681236461789,0.00031049103774647194,0.00028881281428763976
08675,2021,1262.3209028698384,2538.6179218656002,0.0005355882605140866,0.0005577629083580895,563.3489561573754,1112.4481157702573,0.00030332752542205357,0.0002943248172699789
08675,2022,1262.3209028698384,2538.6179218656002,0.0005301691220603224,0.0005520986235450049,563.3489561573754,1112.4481157702573,0.00029981154862015493,0.0002910800323226017
08675,2023,1262.3209028698384,2538.6179218656002,0.0005253584423232845,0.000546986247860145,563.3489561573754,1112.4481157702573,0.00029665451800462935,0.0002881385536379568
08675,2024,1262.3209028698384,2538.6179218656002,0.000520493633193229,0.0005418836648732513,563.3489561573754,1112.4481157702573,0.00029347983133752294,0.0002852076962133023
08675,2025,1262.3209028698384,2538.6179218656002,0.0005162452523272656,0.0005374297926508452,563.3489561573754,1112.4481157702573,0.00029067665092285324,0.00028262727208860775
08685,2021,2072.537067754082,3285.6853422750864,0.0008578339586511179,0.00092654284232715,878.1284843581793,1402.732598663094,0.0003942913843601542,0.0004195401835955659
08685,2022,2072.537067754082,3285.6853422750864,0.0008483263884452745,0.0009168103432206191,878.1284843581793,1402.732598663094,0.0003897433825598297,0.00041496467630659534
08685,2023,2072.537067754082,3285.6853422750864,0.0008394572151328202,0.0009078143927536876,878.1284843581793,1402.732598663094,0.0003855088154387151,0.00041073623427588675
08685,2024,2072.537067754082,3285.6853422750864,0.0008308106262045204,0.0008990048526263618,878.1284843581793,1402.732598663094,0.0003813684954121203,0.0004065913863451184
08685,2025,2072.537067754082,3285.6853422750864,0.0008232817476196707,0.0008913601004121789,878.1284843581793,1402.732598663094,0.0003777463468049922,0.00040297747942445375
08758,2021,2628.3203396364156,3565.5463316592677,0.0011612111240328923,0.0012143225847212169,1066.7172914840698,1484.2118588117892,0.00046449808382735086,0.0004931471821004615
08758,2022,2628.3203396364156,3565.5463316592677,0.001148839750374561,0.0012018315747926943,1066.7172914840698,1484.2118588117892,0.00045945907355977216,0.0004879597006571101
08758,2023,2628.3203396364156,3565.5463316592677,0.0011372756406064623,0.0011902560365909544,1066.7172914840698,1484.2118588117892,0.00045474927797182975,0.00048315251152983535
08758,2024,2628.3203396364156,3565.5463316592677,0.0011260382422698199,0.0011789532845179712,1066.7172914840698,1484.2118588117892,0.0004501674632401227,0.0004784557824242827
08758,2025,2628.3203396364156,3565.5463316592677,0.001116302167213323,0.00116918389473748,1066.7172914840698,1484.2118588117892,0.00044618687576817385,0.0004743837838768834
08770,2021,1149.301419338351,2432.983053066407,0.0002540731707401354,0.0004208001169529729,522.0320641704941,1077.0335911514048,0.00019359198459208918,0.00023885222306109977
08770,2022,1149.301419338351,2432.983053066407,0.0002504540329619159,0.0004161964384483081,522.0320641704941,1077.0335911514048,0.00019076570893674632,0.00023604320097601978
08770,2023,1149.301419338351,2432.983053066407,0.0002471631595731172,0.00041201422580723347,522.0320641704941,1077.0335911514048,0.00018819310689065357,0.00023348662887109372
08770,2024,1149.301419338351,2432.983053066407,0.00024387414935702926,0.0004078603963979137,522.0320641704941,1077.0335911514048,0.00018562315176796985,0.00023094850851540483
08770,2025,1149.301419338351,2432.983053066407,0.0002409279519352447,0.0004042131647757843,522.0320641704941,1077.0335911514048,0.00018332006069333374,0.0002287038895280007
08832,2021,2323.2105190363877,3394.226409804831,0.0008994790713394979,0.0009621554493514129,924.3877123913878,1387.9592048495276,0.00035159504243959184,0.0003818619373019882
08832,2022,2323.2105190363877,3394.226409804831,0.0008899516131719255,0.0009524056075776335,924.3877123913878,1387.9592048495276,0.000347777217859982,0.000377886211432885
08832,2023,2323.2105190363877,3394.226409804831,0.0008810542075207882,0.0009433889608606056,924.3877123913878,1387.9592048495276,0.0003442121801762477,0.00037420908623638025
08832,2024,2323.2105190363877,3394.226409804831,0.0008724042226837617,0.0009345705154531552,924.3877123913878,1387.9592048495276,0.00034073991651951204,0.000370608118118025
08832,2025,2323.2105190363877,3394.226409804831,0.0008649129414048299,0.0009269558538305937,924.3877123913878,1387.9592048495276,0.00033772058908812747,0.0003674858416819517
08849,2021,1975.6182780360948,3092.5887453109012,0.0005204636790496555,0.000599169094049738,821.5115722689413,1293.8342711237615,0.000251272149220608,0.00028040722203233267
08849,2022,1975.6182780360948,3092.5887453109012,0.0005147139244592315,0.0005930255596658139,821.5115722689413,1293.8342711237615,0.0002483428214293707,0.000277374595935393
08849,2023,1975.6182780360948,3092.5887453109012,0.000509370454336913,0.0005873791237733382,821.5115722689413,1293.8342711237615,0.00024562507907445035,0.0002745844841021384
08849,2024,1975.6182780360948,3092.5887453109012,0.0005041412018831513,0.0005818202351680052,821.5115722689413,1293.8342711237615,0.00024295335871575343,0.0002718326368665791
08849,2025,1975.6182780360948,3092.5887453109012,0.0004995775341224538,0.0005769952866373851,821.5115722689413,1293.8342711237615,0.00024060363292543574,0.00026942627695981404
11001,2021,15823.525164147863,18038.115378184226,0.0020031504358694334,0.0021160793565901466,2826.2530000951842,3357.0712457314644,0.0003544634361318649,0.00039310526809776955
11001,2022,15823.525164147863,18038.115378184226,0.0019864201451303357,0.002097525107472592,2826.2530000951842,3357.0712457314644,0.0003514827337114111,0.0003896298862553868
11001,2023,15823.525164147863,18038.115378184226,0.001972184452291809,0.0020816061561816806,2826.2530000951842,3357.0712457314644,0.0003489435863712515,0.0003866432535131714
11001,2024,15823.525164147863,18038.115378184226,0.001957947965233991,0.0020656668692194693,2826.2530000951842,3357.0712457314644,0.00034640415155629277,0.00038365046042143045
11001,2025,15823.525164147863,18038.115378184226,0.0019463065295344138,0.0020524600242231863,2826.2530000951842,3357.0712457314644,0.00034432370275186896,0.0003811628047958738
13001,2021,1899.0931952186013,2767.0826389711224,0.001283675829256359,0.0011988042740271297,753.0990292710588,1127.956421671554,0.0005010472825876747,0.000476425251322706
13001,2022,1899.0931952186013,2767.0826389711224,0.0012753629989917664,0.0011894604105305863,753.0990292710588,1127.956421671554,0.0004977164837314087,0.0004726001178496493
13001,2023,1899.0931952186013,2767.0826389711224,0.001268369551675923,0.0011812683116332072,753.0990292710588,1127.956421671554,0.0004949012472405445,0.0004692357246058538
13001,2024,1899.0931952186013,2767.0826389711224,0.0012611025461282844,0.001172953752711598,753.0990292710588,1127.956421671554,0.0004919819231811853,0.00046582561079025437
13001,2025,1899.0931952186013,2767.0826389711224,0.0012551001774252892,0.001165911852168387,753.0990292710588,1127.956421671554,0.0004895589108270965,0.00046292412707228404
13006,2021,191.35165734579647,471.85217022732763,0.00029736355427245745,0.0003046252469486595,113.09618657152534,262.9641702159712,0.00022465617712337198,0.00022172807107307077
13006,2022,191.35165734579647,471.85217022732763,0.0002937161273939982,0.0003007465686155809,113.09618657152534,262.9641702159712,0.00022192245912091356,0.00021892776557035724
13006,2023,191.35165734579647,471.85217022732763,0.0002904174241889686,0.0002972309169103543,113.09618657152534,262.9641702159712,0.00021944867750873457,0.0002163903700613219
13006,2024,191.35165734579647,471.85217022732763,0.0002872857155637413,0.00029387927774281777,113.09618657152534,262.9641702159712,0.00021710596700054083,0.00021397459735711714
13006,2025,191.35165734579647,471.85217022732763,0.00028451056903448704,0.00029089266275807494,113.09618657152534,262.9641702159712,0.000215025599819367,0.0002118224008392404
13030,2021,193.49417898760262,459.7279679632132,0.00031994559156862056,0.0003709414065015612,113.62912300582546,257.97712122787783,0.00022128980691752832,0.00023818221525655586
13030,2022,193.49417898760262,459.7279679632132,0.00031613779471596944,0.00036583355985730925,113.62912300582546,257.97712122787783,0.00021865868064447326,0.00023498873981419812
13030,2023,193.49417898760262,459.7279679632132,0.000312711494656992,0.00036119375006859767,113.62912300582546,257.97712122787783,0.00021629182192381551,0.00023209407741790452
13030,2024,193.49417898760262,459.7279679632132,0.00030948796402904474,0.00035680185347571736,113.62912300582546,257.97712122787783,0.00021406667021208736,0.00022935251681396084
13030,2025,193.49417898760262,459.7279679632132,0.00030671491255707025,0.0003529194625460446,113.62912300582546,257.97712122787783,0.00021214931694534943,0.00022693330636905598
13042,2021,203.33496020546715,485.16302336714205,0.00036218308573872,0.0004613248225992301,97.3973127384371,228.91635125939942,0.0002081902554598587,0.0002309149052694631
13042,2022,203.33496020546715,485.16302336714205,0.00035656735224907606,0.0004542918419045214,97.3973127384371,228.91635125939942,0.00020504960479422578,0.00022746643493565672
13042,2023,203.33496020546715,485.16302336714205,0.00035147561213040525,0.0004478615123724281,97.3973127384371,228.91635125939942,0.0002022104865377746,0.00022432214348964744
13042,2024,203.33496020546715,485.16302336714205,0.0003466649142098163,0.00044182650069442254,97.3973127384371,228.91635125939942,0.00019952481112551774,0.0002213653103438789
13042,2025,203.33496020546715,485.16302336714205,0.0003423959152448805,0.0004364261744588585,97.3973127384371,228.91635125939942,0.0001971488628271493,0.00021872748686416812
13052,2021,1281.3078779832879,2503.72155527989,0.0005105297872167792,0.00044736005279664704,551.3348571703217,1089.3442562051196,0.0002474891509612815,0.00022199352356066506
13052,2022,1281.3078779832879,2503.72155527989,0.000506117519894528,0.00044313498638538063,551.3348571703217,1089.3442562051196,0.00024516761762719165,0.00021975575807518018
13052,2023,1281.3078779832879,2503.72155527989,0.0005022634244602252,0.00043938362416482806,551.3348571703217,1089.3442562051196,0.00024312146201553123,0.00021775676817248368
13052,2024,1281.3078779832879,2503.72155527989,0.0004983445036061038,0.0004356007090066778,551.3348571703217,1089.3442562051196,0.00024105187718853185,0.00021574809400168096
13052,2025,1281.3078779832879,2503.72155527989,0.0004949587167706949,0.00043230231053123275,551.3348571703217,1089.3442562051196,0.00023924596838112322,0.00021398375413978323
13062,2021,1184.5554383176311,2551.212119056802,0.0005461374741584105,0.0005534533213447751,533.6865371065032,1129.422823395123,0.00029695133413191663,0.0002842346652890011
13062,2022,1184.5554383176311,2551.212119056802,0.0005404963292559061,0.0005478115921770146,533.6865371065032,1129.422823395123,0.0002934834726628568,0.00028109814194348173
13062,2023,1184.5554383176311,2551.212119056802,0.0005354929713109652,0.0005427282235701007,533.6865371065032,1129.422823395123,0.00029037713938179064,0.00027826147986110026
13062,2024,1184.5554383176311,2551.212119056802,0.0005304369644627803,0.0005376519499535418,533.6865371065032,1129.422823395123,0.0002872527270499156,0.00027543324197882815
13062,2025,1184.5554383176311,2551.212119056802,0.0005259976724411532,0.0005332151938539224,533.6865371065032,1129.422823395123,0.00028448156372324793,0.0002729403928633949
13074,2021,201.11468479281058,470.45927406814457,0.0003285756784744477,0.0003891915909786277,119.08113051036896,265.18648490112815,0.00022626997004114086,0.00024987049678276924
13074,2022,201.11468479281058,470.45927406814457,0.00032472496069731497,0.0003837568454262829,119.08113051036896,265.18648490112815,0.00022362816634918518,0.0002464673910308882
13074,2023,201.11468479281058,470.45927406814457,0.0003212758569335346,0.00037882069772325025,119.08113051036896,265.18648490112815,0.00022126431862740548,0.00024338322570559493
13074,2024,201.11468479281058,470.45927406814457,0.0003180399831048581,0.000374151494512675,119.08113051036896,265.18648490112815,0.00021904751361468043,0.00024046354988622212
13074,2025,201.11468479281058,470.45927406814457,0.00031528362118923267,0.0003700330855471119,119.08113051036896,265.18648490112815,0.00021715673348492035,0.00023789267516153214
13140,2021,1133.0105963665178,2506.9693022817232,0.0005381727900568803,0.0005545936814992932,515.5579477220765,1117.1882595102763,0.0002921089351151561,0.00028558288395714174
13140,2022,1133.0105963665178,2506.9693022817232,0.0005326345210455929,0.0005489212471527923,515.5579477220765,1117.1882595102763,0.00028870241592653334,0.0002824179317559664
13140,2023,1133.0105963665178,2506.9693022817232,0.0005277254218605395,0.0005438100036405871,515.5579477220765,1117.1882595102763,0.000285652513503409,0.0002795556088248636
13140,2024,1133.0105963665178,2506.9693022817232,0.0005227636270898618,0.0005387077212687827,515.5579477220765,1117.1882595102763,0.00028258423402285877,0.0002767029208225868
13140,2025,1133.0105963665178,2506.9693022817232,0.0005184088138762055,0.0005342462556022363,515.5579477220765,1117.1882595102763,0.0002798632131441467,0.0002741872166253923
13160,2021,429.14054703880464,1107.9322054111735,0.0007432402158630895,0.0005816840354563311,143.35312729673745,362.5585278564483,0.00023216199487566692,0.0001806602682780367
13160,2022,429.14054703880464,1107.9322054111735,0.0007359623665191532,0.0005757432162609455,143.35312729673745,362.5585278564483,0.00022981248151816215,0.0001787903671778572
13160,2023,429.14054703880464,1107.9322054111735,0.0007294120890498987,0.0005703631528832197,143.35312729673745,362.5585278564483,0.00022769547966852607,0.00017709923624547138
13160,2024,429.14054703880464,1107.9322054111735,0.0007233279240140622,0.0005652210855705316,143.35312729673745,362.5585278564483,0.00022570530685635818,0.00017547534892970067
13160,2025,429.14054703880464,1107.9322054111735,0.0007177108964030224,0.000560526339717544,143.35312729673745,362.5585278564483,0.0002239035057020258,0.00017400786351475065
13188,2021,405.71982955318316,799.6294447623209,0.0007555234838213722,0.0006939607492132656,250.0838561744674,492.55334081945534,0.00048090925262638055,0.00043661744051550416
13188,2022,405.71982955318316,799.6294447623209,0.0007447953630031222,0.0006839648351737144,250.0838561744674,492.55334081945534,0.0004740868356763022,0.0004303526210821074
13188,2023,405.71982955318316,799.6294447623209,0.0007350847285649687,0.0006748543104304618,250.0838561744674,492.55334081945534,0.00046791494494345166,0.0004246471557570638
13188,2024,405.71982955318316,799.6294447623209,0.0007255230459845364,0.0006659608180686566,250.0838561744674,492.55334081945534,0.00046184063470329956,0.0004190794653682903
13188,2025,405.71982955318316,799.6294447623209,0.0007168531900229057,0.0006579031293713289,250.0838561744674,492.55334081945534,0.0004563357570863845,0.00041403886415451865
13212,2021,548.7801279305501,1310.4118066248288,0.00044956968629107457,0.00045643160414648434,310.76757797996754,705.6106050353061,0.00029982511967047696,0.00029742899620480926
13212,2022,548.7801279305501,1310.4118066248288,0.0004428793227730736,0.00044972143368826633,310.76757797996754,705.6106050353061,0.00029534392967167465,0.0002930698655942903
13212,2023,548.7801279305501,1310.4118066248288,0.0004367973088081467,0.0004435944642937596,310.76757797996754,705.6106050353061,0.0002912721892353574,0.00028909383006873367
13212,2024,548.7801279305501,1310.4118066248288,0.00043079597711720197,0.00043759431500225174,310.76757797996754,705.6106050353061,0.00028725288066342326,0.00028519923627556295
13212,2025,548.7801279305501,1310.4118066248288,0.00042533563728982675,0.0004321485840837844,310.76757797996754,705.6106050353061,0.00028359561095050415,0.0002816676805820509
13222,2021,1726.7548535601252,2805.8163487115676,0.0009215377840464269,0.000889589498968086,700.7814853630259,1152.3044869774362,0.0003748482730221494,0.0003653726810993863
13222,2022,1726.7548535601252,2805.8163487115676,0.0009152614165165784,0.0008824182500959407,700.7814853630259,1152.3044869774362,0.00037213385753498803,0.00036230627116652804
13222,2023,1726.7548535601252,2805.8163487115676,0.000909934407978253,0.0008760945991192393,700.7814853630259,1152.3044869774362,0.000369806692054279,0.0003595905180485175
13222,2024,1726.7548535601252,2805.8163487115676,0.0009044231521796981,0.0008696973476873272,700.7814853630259,1152.3044869774362,0.00036741059745442326,0.0003568478211020163
13222,2025,1726.7548535601252,2805.8163487115676,0.000899833137699402,0.0008642581370875543,700.7814853630259,1152.3044869774362,0.00036539580229030756,0.0003545023802430242
13244,2021,697.016487724931,1516.241787748928,0.0005815599130395535,0.000614620519526175,373.9452508624918,792.5934971832604,0.0003644257551805305,0.00035724463451168906
13244,2022,697.016487724931,1516.241787748928,0.0005727940090617638,0.0006063743718552793,373.9452508624918,792.5934971832604,0.0003589498351136526,0.00035232199575242204
13244,2023,697.016487724931,1516.241787748928,0.0005647563384436672,0.0005988588066617433,373.9452508624918,792.5934971832604,0.00035393389750128674,0.0003478311447459346
13244,2024,697.016487724931,1516.241787748928,0.0005568621741190716,0.0005914567743492527,373.9452508624918,792.5934971832604,0.00034900370794624673,0.0003434114327658228
13244,2025,697.016487724931,1516.241787748928,0.0005496506097736707,0.0005847690363917654,373.9452508624918,792.5934971832604,0.00034450098101283544,0.0003394107294511278
13248,2021,879.65942810197,2253.9533992124107,0.00033113707469715857,0.0003614505367234669,424.30386777644947,1045.7493503156898,0.000238855024135611,0.0002243072129948488
13248,2022,879.65942810197,2253.9533992124107,0.00032626627684063887,0.00035717817190529923,424.30386777644947,1045.7493503156898,0.0002352591222663088,0.0002214708285565698
13248,2023,879.65942810197,2253.9533992124107,0.00032185042917099485,0.0003533273787275056,424.30386777644947,1045.7493503156898,0.00023199685330866452,0.0002189032403624155
13248,2024,879.65942810197,2253.9533992124107,0.00031745071147924975,0.00034948781681467986,424.30386777644947,1045.7493503156898,0.0002287473743496141,0.00021635084187050815
13248,2025,879.65942810197,2253.9533992124107,0.000313470364698695,0.00034607005368953825,424.30386777644947,1045.7493503156898,0.00022580597301380048,0.00021406741637123292
13268,2021,204.5328169038624,447.5318874796664,0.00043994518991144406,0.00044706102414675535,113.89790530141163,242.19058042395216,0.0002746921643916498,0.0002765608182891504
13268,2022,204.5328169038624,447.5318874796664,0.0004346234090431372,0.00044070427666535343,113.89790530141163,242.19058042395216,0.00027138949575163904,0.0002726937083706762
13268,2023,204.5328169038624,447.5318874796664,0.0004298075171007061,0.00043492882872585,113.89790530141163,242.19058042395216,0.00026840438869434047,0.00026918592514518867
13268,2024,204.5328169038624,447.5318874796664,0.0004253272081124423,0.0004295140338327848,113.89790530141163,242.19058042395216,0.00026562742916422553,0.0002658955108064661
13268,2025,204.5328169038624,447.5318874796664,0.0004215153291877176,0.00042477668037465855,113.89790530141163,242.19058042395216,0.00026326899739887295,0.0002630219551062465
13300,2021,210.55720541934403,477.19875389292594,0.00043765229712298883,0.0004523999360855638,128.38602759948623,276.1092215581116,0.0003047610827506271,0.0003049231087751494
13300,2022,210.55720541934403,477.19875389292594,0.0004325911487778919,0.0004463425974525781,128.38602759948623,276.1092215581116,0.0003012466618347718,0.00030088540227990153
13300,2023,210.55720541934403,477.19875389292594,0.00042805967015412534,0.0004408731941214533,128.38602759948623,276.1092215581116,0.00029810355248196824,0.00029724375089987417
13300,2024,210.55720541934403,477.19875389292594,0.0004238275802170126,0.00043570779053600094,128.38602759948623,276.1092215581116,0.0002951682058999795,0.00029380340739704506
13300,2025,210.55720541934403,477.19875389292594,0.00042023292925270857,0.0004311946274656663,128.38602759948623,276.1092215581116,0.0002926712250399589,0.00029079831118852134
13430,2021,430.8204978907866,825.3108910584101,0.0006744443145179111,0.0006842669376281911,263.487133663119,506.8236270354551,0.00041774098170571894,0.00042664362655985656
13430,2022,430.8204978907866,825.3108910584101,0.0006648586786587578,0.0006744049283864909,263.487133663119,506.8236270354551,0.00041181468141773375,0.00042052066773307333
13430,2023,430.8204978907866,825.3108910584101,0.0006561650153152941,0.0006654031514794337,263.487133663119,506.8236270354551,0.0004064408422440267,0.0004149358512296189
13430,2024,430.8204978907866,825.3108910584101,0.0006475960797484612,0.0006566210400719475,263.487133663119,506.8236270354551,0.00040114585993597296,0.0004094891715576663
13430,2025,430.8204978907866,825.3108910584101,0.0006398174444786494,0.0006486572485970811,263.487133663119,506.8236270354551,0.0003963409839586784,0.0004045538006773137
13433,2021,1218.265340428202,2544.1968843883888,0.0005753760931949236,0.0004962080579812515,541.1222032130603,1124.9984258061843,0.0003007152086219656,0.0002639608826708098
13433,2022,1218.265340428202,2544.1968843883888,0.0005698576272799369,0.0004912595264565114,541.1222032130603,1124.9984258061843,0.00029754197689836685,0.0002611272553708266
13433,2023,1218.265340428202,2544.1968843883888,0.0005649911698151935,0.00048684248919377736,541.1222032130603,1124.9984258061843,0.0002947185860318975,0.00025858215811656735
13433,2024,1218.265340428202,2544.1968843883888,0.0005600651911313909,0.0004824015538675188,541.1222032130603,1124.9984258061843,0.00029187421586018657,0.00025603279909965353
13433,2025,1218.265340428202,2544.1968843883888,0.0005557619108627372,0.0004785089024621426,541.1222032130603,1124.9984258061843,0.0002893657218916386,0.0002537814813895881
13440,2021,205.56515586320464,436.43739016629075,0.0005016583002183855,0.0004877158219044229,132.3565373095385,274.00821854233584,0.00034637031283123615,0.00033116449139983315
13440,2022,205.56515586320464,436.43739016629075,0.0004955745790158033,0.00048107506952993,132.3565373095385,274.00821854233584,0.0003422140197078321,0.00032671143058430767
13440,2023,205.56515586320464,436.43739016629075,0.0004901146509616015,0.000475075579393763,132.3565373095385,274.00821854233584,0.00033848877859311377,0.0003226928099378286
13440,2024,205.56515586320464,436.43739016629075,0.00048494276957699456,0.00046937532473150515,132.3565373095385,274.00821854233584,0.00033496453668698694,0.0003188729787131338
13440,2025,205.56515586320464,436.43739016629075,0.0004804607086378212,0.0004643619849374437,132.3565373095385,274.00821854233584,0.0003319136703774055,0.0003155151201132916
13442,2021,860.2270481313748,1740.3126903020643,0.0005834250342071841,0.0005747240264668593,409.4880080457396,833.9104690545679,0.0003022699445090428,0.00030518307869436433
13442,2022,860.2270481313748,1740.3126903020643,0.0005777292061776965,0.0005683842518819802,409.4880080457396,833.9104690545679,0.0002990742258200699,0.0003016224247885873
13442,2023,860.2270481313748,1740.3126903020643,0.000572691305862627,0.0005626830022296134,409.4880080457396,833.9104690545679,0.00029622495227129436,0.00029840795294687033
13442,2024,860.2270481313748,1740.3126903020643,0.0005676187379410632,0.0005569985628425673,409.4880080457396,833.9104690545679,0.000293371793283722,0.00029521134559108253
13442,2025,860.2270481313748,1740.3126903020643,0.0005631702291162246,0.0005519540701319316,409.4880080457396,833.9104690545679,0.0002908476701668201,0.00029235917535044533
13458,2021,152.11750041653943,338.4854430546647,0.000396419098737327,0.000395858933809402,60.284241614127886,138.43175433785916,0.00016680183345591993,0.00014981290452434966
13458,2022,152.11750041653943,338.4854430546647,0.00039362762270259355,0.0003921688405646601,60.284241614127886,138.43175433785916,0.0001655127981656173,0.0001483704711574552
13458,2023,152.11750041653943,338.4854430546647,0.0003911858953554982,0.00038883728208749237,60.284241614127886,138.43175433785916,0.00016438669829323883,0.00014707468377906182
13458,2024,152.11750041653943,338.4854430546647,0.0003889842484348468,0.0003857720260360874,60.284241614127886,138.43175433785916,0.0001633491483842874,0.00014587424662191212
13458,2025,152.11750041653943,338.4854430546647,0.00038708613176069987,0.0003829586698965267,60.284241614127886,138.43175433785916,0.00016245573772384812,0.00014478800249628223
13468,2021,337.5748213732271,717.3130422214263,0.0006568357106633298,0.0005884953752942621,209.2498334292851,438.4160687494544,0.0004258618775343944,0.00038322443911676675
13468,2022,337.5748213732271,717.3130422214263,0.0006480243791843369,0.0005803552416005629,209.2498334292851,438.4160687494544,0.0004201915789697277,0.0003779435080650418
13468,2023,337.5748213732271,717.3130422214263,0.0006400789900291897,0.0005729683591311255,209.2498334292851,438.4160687494544,0.0004150824308121461,0.0003731541186774201
13468,2024,337.5748213732271,717.3130422214263,0.0006323156584064201,0.0005657958513144443,209.2498334292851,438.4160687494544,0.0004100992779589702,0.0003685077468689014
13468,2025,337.5748213732271,717.3130422214263,0.0006253491860872258,0.0005593509359218795,209.2498334292851,438.4160687494544,0.00040563458904065624,0.0003643364762007582
13473,2021,213.44044591692645,431.28866158208643,0.00034127938316737586,0.0004301755362345057,96.83717951341738,197.6301931823655,0.0001930885218319972,0.00021227817002521484
13473,2022,213.44044591692645,431.28866158208643,0.00033561209339195644,0.0004233870474540735,96.83717951341738,197.6301931823655,0.00018992046168056655,0.0002089612388228785
13473,2023,213.44044591692645,431.28866158208643,0.000330446379202553,0.00041716800610267055,96.83717951341738,197.6301931823655,0.00018703788000933692,0.00020592830807224184
13473,2024,213.44044591692645,431.28866158208643,0.00032557359008668373,0.0004113324475522561,96.83717951341738,197.6301931823655,0.00018431575972029042,0.0002030770006622572
13473,2025,213.44044591692645,431.28866158208643,0.0003212196382876172,0.0004060965957759989,96.83717951341738,197.6301931823655,0.0001818884372937183,0.00020052401052038412
13490,2021,201.58796780284138,490.80996288237566,0.00034121327092508075,0.00045351739952454806,103.09876970487534,242.22606277414116,0.00020565470580424732,0.0002339533155102476
13490,2022,201.58796780284138,490.80996288237566,0.00033579222302757917,0.0004465301410439497,103.09876970487534,242.22606277414116,0.00020249465048777283,0.00023043576110184957
13490,2023,201.58796780284138,490.80996288237566,0.00033085575345805887,0.000440137007222566,103.09876970487534,242.22606277414116,0.00019962534061695965,0.00022722660104325919
13490,2024,201.58796780284138,490.80996288237566,0.0003262049455252942,0.0004341408311613558,103.09876970487534,242.22606277414116,0.0001969190976307968,0.0002242106419207835
13490,2025,201.58796780284138,490.80996288237566,0.0003220843242960404,0.00042878147681849825,103.09876970487534,242.22606277414116,0.00019452909904577818,0.00022152485726151396
13549,2021,210.85078335039302,485.3552744109701,0.00038658388282677346,0.00036964022807315337,133.45259992342517,296.5049689224316,0.0002800286734838157,0.0002589906265382515
13549,2022,210.85078335039302,485.3552744109701,0.00038186733597752334,0.0003647459589424516,133.45259992342517,296.5049689224316,0.0002766508651814733,0.00025561566891516837
13549,2023,210.85078335039302,485.3552744109701,0.0003776317116430143,0.0003603147220101613,133.45259992342517,296.5049689224316,0.0002736196249709365,0.0002525637296368382
13549,2024,210.85078335039302,485.3552744109701,0.00037358287072198644,0.0003560795573764502,133.45259992342517,296.5049689224316,0.0002707313826794484,0.00024964925237597814
13549,2025,210.85078335039302,485.3552744109701,0.0003700272199076163,0.00035232229155861646,133.45259992342517,296.5049689224316,0.0002681970146670673,0.0002470664077604093
13580,2021,215.60223649385483,468.8648985569789,0.0004962954961404609,0.0005110832502537441,111.63603363635913,239.97026184984244,0.00028355802991825087,0.0002767964045749129
13580,2022,215.60223649385483,468.8648985569789,0.0004888340198153132,0.0005028557915478574,111.63603363635913,239.97026184984244,0.000279397238125004,0.0002724859599508865
13580,2023,215.60223649385483,468.8648985569789,0.0004820068692206275,0.0004953249836268681,111.63603363635913,239.97026184984244,0.0002755968643828545,0.0002685499100974774
13580,2024,215.60223649385483,468.8648985569789,0.0004756133540425259,0.0004882651722390694,111.63603363635913,239.97026184984244,0.00027203545667307593,0.00026485664926012234
13580,2025,215.60223649385483,468.8648985569789,0.000469983483257532,0.00048199639064285145,111.63603363635913,239.97026184984244,0.000268911363149524,0.00026158879756611275
13600,2021,209.36725164920284,463.7750619868754,0.00033631152816128885,0.00044767789433287436,104.67605843607821,230.59034056353113,0.00020578693082110358,0.00023434060340958048
13600,2022,209.36725164920284,463.7750619868754,0.0003308587580397333,0.00044070882581677146,104.67605843607821,230.59034056353113,0.00020256377559542556,0.00023077520671917806
13600,2023,209.36725164920284,463.7750619868754,0.00032588629340498044,0.000434330155031257,104.67605843607821,230.59034056353113,0.00019963235239433584,0.0002275209524619971
13600,2024,209.36725164920284,463.7750619868754,0.0003212021944919219,0.00042835166792393653,104.67605843607821,230.59034056353113,0.0001968678384310128,0.00022446476293922767
13600,2025,209.36725164920284,463.7750619868754,0.0003170400127066751,0.000423006406401471,104.67605843607821,230.59034056353113,0.00019441904655722074,0.00022174229899387114
13620,2021,1398.2997141001479,2714.2496823402284,0.0004935240650135452,0.0005394656197180077,609.1160567872628,1173.124284536162,0.00026375264092005636,0.0002755810025694743
13620,2022,1398.2997141001479,2714.2496823402284,0.0004888494768615385,0.0005340996268381487,609.1160567872628,1173.124284536162,0.00026091372260064624,0.0002726219750927933
13620,2023,1398.2997141001479,2714.2496823402284,0.00048471881329735224,0.0005292611776688508,609.1160567872628,1173.124284536162,0.00025837394176310327,0.00026994227931539103
13620,2024,1398.2997141001479,2714.2496823402284,0.0004805284348226236,0.0005244270966630964,609.1160567872628,1173.124284536162,0.00025581286749652384,0.00026726885039515157
13620,2025,1398.2997141001479,2714.2496823402284,0.00047688473567663334,0.0005202138198765968,609.1160567872628,1173.124284536162,0.00025355917381659934,0.0002649184287439675
13647,2021,1525.4537919404931,2777.282311966839,0.0010288233606508706,0.0009773414015766012,647.8140785012591,1188.1559932218145,0.0004394368698878396,0.0004175167484436655
13647,2022,1525.4537919404931,2777.282311966839,0.0010212029766742971,0.0009690795531174426,647.8140785012591,1188.1559932218145,0.0004358900851792164,0.00041378788511321654
13647,2023,1525.4537919404931,2777.282311966839,0.0010146678113227053,0.0009617689393365198,647.8140785012591,1188.1559932218145,0.0004328137324342322,0.00041047134050519645
13647,2024,1525.4537919404931,2777.282311966839,0.0010079398141859142,0.0009543854060519195,647.8140785012591,1188.1559932218145,0.00042966328675602804,0.0004071293678970877
13647,2025,1525.4537919404931,2777.282311966839,0.00100226281781152,0.0009480629889750788,647.8140785012591,1188.1559932218145,0.00042697414474448544,0.0004042468089259268
13650,2021,269.5091196679263,639.9485296877299,0.0004286111099751993,0.0004190775093426813,168.48775537077623,385.2385408690887,0.0002974522423310499,0.0002862346505586279
13650,2022,269.5091196679263,639.9485296877299,0.0004233009213823097,0.0004134621966302502,168.48775537077623,385.2385408690887,0.00029380625820815855,0.00028243583540839685
13650,2023,269.5091196679263,639.9485296877299,0.00041855104753155397,0.0004083919545527085,168.48775537077623,385.2385408690887,0.00029054928542891046,0.0002790099964812472
13650,2024,269.5091196679263,639.9485296877299,0.0004139750231532864,0.00040351933369595615,168.48775537077623,385.2385408690887,0.00028741978352504267,0.0002757189461870231
13650,2025,269.5091196679263,639.9485296877299,0.00040994308848812434,0.00039919159194585493,168.48775537077623,385.2385408690887,0.0002846677052165692,0.0002727992123731907
13654,2021,686.8933551895059,1520.9071520307377,0.0004327060600631625,0.0005288671916453375,359.7897035149639,784.9211499035387,0.0002885838681441519,0.0003126166529749415
13654,2022,686.8933551895059,1520.9071520307377,0.00042650574895865663,0.0005221092941007471,359.7897035149639,784.9211499035387,0.0002844268184382706,0.000308487133030269
13654,2023,686.8933551895059,1520.9071520307377,0.0004208718066747643,0.0005159793219283574,359.7897035149639,784.9211499035387,0.0002806501573654626,0.0003047353214698954
13654,2024,686.8933551895059,1520.9071520307377,0.00041528650923223234,0.0005099085588507156,359.7897035149639,784.9211499035387,0.00027690666563044,0.00030102432818729293
13654,2025,686.8933551895059,1520.9071520307377,0.00041021289425987543,0.0005044476192121144,359.7897035149639,784.9211499035387,0.00027350575068847954,0.0002976778676903678
13655,2021,178.3581137952996,441.22119504220314,0.00040013024167404233,0.00040031040876507953,86.02816450266943,212.49795696500013,0.00018692879698613412,0.0001753698442472058
13655,2022,178.3581137952996,441.22119504220314,0.00039670820458683186,0.0003965491378444501,86.02816450266943,212.49795696500013,0.00018515814820972454,0.00017356310332585282
13655,2023,178.3581137952996,441.22119504220314,0.00039359168199960045,0.00039312116160810024,86.02816450266943,212.49795696500013,0.00018354734502010897,0.0001719176886995933
13655,2024,178.3581137952996,441.22119504220314,0.0003907584904244489,0.0003899557006838328,86.02816450266943,212.49795696500013,0.00018205519042492732,0.00017038013157783256
13655,2025,178.3581137952996,441.22119504220314,0.0003881739102582912,0.0003870724476081146,86.02816450266943,212.49795696500013,0.00018070329432987075,0.0001689869213571144
13657,2021,896.7470884859933,2221.7609260797403,0.000367609699291536,0.0004538983433442863,429.122337333173,1023.8935883556774,0.00025015955232076303,0.0002684736552853704
13657,2022,896.7470884859933,2221.7609260797403,0.0003624833424828755,0.0004482495393196329,429.122337333173,1023.8935883556774,0.00024663866894806223,0.00026499901097421706
13657,2023,896.7470884859933,2221.7609260797403,0.0003578426567453839,0.00044313167784114404,429.122337333173,1023.8935883556774,0.00024345023894615776,0.00026184453521760955
13657,2024,896.7470884859933,2221.7609260797403,0.0003532202258693358,0.0004380511174077797,429.122337333173,1023.8935883556774,0.00024027579601132955,0.000258717280661791
13657,2025,896.7470884859933,2221.7609260797403,0.00034904501831736583,0.0004334977758245933,429.122337333173,1023.8935883556774,0.00023740720225493502,0.0002559070340728405
13667,2021,200.56069664906923,449.83725375600267,0.0003772442361584368,0.000422739711374008,111.30244468486987,240.2973959011864,0.00023961768968936816,0.000262437806109243
13667,2022,200.56069664906923,449.83725375600267,0.00037257310658959583,0.00041662793357481926,111.30244468486987,240.2973959011864,0.0002366645197395823,0.0002587134547259846
13667,2023,200.56069664906923,449.83725375600267,0.00036834356295232016,0.0004110660661295443,111.30244468486987,240.2973959011864,0.00023399382794280735,0.00025532957055010054
13667,2024,200.56069664906923,449.83725375600267,0.00036439713149742143,0.0004058257876088004,111.30244468486987,240.2973959011864,0.0002315018458278744,0.0002521392812516073
13667,2025,200.56069664906923,449.83725375600267,0.00036101553874099063,0.0004012069097174496,111.30244468486987,240.2973959011864,0.00022936772963319876,0.0002493312496985752
13670,2021,385.8741170706981,1074.1711566411095,0.0007313935581754785,0.0005692198888259305,127.34307351759995,349.9417687738588,0.00023150508379421241,0.00018330125673093415
13670,2022,385.8741170706981,1074.1711566411095,0.0007242321282909421,0.0005632580267584441,127.34307351759995,349.9417687738588,0.00022915992173816615,0.00018133303368557177
13670,2023,385.8741170706981,1074.1711566411095,0.0007177994316802095,0.0005578634534001713,127.34307351759995,349.9417687738588,0.00022704924285784964,0.00017955324505953234
13670,2024,385.8741170706981,1074.1711566411095,0.0007118267938487639,0.0005527482483510499,127.34307351759995,349.9417687738588,0.0002250678131406439,0.00017785458617390943
13670,2025,385.8741170706981,1074.1711566411095,0.0007063406464451748,0.000548065686478394,127.34307351759995,349.9417687738588,0.00022327529920335783,0.00017631791685651616
13673,2021,1669.0977855674296,2813.9234610160447,0.0011499693602595087,0.0009960929848253255,680.6730210785294,1156.4505605446898,0.00045620677573045504,0.00040117481829271735
13673,2022,1669.0977855674296,2813.9234610160447,0.0011412229960760883,0.0009877620455575455,680.6730210785294,1156.4505605446898,0.0004525938892381335,0.00039770186338485296
13673,2023,1669.0977855674296,2813.9234610160447,0.0011335711303341904,0.0009803474963016787,680.6730210785294,1156.4505605446898,0.00044941771228797277,0.0003946010951057966
13673,2024,1669.0977855674296,2813.9234610160447,0.0011258135849035304,0.0009728958546126606,680.6730210785294,1156.4505605446898,0.0004462027712345835,0.0003914873517112912
13673,2025,1669.0977855674296,2813.9234610160447,0.0011192789065511144,0.000966544612925614,680.6730210785294,1156.4505605446898,0.0004434775312071708,0.00038882009333293763
13683,2021,1824.4154412468663,2807.624313504032,0.0013088376408299225,0.0012196860320168336,736.0062562832989,1154.2800801027718,0.0005185372083425293,0.0004910281014654514
13683,2022,1824.4154412468663,2807.624313504032,0.0013002009054877716,0.0012100896107193533,736.0062562832989,1154.2800801027718,0.0005149754248055107,0.00048702338107538024
13683,2023,1824.4154412468663,2807.624313504032,0.0012929110178625817,0.0012016666706254784,736.0062562832989,1154.2800801027718,0.0005119484083804025,0.000483494646432845
13683,2024,1824.4154412468663,2807.624313504032,0.0012853482674221625,0.0011931221318724552,736.0062562832989,1154.2800801027718,0.0005088180896264846,0.0004799209729880937
13683,2025,1824.4154412468663,2807.624313504032,0.0012790815455758148,0.0011858756195995772,736.0062562832989,1154.2800801027718,0.0005062062830704166,0.0004768738456446407
13688,2021,221.24744102297365,507.5075446380889,0.0009353895753649692,0.0007560870549595699,75.72218504994213,180.29486038726176,0.00026334460810812044,0.0002246599702540628
13688,2022,221.24744102297365,507.5075446380889,0.0009304573800723008,0.0007483728546662127,75.72218504994213,180.29486038726176,0.00026187934433284166,0.00022223719836960803
13688,2023,221.24744102297365,507.5075446380889,0.000926184426779941,0.0007413452398033675,75.72218504994213,180.29486038726176,0.0002606073644704845,0.00022003062498153353
13688,2024,221.24744102297365,507.5075446380889,0.000922539465837354,0.0007348554595612712,75.72218504994213,180.29486038726176,0.00025950702120344316,0.00021798358322176672
13688,2025,221.24744102297365,507.5075446380889,0.0009194844778837355,0.0007289158368620405,75.72218504994213,180.29486038726176,0.0002585781127156307,0.00021612169689649827
13744,2021,340.2599783038583,952.8226606625669,0.0005168258103501525,0.0005295022654662427,123.1553715271748,336.4058666102752,0.00019579698473301787,0.00020267406573586358
13744,2022,340.2599783038583,952.8226606625669,0.0005106413629281004,0.0005221559831428781,123.1553715271748,336.4058666102752,0.0001932043091339888,0.0001997986809654121
13744,2023,340.2599783038583,952.8226606625669,0.0005050403284621592,0.0005154361249396547,123.1553715271748,336.4058666102752,0.0001908500586968952,0.00019716917775736172
13744,2024,340.2599783038583,952.8226606625669,0.0004998385101626321,0.0005091118485501503,123.1553715271748,336.4058666102752,0.00018865173847002224,0.00019469100608530195
13744,2025,340.2599783038583,952.8226606625669,0.0004952042485643915,0.0005034259366444257,123.1553715271748,336.4058666102752,0.0001866903519544079,0.00019246597467840684
13760,2021,1383.8864884046563,2683.316810017907,0.00047341385885553595,0.0005258989608462965,601.018508369346,1159.6419357974503,0.0002427320361124792,0.0002606162442229856
13760,2022,1383.8864884046563,2683.316810017907,0.0004691645815849531,0.0005207905251998115,601.018508369346,1159.6419357974503,0.00024026439400014887,0.0002578914292207671
13760,2023,1383.8864884046563,2683.316810017907,0.00046543680700448327,0.0005161970876858653,601.018508369346,1159.6419357974503,0.00023807257159490436,0.00025543182242240755
13760,2024,1383.8864884046563,2683.316810017907,0.00046164120109259905,0.0005116036560347235,601.018508369346,1159.6419357974503,0.00023585436666279737,0.0002529757249113553
13760,2025,1383.8864884046563,2683.316810017907,0.000458359552748042,0.000507610287777886,601.018508369346,1159.6419357974503,0.00023391260039770474,0.00025082190728657023
13780,2021,375.26297575539405,780.3999665434249,0.0006050734666001799,0.0005919985283590842,233.1333340485237,480.4681502790391,0.00040068976840678273,0.00037953072682587346
13780,2022,375.26297575539405,780.3999665434249,0.0005965579119583208,0.0005834791494469695,233.1333340485237,480.4681502790391,0.00039504307066180115,0.00037409055253836575
13780,2023,375.26297575539405,780.3999665434249,0.0005888697235038944,0.0005757226466928074,233.1333340485237,480.4681502790391,0.00038994710706940155,0.0003691423060616674
13780,2024,375.26297575539405,780.3999665434249,0.0005813034780133798,0.0005681564207096154,233.1333340485237,480.4681502790391,0.0003849361584376941,0.0003643166571995331
13780,2025,375.26297575539405,780.3999665434249,0.0005744540443478595,0.0005613119999518521,233.1333340485237,480.4681502790391,0.0003804021324373032,0.0003599552321604179
13810,2021,185.18347871763766,473.650543490667,0.00026794559856461574,0.0003569087425050865,98.52037663425206,239.32620871212765,0.00019233229738843595,0.0002148758469706823
13810,2022,185.18347871763766,473.650543490667,0.00026469234519942923,0.0003521915267220551,98.52037663425206,239.32620871212765,0.00019000012170878447,0.00021204966337655097
13810,2023,185.18347871763766,473.650543490667,0.0002617808719990777,0.00034790448567365907,98.52037663425206,239.32620871212765,0.00018790956539931614,0.00020948576218057522
13810,2024,185.18347871763766,473.650543490667,0.00025901754161864544,0.00034385598988056793,98.52037663425206,239.32620871212765,0.0001859287429028468,0.00020706018019780211
13810,2025,185.18347871763766,473.650543490667,0.0002566024672823989,0.00034024127194597043,98.52037663425206,239.32620871212765,0.00018419125940732155,0.00020489928122342148
13836,2021,1722.766453965813,2809.3415179959507,0.0013738792318125665,0.0012646768897475592,705.537970240111,1178.4773601895154,0.0005549235302171239,0.0005139076427539314
13836,2022,1722.766453965813,2809.3415179959507,0.0013644008322525273,0.0012545112174792053,705.537970240111,1178.4773601895154,0.0005508667448214828,0.0005096015218350764
13836,2023,1722.766453965813,2809.3415179959507,0.0013563547525435565,0.0012455756333558709,705.537970240111,1178.4773601895154,0.0005473937523876582,0.000505800885913357
13836,2024,1722.766453965813,2809.3415179959507,0.0013480391657685418,0.001236520044334726,705.537970240111,1178.4773601895154,0.000543820942951261,0.0005019569013195148
13836,2025,1722.766453965813,2809.3415179959507,0.0013410962502399778,0.0012288132445704783,705.537970240111,1178.4773601895154,0.0005408101204664178,0.0004986653762245735
13838,2021,1367.5296529189748,2533.406502142283,0.0009956987752362226,0.0008541657715798624,572.5785465270925,1085.8687834252112,0.00040799060203493466,0.00036072324504721225
13838,2022,1367.5296529189748,2533.406502142283,0.0009886763702358858,0.0008472488309413867,572.5785465270925,1085.8687834252112,0.0004049740470095344,0.00035764332399214143
13838,2023,1367.5296529189748,2533.406502142283,0.0009826977113227713,0.0008411949032523245,572.5785465270925,1085.8687834252112,0.000402388260816919,0.0003549324515087007
13838,2024,1367.5296529189748,2533.406502142283,0.0009765301546724119,0.0008350385712841671,572.5785465270925,1085.8687834252112,0.00039973148436869447,0.0003521845729625917
13838,2025,1367.5296529189748,2533.406502142283,0.0009713600237270042,0.0008297799577272418,572.5785465270925,1085.8687834252112,0.0003974869920296277,0.00034981975548751615
13873,2021,1667.4105989187406,2753.578365856397,0.0009601818916196113,0.0009199859178387486,687.4976716053739,1145.4586162629103,0.0004014313541455907,0.0003847917289762809
13873,2022,1667.4105989187406,2753.578365856397,0.0009533652197637425,0.0009124114524038584,687.4976716053739,1145.4586162629103,0.00039834580176448047,0.00038146724012485823
13873,2023,1667.4105989187406,2753.578365856397,0.0009475512526019447,0.0009057222488135611,687.4976716053739,1145.4586162629103,0.0003956843232933576,0.00037851759326691794
13873,2024,1667.4105989187406,2753.578365856397,0.0009415508477127097,0.0008989605095579342,687.4976716053739,1145.4586162629103,0.0003929523215474799,0.0003755417750162823
13873,2025,1667.4105989187406,2753.578365856397,0.0009365208433749627,0.0008931925086511157,687.4976716053739,1145.4586162629103,0.00039063600641321813,0.0003729860924505672
13894,2021,543.6110273249718,1334.7855235377178,0.0004717063137934905,0.00048256055683394336,302.2357943046332,710.121197142892,0.0003451891116470941,0.0003302419412719995
13894,2022,543.6110273249718,1334.7855235377178,0.00046451700499670705,0.00047548794366741653,302.2357943046332,710.121197142892,0.0003398852908537371,0.0003253909598413578
13894,2023,543.6110273249718,1334.7855235377178,0.00045798205308518074,0.00046904126714625765,302.2357943046332,710.121197142892,0.00033506618282075806,0.00032097288117594286
13894,2024,543.6110273249718,1334.7855235377178,0.00045151279069518234,0.0004627008394478626,302.2357943046332,710.121197142892,0.00033029469651462296,0.00031662625053989685
13894,2025,543.6110273249718,1334.7855235377178,0.00044560762885108946,0.0004569476177767891,302.2357943046332,710.121197142892,0.0003259387422966464,0.00031268415864210973
15001,2021,1330.7457793383685,2147.0035934280927,0.0024069749856091617,0.002134858393321109,354.76898479128505,559.0328267591116,0.0006503119663131676,0.0005898549998156134
15001,2022,1330.7457793383685,2147.0035934280927,0.0023867054751797842,0.0021155449107804845,354.76898479128505,559.0328267591116,0.0006448600103974959,0.0005845492377345655
15001,2023,1330.7457793383685,2147.0035934280927,0.002368693663441697,0.0020982857694139584,354.76898479128505,559.0328267591116,0.0006400158332405442,0.0005798095876760566
15001,2024,1330.7457793383685,2147.0035934280927,0.0023494754145928307,0.002079982705558775,354.76898479128505,559.0328267591116,0.0006348453855710932,0.0005747802106492266
15001,2025,1330.7457793383685,2147.0035934280927,0.002331960012767652,0.0020633246093415903,354.76898479128505,559.0328267591116,0.0006301380532137958,0.0005702078330098687
15022,2021,2300.660951517828,6961.918169961616,0.0004896830817749129,0.0006070480647286326,480.6126214842406,1399.9167358728644,0.00017402767194787727,0.000185116934478009
15022,2022,2300.660951517828,6961.918169961616,0.0004850754378476214,0.0005999537629369619,480.6126214842406,1399.9167358728644,0.00017257854401260347,0.00018302789693952896
15022,2023,2300.660951517828,6961.918169961616,0.00048096531324178004,0.0005935142420494288,480.6126214842406,1399.9167358728644,0.0001713018690828362,0.00018113472017550553
15022,2024,2300.660951517828,6961.918169961616,0.0004765274177500956,0.0005868388557793638,480.6126214842406,1399.9167358728644,0.00016989704144165785,0.00017916313515070335
15022,2025,2300.660951517828,6961.918169961616,0.0004725287473679707,0.0005807618674989977,480.6126214842406,1399.9167358728644,0.00016864239864774658,0.0001773688233164404
15047,2021,730.6435365317893,1388.0949299802958,0.0013919615777800392,0.0014085880531664635,209.28528672913978,404.9228326146719,0.0003879809074764528,0.0004097370256651504
15047,2022,730.6435365317893,1388.0949299802958,0.0013804557579347877,0.0013952504106688338,209.28528672913978,404.9228326146719,0.0003847682548317959,0.00040574625733041383
15047,2023,730.6435365317893,1388.0949299802958,0.0013704464805302556,0.0013834471298989955,209.28528672913978,404.9228326146719,0.00038197381642041074,0.0004022037554718182
15047,2024,730.6435365317893,1388.0949299802958,0.0013597897190527671,0.0013710646193652832,209.28528672913978,404.9228326146719,0.0003789967645444167,0.00039850006044365473
15047,2025,730.6435365317893,1388.0949299802958,0.0013499643453084031,0.0013597133426864626,209.28528672913978,404.9228326146719,0.00037626532395044603,0.0003951129569142858
15051,2021,1072.4545327822123,1936.845237188496,0.0020140557574622095,0.001801028618567144,290.7747747948767,518.4543721371623,0.0005570723636013454,0.0005051112466192532
15051,2022,1072.4545327822123,1936.845237188496,0.001997209504585469,0.0017850570291062205,290.7747747948767,518.4543721371623,0.0005524391575577284,0.0005006449284337167
15051,2023,1072.4545327822123,1936.845237188496,0.001982359826409158,0.001770857541152015,290.7747747948767,518.4543721371623,0.0005483635861073621,0.0004966770528361924
15051,2024,1072.4545327822123,1936.845237188496,0.001966496951051975,0.0017557679639526231,290.7747747948767,518.4543721371623,0.0005440071254575615,0.0004924607523254991
15051,2025,1072.4545327822123,1936.845237188496,0.00195208713207585,0.0017420663575534402,290.7747747948767,518.4543721371623,0.0005400576760400698,0.0004886383047283736
15087,2021,792.9298856727653,1611.989859281346,0.0010842272003687963,0.001152789297314488,222.16779172527322,465.46762343154023,0.00031066393704635574,0.0003347955652939456
15087,2022,792.9298856727653,1611.989859281346,0.0010746047552205112,0.0011422705666349004,222.16779172527322,465.46762343154023,0.00030794772961117154,0.00033176652533990514
15087,2023,792.9298856727653,1611.989859281346,0.0010661746278230466,0.0011329751557825971,222.16779172527322,465.46762343154023,0.0003055611148250815,0.0003290852398703517
15087,2024,792.9298856727653,1611.989859281346,0.0010571833119247755,0.0011231702571263126,222.16779172527322,465.46762343154023,0.000303011371780391,0.0003262566054603715
15087,2025,792.9298856727653,1611.989859281346,0.0010489549024446595,0.0011142156610410897,222.16779172527322,465.46762343154023,0.00030069854133846615,0.000323688822038857
15090,2021,825.7555811112035,1780.5114489987652,0.0009273279066768181,0.0009750304237208722,224.60295719183694,474.35623272162775,0.0002804284406156477,0.000284093967078873
15090,2022,825.7555811112035,1780.5114489987652,0.000920553189130282,0.0009660590848024228,224.60295719183694,474.35623272162775,0.0002784058339668972,0.0002814947396090006
15090,2023,825.7555811112035,1780.5114489987652,0.0009146499770943749,0.0009580769923419419,224.60295719183694,474.35623272162775,0.00027664953283875344,0.00027918294906074546
15090,2024,825.7555811112035,1780.5114489987652,0.0009081852200241588,0.0009496129232261977,224.60295719183694,474.35623272162775,0.0002747202235373487,0.00027673092202402575
15090,2025,825.7555811112035,1780.5114489987652,0.0009023239328880874,0.000941900450488832,224.60295719183694,474.35623272162775,0.0002729801539660601,0.00027450026671118987
15092,2021,770.9953638066386,1468.5613699730256,0.0014991894545278543,0.0015001777239783823,215.29506887788548,424.1173204254394,0.00039630365019993884,0.0004078030303069276
15092,2022,770.9953638066386,1468.5613699730256,0.0014865049788864106,0.001486954390182643,215.29506887788548,424.1173204254394,0.00039299104412594333,0.0004042205537987784
15092,2023,770.9953638066386,1468.5613699730256,0.0014754700072017587,0.0014753345695271566,215.29506887788548,424.1173204254394,0.0003901087544159395,0.00040106803546644025
15092,2024,770.9953638066386,1468.5613699730256,0.0014636979109201743,0.0014630394705741907,215.29506887788548,424.1173204254394,0.00038702272149027,0.00039773077125116753
15092,2025,770.9953638066386,1468.5613699730256,0.0014528191731898131,0.0014517607708126425,215.29506887788548,424.1173204254394,0.00038418796232771564,0.0003946835261365468
15097,2021,634.2837487885832,1713.657672853195,0.0005377551937854096,0.0006712606073972789,190.78180419833186,510.50923356166,0.00022518069095161857,0.00023720741091459884
15097,2022,634.2837487885832,1713.657672853195,0.0005335111459103824,0.0006654925749465411,190.78180419833186,510.50923356166,0.00022348793183362908,0.00023521913844829758
15097,2023,634.2837487885832,1713.657672853195,0.0005295670742921822,0.0006603082365576247,190.78180419833186,510.50923356166,0.00022192519041361913,0.00023342837933686806
15097,2024,634.2837487885832,1713.657672853195,0.0005253461505352334,0.0006547864668531025,190.78180419833186,510.50923356166,0.00022024142746463078,0.00023150863461736878
15097,2025,634.2837487885832,1713.657672853195,0.0005219500260948191,0.0006500298297787129,190.78180419833186,510.50923356166,0.00021889653865433145,0.00022987420329824667
15104,2021,1291.035693194019,2166.934264676021,0.002369785543376521,0.0021434576170179845,341.3832526084142,559.3262798476856,0.0006418269545399367,0.0005873970224042958
15104,2022,1291.035693194019,2166.934264676021,0.002349894030688314,0.0021238032653055944,341.3832526084142,559.3262798476856,0.0006364850241278492,0.0005820614141324691
15104,2023,1291.035693194019,2166.934264676021,0.0023321998681971132,0.0021062162271651675,341.3832526084142,559.3262798476856,0.0006317348354992043,0.0005772890512917817
15104,2024,1291.035693194019,2166.934264676021,0.002313313549228178,0.0020875945423618515,341.3832526084142,559.3262798476856,0.0006266576284405363,0.0005722295526650727
15104,2025,1291.035693194019,2166.934264676021,0.002296091585550805,0.002070640665373495,341.3832526084142,559.3262798476856,0.0006220334230801319,0.0005676271008111678
15106,2021,894.6683581775828,2012.2886655172233,0.0010300775869859539,0.0010273377188943983,236.3961251635756,513.4047777309485,0.00032219309267155454,0.0003110033596579746
15106,2022,894.6683581775828,2012.2886655172233,0.0010221242613141876,0.0010176812199986817,236.3961251635756,513.4047777309485,0.0003198183258079718,0.0003081654168657497
15106,2023,894.6683581775828,2012.2886655172233,0.0010150725584018578,0.0010090539800978106,236.3961251635756,513.4047777309485,0.0003177318413858125,0.00030564061803022523
15106,2024,894.6683581775828,2012.2886655172233,0.0010074438771831384,0.0009998758432112204,236.3961251635756,513.4047777309485,0.00031545227221903104,0.0003029391900728787
15106,2025,894.6683581775828,2012.2886655172233,0.001000642340734428,0.000991629173098638,236.3961251635756,513.4047777309485,0.00031343675874948967,0.0003005192717723568
15109,2021,1084.0162457153829,2328.7245486179327,0.000740576691360326,0.0008589847874321642,270.6779912453806,572.930964155276,0.0002358648064752626,0.00026025703563955035
15109,2022,1084.0162457153829,2328.7245486179327,0.0007325818779240187,0.0008496832076038458,270.6779912453806,572.930964155276,0.00023364102431074226,0.0002575444199395603
15109,2023,1084.0162457153829,2328.7245486179327,0.0007253068389343721,0.0008412892004857097,270.6779912453806,572.930964155276,0.00023164163011201065,0.00025510738216671263
15109,2024,1084.0162457153829,2328.7245486179327,0.0007177188283030503,0.0008324849307442656,270.6779912453806,572.930964155276,0.00022951508899197597,0.0002525316684169634
15109,2025,1084.0162457153829,2328.7245486179327,0.000710836636349744,0.0008245283687115169,270.6779912453806,572.930964155276,0.00022760756430606214,0.0002502107070005095
15114,2021,831.3962402068628,1468.5232521347752,0.0015655620414960288,0.0015826431976854014,231.53087446817622,429.0980043344031,0.0004080863061374211,0.00042599688755938373
15114,2022,831.3962402068628,1468.5232521347752,0.001552209839686587,0.001568607935202641,231.53087446817622,429.0980043344031,0.00040465188306756055,0.0004222335086155394
15114,2023,831.3962402068628,1468.5232521347752,0.0015405933552907116,0.0015562776830888151,231.53087446817622,429.0980043344031,0.0004016653798034194,0.0004189237907129002
15114,2024,831.3962402068628,1468.5232521347752,0.0015282111922892815,0.001543228303051256,231.53087446817622,429.0980043344031,0.0003984709655431094,0.00041541908596644326
15114,2025,831.3962402068628,1468.5232521347752,0.001516759958156905,0.0015312576569871683,231.53087446817622,429.0980043344031,0.0003955306592595671,0.00041221793589493413
15131,2021,1042.8497319487533,2263.496921892983,0.0011865181735752285,0.0011116603165292054,267.47054994152825,564.9714505596544,0.0003612725676539389,0.00033170151795050584
15131,2022,1042.8497319487533,2263.496921892983,0.0011754715940045584,0.0011003757289566366,267.47054994152825,564.9714505596544,0.0003581781635409087,0.00032844625107122314
15131,2023,1042.8497319487533,2263.496921892983,0.001165519282239086,0.001090216504995319,267.47054994152825,564.9714505596544,0.00035541590195305487,0.000325528015755223
15131,2024,1042.8497319487533,2263.496921892983,0.001155004304961686,0.0010795093907637447,267.47054994152825,564.9714505596544,0.00035245956966111446,0.0003224334192595617
15131,2025,1042.8497319487533,2263.496921892983,0.001145499786829244,0.0010698293316073171,267.47054994152825,564.9714505596544,0.00034980977432248425,0.0003196437765593777
15135,2021,760.4083745221985,1924.282186870511,0.0004443211390855063,0.000614227948414864,212.22692437406963,534.7250172250532,0.0001545084886766896,0.0001864053544093182
15135,2022,760.4083745221985,1924.282186870511,0.00044123397950718974,0.0006082093573545107,212.22692437406963,534.7250172250532,0.00015346125731753254,0.00018459283599400866
15135,2023,760.4083745221985,1924.282186870511,0.0004385734932507773,0.0006028269885582505,212.22692437406963,534.7250172250532,0.00015256546356485305,0.00018297326059510556
15135,2024,760.4083745221985,1924.282186870511,0.00043554523294217333,0.0005971476115142787,212.22692437406963,534.7250172250532,0.00015154237227877016,0.00018126284100133665
15135,2025,760.4083745221985,1924.282186870511,0.00043287711051335413,0.000591989836782458,212.22692437406963,534.7250172250532,0.00015064560314618415,0.00017971170628439578
15162,2021,862.650122983027,1588.8036491266716,0.0014053219467235307,0.0014385263469583653,238.36281125344823,458.1468417265224,0.00037094255264176875,0.00039112779403659744
15162,2022,862.650122983027,1588.8036491266716,0.0013925001459607759,0.001425244726832694,238.36281125344823,458.1468417265224,0.00036760371335766356,0.0003875461820953245
15162,2023,862.650122983027,1588.8036491266716,0.001381267697761056,0.0014135158063602936,238.36281125344823,458.1468417265224,0.0003646775642869505,0.00038438034382125313
15162,2024,862.650122983027,1588.8036491266716,0.0013693169781505193,0.001401146131335654,238.36281125344823,458.1468417265224,0.00036155705104992946,0.0003810403598028135
15162,2025,862.650122983027,1588.8036491266716,0.0013583394610601068,0.0013898150973234468,238.36281125344823,458.1468417265224,0.0003587080911904417,0.0003779958873090364
15172,2021,1067.8583263664705,2268.569640316514,0.0009106819948177271,0.0010364824016896694,274.28624478840754,571.6176509576396,0.0002650062467963068,0.0002900995610790248
15172,2022,1067.8583263664705,2268.569640316514,0.0009032738698785444,0.001026010258268931,274.28624478840754,571.6176509576396,0.00026291784711259,0.0002872302311748521
15172,2023,1067.8583263664705,2268.569640316514,0.0008966812597970907,0.001016596274646425,274.28624478840754,571.6176509576396,0.0002610668068714431,0.0002846539559009246
15172,2024,1067.8583263664705,2268.569640316514,0.0008894985076325861,0.0010066950364737036,274.28624478840754,571.6176509576396,0.0002590390936818501,0.0002819371124582689
15172,2025,1067.8583263664705,2268.569640316514,0.0008830119994327983,0.0009976765989365176,274.28624478840754,571.6176509576396,0.00025721172509584564,0.00027946493807940343
15176,2021,1018.9264298869667,2110.488810830434,0.0010543767627496882,0.00106480176420799,267.3697062543123,540.0647530701939,0.00032582711959512145,0.00031313879174254346
15176,2022,1018.9264298869667,2110.488810830434,0.0010458771249818647,0.0010543455921808477,267.3697062543123,540.0647530701939,0.0003232916490277398,0.0003101362890980057
15176,2023,1018.9264298869667,2110.488810830434,0.001038310675574958,0.0010449403642375794,267.3697062543123,540.0647530701939,0.00032104792157788283,0.0003074423980477392
15176,2024,1018.9264298869667,2110.488810830434,0.0010301801869559788,0.0010350341804765191,267.3697062543123,540.0647530701939,0.0003186202318036283,0.0003045934546772403
15176,2025,1018.9264298869667,2110.488810830434,0.0010228867916021237,0.0010260577787870547,267.3697062543123,540.0647530701939,0.0003164556625468494,0.00030201735897496034
15180,2021,551.6558962718627,1417.420390878542,0.00025506720220783196,0.0005911224098317766,170.45288196109277,430.575863584009,0.00014064005843343318,0.00023560428973268214
15180,2022,551.6558962718627,1417.420390878542,0.000252858991446799,0.0005865437230733729,170.45288196109277,430.575863584009,0.00013949659344748724,0.0002338069914751882
15180,2023,551.6558962718627,1417.420390878542,0.0002508061034139056,0.0005824630254985211,170.45288196109277,430.575863584009,0.00013844004473226776,0.00023220330442450606
15180,2024,551.6558962718627,1417.420390878542,0.00024867944066552444,0.0005780339696840295,170.45288196109277,430.575863584009,0.0001373373872349722,0.00023044867584411555
15180,2025,551.6558962718627,1417.420390878542,0.0002469472164580219,0.0005744298963431144,170.45288196109277,430.575863584009,0.00013644926645610858,0.00022903281826959314
15183,2021,372.4487796138664,993.7764628105625,0.00027795211856860094,0.0004897523982182168,116.03154062731707,303.4782060178753,0.00016342400059835683,0.00019176562615314706
15183,2022,372.4487796138664,993.7764628105625,0.00027652373830353694,0.00048574037939943664,116.03154062731707,303.4782060178753,0.00016262620870832024,0.00019024785734433796
15183,2023,372.4487796138664,993.7764628105625,0.0002753188143141336,0.00048217003087074864,116.03154062731707,303.4782060178753,0.00016197934003485848,0.0001888987756150478
15183,2024,372.4487796138664,993.7764628105625,0.000273762499335777,0.0004782731659058888,116.03154062731707,303.4782060178753,0.00016109469402661,0.00018740423067695804
15183,2025,372.4487796138664,993.7764628105625,0.00027269178582717295,0.0004749322025938804,116.03154062731707,303.4782060178753,0.00016052090385096574,0.00018615122005179996
15185,2021,807.1447680302401,1577.9685595422136,0.0011063782443282437,0.0010731675004811026,230.51004914746923,448.041373615668,0.00035057002606826666,0.00033087280047806145
15185,2022,807.1447680302401,1577.9685595422136,0.0010966528307419004,0.0010634487598935377,230.51004914746923,448.041373615668,0.00034752397619187644,0.0003278982328800259
15185,2023,807.1447680302401,1577.9685595422136,0.0010881023870628697,0.001054824401243763,230.51004914746923,448.041373615668,0.00034485676297611105,0.00032526320495989466
15185,2024,807.1447680302401,1577.9685595422136,0.0010790214375146496,0.001045713680238005,230.51004914746923,448.041373615668,0.000342021949311049,0.0003224804667703928
15185,2025,807.1447680302401,1577.9685595422136,0.001070834978180735,0.001037462148289382,230.51004914746923,448.041373615668,0.00033947672129657305,0.00031996759088558384
15187,2021,1227.9520837284786,2104.465877371382,0.0022998795363881135,0.002112295904248442,332.83634459733787,566.8652186998359,0.0006307421085511685,0.0005962299940773956
15187,2022,1227.9520837284786,2104.465877371382,0.002280923620313682,0.00209351323654978,332.83634459733787,566.8652186998359,0.0006255695723042388,0.0005909407912199398
15187,2023,1227.9520837284786,2104.465877371382,0.002264127767140706,0.0020767627540440583,332.83634459733787,566.8652186998359,0.0006209883825785895,0.0005862254656775719
15187,2024,1227.9520837284786,2104.465877371382,0.002246175351644135,0.002058969240372832,332.83634459733787,566.8652186998359,0.0006160894169632446,0.0005812167400252686
15187,2025,1227.9520837284786,2104.465877371382,0.0022298230471499243,0.002042791510781127,332.83634459733787,566.8652186998359,0.0006116312166913504,0.0005766683311212865
15189,2021,1154.47513403529,2078.758270596336,0.001823454114935865,0.0016969942193547074,309.3845347738491,550.0618474852398,0.000502829547385354,0.00047516871559120715
15189,2022,1154.47513403529,2078.758270596336,0.0018082422775388797,0.0016815155663274248,309.3845347738491,550.0618474852398,0.0004986780110109646,0.0004708572094190695
15189,2023,1154.47513403529,2078.758270596336,0.0017947465712343537,0.0016676947170464408,309.3845347738491,550.0618474852398,0.0004949960897863076,0.0004670080053229173
15189,2024,1154.47513403529,2078.758270596336,0.001780314002888698,0.0016530480421495406,309.3845347738491,550.0618474852398,0.0004910514541688601,0.000462925699114912
15189,2025,1154.47513403529,2078.758270596336,0.001767133533080433,0.0016397082795334545,309.3845347738491,550.0618474852398,0.0004874550525061549,0.0004592116660366437
15204,2021,1157.2090807775855,1979.3882640351287,0.0018810252435260382,0.0017018820772629294,312.4930098031425,528.3943336452527,0.0005109271747211134,0.0004757145539107832
15204,2022,1157.2090807775855,1979.3882640351287,0.0018652454172719546,0.001686669799061821,312.4930098031425,528.3943336452527,0.0005066701439156456,0.0004714853029328092
15204,2023,1157.2090807775855,1979.3882640351287,0.0018512925757979426,0.0016731218895001,312.4930098031425,528.3943336452527,0.000502908042887303,0.0004677197198070329
15204,2024,1157.2090807775855,1979.3882640351287,0.0018364136270705709,0.001658746635181305,312.4930098031425,528.3943336452527,0.0004988934950433006,0.0004637228854624639
15204,2025,1157.2090807775855,1979.3882640351287,0.0018228399272131436,0.0016456586184105042,312.4930098031425,528.3943336452527,0.0004952361111486306,0.00046008996808529883
15212,2021,1081.8768921126775,2296.031497606106,0.0006303969275685311,0.000759756386106358,265.2791292995924,558.2147702968726,0.00019591964130294499,0.0002268068052452291
15212,2022,1081.8768921126775,2296.031497606106,0.000621797220416797,0.0007511039108604156,265.2791292995924,558.2147702968726,0.00019372667218235215,0.00022433385734962232
15212,2023,1081.8768921126775,2296.031497606106,0.0006139177087644531,0.0007432972411050691,265.2791292995924,558.2147702968726,0.0001917427960139481,0.0002221123995587263
15212,2024,1081.8768921126775,2296.031497606106,0.000605858386173517,0.0007351330353563369,265.2791292995924,558.2147702968726,0.00018966492965947818,0.00021976809190388672
15212,2025,1081.8768921126775,2296.031497606106,0.0005985084476146349,0.0007277652204645001,265.2791292995924,558.2147702968726,0.00018779201255732754,0.0002176582502015169
15215,2021,809.3290835366458,1448.3467235409432,0.0014729233033673682,0.0016606826782797279,226.1891105124384,423.56680641703343,0.00039290943332802243,0.00047352390329536174
15215,2022,809.3290835366458,1448.3467235409432,0.0014604838161444678,0.0016449269113895098,226.1891105124384,423.56680641703343,0.00038962869952785143,0.0004689308901347816
15215,2023,809.3290835366458,1448.3467235409432,0.001449673567890084,0.0016310005707441263,226.1891105124384,423.56680641703343,0.00038677942755251083,0.0004648589471734363
15215,2024,809.3290835366458,1448.3467235409432,0.0014381362733962416,0.0016164015949251594,226.1891105124384,423.56680641703343,0.0003837281025851708,0.00046060205978655917
15215,2025,809.3290835366458,1448.3467235409432,0.0014274581289486867,0.0016030046083824097,226.1891105124384,423.56680641703343,0.00038091735601936675,0.00045670908229647077
15218,2021,790.6716530616509,1787.919017670423,0.0006142906704724915,0.0006958650174149893,238.0874673519632,539.0019642994004,0.00023709651609930572,0.00023645966407754947
15218,2022,790.6716530616509,1787.919017670423,0.0006084101954685682,0.0006895276886489056,238.0874673519632,539.0019642994004,0.00023492251183413195,0.0002343208516059809
15218,2023,790.6716530616509,1787.919017670423,0.000602977800237355,0.0006838546545941767,238.0874673519632,539.0019642994004,0.00023291506571742682,0.0002324028611117164
15218,2024,790.6716530616509,1787.919017670423,0.0005974297799653253,0.0006779906317983209,238.0874673519632,539.0019642994004,0.00023085281883398099,0.00023041774885244627
15218,2025,790.6716530616509,1787.919017670423,0.0005927427804518113,0.0006728922926164801,238.0874673519632,539.0019642994004,0.0002291263467909425,0.0002286995487018741
15223,2021,402.46010806511424,1127.6549957967052,0.0004243008067051901,0.0005014305297942066,129.42066388701073,352.4399023867871,0.00017772467656622772,0.00020067363786447514
15223,2022,402.46010806511424,1127.6549957967052,0.00042052064142034047,0.0004976654923116995,129.42066388701073,352.4399023867871,0.0001762741249802912,0.00019922643267222394
15223,2023,402.46010806511424,1127.6549957967052,0.0004170558681898886,0.0004942921517461689,129.42066388701073,352.4399023867871,0.00017495785086615382,0.00019793304183026252
15223,2024,402.46010806511424,1127.6549957967052,0.00041334638278327294,0.0004905392120750641,129.42066388701073,352.4399023867871,0.00017352250333260943,0.000196471584783517
15223,2025,402.46010806511424,1127.6549957967052,0.0004103553685187778,0.0004875943451067793,129.42066388701073,352.4399023867871,0.00017238894239981014,0.00019533873757295806
15224,2021,1330.3593350571011,2217.3806620041496,0.0022032112807553123,0.0020655120355615036,352.9194826425659,575.27141162167,0.0006041519956117284,0.0005709359924202342
15224,2022,1330.3593350571011,2217.3806620041496,0.0021844874515695115,0.002046461393450965,352.9194826425659,575.27141162167,0.0005990502889612415,0.0005657280335275734
15224,2023,1330.3593350571011,2217.3806620041496,0.0021677936434107616,0.0020293972695706063,352.9194826425659,575.27141162167,0.0005945044264245613,0.0005610672602058676
15224,2024,1330.3593350571011,2217.3806620041496,0.0021499739102257866,0.0020113345325997486,352.9194826425659,575.27141162167,0.0005896502156923991,0.0005561269286755431
15224,2025,1330.3593350571011,2217.3806620041496,0.0021337878643293696,0.0019949084485475525,352.9194826425659,575.27141162167,0.0005852441504991777,0.0005516386043809627
15226,2021,906.4504107460083,1558.6847827604954,0.0016136654636175682,0.0016561751869192275,252.26704887119385,451.7494694189995,0.00042698935275423767,0.00046746821864677984
15226,2022,906.4504107460083,1558.6847827604954,0.0016008022922715122,0.0016410627488673039,252.26704887119385,451.7494694189995,0.0004235974399890864,0.0004630752090445101
15226,2023,906.4504107460083,1558.6847827604954,0.00158963666822761,0.0016277364424290824,252.26704887119385,451.7494694189995,0.0004206516102584212,0.00045918852452758464
15226,2024,906.4504107460083,1558.6847827604954,0.0015777448852149626,0.00161370831191222,252.26704887119385,451.7494694189995,0.00041751095691931376,0.00045511131811396796
15226,2025,906.4504107460083,1558.6847827604954,0.0015666612658621713,0.001600822412612033,252.26704887119385,451.7494694189995,0.000414591177684576,0.0004513748759869006
15232,2021,1207.0478867012066,2077.5954596852184,0.0019376400890827809,0.0017529409076781058,322.95980162884564,546.4974130768436,0.0005222523277909287,0.0004830257868024091
15232,2022,1207.0478867012066,2077.5954596852184,0.0019212461232284983,0.0017370805691936239,322.95980162884564,546.4974130768436,0.0005178691040820162,0.00047868362357133474
15232,2023,1207.0478867012066,2077.5954596852184,0.0019067000511410674,0.0017229282398017155,322.95980162884564,546.4974130768436,0.0005139830221391787,0.00047481097117113493
15232,2024,1207.0478867012066,2077.5954596852184,0.001891196052697057,0.0017079200480918301,322.95980162884564,546.4974130768436,0.0005098373145825853,0.0004707019543155654
15232,2025,1207.0478867012066,2077.5954596852184,0.0018770614259744885,0.0016942624991814746,322.95980162884564,546.4974130768436,0.0005060638327059417,0.00046696785401082857
15236,2021,2328.0146675730994,7052.783261990287,0.0004878494570309968,0.0006107280231454147,483.01924823423707,1413.2430550508273,0.00017469390164390582,0.0001901265070215996
15236,2022,2328.0146675730994,7052.783261990287,0.0004836285630559322,0.000603836608136039,483.01924823423707,1413.2430550508273,0.0001732918777708621,0.0001880375722711936
15236,2023,2328.0146675730994,7052.783261990287,0.000479905252467279,0.0005976114052338444,483.01924823423707,1413.2430550508273,0.00017206705727740862,0.00018615441200866168
15236,2024,2328.0146675730994,7052.783261990287,0.00047582103594421817,0.0005911626454825478,483.01924823423707,1413.2430550508273,0.00017070748005902582,0.00018419877638079787
15236,2025,2328.0146675730994,7052.783261990287,0.000472173759600643,0.0005853273595008885,483.01924823423707,1413.2430550508273,0.0001695017989390603,0.00018243154082522013
15238,2021,995.6315778611436,1689.5483005134902,0.0017678072473541868,0.001655945605260339,270.6392388939524,482.23083427788345,0.0004573301804653879,0.00043836993079517117
15238,2022,995.6315778611436,1689.5483005134902,0.001751770200793908,0.0016407312685855512,270.6392388939524,482.23083427788345,0.00045321356306185484,0.00043436684269362104
15238,2023,995.6315778611436,1689.5483005134902,0.0017377090300136032,0.0016272842328757882,270.6392388939524,482.23083427788345,0.0004496017667809646,0.00043082679638539506
15238,2024,995.6315778611436,1689.5483005134902,0.001722770314542716,0.0016130808811152448,270.6392388939524,482.23083427788345,0.00044576372946185123,0.00042708800390747217
15238,2025,995.6315778611436,1689.5483005134902,0.0017090170908390457,0.0016000670573089056,270.6392388939524,482.23083427788345,0.0004422402402786471,0.00042367285564777257
15244,2021,443.8082911570696,1297.9538760228631,0.0003775438923385571,0.0006326982575806894,137.43309082335134,389.71496332952523,0.00019775363810045534,0.0002513448516731216
15244,2022,443.8082911570696,1297.9538760228631,0.00037527829940590555,0.0006276149575481006,137.43309082335134,389.71496332952523,0.00019665620781983293,0.0002493950595329353
15244,2023,443.8082911570696,1297.9538760228631,0.0003732291072933215,0.0006230707240534068,137.43309082335134,389.71496332952523,0.00019569167166565656,0.00024765403371391934
15244,2024,443.8082911570696,1297.9538760228631,0.0003708421726768788,0.0006181125447194224,137.43309082335134,389.71496332952523,0.00019452592171600403,0.0002457310786254213
15244,2025,443.8082911570696,1297.9538760228631,0.00036911753506366316,0.0006139516364929691,137.43309082335134,389.71496332952523,0.0001937142075452293,0.0002441495243126178
15248,2021,547.6764689048853,1464.8136297760616,0.00032430808792178334,0.0005251927928938179,168.76706636449128,441.33905238394317,0.00018246793262935893,0.0002296783064229516
15248,2022,547.6764689048853,1464.8136297760616,0.0003219415428545722,0.0005210449932119941,168.76706636449128,441.33905238394317,0.00018122041106257209,0.00022789812592346873
15248,2023,547.6764689048853,1464.8136297760616,0.00031974611977104154,0.000517319427324256,168.76706636449128,441.33905238394317,0.00018007096587840731,0.0002262989774267768
15248,2024,547.6764689048853,1464.8136297760616,0.00031738492692610573,0.0005132577304211806,168.76706636449128,441.33905238394317,0.00017882079743135096,0.00022454553406340975
15248,2025,547.6764689048853,1464.8136297760616,0.0003155398003201377,0.0005099460402966814,168.76706636449128,441.33905238394317,0.00017785694791295202,0.00022312404416924687
15272,2021,983.0506590156383,1627.7643222420813,0.002137987931006869,0.001971410722557513,270.6057094936663,468.3162462227543,0.0005412161783500847,0.0005124252411556114
15272,2022,983.0506590156383,1627.7643222420813,0.0021200821252383042,0.0019542255662984578,270.6057094936663,468.3162462227543,0.0005367117571772493,0.0005079662359614896
15272,2023,983.0506590156383,1627.7643222420813,0.0021044874682233194,0.0019391398919787039,270.6057094936663,468.3162462227543,0.0005327871269492754,0.0005040489170863746
15272,2024,983.0506590156383,1627.7643222420813,0.0020878993700004446,0.0019231321197190072,270.6057094936663,468.3162462227543,0.0005286105791933584,0.0004998916806792315
15272,2025,983.0506590156383,1627.7643222420813,0.0020724827717996256,0.001908414346968856,270.6057094936663,468.3162462227543,0.0005247351065197424,0.0004960778293697996
15276,2021,898.4182083152796,1603.0970161797889,0.0015628774926620065,0.0015847215932381538,246.84203410153512,459.26673186075135,0.0004064026913151622,0.0004276943482956172
15276,2022,898.4182083152796,1603.0970161797889,0.0015495383008721968,0.0015706644497159039,246.84203410153512,459.26673186075135,0.00040297619589409173,0.00042391192494166846
15276,2023,898.4182083152796,1603.0970161797889,0.0015379352865652852,0.001558315121977196,246.84203410153512,459.26673186075135,0.000399997643967214,0.00042058542308031895
15276,2024,898.4182083152796,1603.0970161797889,0.0015255694430517284,0.0015452462599100671,246.84203410153512,459.26673186075135,0.00039681321932749815,0.00041706385101294855
15276,2025,898.4182083152796,1603.0970161797889,0.0015141289145180596,0.0015332570542570248,246.84203410153512,459.26673186075135,0.00039387941811547543,0.00041384659807568207
15293,2021,1031.8661540119667,1924.7915442423503,0.0019016882312045875,0.0017603254112862204,278.4820237162848,509.6143720998354,0.0005339047320816584,0.0004931071838003335
15293,2022,1031.8661540119667,1924.7915442423503,0.0018855127789519253,0.0017444991604491952,278.4820237162848,509.6143720998354,0.0005294441345830383,0.0004887015446613862
15293,2023,1031.8661540119667,1924.7915442423503,0.0018711867715482892,0.0017303918002328812,278.4820237162848,509.6143720998354,0.0005255079257808507,0.0004847789922008936
15293,2024,1031.8661540119667,1924.7915442423503,0.0018558715406762965,0.0017154108154757571,278.4820237162848,509.6143720998354,0.0005212895460545134,0.00048061161416165674
15293,2025,1031.8661540119667,1924.7915442423503,0.0018420313232318478,0.0017018247880486133,278.4820237162848,509.6143720998354,0.000517490756668246,0.00047683897054690797
15296,2021,690.5405949508022,1330.6794000694779,0.0010936217782281962,0.001257743344995097,197.48186643672838,394.47947088585727,0.00031237771736160953,0.00037206543512244197
15296,2022,690.5405949508022,1330.6794000694779,0.0010850461386955367,0.001245870674849268,197.48186643672838,394.47947088585727,0.00030999957744573135,0.00036844699815963527
15296,2023,690.5405949508022,1330.6794000694779,0.0010776375766986324,0.0012353715708209555,197.48186643672838,394.47947088585727,0.0003079546474302167,0.00036523583475603735
15296,2024,690.5405949508022,1330.6794000694779,0.0010696589603117798,0.0012243693466468997,197.48186643672838,394.47947088585727,0.0003057199229309849,0.00036187979426658724
15296,2025,690.5405949508022,1330.6794000694779,0.0010623388197286833,0.0012142925140651046,197.48186643672838,394.47947088585727,0.0003037108677281519,0.00035882004171025513
15299,2021,1014.3919571395068,2381.975024843509,0.0008744300467853278,0.0009361677238601574,266.37707883714535,626.3254784121657,0.0002741554389739591,0.00027040215611061065
15299,2022,1014.3919571395068,2381.975024843509,0.0008673822803743394,0.0009264788660748254,266.37707883714535,626.3254784121657,0.00027197506202938937,0.0002676459974803777
15299,2023,1014.3919571395068,2381.975024843509,0.0008611316246389702,0.0009177552028438651,266.37707883714535,626.3254784121657,0.00027004687136571507,0.000265165827494519
15299,2024,1014.3919571395068,2381.975024843509,0.00085430329918458,0.0009086077920296616,266.37707883714535,626.3254784121657,0.00026793502097330904,0.00026255945267476794
15299,2025,1014.3919571395068,2381.975024843509,0.0008481518899938125,0.0009002861751506333,266.37707883714535,626.3254784121657,0.00026603742773192144,0.0002601897653457024
15317,2021,548.5910915337465,1464.2635304251023,0.00040269247605324637,0.0006106822041616033,168.99994493628117,442.58313539507395,0.00019783658002697348,0.000245470065564742
15317,2022,548.5910915337465,1464.2635304251023,0.00039982652630134006,0.000605675522237598,168.99994493628117,442.58313539507395,0.00019649229030020514,0.00024351496442958574
15317,2023,548.5910915337465,1464.2635304251023,0.0003971587610381393,0.0006011732456428579,168.99994493628117,442.58313539507395,0.000195251035829357,0.00024175626454690045
15317,2024,548.5910915337465,1464.2635304251023,0.0003942581302960542,0.0005962976737429282,168.99994493628117,442.58313539507395,0.00019389800714505464,0.00023983930615733147
15317,2025,548.5910915337465,1464.2635304251023,0.0003920063587000825,0.0005922353521675141,168.99994493628117,442.58313539507395,0.0001928530491784787,0.00023825962605562807
15322,2021,2557.4424075017882,7326.4194844294625,0.0009527398964537993,0.0008161307351604604,529.511017747611,1470.731825430381,0.00026910619643266134,0.0002316053768861162
15322,2022,2557.4424075017882,7326.4194844294625,0.0009414781880563948,0.0008065755866729723,529.511017747611,1470.731825430381,0.000266348780193115,0.00022898303962388651
15322,2023,2557.4424075017882,7326.4194844294625,0.0009312393834868087,0.0007978825488368736,529.511017747611,1470.731825430381,0.0002638632129163487,0.00022660083020163566
15322,2024,2557.4424075017882,7326.4194844294625,0.0009206076030990714,0.0007888836710070639,529.511017747611,1470.731825430381,0.0002612349490021271,0.00022412325794460522
15322,2025,2557.4424075017882,7326.4194844294625,0.0009109074417293714,0.0007806850662576968,529.511017747611,1470.731825430381,0.0002588487576424451,0.0002218659716783854
15325,2021,2794.6123205999797,7772.992642218702,0.0007271030845673994,0.0006826915674064334,569.7029656807251,1552.6601473673834,0.00020544116043522403,0.0001927861821051008
15325,2022,2794.6123205999797,7772.992642218702,0.0007161426138010831,0.0006740815887784029,569.7029656807251,1552.6601473673834,0.00020281177540567338,0.00019044014805708886
15325,2023,2794.6123205999797,7772.992642218702,0.0007061094843045767,0.0006662315583734713,569.7029656807251,1552.6601473673834,0.00020042426355072377,0.00018830408982783566
15325,2024,2794.6123205999797,7772.992642218702,0.0006958956518665701,0.0006581657830793539,569.7029656807251,1552.6601473673834,0.00019795070040154748,0.00018609862448475342
15325,2025,2794.6123205999797,7772.992642218702,0.000686556627993928,0.0006508188062226204,569.7029656807251,1552.6601473673834,0.00019570102562725078,0.0001840893717544721
15332,2021,405.60824552877847,1234.0260357350596,0.0007546300499170915,0.0006003265006848013,129.87062311324826,377.4191732094146,0.000346491207059422,0.00027185609995854037
15332,2022,405.60824552877847,1234.0260357350596,0.0007498876084738215,0.0005962451972946972,129.87062311324826,377.4191732094146,0.00034438387662068893,0.0002700120615811051
15332,2023,405.60824552877847,1234.0260357350596,0.0007456018828487668,0.0005925843456078025,129.87062311324826,377.4191732094146,0.00034249465713135106,0.00026836287434669863
15332,2024,405.60824552877847,1234.0260357350596,0.0007404880719649628,0.0005883408863484165,129.87062311324826,377.4191732094146,0.00034021856497535967,0.0002664489371331809
15332,2025,405.60824552877847,1234.0260357350596,0.0007367811080441675,0.0005850972065210269,129.87062311324826,377.4191732094146,0.00033858739958855956,0.00026498737869028497
15362,2021,942.082193869877,1591.144003104944,0.0017206751126486303,0.0017652029468000158,261.11852347591724,460.59429100047845,0.0004411877704880832,0.0004871633150794742
15362,2022,942.082193869877,1591.144003104944,0.0017068182909177555,0.0017490821694544256,261.11852347591724,460.59429100047845,0.00043766057079485955,0.0004825871603199037
15362,2023,942.082193869877,1591.144003104944,0.0016947754386893972,0.0017348585798652608,261.11852347591724,460.59429100047845,0.00043459485859766124,0.00047853672629002617
15362,2024,942.082193869877,1591.144003104944,0.0016819546917586736,0.0017198821282047808,261.11852347591724,460.59429100047845,0.00043132783497647697,0.0004742869963530123
15362,2025,942.082193869877,1591.144003104944,0.00167001947824483,0.001706129027802922,261.11852347591724,460.59429100047845,0.0004282923812987577,0.00047039310476240323
15367,2021,1227.3543300871434,2213.173760419266,0.0015116350286038264,0.0015522786225919377,320.1881125157516,560.5731515624931,0.0004306522560680083,0.0004351375943166956
15367,2022,1227.3543300871434,2213.173760419266,0.0014989614471083571,0.0015375056098359998,320.1881125157516,560.5731515624931,0.00042709444055930045,0.0004310604220270459
15367,2023,1227.3543300871434,2213.173760419266,0.0014876234740014164,0.0015242368212881737,320.1881125157516,560.5731515624931,0.0004239177842226213,0.00042740225973434114
15367,2024,1227.3543300871434,2213.173760419266,0.0014754981248462098,0.001510241320302039,320.1881125157516,560.5731515624931,0.00042051213420231604,0.0004235356112244397
15367,2025,1227.3543300871434,2213.173760419266,0.0014645007666168092,0.0014975051740575447,320.1881125157516,560.5731515624931,0.00041742629857265367,0.0004200191815312392
15368,2021,500.7295154043219,1301.1390237972366,0.0005741375513225869,0.0006638731388079232,150.78249554319564,390.83538669724607,0.0002304008606897066,0.00023689521871976993
15368,2022,500.7295154043219,1301.1390237972366,0.0005700641180698757,0.0006582266113948019,150.78249554319564,390.83538669724607,0.00022892761844408145,0.0002349474342684792
15368,2023,500.7295154043219,1301.1390237972366,0.0005664664016249469,0.0006531894868737749,150.78249554319564,390.83538669724607,0.00022765072770487358,0.00023320929366909448
15368,2024,500.7295154043219,1301.1390237972366,0.0005623796731542186,0.0006477634931429979,150.78249554319564,390.83538669724607,0.000226140110102188,0.00023131675626749754
15368,2025,500.7295154043219,1301.1390237972366,0.0005590540945414782,0.0006430434780560119,150.78249554319564,390.83538669724607,0.00022497762278144603,0.00022970029859679567
15377,2021,541.0000038639068,1102.1714938534099,0.0007962844294415773,0.0009106166662052461,163.8378030767618,332.00734300429724,0.00030588059559700045,0.0003199936742279093
15377,2022,541.0000038639068,1102.1714938534099,0.0007861919971817969,0.0009002049415651861,163.8378030767618,332.00734300429724,0.00030196825294717737,0.00031623132778963944
15377,2023,541.0000038639068,1102.1714938534099,0.0007771055208568349,0.0008908471308838313,163.8378030767618,332.00734300429724,0.0002984398541469021,0.00031284115412520946
15377,2024,541.0000038639068,1102.1714938534099,0.0007679011005191118,0.0008812493026827357,163.8378030767618,332.00734300429724,0.00029486493582296257,0.0003093746241160059
15377,2025,541.0000038639068,1102.1714938534099,0.0007595063340444706,0.0008724786318104495,163.8378030767618,332.00734300429724,0.0002916190266719355,0.00030621179926934865
15380,2021,2271.788516800038,6768.609103230081,0.0008920698857406537,0.0008909405046810671,482.9069195030888,1369.3685185654704,0.0002537123895465545,0.0002451563864554442
15380,2022,2271.788516800038,6768.609103230081,0.0008835127946165296,0.0008813656925681577,482.9069195030888,1369.3685185654704,0.0002514501418628068,0.0002425772471612853
15380,2023,2271.788516800038,6768.609103230081,0.0008758012540099159,0.000872702061152125,482.9069195030888,1369.3685185654704,0.00024942325451355723,0.00024024504089923537
15380,2024,2271.788516800038,6768.609103230081,0.0008675965265430711,0.0008636540598487884,482.9069195030888,1369.3685185654704,0.00024724200543052436,0.00023780144891050506
15380,2025,2271.788516800038,6768.609103230081,0.00086014015526992,0.0008553995173955184,482.9069195030888,1369.3685185654704,0.0002452665238027595,0.00023557274732359843
15401,2021,862.5496393772227,2019.7471688701385,0.000567810278863881,0.0005481367324471371,217.08711916669893,496.4175922273538,0.00021436918551689913,0.00018052219223099462
15401,2022,862.5496393772227,2019.7471688701385,0.0005636388636269446,0.0005427424797078773,217.08711916669893,496.4175922273538,0.000213080847921409,0.00017881658730353083
15401,2023,862.5496393772227,2019.7471688701385,0.0005602152342135259,0.0005380357130179912,217.08711916669893,496.4175922273538,0.00021206568920189434,0.0001773343757259
15401,2024,862.5496393772227,2019.7471688701385,0.0005562170172126361,0.000532925664581211,217.08711916669893,496.4175922273538,0.00021081432562290871,0.0001757081836534021
15401,2025,862.5496393772227,2019.7471688701385,0.000552880426240401,0.0005284361022067712,217.08711916669893,496.4175922273538,0.00020979921936398795,0.0001742822905155638
15403,2021,574.6715441958495,1647.994202559281,0.0004173353086561285,0.0006058357060736437,175.9722088080297,501.0785763740741,0.0002142747714471423,0.00022695325668505814
15403,2022,574.6715441958495,1647.994202559281,0.0004147685846621151,0.0006007958245370134,175.9722088080297,501.0785763740741,0.00021301236248432413,0.00022512109992239344
15403,2023,574.6715441958495,1647.994202559281,0.000412439238824572,0.0005962862238973469,175.9722088080297,501.0785763740741,0.0002118939272510982,0.0002234806722460983
15403,2024,574.6715441958495,1647.994202559281,0.00040974978700078295,0.0005914335031285153,175.9722088080297,501.0785763740741,0.0002105697834155526,0.00022169709399213664
15403,2025,574.6715441958495,1647.994202559281,0.0004077604363412329,0.0005872713779343798,175.9722088080297,501.0785763740741,0.00020960848405406318,0.0002201911713104241
15407,2021,1138.3459515046652,2037.1165395610115,0.0017402284536801066,0.001660720639419405,304.1918036316334,535.8592733991803,0.00048205554648258494,0.00046189998101031475
15407,2022,1138.3459515046652,2037.1165395610115,0.0017253569816488663,0.0016455720865408974,304.1918036316334,535.8592733991803,0.0004779989035174376,0.00045771902419913335
15407,2023,1138.3459515046652,2037.1165395610115,0.0017121267448160001,0.0016320352413664362,304.1918036316334,535.8592733991803,0.0004743968644054729,0.000453985671554513
15407,2024,1138.3459515046652,2037.1165395610115,0.0016980040971787621,0.0016176817255929203,304.1918036316334,535.8592733991803,0.00047054459102659137,0.00045002434381404243
15407,2025,1138.3459515046652,2037.1165395610115,0.0016852005138663399,0.0016046407636095602,304.1918036316334,535.8592733991803,0.0004670602502639699,0.0004464301296365007
15425,2021,1976.3742011803658,6437.85981194285,0.0008439290142468986,0.0008841120083353509,425.9503973097372,1319.0902925642831,0.0002658997595248147,0.00025645095569002573
15425,2022,1976.3742011803658,6437.85981194285,0.0008372950111024562,0.0008749369675157064,425.9503973097372,1319.0902925642831,0.00026382687734547133,0.00025380466026629395
15425,2023,1976.3742011803658,6437.85981194285,0.0008314519977198016,0.0008666798401347386,425.9503973097372,1319.0902925642831,0.0002620066174940621,0.0002514236171888226
15425,2024,1976.3742011803658,6437.85981194285,0.0008250272992397228,0.0008580267927732891,425.9503973097372,1319.0902925642831,0.0002600004680689869,0.00024892512484601015
15425,2025,1976.3742011803658,6437.85981194285,0.0008192724686363903,0.000850161299802848,425.9503973097372,1319.0902925642831,0.00025820855624886756,0.00024665531096337633
15442,2021,936.5747859938083,2130.057497250516,0.0006624911564345207,0.0007789320497443055,238.287568427485,526.0316115604362,0.00022235290642690043,0.00024334768438488368
15442,2022,936.5747859938083,2130.057497250516,0.000656391240406743,0.0007710775587298345,238.287568427485,526.0316115604362,0.00022055778276672047,0.00024097978656112203
15442,2023,936.5747859938083,2130.057497250516,0.0006509381346397733,0.0007640522544111658,238.287568427485,526.0316115604362,0.00021897811644196966,0.00023887134776692584
15442,2024,936.5747859938083,2130.057497250516,0.000645139432006223,0.0007566143116443182,238.287568427485,526.0316115604362,0.00021725826272853645,0.00023662142219692343
15442,2025,936.5747859938083,2130.057497250516,0.0006399691019261125,0.000749939733626643,238.287568427485,526.0316115604362,0.0002157458239846284,0.0002346083860139127
15455,2021,883.4557053624362,2041.072399419875,0.000745888312153925,0.0008885778195029275,241.92426238388245,560.5937627114981,0.00023825267881826911,0.00025959260814046323
15455,2022,883.4557053624362,2041.072399419875,0.000740381693048183,0.0008801491894211639,241.92426238388245,560.5937627114981,0.0002365157667880329,0.0002571502924393532
15455,2023,883.4557053624362,2041.072399419875,0.0007355469811325098,0.0008726184528216306,241.92426238388245,560.5937627114981,0.00023499846101220157,0.0002549695590496116
15455,2024,883.4557053624362,2041.072399419875,0.0007302197020931312,0.0008646513289926197,241.92426238388245,560.5937627114981,0.0002333233906071877,0.0002526607300614692
15455,2025,883.4557053624362,2041.072399419875,0.000725443280319881,0.0008574019766398112,241.92426238388245,560.5937627114981,0.00023182627261640027,0.0002505626308614878
15464,2021,656.7401931982763,1277.4389204331333,0.001009438365114837,0.0011946550110392836,188.93763686833358,376.774620586119,0.0002894752274017563,0.0003560923609454568
15464,2022,656.7401931982763,1277.4389204331333,0.001001422050737501,0.0011833615599304863,188.93763686833358,376.774620586119,0.00028722480229804434,0.0003526158269005657
15464,2023,656.7401931982763,1277.4389204331333,0.0009945224318170744,0.001173382229422906,188.93763686833358,376.774620586119,0.0002852911916400635,0.00034953096490999313
15464,2024,656.7401931982763,1277.4389204331333,0.0009871263480257459,0.001162924522144763,188.93763686833358,376.774620586119,0.0002831973157110132,0.00034630926557073006
15464,2025,656.7401931982763,1277.4389204331333,0.0009802630592983393,0.0011533283255322818,188.93763686833358,376.774620586119,0.0002812862873321292,0.0003433650262951292
15466,2021,853.0812932128939,1481.043694243232,0.0012973551383432635,0.0014847429566476546,236.94655809082522,429.87020480196384,0.00035043071732914735,0.00042468968204639697
15466,2022,853.0812932128939,1481.043694243232,0.001287029895903519,0.0014711408674170478,236.94655809082522,429.87020480196384,0.0003476633997569582,0.00042067338570421107
15466,2023,853.0812932128939,1481.043694243232,0.0012781324185552245,0.0014591692452209232,236.94655809082522,429.87020480196384,0.0003452789640491539,0.00041712414025262153
15466,2024,853.0812932128939,1481.043694243232,0.0012686611055950222,0.0014465848265363698,236.94655809082522,429.87020480196384,0.0003427289741440871,0.0004134060351677155
15466,2025,853.0812932128939,1481.043694243232,0.0012597803520192439,0.001435009919046972,236.94655809082522,429.87020480196384,0.0003403556142426007,0.00040999898325769506
15469,2021,898.1370722731449,1774.6195622751302,0.001256291673369623,0.001231731854269207,248.61570314318075,478.9967140167561,0.0003775800170116596,0.0003633190223715695
15469,2022,898.1370722731449,1774.6195622751302,0.0012457920962731703,0.00122072565595525,248.61570314318075,478.9967140167561,0.00037447611953979955,0.0003600899498156736
15469,2023,898.1370722731449,1774.6195622751302,0.0012366185417828494,0.0012109746288295406,248.61570314318075,478.9967140167561,0.0003717768852280258,0.0003572328142043183
15469,2024,898.1370722731449,1774.6195622751302,0.0012267530932773387,0.0012006292567202862,248.61570314318075,478.9967140167561,0.00036886917509449253,0.00035420338840541507
15469,2025,898.1370722731449,1774.6195622751302,0.0012179101035506565,0.0011912782820604894,248.61570314318075,478.9967140167561,0.0003662753039797715,0.00035147255665172767
15476,2021,1267.302986633476,2084.433452306769,0.0023606345923305387,0.002094319090231174,340.1841938461067,549.5533435027744,0.0006448378541956673,0.0005853267030982946
15476,2022,1267.302986633476,2084.433452306769,0.002340862131448673,0.002075577693957985,340.1841938461067,549.5533435027744,0.0006394561063430628,0.0005801099416110108
15476,2023,1267.302986633476,2084.433452306769,0.0023233052326992612,0.002058843647244882,340.1841938461067,549.5533435027744,0.0006346789662910657,0.0005754536199547287
15476,2024,1267.302986633476,2084.433452306769,0.002304571251856394,0.0020410776681032802,340.1841938461067,549.5533435027744,0.0006295802558168371,0.0005705087228039347
15476,2025,1267.302986633476,2084.433452306769,0.0022874978862374344,0.002024910507964343,340.1841938461067,549.5533435027744,0.0006249383370566353,0.0005660144159584309
15480,2021,933.5991191936686,2152.9780192868216,0.000455749503625155,0.0006430605332861613,234.06217915909383,526.797619892638,0.00017896953239380305,0.00020994586456505205
15480,2022,933.5991191936686,2152.9780192868216,0.0004514977162558382,0.0006364824351169853,234.06217915909383,526.797619892638,0.00017764145486508207,0.00020787900712239749
15480,2023,933.5991191936686,2152.9780192868216,0.0004477464526729866,0.0006306265133230103,234.06217915909383,526.797619892638,0.00017650667526697097,0.00020604814316686363
15480,2024,933.5991191936686,2152.9780192868216,0.0004436842056368343,0.0006244000121735178,234.06217915909383,526.797619892638,0.00017522189947852444,0.00020408171749134992
15480,2025,933.5991191936686,2152.9780192868216,0.0004401353866998465,0.0006188473112870115,234.06217915909383,526.797619892638,0.00017412654725149795,0.00020233301528389634
15491,2021,922.8314572614182,1549.7732748213023,0.0020846637677655877,0.0019524819361393152,254.28711011152143,450.33115903060104,0.0005366246058127982,0.0005143964721914143
15491,2022,922.8314572614182,1549.7732748213023,0.002067092447216316,0.0019354178365551219,254.28711011152143,450.33115903060104,0.0005321353917693309,0.0005099072390721344
15491,2023,922.8314572614182,1549.7732748213023,0.002051791468232111,0.0019204413670005297,254.28711011152143,450.33115903060104,0.0005282242141003895,0.0005059635321059314
15491,2024,922.8314572614182,1549.7732748213023,0.002035532420913361,0.0019045692606311697,254.28711011152143,450.33115903060104,0.0005240633774094829,0.0005017824833111463
15491,2025,922.8314572614182,1549.7732748213023,0.002020407897089913,0.0018899842321538564,254.28711011152143,450.33115903060104,0.0005202022290640405,0.0004979532026768303
15494,2021,1224.4641334533794,2244.283282251551,0.0015021946479753215,0.0015515987463103045,316.00466493425654,565.687771968691,0.0004277146027863869,0.0004361943158547201
15494,2022,1224.4641334533794,2244.283282251551,0.0014894151430611157,0.0015367636635431792,316.00466493425654,565.687771968691,0.0004241376164845487,0.000432081309568799
15494,2023,1224.4641334533794,2244.283282251551,0.0014779562907085272,0.0015234304115090652,316.00466493425654,565.687771968691,0.00042093643003260605,0.0004283879026361413
15494,2024,1224.4641334533794,2244.283282251551,0.0014657265171170292,0.0015093739950693406,316.00466493425654,565.687771968691,0.0004175099642677059,0.0004244858923612155
15494,2025,1224.4641334533794,2244.283282251551,0.001454630644356208,0.0014965829591514705,316.00466493425654,565.687771968691,0.0004144038778280616,0.0004209374742886441
15500,2021,1218.9887412627459,2087.2678437000195,0.002353224632046918,0.002114553633458953,331.0668412864094,565.309263266319,0.0006354957210792109,0.0005845653069825825
15500,2022,1218.9887412627459,2087.2678437000195,0.00233368896225034,0.0020957766918973646,331.0668412864094,565.309263266319,0.0006302394079612781,0.0005793983837601418
15500,2023,1218.9887412627459,2087.2678437000195,0.0023163810677199236,0.002079033283782299,331.0668412864094,565.309263266319,0.0006255826874159914,0.0005747920280651191
15500,2024,1218.9887412627459,2087.2678437000195,0.002297897298587861,0.002061244304780677,331.0668412864094,565.309263266319,0.0006206093964228757,0.0005698969382930841
15500,2025,1218.9887412627459,2087.2678437000195,0.002281053751354731,0.00204505778869602,331.0668412864094,565.309263266319,0.0006160809756094479,0.0005654483373045332
15507,2021,632.532501342038,1662.3958772606113,0.000474823291499364,0.0004932816404382036,164.8329264771328,408.2159935055035,0.00018733069718975386,0.0001718518268635588
15507,2022,632.532501342038,1662.3958772606113,0.00047335527514200934,0.0004895029933973851,164.8329264771328,408.2159935055035,0.0001867582609863479,0.00017053832526101877
15507,2023,632.532501342038,1662.3958772606113,0.00047248785801194833,0.00048629907874238803,164.8329264771328,408.2159935055035,0.00018642189324361653,0.0001694268605894448
15507,2024,632.532501342038,1662.3958772606113,0.00047095137488327747,0.00048269163451947493,164.8329264771328,408.2159935055035,0.0001858305980255989,0.00016816744939634375
15507,2025,632.532501342038,1662.3958772606113,0.00046996473025891835,0.0004795721611778832,164.8329264771328,408.2159935055035,0.000185446994603038,0.00016708141786378561
15511,2021,1110.3993911356083,2435.8374456828283,0.0009193587510267122,0.000983715976763032,285.69082667165014,628.2152019706376,0.00026296824134339626,0.0002684679677801077
15511,2022,1110.3993911356083,2435.8374456828283,0.0009114369460949702,0.0009735741601409852,285.69082667165014,628.2152019706376,0.00026077379643191207,0.000265742187825358
15511,2023,1110.3993911356083,2435.8374456828283,0.0009043565669142001,0.0009644340820018767,285.69082667165014,628.2152019706376,0.0002588188338614625,0.00026328642757514597
15511,2024,1110.3993911356083,2435.8374456828283,0.0008967052204758715,0.0009548414334511588,285.69082667165014,628.2152019706376,0.00025669477990091514,0.00026070304325579905
15511,2025,1110.3993911356083,2435.8374456828283,0.0008897823256513343,0.0009460883240551355,285.69082667165014,628.2152019706376,0.0002547763908107475,0.00025834655044323874
15514,2021,694.2555130676628,1755.8056976372777,0.00043942277163230815,0.0007903977860464065,198.44272298940868,496.15332667517276,0.0001635629831230986,0.00025568588229487254
15514,2022,694.2555130676628,1755.8056976372777,0.00043566669214825746,0.0007818384792980502,198.44272298940868,496.15332667517276,0.00016225107565959133,0.00025286623730474435
15514,2023,694.2555130676628,1755.8056976372777,0.000432407142866235,0.0007741735985002475,198.44272298940868,496.15332667517276,0.0001611232787418422,0.0002503375223804717
15514,2024,694.2555130676628,1755.8056976372777,0.00042887894970096023,0.0007662249863830028,198.44272298940868,496.15332667517276,0.00015988768290378777,0.0002477213440668549
15514,2025,694.2555130676628,1755.8056976372777,0.0004257711607057376,0.0007589814556787066,198.44272298940868,496.15332667517276,0.00015880725118296425,0.0002453393037939333
15516,2021,1009.3365446119542,1644.8029553656138,0.0017865066284262388,0.0016713750424514565,276.5536369905513,475.0435346908276,0.000460131323634699,0.00044383049202668246
15516,2022,1009.3365446119542,1644.8029553656138,0.001770375181610135,0.0016560263978475888,276.5536369905513,475.0435346908276,0.0004560069810611482,0.00043978549080556664
15516,2023,1009.3365446119542,1644.8029553656138,0.0017562337182147592,0.0016424586083233221,276.5536369905513,475.0435346908276,0.00045239032100124544,0.0004362085170113958
15516,2024,1009.3365446119542,1644.8029553656138,0.001741199039559972,0.00162812017008592,276.5536369905513,475.0435346908276,0.00044854528931394016,0.0004324279928394815
15516,2025,1009.3365446119542,1644.8029553656138,0.0017273609761074675,0.0016149826274197711,276.5536369905513,475.0435346908276,0.00044501273906828856,0.00042897303036062984
15518,2021,570.0415824133637,1154.3899196794061,0.0007703214206663974,0.0009306738229117604,172.126560377075,346.507583387296,0.000283551460402637,0.000317288246567491
15518,2022,570.0415824133637,1154.3899196794061,0.0007605434707243745,0.0009200017466678211,172.126560377075,346.507583387296,0.0002798592895363528,0.00031353921478478403
15518,2023,570.0415824133637,1154.3899196794061,0.0007517449569316148,0.0009104164201805875,172.126560377075,346.507583387296,0.0002765304499241671,0.00031016329113359045
15518,2024,570.0415824133637,1154.3899196794061,0.0007428489353842704,0.0009005807796825863,172.126560377075,346.507583387296,0.0002731722736977121,0.00030671002205508586
15518,2025,570.0415824133637,1154.3899196794061,0.0007346996404507502,0.0008915840519942647,172.126560377075,346.507583387296,0.0002701000754264512,0.0003035559051249471
15522,2021,504.036702891159,1394.1899426530094,0.00040108986591176567,0.0006074796905879384,155.84499430100547,419.9856804916027,0.00019623396988549275,0.0002455275948197415
15522,2022,504.036702891159,1394.1899426530094,0.0003982695354247442,0.000602521709877399,155.84499430100547,419.9856804916027,0.00019493529942360923,0.00024358720260341546
15522,2023,504.036702891159,1394.1899426530094,0.0003956484567504496,0.0005980648773476916,155.84499430100547,419.9856804916027,0.00019374073154166733,0.0002418438357582938
15522,2024,504.036702891159,1394.1899426530094,0.0003927843292508217,0.0005932298742328704,155.84499430100547,419.9856804916027,0.0001924242060998221,0.00023993669937959975
15522,2025,504.036702891159,1394.1899426530094,0.00039057230069640414,0.000589210291942326,155.84499430100547,419.9856804916027,0.00019141899117480033,0.00023837183308014775
15531,2021,815.6524826313793,1947.8859982577028,0.0006504425731466095,0.0007758816096996955,215.03008707338665,493.264432211462,0.000227385927217219,0.0002500690484452463
15531,2022,815.6524826313793,1947.8859982577028,0.0006459130015128793,0.0007685668481459149,215.03008707338665,493.264432211462,0.00022590108724577138,0.00024779085348616776
15531,2023,815.6524826313793,1947.8859982577028,0.0006419809676343878,0.0007620630124100269,215.03008707338665,493.264432211462,0.00022463151281114623,0.0002457753543311402
15531,2024,815.6524826313793,1947.8859982577028,0.0006375812141244961,0.000755109045207477,215.03008707338665,493.264432211462,0.0002231883553724682,0.0002436051313282003
15531,2025,815.6524826313793,1947.8859982577028,0.0006337894307184209,0.0007489074649006379,215.03008707338665,493.264432211462,0.00022195843019662034,0.00024167580882254614
15533,2021,397.6732713758359,892.8528620236291,0.0007926054016599275,0.0007538805519003759,129.1295555348809,280.11071741367306,0.000310743971121668,0.00027435433658568655
15533,2022,397.6732713758359,892.8528620236291,0.0007824685267061143,0.0007447869098668414,129.1295555348809,280.11071741367306,0.0003067915633358937,0.00027096919049024443
15533,2023,397.6732713758359,892.8528620236291,0.0007733309619194742,0.0007366020195615086,129.1295555348809,280.11071741367306,0.0003032289961213866,0.00026791327396354016
15533,2024,397.6732713758359,892.8528620236291,0.0007640646901374605,0.0007282564507358587,129.1295555348809,280.11071741367306,0.000299596501060066,0.000264803220020516
15533,2025,397.6732713758359,892.8528620236291,0.0007556481277891683,0.0007206264090344502,129.1295555348809,280.11071741367306,0.00029633104187699584,0.000261967404336471
15537,2021,675.055400535363,1506.5320486499975,0.0007296994697905268,0.0007864429888911433,193.44935042808572,439.5799178469865,0.00023942923906442132,0.0002482601111902638
15537,2022,675.055400535363,1506.5320486499975,0.0007237859865983265,0.0007794405325494695,193.44935042808572,439.5799178469865,0.000237593771910391,0.0002460772053334446
15537,2023,675.055400535363,1506.5320486499975,0.0007186151586582253,0.0007732404065658712,193.44935042808572,439.5799178469865,0.00023598653632944978,0.0002441406474975102
15537,2024,675.055400535363,1506.5320486499975,0.0007130300527561739,0.0007666924559086071,193.44935042808572,439.5799178469865,0.0002342237638647178,0.00024209028970039782
15537,2025,675.055400535363,1506.5320486499975,0.0007080186725958957,0.0007607565448724636,193.44935042808572,439.5799178469865,0.00023268672566732786,0.0002402497403245395
15542,2021,981.9167891683843,1798.6093897854116,0.0013853659252062857,0.0013304729497621293,269.0958737852925,493.5570391953422,0.0003728920916861892,0.0003694063829230758
15542,2022,981.9167891683843,1798.6093897854116,0.001374283735571757,0.001318894558672857,269.0958737852925,493.5570391953422,0.0003699464453180546,0.0003661928927028341
15542,2023,981.9167891683843,1798.6093897854116,0.0013646263156066533,0.0013086951667184408,269.0958737852925,493.5570391953422,0.00036737987152182534,0.00036335895619183436
15542,2024,981.9167891683843,1798.6093897854116,0.0013543099481643152,0.001297861538349346,269.0958737852925,493.5570391953422,0.0003646325390711309,0.00036034856488262665
15542,2025,981.9167891683843,1798.6093897854116,0.0013447482311258723,0.0012879262337732985,269.0958737852925,493.5570391953422,0.0003620933195999021,0.0003575945527986034
15550,2021,433.0754405927555,1005.7173718809254,0.0007837915201362533,0.0007581870179984436,134.16836177335193,306.6713184907099,0.00032565129413341683,0.0002838966062582927
15550,2022,433.0754405927555,1005.7173718809254,0.0007743193802002168,0.0007491373745988679,134.16836177335193,306.6713184907099,0.00032185751751227315,0.00028046687530546694
15550,2023,433.0754405927555,1005.7173718809254,0.0007657802784888609,0.0007409885442268845,134.16836177335193,306.6713184907099,0.00031844573479700627,0.00027737046205206006
15550,2024,433.0754405927555,1005.7173718809254,0.0007570497389064513,0.0007326703438971728,134.16836177335193,306.6713184907099,0.00031491535909963705,0.00027421132269004185
15550,2025,433.0754405927555,1005.7173718809254,0.0007491826094123387,0.000725071415394589,134.16836177335193,306.6713184907099,0.0003117937556706191,0.00027133750118854403
15572,2021,578.7260138237953,1679.0098320741852,0.0007784191592670902,0.0006125277339627977,113.88572436029351,297.68557773012765,0.0002314656965792623,0.00017798926795321558
15572,2022,578.7260138237953,1679.0098320741852,0.0007761965174109268,0.0006089677201080425,113.88572436029351,297.68557773012765,0.00023086993247247107,0.00017696189171721044
15572,2023,578.7260138237953,1679.0098320741852,0.0007748609852906264,0.0006061156430807328,113.88572436029351,297.68557773012765,0.00023054389145095284,0.0001761419143126144
15572,2024,578.7260138237953,1679.0098320741852,0.0007725192695415298,0.0006026691456268681,113.88572436029351,297.68557773012765,0.00022991005680918496,0.0001751419137599954
15572,2025,578.7260138237953,1679.0098320741852,0.0007710572967311074,0.0005998518790751019,113.88572436029351,297.68557773012765,0.0002295372844950579,0.0001743289189442143
15580,2021,820.9058937019685,1975.0927562998247,0.0005551708955238709,0.0006692037409092205,208.26795341064954,485.4362305408975,0.00020873268582160133,0.00021401313979578575
15580,2022,820.9058937019685,1975.0927562998247,0.0005514523540494962,0.0006628784236337355,208.26795341064954,485.4362305408975,0.00020757516640466123,0.00021205915103006637
15580,2023,820.9058937019685,1975.0927562998247,0.0005484449923871594,0.0006573425835925501,208.26795341064954,485.4362305408975,0.00020668007797164676,0.0002103573237716998
15580,2024,820.9058937019685,1975.0927562998247,0.0005448555286554721,0.0006513405380848847,208.26795341064954,485.4362305408975,0.00020554915286549887,0.00020849407924906232
15580,2025,820.9058937019685,1975.0927562998247,0.0005419135321774117,0.0006460486355560535,208.26795341064954,485.4362305408975,0.00020464845691570474,0.00020685570057737653
15599,2021,1113.163703324066,2119.186798935163,0.0017008902567556751,0.001648152830489432,295.39651024257614,556.1953629538083,0.0004693098714724767,0.0004578901313852821
15599,2022,1113.163703324066,2119.186798935163,0.0016871209098251255,0.0016329183421740024,295.39651024257614,556.1953629538083,0.0004655359347431924,0.00045369534624975044
15599,2023,1113.163703324066,2119.186798935163,0.0016748967490199127,0.0016192880220917633,295.39651024257614,556.1953629538083,0.0004621867334584399,0.00044994402186503206
15599,2024,1113.163703324066,2119.186798935163,0.001661758054892049,0.0016048552900298444,295.39651024257614,556.1953629538083,0.0004585825800794921,0.0004459670815750271
15599,2025,1113.163703324066,2119.186798935163,0.001649796749779193,0.001591720023425219,295.39651024257614,556.1953629538083,0.0004553056849321023,0.00044235078549435564
15600,2021,1201.6490465411798,2266.773831456237,0.0018211137823729872,0.0017912542134585364,310.2019487680595,573.8907689946441,0.000504255440467943,0.0004911577628472319
15600,2022,1201.6490465411798,2266.773831456237,0.0018052421173324026,0.0017737325791235758,310.2019487680595,573.8907689946441,0.0004999263336282827,0.000486418094837664
15600,2023,1201.6490465411798,2266.773831456237,0.0017909820025455944,0.0017579433856594012,310.2019487680595,573.8907689946441,0.000496044529238924,0.0004821520865523239
15600,2024,1201.6490465411798,2266.773831456237,0.0017758081421420382,0.0017413335054011787,310.2019487680595,573.8907689946441,0.0004919064676968333,0.00047765628625310826
15600,2025,1201.6490465411798,2266.773831456237,0.0017620441303143018,0.0017262079161243238,310.2019487680595,573.8907689946441,0.0004881579891589359,0.00047356609667114215
15621,2021,1048.3568366481472,1986.211443605742,0.001705014265369843,0.0016088681999902655,283.1947259506532,529.8143943328189,0.00047000249342544315,0.00045144807686701207
15621,2022,1048.3568366481472,1986.211443605742,0.0016910149623108551,0.0015944448435001657,283.1947259506532,529.8143943328189,0.00046618658491547055,0.0004474147716495842
15621,2023,1048.3568366481472,1986.211443605742,0.001678633235474775,0.0015815899305913175,283.1947259506532,529.8143943328189,0.0004628135407550266,0.0004438203594472045
15621,2024,1048.3568366481472,1986.211443605742,0.001665373970508541,0.0015679421434307665,283.1947259506532,529.8143943328189,0.00045919541829833127,0.0004400031814583912
15621,2025,1048.3568366481472,1986.211443605742,0.0016532617058397057,0.0015555127571806298,283.1947259506532,529.8143943328189,0.0004558959560900505,0.0004365308057798153
15632,2021,979.2277655730078,2043.5026580488773,0.0011495330189067816,0.001122657734452399,262.6009497645498,534.6817695037538,0.0003423513133990559,0.0003235025633173027
15632,2022,979.2277655730078,2043.5026580488773,0.0011404999342809348,0.0011121207252814123,262.6009497645498,534.6817695037538,0.0003397349572768773,0.00032053328537463204
15632,2023,979.2277655730078,2043.5026580488773,0.0011324920688841938,0.0011026733412350367,262.6009497645498,534.6817695037538,0.00033743140066130835,0.0003178784454335667
15632,2024,979.2277655730078,2043.5026580488773,0.0011238550173674243,0.0010926701786161304,262.6009497645498,534.6817695037538,0.0003349349230261481,0.00031505950068184117
15632,2025,979.2277655730078,2043.5026580488773,0.0011161392668272714,0.0010836261927401852,262.6009497645498,534.6817695037538,0.0003327161842461183,0.00031251695313069415
15638,2021,1221.8527463760572,2210.1117771472186,0.0017490691708963474,0.0017128374816786458,323.00730792127234,575.0255110917711,0.0004887066374979205,0.00047642939108162287
15638,2022,1221.8527463760572,2210.1117771472186,0.0017346665323264643,0.0016968971865054072,323.00730792127234,575.0255110917711,0.0004847001214486463,0.00047203575278678017
15638,2023,1221.8527463760572,2210.1117771472186,0.0017218136446184096,0.001682597563261179,323.00730792127234,575.0255110917711,0.0004811289092659252,0.00046809774874087903
15638,2024,1221.8527463760572,2210.1117771472186,0.001708053067823073,0.0016674733636009146,323.00730792127234,575.0255110917711,0.0004773034541040454,0.0004639278401638198
15638,2025,1221.8527463760572,2210.1117771472186,0.0016956074093364317,0.0016537245376144162,323.00730792127234,575.0255110917711,0.0004738465449548471,0.000460140540362998
15646,2021,1271.6820275467076,2269.9715290173403,0.0016241607041210461,0.0016322417654691841,330.7468770070039,575.73276325673,0.00045629313739043836,0.00045400249859315044
15646,2022,1271.6820275467076,2269.9715290173403,0.0016104218283755712,0.0016166845402404212,330.7468770070039,575.73276325673,0.00045246733354214867,0.00044973291447820746
15646,2023,1271.6820275467076,2269.9715290173403,0.0015981408535967127,0.001602717145454066,330.7468770070039,575.73276325673,0.00044905197991751834,0.00044590382977167194
15646,2024,1271.6820275467076,2269.9715290173403,0.0015850148085680671,0.0015879831887613933,330.7468770070039,575.73276325673,0.0004453975119523484,0.00044185731797938277
15646,2025,1271.6820275467076,2269.9715290173403,0.0015731234168994974,0.001574582759135974,330.7468770070039,575.73276325673,0.00044208988980432506,0.0004381805518834845
15660,2021,780.2246795847925,1709.7436950494803,0.0009430706329532412,0.0010790526874106842,214.41851524784613,459.2493932405019,0.00030171039754181843,0.0003374095273943162
15660,2022,780.2246795847925,1709.7436950494803,0.0009356160796955859,0.0010680673720617308,214.41851524784613,459.2493932405019,0.0002993494220531985,0.0003339097271189478
15660,2023,780.2246795847925,1709.7436950494803,0.0009291070431804979,0.0010582454694415431,214.41851524784613,459.2493932405019,0.0002972959473044381,0.0003307770042086762
15660,2024,780.2246795847925,1709.7436950494803,0.0009220744287490566,0.0010479929465584531,214.41851524784613,459.2493932405019,0.0002950691493367243,0.00032751544536001987
15660,2025,780.2246795847925,1709.7436950494803,0.0009157295710225214,0.0010386416979047707,214.41851524784613,459.2493932405019,0.0002930733306623556,0.00032454381082543213
15664,2021,780.082613725741,1631.697671806145,0.0012757798402277562,0.00120556261647228,227.44301740675323,469.6797905815394,0.0004152419430165116,0.00037990996605815133
15664,2022,780.082613725741,1631.697671806145,0.0012648062146858948,0.0011947809185856916,227.44301740675323,469.6797905815394,0.0004117263107742239,0.0003765332967696964
15664,2023,780.082613725741,1631.697671806145,0.001255221069897756,0.0011852404040253821,227.44301740675323,469.6797905815394,0.0004086736395381722,0.00037355150804601413
15664,2024,780.082613725741,1631.697671806145,0.001244990095543811,0.001175145321532301,227.44301740675323,469.6797905815394,0.00040541011112227407,0.00037039812232899467
15664,2025,780.082613725741,1631.697671806145,0.0012358198265600422,0.0011660286228390962,227.44301740675323,469.6797905815394,0.0004024976918078403,0.000367559376546877
15667,2021,655.2888034852396,1794.9891163779612,0.0005991126614786931,0.0005732062605731577,189.6310917341544,508.5626707967424,0.00021615312463474248,0.00019579997117606418
15667,2022,655.2888034852396,1794.9891163779612,0.0005931750367432247,0.0005673953311885143,189.6310917341544,508.5626707967424,0.00021405546278929581,0.0001938480657915056
15667,2023,655.2888034852396,1794.9891163779612,0.0005879132174682708,0.0005622046931670714,189.6310917341544,508.5626707967424,0.00021220083811492182,0.00019210743643131685
15667,2024,655.2888034852396,1794.9891163779612,0.0005823256951938893,0.0005567882916486861,189.6310917341544,508.5626707967424,0.00021022701601539225,0.0001902895095513216
15667,2025,655.2888034852396,1794.9891163779612,0.000577328794323974,0.000551922349855454,189.6310917341544,508.5626707967424,0.0002084670574742969,0.00018865892228339006
15673,2021,564.9531496508364,1485.029468965373,0.0003928352184488775,0.000622810049743032,173.05943560015768,448.44081349780754,0.00019852230897211818,0.00023672927771070006
15673,2022,564.9531496508364,1485.029468965373,0.0003901257257342626,0.0006176232251970835,173.05943560015768,448.44081349780754,0.00019718006408200365,0.00023480777092841037
15673,2023,564.9531496508364,1485.029468965373,0.00038760738569043623,0.0006129741447079858,173.05943560015768,448.44081349780754,0.00019593963090684782,0.00023307987801824255
15673,2024,564.9531496508364,1485.029468965373,0.00038485128600789756,0.0006079799277240933,173.05943560015768,448.44081349780754,0.00019458408555919437,0.0002312118126931157
15673,2025,564.9531496508364,1485.029468965373,0.0003827157542008884,0.0006037089784876578,173.05943560015768,448.44081349780754,0.00019353287614536994,0.00022963900799249492
15676,2021,1149.2472190787726,2326.6331081145704,0.0012432566244051043,0.0012123286517782502,294.0636016877159,581.5039725501288,0.00036465953161958286,0.0003437149481891041
15676,2022,1149.2472190787726,2326.6331081145704,0.0012323313622136576,0.0011998778693966387,294.0636016877159,581.5039725501288,0.0003615780590038074,0.00034026901833410846
15676,2023,1149.2472190787726,2326.6331081145704,0.0012225052697174077,0.0011886243859483365,294.0636016877159,581.5039725501288,0.00035882141242734027,0.0003371618307023059
15676,2024,1149.2472190787726,2326.6331081145704,0.0012120527066643253,0.0011768233278259942,294.0636016877159,581.5039725501288,0.0003558699939761224,0.00033389155338738497
15676,2025,1149.2472190787726,2326.6331081145704,0.0012026035153545615,0.0011660947538923519,294.0636016877159,581.5039725501288,0.00035321575122982204,0.00033092423860335974
15681,2021,744.604469357397,1830.1849260040822,0.00039127671599001367,0.0006073340688568214,195.45763668544518,461.3869917976725,0.00016188654725462408,0.00020301645296660672
15681,2022,744.604469357397,1830.1849260040822,0.00038886105481571897,0.0006015511276681242,195.45763668544518,461.3869917976725,0.00016101517060185472,0.00020116820377922328
15681,2023,744.604469357397,1830.1849260040822,0.000386829105985861,0.000596434812273019,195.45763668544518,461.3869917976725,0.00016031047912031855,0.00019954323330295006
15681,2024,744.604469357397,1830.1849260040822,0.00038444186363764487,0.0005909397105152056,195.45763668544518,461.3869917976725,0.00015944814147557802,0.00019778009419602207
15681,2025,744.604469357397,1830.1849260040822,0.00038246774925368107,0.0005860661699713983,195.45763668544518,461.3869917976725,0.00015875223747962013,0.00019622224605994986
15686,2021,768.3382458561335,1667.2571576007426,0.0011881482469281177,0.0011407409201489777,226.82014001709197,488.07476432169483,0.00039379188041673105,0.0003609049900933048
15686,2022,768.3382458561335,1667.2571576007426,0.0011776165082763776,0.0011304116634102625,226.82014001709197,488.07476432169483,0.0003903420708047266,0.00035766013152203235
15686,2023,768.3382458561335,1667.2571576007426,0.0011683838092591717,0.0011212547113014415,226.82014001709197,488.07476432169483,0.0003873331038124973,0.0003547899594517978
15686,2024,768.3382458561335,1667.2571576007426,0.0011585996579631342,0.0011115972573728244,226.82014001709197,488.07476432169483,0.00038414293992663367,0.0003517652814089775
15686,2025,768.3382458561335,1667.2571576007426,0.0011497852802775338,0.0011028626536013222,226.82014001709197,488.07476432169483,0.00038128146849095303,0.0003490388731571172
15690,2021,2004.0753826121309,6568.205507176351,0.0005328122549946101,0.0006216795336706366,426.3360746508765,1336.1890211548073,0.0001866965262292656,0.00019702976751381765
15690,2022,2004.0753826121309,6568.205507176351,0.000527869421947968,0.0006148130438288239,426.3360746508765,1336.1890211548073,0.00018498416000590738,0.00019490652015528934
15690,2023,2004.0753826121309,6568.205507176351,0.0005234954804143397,0.000608629332947282,426.3360746508765,1336.1890211548073,0.00018347274472893115,0.00019299876479375442
15690,2024,2004.0753826121309,6568.205507176351,0.0005187580964952789,0.000602216609553026,426.3360746508765,1336.1890211548073,0.00018183535861325653,0.00019101623939965073
15690,2025,2004.0753826121309,6568.205507176351,0.0005145320879599176,0.0005964336208511273,426.3360746508765,1336.1890211548073,0.0001803769127563397,0.00018923105817774096
15693,2021,947.2750738051844,1645.561739633204,0.002101120610387861,0.0019278670136632222,258.3767800281341,470.1985242489368,0.0005378210060006114,0.0005081131440103609
15693,2022,947.2750738051844,1645.561739633204,0.0020827488513051017,0.00191062931339907,258.3767800281341,470.1985242489368,0.0005331420965549217,0.0005035861740706508
15693,2023,947.2750738051844,1645.561739633204,0.0020666755499463294,0.0018954556685768194,258.3767800281341,470.1985242489368,0.0005290444050956698,0.0004995968864425062
15693,2024,947.2750738051844,1645.561739633204,0.0020496015250275634,0.001879405254348952,258.3767800281341,470.1985242489368,0.0005246906261965351,0.0004953768223890056
15693,2025,947.2750738051844,1645.561739633204,0.002033815717818514,0.0018646647534075632,258.3767800281341,470.1985242489368,0.0005206734579774586,0.0004915145030079161
15696,2021,1007.9735525201196,1925.7250490789856,0.0014386012384184417,0.0013328598225809266,271.28746367900595,506.8549803262307,0.00040866837016665525,0.00037288393854376876
15696,2022,1007.9735525201196,1925.7250490789856,0.0014266250677126674,0.0013205832420298159,271.28746367900595,506.8549803262307,0.00040534522180607453,0.0003694845615071482
15696,2023,1007.9735525201196,1925.7250490789856,0.0014160646733102995,0.00130964042601182,271.28746367900595,506.8549803262307,0.00040242837057809336,0.0003664586017753887
15696,2024,1007.9735525201196,1925.7250490789856,0.0014047175015193473,0.0012980453916471271,271.28746367900595,506.8549803262307,0.00039928432484878055,0.00036324949314070905
15696,2025,1007.9735525201196,1925.7250490789856,0.0013945137302792555,0.001287528513811556,271.28746367900595,506.8549803262307,0.0003964703468469946,0.0003603449095885564
15720,2021,704.7092910426901,1819.5519588968068,0.0007961490971929397,0.0006730968905364357,207.69884378428597,542.5343664067926,0.00025889740403929574,0.00021726796793430526
15720,2022,704.7092910426901,1819.5519588968068,0.000789854012539826,0.0006670876769759194,207.69884378428597,542.5343664067926,0.0002569119789120153,0.00021534987058384396
15720,2023,704.7092910426901,1819.5519588968068,0.0007842880568255797,0.0006617596630920965,207.69884378428597,542.5343664067926,0.00025515262780792227,0.0002136444516714807
15720,2024,704.7092910426901,1819.5519588968068,0.0007782481149039849,0.0006561464120554061,207.69884378428597,542.5343664067926,0.00025322609054079237,0.00021184378952986455
15720,2025,704.7092910426901,1819.5519588968068,0.0007729513909869313,0.0006510906953503926,207.69884378428597,542.5343664067926,0.00025157471915517813,0.00021023912350720786
15723,2021,610.30515098829,1421.8537703387078,0.0008069666113544826,0.0006757682297464647,177.3722777025719,417.9502629898033,0.00026810879030016827,0.00021830970275229158
15723,2022,610.30515098829,1421.8537703387078,0.0008008206541280739,0.0006697589886159714,177.3722777025719,417.9502629898033,0.0002662005305680749,0.0002163970697571012
15723,2023,610.30515098829,1421.8537703387078,0.0007954290882724901,0.0006644377781782239,177.3722777025719,417.9502629898033,0.00026454184037230763,0.00021470222615374918
15723,2024,610.30515098829,1421.8537703387078,0.0007894979072549804,0.0006588195306286448,177.3722777025719,417.9502629898033,0.00026266777779309725,0.0002129041149337554
15723,2025,610.30515098829,1421.8537703387078,0.0007843498381446102,0.0006537616529098588,177.3722777025719,417.9502629898033,0.00026110022566075734,0.00021130324252001336
15740,2021,1163.1222744589254,2069.8177081769436,0.0016712473684973943,0.0015964172479358454,315.29318231999457,557.0323451729382,0.00046873057995579866,0.00045869298297379835
15740,2022,1163.1222744589254,2069.8177081769436,0.0016573959307974921,0.001582133792178565,315.29318231999457,557.0323451729382,0.0004648858211065662,0.00045460545920796426
15740,2023,1163.1222744589254,2069.8177081769436,0.001645139299407341,0.0015694085635996253,315.29318231999457,557.0323451729382,0.00046148631858631997,0.00045096504031920056
15740,2024,1163.1222744589254,2069.8177081769436,0.0016320395217813736,0.0015558994818212146,315.29318231999457,557.0323451729382,0.00045784820237420784,0.000447098828073518
15740,2025,1163.1222744589254,2069.8177081769436,0.001620068416071175,0.001543599337748402,315.29318231999457,557.0323451729382,0.000454528705057663,0.00044358367805237217
15753,2021,690.1103440846422,1791.7065747392617,0.0005284097989735052,0.000564694671885059,205.7798400638317,532.3262830674408,0.0002220709133110856,0.00019521635493649126
15753,2022,690.1103440846422,1791.7065747392617,0.0005241098179836843,0.0005595114766411933,205.7798400638317,532.3262830674408,0.00022034600287105952,0.00019345356521508243
15753,2023,690.1103440846422,1791.7065747392617,0.0005201177114237752,0.0005548596663276436,205.7798400638317,532.3262830674408,0.0002187562466874693,0.00019186873829824907
15753,2024,690.1103440846422,1791.7065747392617,0.000515865880477309,0.0005500144672435285,205.7798400638317,532.3262830674408,0.0002170482395932511,0.000190212439057669
15753,2025,690.1103440846422,1791.7065747392617,0.0005124138932031247,0.0005457378770984961,205.7798400638317,532.3262830674408,0.00021567249134933367,0.0001887629641853529
15755,2021,468.2489739804887,1064.1927005161301,0.0006346398693204768,0.0007439180349051613,141.31491370123138,324.982990707781,0.00022148467849332786,0.0002537462910495226
15755,2022,468.2489739804887,1064.1927005161301,0.0006297917354244884,0.0007361941060476796,141.31491370123138,324.982990707781,0.00021993151284594996,0.0002510833729919368
15755,2023,468.2489739804887,1064.1927005161301,0.0006256014291885199,0.0007293039279636698,141.31491370123138,324.982990707781,0.00021860361638609033,0.0002487017399988551
15755,2024,468.2489739804887,1064.1927005161301,0.0006209821221095211,0.0007221594169990328,141.31491370123138,324.982990707781,0.00021708608730860253,0.00024622965252891224
15755,2025,468.2489739804887,1064.1927005161301,0.0006169000409181281,0.0007156655640896243,141.31491370123138,324.982990707781,0.00021580924507517873,0.0002440005665971419
15757,2021,587.5373247777161,1274.867090358458,0.0007120139021594195,0.0008999335559205729,169.50318706752535,372.9107535906482,0.00024919315542552053,0.00030221128458718914
15757,2022,587.5373247777161,1274.867090358458,0.0007064905173435176,0.0008908557319284233,169.50318706752535,372.9107535906482,0.00024741054352743854,0.0002991368709714093
15757,2023,587.5373247777161,1274.867090358458,0.0007017034187555302,0.0008827488887838795,169.50318706752535,372.9107535906482,0.00024587886833407575,0.00029638561293443533
15757,2024,587.5373247777161,1274.867090358458,0.0006964470534560072,0.0008743161817426359,169.50318706752535,372.9107535906482,0.00024414213538296453,0.0002935214015659507
15757,2025,587.5373247777161,1274.867090358458,0.0006917907113654137,0.0008666499654860905,169.50318706752535,372.9107535906482,0.00024267102217588702,0.00029093669487781603
15759,2021,906.799901473295,1533.37129729824,0.0016027326823125645,0.0016555188450669233,250.57858605730885,443.92722503792965,0.00042915997687208965,0.00047190839290220805
15759,2022,906.799901473295,1533.37129729824,0.001589839275229016,0.0016404166643070222,250.57858605730885,443.92722503792965,0.00042571296762474164,0.0004674782227197299
15759,2023,906.799901473295,1533.37129729824,0.00157864103388858,0.001627102097037764,250.57858605730885,443.92722503792965,0.0004227161087805334,0.0004635589770803372
15759,2024,906.799901473295,1533.37129729824,0.0015667327725843855,0.0016130902290973992,250.57858605730885,443.92722503792965,0.00041952691089039196,0.00045944824752993204
15759,2025,906.799901473295,1533.37129729824,0.0015556244752368972,0.0016002197538191928,250.57858605730885,443.92722503792965,0.0004165595434090713,0.0004556830332154784
15761,2021,2425.2315027948803,7154.580141496749,0.0008037819189909336,0.0007451738460617955,503.8697810761143,1436.3249420468608,0.0002451438897604105,0.0002192274336051734
15761,2022,2425.2315027948803,7154.580141496749,0.0007961359438034794,0.0007368031571959385,503.8697810761143,1436.3249420468608,0.0002430035948347948,0.00021681851388739452
15761,2023,2425.2315027948803,7154.580141496749,0.0007892640963889535,0.0007292032927736664,503.8697810761143,1436.3249420468608,0.00024109493224855642,0.00021463393935401177
15761,2024,2425.2315027948803,7154.580141496749,0.0007819319128984457,0.0007212985167084605,503.8697810761143,1436.3249420468608,0.00023902990351006435,0.00021235431045244326
15761,2025,2425.2315027948803,7154.580141496749,0.0007752755584067341,0.0007141000861487285,503.8697810761143,1436.3249420468608,0.00023716461165564103,0.00021027832907591462
15762,2021,1280.4919652398814,2133.7701278186587,0.002214157406709775,0.002056909043012281,341.7298950210404,559.1957204067355,0.0006058961626887636,0.0005699478724566123
15762,2022,1280.4919652398814,2133.7701278186587,0.0021953629444438245,0.002038171072274571,341.7298950210404,559.1957204067355,0.0006007830523892842,0.0005647860529011575
15762,2023,1280.4919652398814,2133.7701278186587,0.002178614114930649,0.0020214015156683933,341.7298950210404,559.1957204067355,0.0005962298800463806,0.0005601692581989144
15762,2024,1280.4919652398814,2133.7701278186587,0.002160740457425068,0.002003623939271269,341.7298950210404,559.1957204067355,0.0005913695716140919,0.0005552724188951928
15762,2025,1280.4919652398814,2133.7701278186587,0.002144503820809011,0.001987458163814431,341.7298950210404,559.1957204067355,0.0005869576945536295,0.0005508240148669087
15763,2021,1007.5446204356837,1663.1683191359257,0.001515945786439924,0.0014584657589175995,276.19610391973373,465.0835369801506,0.00040131175026504595,0.00039725754791198676
15763,2022,1007.5446204356837,1663.1683191359257,0.0015024658506674028,0.0014450094987238026,276.19610391973373,465.0835369801506,0.0003977775615587667,0.0003936251194870988
15763,2023,1007.5446204356837,1663.1683191359257,0.0014906435749909982,0.0014330889390669515,276.19610391973373,465.0835369801506,0.00039467928655606815,0.00039040743549799916
15763,2024,1007.5446204356837,1663.1683191359257,0.001478067770912578,0.0014204968383348497,276.19610391973373,465.0835369801506,0.00039138129678704275,0.0003870068787207904
15763,2025,1007.5446204356837,1663.1683191359257,0.0014665129817392792,0.00140897649269934,276.19610391973373,465.0835369801506,0.00038835855020098606,0.0003839041204470308
15764,2021,1313.9202688511955,2204.1023338888263,0.0024071758164251823,0.0021427881165782298,353.80912097777747,586.8827012386837,0.0006535618804586873,0.0005940004014278113
15764,2022,1313.9202688511955,2204.1023338888263,0.0023870093763307377,0.0021234340638790474,353.80912097777747,586.8827012386837,0.000648137695754859,0.0005886708379538504
15764,2023,1313.9202688511955,2204.1023338888263,0.002369096567567371,0.002106140493974497,353.80912097777747,586.8827012386837,0.000643323397989958,0.0005839109426283162
15764,2024,1313.9202688511955,2204.1023338888263,0.0023499697342153525,0.0020877991105439937,353.80912097777747,586.8827012386837,0.0006381756054711712,0.0005788593314046062
15764,2025,1313.9202688511955,2204.1023338888263,0.0023325390094684215,0.002071106489061288,353.80912097777747,586.8827012386837,0.0006334905502396448,0.0005742667426510772
15774,2021,698.4232607584283,1840.2912858010639,0.0006983057166007677,0.0006544208149251099,208.4514441897157,553.4789296638195,0.0002398839235646828,0.00021047550109876237
15774,2022,698.4232607584283,1840.2912858010639,0.0006923071474957355,0.0006484031014705132,208.4514441897157,553.4789296638195,0.00023790287452698817,0.00020856332272606624
15774,2023,698.4232607584283,1840.2912858010639,0.0006868585692865441,0.0006430252426170204,208.4514441897157,553.4789296638195,0.0002361066973924801,0.00020685142039708076
15774,2024,698.4232607584283,1840.2912858010639,0.0006810456403098371,0.0006374043817690179,208.4514441897157,553.4789296638195,0.00023417677028063566,0.00020505845456667452
15774,2025,698.4232607584283,1840.2912858010639,0.0006760882509051384,0.0006323928346808118,208.4514441897157,553.4789296638195,0.00023255285562236462,0.0002034712484560305
15776,2021,1112.73920551009,2152.234216572824,0.0017437078083982383,0.001719044948661485,295.73110129284237,562.8411253299398,0.0004915817049816931,0.0004756539622781789
15776,2022,1112.73920551009,2152.234216572824,0.0017292693024178053,0.0017031344421319786,295.73110129284237,562.8411253299398,0.00048756877685946984,0.00047129317883359346
15776,2023,1112.73920551009,2152.234216572824,0.0017163917044794054,0.0016888719787016824,295.73110129284237,562.8411253299398,0.00048399800087335946,0.0004673874673858692
15776,2024,1112.73920551009,2152.234216572824,0.001702618899140303,0.001673779436239639,295.73110129284237,562.8411253299398,0.00048017044776185784,0.0004632495572363474
15776,2025,1112.73920551009,2152.234216572824,0.001690183111316999,0.0016600730915113677,295.73110129284237,562.8411253299398,0.0004767235793418025,0.00045949575517103083
15778,2021,2346.04931292722,6988.42737772734,0.000886270950052634,0.0007992545475137802,492.70619787861,1410.6593587751404,0.0002629439916774182,0.00023144949734585216
15778,2022,2346.04931292722,6988.42737772734,0.0008778337695797769,0.0007902364030352734,492.70619787861,1410.6593587751404,0.0002606225700649678,0.00022888945530162894
15778,2023,2346.04931292722,6988.42737772734,0.0008702468541383098,0.0007820431673869418,492.70619787861,1410.6593587751404,0.0002585489419013111,0.00022656595536594477
15778,2024,2346.04931292722,6988.42737772734,0.0008621419015478721,0.0007735160682956789,492.70619787861,1410.6593587751404,0.0002563075875237103,0.00022414084960274033
15778,2025,2346.04931292722,6988.42737772734,0.0008547860899903965,0.0007657471510155324,492.70619787861,1410.6593587751404,0.00025428166200729477,0.00022193119553629655
15790,2021,668.392965570709,1375.648530687303,0.0011313031875376035,0.001300309514400935,190.60601572741234,401.3698171243172,0.0003301642899977402,0.0003898691863379982
15790,2022,668.392965570709,1375.648530687303,0.0011224604241215556,0.0012879727910754723,190.60601572741234,401.3698171243172,0.00032767252999976536,0.0003860726321643184
15790,2023,668.392965570709,1375.648530687303,0.0011148139320021637,0.0012770512918386736,190.60601572741234,401.3698171243172,0.00032552363224707266,0.000382699175695594
15790,2024,668.392965570709,1375.648530687303,0.0011065683278414038,0.0012656213652591265,190.60601572741234,401.3698171243172,0.0003231691575709596,0.0003791763418055763
15790,2025,668.392965570709,1375.648530687303,0.0010990275079566221,0.001255166290398893,190.60601572741234,401.3698171243172,0.0003210679762571896,0.0003759714058087622
15798,2021,2240.425213118479,6762.685761924896,0.0008970004744447743,0.0009204988168045606,475.4990159752305,1368.9949667237356,0.0002561277555976899,0.0002543062129574572
15798,2022,2240.425213118479,6762.685761924896,0.0008888477737099017,0.0009106586874164626,475.4990159752305,1368.9949667237356,0.0002539259751067938,0.0002516252973573783
15798,2023,2240.425213118479,6762.685761924896,0.0008815366566524422,0.0009017634513400258,475.4990159752305,1368.9949667237356,0.0002519610206181013,0.0002492026213343859
15798,2024,2240.425213118479,6762.685761924896,0.000873682056532162,0.0008924603941944347,475.4990159752305,1368.9949667237356,0.0002498303290251066,0.0002466629458637599
15798,2025,2240.425213118479,6762.685761924896,0.0008665624684412489,0.0008839777867302341,475.4990159752305,1368.9949667237356,0.0002479045490262559,0.00024434780020489113
15804,2021,1150.4657726096902,2182.111628868055,0.0015768127072795176,0.0015836777623285474,296.42887418366917,548.4998930025583,0.00044485928523797997,0.00043886545223286995
15804,2022,1150.4657726096902,2182.111628868055,0.0015639006363660272,0.0015685900747287563,296.42887418366917,548.4998930025583,0.00044125608211762526,0.00043473239439839156
15804,2023,1150.4657726096902,2182.111628868055,0.001552371077502669,0.0015550342330672234,296.42887418366917,548.4998930025583,0.0004380439643345828,0.00043102141807492035
15804,2024,1150.4657726096902,2182.111628868055,0.0015399689849583244,0.001540724931116208,296.42887418366917,548.4998930025583,0.00043458261752244446,0.00042709794953809174
15804,2025,1150.4657726096902,2182.111628868055,0.0015287391750799465,0.0015277027453309193,296.42887418366917,548.4998930025583,0.0004314505136320764,0.0004235288524649508
15806,2021,984.1994470510529,1618.3562136888258,0.0018340157914736393,0.0017515149225175105,270.0906208589729,468.0049736240997,0.000473537952968892,0.0004682284286965248
15806,2022,984.1994470510529,1618.3562136888258,0.0018182711711006755,0.0017359597779528985,270.0906208589729,468.0049736240997,0.0004695115132635533,0.00046408191175140135
15806,2023,984.1994470510529,1618.3562136888258,0.0018045217224770121,0.0017222662262741993,270.0906208589729,468.0049736240997,0.000465993549749872,0.000460428961512411
15806,2024,984.1994470510529,1618.3562136888258,0.001789912454434235,0.0017077683793725925,270.0906208589729,468.0049736240997,0.00046225319981990626,0.00045656111348619605
15806,2025,984.1994470510529,1618.3562136888258,0.00177637203733744,0.0016944703305085016,270.0906208589729,468.0049736240997,0.000458793152879831,0.0004530237307090153
15808,2021,1130.248404303925,2203.071282215107,0.0011370963691840971,0.0011902494934335824,295.0079317436156,562.8997566567916,0.00033482877855476245,0.0003346639493016265
15808,2022,1130.248404303925,2203.071282215107,0.0011278862323127266,0.00117860935062849,295.0079317436156,562.8997566567916,0.0003321828617807672,0.0003314465201555981
15808,2023,1130.248404303925,2203.071282215107,0.00111967434683175,0.0011681436491669669,295.0079317436156,562.8997566567916,0.00032983413783161796,0.0003285577191476143
15808,2024,1130.248404303925,2203.071282215107,0.001110855887204418,0.001157136931238613,295.0079317436156,562.8997566567916,0.0003273000325806833,0.0003255120225986662
15808,2025,1130.248404303925,2203.071282215107,0.0011029290812815079,0.0011471231313772653,295.0079317436156,562.8997566567916,0.0003250316812672847,0.00032274546595144923
15810,2021,685.19985106186,1665.2359338931149,0.0005686791320491307,0.0006154299831682722,206.5811860196923,500.16140384781016,0.0002306095136503677,0.00020636968886723452
15810,2022,685.19985106186,1665.2359338931149,0.0005635736453562486,0.0006097632365122843,206.5811860196923,500.16140384781016,0.0002286425936798165,0.000204489628115822
15810,2023,685.19985106186,1665.2359338931149,0.0005588231947930261,0.0006046813959778518,206.5811860196923,500.16140384781016,0.0002268199311264794,0.00020279991171295766
15810,2024,685.19985106186,1665.2359338931149,0.0005538774367883369,0.000599402794170968,206.5811860196923,500.16140384781016,0.0002249153334134192,0.0002010429211694468
15810,2025,685.19985106186,1665.2359338931149,0.000549776492925466,0.0005947541914016454,206.5811860196923,500.16140384781016,0.00022334633546644653,0.00019950758513197556
15814,2021,1090.20464638624,1895.5095979250905,0.0016860080780685867,0.0016292382559331465,297.1431578821442,518.93810259491,0.00046523758218342876,0.00046552022885181085
15814,2022,1090.20464638624,1895.5095979250905,0.0016719390206497312,0.0016146898647244863,297.1431578821442,518.93810259491,0.0004613961159214939,0.0004613824933180021
15814,2023,1090.20464638624,1895.5095979250905,0.0016594981651812087,0.0016017403726640129,297.1431578821442,518.93810259491,0.0004580014080044518,0.00045770034335348867
15814,2024,1090.20464638624,1895.5095979250905,0.0016462197778926014,0.0015879967512022921,297.1431578821442,518.93810259491,0.00045437537839933067,0.0004537923057907855
15814,2025,1090.20464638624,1895.5095979250905,0.001634076772974236,0.0015754809560621647,297.1431578821442,518.93810259491,0.00045106298920339136,0.0004502389952910391
15816,2021,812.3031406135166,1503.7127263283141,0.0012335324078548543,0.0012133472697949568,231.45297665780134,426.56208955284717,0.0003737378727580275,0.00036301115646558994
15816,2022,812.3031406135166,1503.7127263283141,0.0012231397120194552,0.0012025232147615458,231.45297665780134,426.56208955284717,0.00037062266314307163,0.0003597947724336982
15816,2023,812.3031406135166,1503.7127263283141,0.001214056021818794,0.0011929369197719,231.45297665780134,426.56208955284717,0.0003679120877481569,0.0003569505311913744
15816,2024,812.3031406135166,1503.7127263283141,0.001204306628796518,0.0011827735970269201,231.45297665780134,426.56208955284717,0.0003650021026695966,0.0003539374871412915
15816,2025,812.3031406135166,1503.7127263283141,0.0011955514235846539,0.0011735845250632098,231.45297665780134,426.56208955284717,0.00036239949606424655,0.00035122117214141763
15820,2021,830.7601529302054,1463.726888235558,0.001719063724011316,0.0018874848556877822,231.01909231952317,424.7421157779951,0.0004459945243874154,0.0005204857116033668
15820,2022,830.7601529302054,1463.726888235558,0.0017047023406909223,0.0018699397458995543,231.01909231952317,424.7421157779951,0.0004423027638445227,0.0005155262600135105
15820,2023,830.7601529302054,1463.726888235558,0.0016922742351252725,0.0018544772497955664,231.01909231952317,424.7421157779951,0.0004391094056148409,0.0005111412300865289
15820,2024,830.7601529302054,1463.726888235558,0.0016790431630968549,0.0018382363267609963,231.01909231952317,424.7421157779951,0.0004356986242120641,0.0005065490804739574
15820,2025,830.7601529302054,1463.726888235558,0.0016666921848055307,0.001823298351143825,231.01909231952317,424.7421157779951,0.0004325301859437794,0.0005023388914475509
15822,2021,893.4677370467695,1633.5517753177621,0.0013725742856285918,0.001465153322530507,248.8474897491479,462.35693719258865,0.00036714290476725725,0.00042077355094045406
15822,2022,893.4677370467695,1633.5517753177621,0.0013615951350520817,0.0014513212465150198,248.8474897491479,462.35693719258865,0.0003642457191261396,0.0004166950759419226
15822,2023,893.4677370467695,1633.5517753177621,0.0013520301894448443,0.0014390570826749588,248.8474897491479,462.35693719258865,0.0003617227772092392,0.00041306868683500933
15822,2024,893.4677370467695,1633.5517753177621,0.0013418137322418688,0.0014261792478020127,248.8474897491479,462.35693719258865,0.0003590228616824936,0.0004092740367175297
15822,2025,893.4677370467695,1633.5517753177621,0.0013323414607625639,0.0014143627188454616,248.8474897491479,462.35693719258865,0.0003565256136657811,0.0004057983407903043
15832,2021,828.2275445180727,1947.7097538013384,0.0006854451772360219,0.0007769008180363085,220.28380649281797,496.555702996536,0.0002451494573483978,0.0002537306577640091
15832,2022,828.2275445180727,1947.7097538013384,0.0006808116951162314,0.000769931401876613,220.28380649281797,496.555702996536,0.00024358668014399108,0.00025154118707816707
15832,2023,828.2275445180727,1947.7097538013384,0.0006768102544187112,0.0007637582461049198,220.28380649281797,496.555702996536,0.00024225748709869857,0.000249612684324787
15832,2024,828.2275445180727,1947.7097538013384,0.0006723171923669846,0.0007571188251696087,220.28380649281797,496.555702996536,0.00024074484494363943,0.0002475240046563087
15832,2025,828.2275445180727,1947.7097538013384,0.000668460558994947,0.0007512085376551352,220.28380649281797,496.555702996536,0.00023946287813359746,0.00024567260123203963
15835,2021,1229.4710166162524,2378.85944212321,0.0015088276814208396,0.0015463477401735548,310.06683754290736,588.0720543370801,0.00042854076800709985,0.00043162012616722995
15835,2022,1229.4710166162524,2378.85944212321,0.0014956011407218103,0.001531357619846112,310.06683754290736,588.0720543370801,0.000424892851907922,0.0004274923598234444
15835,2023,1229.4710166162524,2378.85944212321,0.0014837216327907845,0.0015178725704408822,310.06683754290736,588.0720543370801,0.00042162534303092096,0.0004237818573306999
15835,2024,1229.4710166162524,2378.85944212321,0.001471081132241613,0.0015036763235995163,310.06683754290736,588.0720543370801,0.0004181326320116624,0.00041986706650264295
15835,2025,1229.4710166162524,2378.85944212321,0.001459600980724806,0.001490753086342825,310.06683754290736,588.0720543370801,0.0004149652440550634,0.00041630579432664846
15837,2021,1072.4434636246338,1785.205069612282,0.0021204990901854902,0.0020001104847929183,294.84281458478847,503.52706144318523,0.0005713429455312358,0.0005525567647298603
15837,2022,1072.4434636246338,1785.205069612282,0.002102191428431684,0.001982029106787209,294.84281458478847,503.52706144318523,0.0005664576083280237,0.0005475920010932475
15837,2023,1072.4434636246338,1785.205069612282,0.0020860521407487904,0.0019659693823628295,294.84281458478847,503.52706144318523,0.0005621507705727077,0.0005431821623532984
15837,2024,1072.4434636246338,1785.205069612282,0.0020688576209952976,0.0019489514630820516,294.84281458478847,503.52706144318523,0.000557559755896368,0.0005385076603424325
15837,2025,1072.4434636246338,1785.205069612282,0.002053108177534319,0.0019334227810707306,294.84281458478847,503.52706144318523,0.0005533600196766147,0.0005342496442104785
15839,2021,821.6762933950663,1958.3484163702374,0.0008418409356227668,0.0008392816428146456,236.526688267881,577.5144256465034,0.0002692353537155323,0.0002645339903991323
15839,2022,821.6762933950663,1958.3484163702374,0.0008341444842399582,0.0008316535068377813,236.526688267881,577.5144256465034,0.00026686573964749405,0.0002621524615175283
15839,2023,821.6762933950663,1958.3484163702374,0.00082730835565904,0.0008248837150915118,236.526688267881,577.5144256465034,0.00026475641848248705,0.00026003432919755135
15839,2024,821.6762933950663,1958.3484163702374,0.0008201299571129822,0.0008177724471069831,236.526688267881,577.5144256465034,0.0002625211325417779,0.00025780625009081917
15839,2025,821.6762933950663,1958.3484163702374,0.0008136577083144841,0.0008113280543245346,236.526688267881,577.5144256465034,0.0002605434132185224,0.0002558041999395038
15842,2021,1152.8076262021882,2324.5579203329544,0.0009569043111132961,0.0010197807624807386,288.0493123497389,570.1857031137505,0.00027240461753588567,0.00028130210856974964
15842,2022,1152.8076262021882,2324.5579203329544,0.0009483131724170675,0.0010091526536918798,288.0493123497389,570.1857031137505,0.00027007363802506406,0.0002784289719986822
15842,2023,1152.8076262021882,2324.5579203329544,0.0009405861228476333,0.0009995623344461965,288.0493123497389,570.1857031137505,0.00026798635635213314,0.0002758387712548336
15842,2024,1152.8076262021882,2324.5579203329544,0.0009323184298688059,0.0009895189550863269,288.0493123497389,570.1857031137505,0.0002657368494950452,0.000273118047805126
15842,2025,1152.8076262021882,2324.5579203329544,0.0009248193418358785,0.000980351269058937,288.0493123497389,570.1857031137505,0.00026370112032714194,0.0002706363324464319
15861,2021,1272.6016697452487,2398.123252441641,0.0014996062275291278,0.0015373406927939167,324.6970553769295,595.8501904606937,0.00042850490280065445,0.00043110537621327704
15861,2022,1272.6016697452487,2398.123252441641,0.0014867593332076037,0.001522608750876538,324.6970553769295,595.8501904606937,0.0004248993237111619,0.00042702798125860623
15861,2023,1272.6016697452487,2398.123252441641,0.0014752347031494653,0.001509366002355219,324.6970553769295,595.8501904606937,0.0004216704209389478,0.0004233654955792739
15861,2024,1272.6016697452487,2398.123252441641,0.0014629445020307782,0.0014954070838605134,324.6970553769295,595.8501904606937,0.00041821693991888953,0.00041949648012312425
15861,2025,1272.6016697452487,2398.123252441641,0.0014517932743929943,0.0014827044422355792,324.6970553769295,595.8501904606937,0.00041508684794161043,0.00041597820228661656
15879,2021,1184.9930843601505,2088.8428308130865,0.002183030630261922,0.0020393054409503287,319.1683046632422,556.0784544170006,0.0006041436584530656,0.0005737158009791864
15879,2022,1184.9930843601505,2088.8428308130865,0.0021648810179567377,0.0020210369998921248,319.1683046632422,556.0784544170006,0.0005991682881102108,0.0005685939897774602
15879,2023,1184.9930843601505,2088.8428308130865,0.0021487702394620885,0.00200472889690937,319.1683046632422,556.0784544170006,0.000594753969060373,0.0005640226997392485
15879,2024,1184.9930843601505,2088.8428308130865,0.002131562940686168,0.0019874175913899266,319.1683046632422,556.0784544170006,0.000590032180727813,0.0005591678078145956
15879,2025,1184.9930843601505,2088.8428308130865,0.0021158617770686136,0.001971665989025385,319.1683046632422,556.0784544170006,0.0005857298262906742,0.0005547550127281573
15897,2021,930.2816958636682,1885.1094294196175,0.0010156237527434706,0.0010495655792452279,251.5317309400073,502.78967933972405,0.000294198744548865,0.0002986858648270879
15897,2022,930.2816958636682,1885.1094294196175,0.0010079873832665011,0.0010398570022472305,251.5317309400073,502.78967933972405,0.00029200312373553505,0.00029593985765256025
15897,2023,930.2816958636682,1885.1094294196175,0.0010013084559286009,0.0010312164140543379,251.5317309400073,502.78967933972405,0.0002900867021841513,0.00029349666100588303
15897,2024,930.2816958636682,1885.1094294196175,0.000994030750277453,0.0010220596752823908,251.5317309400073,502.78967933972405,0.0002879965508617751,0.0002909069522038428
15897,2025,930.2816958636682,1885.1094294196175,0.000987422345407649,0.0010137194843323793,251.5317309400073,502.78967933972405,0.00028610559792878676,0.00028855158431235334
17001,2021,3012.5693599778647,5282.762714708061,0.0018728010074670384,0.0018637583854151467,603.7117692662995,1060.9146321988212,0.00035566647068669115,0.0003721817794054166
17001,2022,3012.5693599778647,5282.762714708061,0.0018591865030505956,0.0018509201862867742,603.7117692662995,1060.9146321988212,0.0003530770350979169,0.0003696319981371849
17001,2023,3012.5693599778647,5282.762714708061,0.0018503551708533663,0.0018424947026371343,603.7117692662995,1060.9146321988212,0.00035139742065420953,0.0003679528363726733
17001,2024,3012.5693599778647,5282.762714708061,0.0018377729007147028,0.0018305428093246025,603.7117692662995,1060.9146321988212,0.0003490031193730114,0.0003655753126377866
17001,2025,3012.5693599778647,5282.762714708061,0.0018275651942494774,0.001820898797218293,603.7117692662995,1060.9146321988212,0.0003470607562074824,0.0003636556238260088
17013,2021,4018.141121993858,8829.718646336107,0.0009509159708143675,0.0010671068058047944,545.1591701043652,1215.0606948039663,0.0001491626666558701,0.00016996511700345117
17013,2022,4018.141121993858,8829.718646336107,0.0009444238013022187,0.0010590139987592538,545.1591701043652,1215.0606948039663,0.00014819313518183634,0.00016874646007255219
17013,2023,4018.141121993858,8829.718646336107,0.0009398435526585171,0.0010527992479518204,545.1591701043652,1215.0606948039663,0.00014753126055465232,0.00016784068605068275
17013,2024,4018.141121993858,8829.718646336107,0.0009338270729426716,0.0010452491004432892,545.1591701043652,1215.0606948039663,0.00014662960116655237,0.00016669906289695804
17013,2025,4018.141121993858,8829.718646336107,0.0009289082858343302,0.0010389133611061019,545.1591701043652,1215.0606948039663,0.00014590372703713648,0.0001657541693592644
17042,2021,3132.537156200424,7537.908929620302,0.0016344542645735736,0.0014814912060893048,551.517734614412,1248.6462818757589,0.00031099772638794126,0.00029389974003374964
17042,2022,3132.537156200424,7537.908929620302,0.001623382462790115,0.0014715248397639028,551.517734614412,1248.6462818757589,0.00030888952295442896,0.00029192465164053417
17042,2023,3132.537156200424,7537.908929620302,0.0016164064708129363,0.001465097738435445,551.517734614412,1248.6462818757589,0.0003075604054143364,0.00029064523496447964
17042,2024,3132.537156200424,7537.908929620302,0.0016061243613718463,0.0014558402815263226,551.517734614412,1248.6462818757589,0.0003056016824727971,0.0002888057184962909
17042,2025,3132.537156200424,7537.908929620302,0.001597990055760626,0.001448446522130676,551.517734614412,1248.6462818757589,0.00030405188049680037,0.0002873358529584329
17050,2021,3346.5906905808683,8055.718178555294,0.0014961644189926666,0.0014626506933900802,569.4361743320526,1305.7515078117715,0.0002826974053159185,0.0002858806362950132
17050,2022,3346.5906905808683,8055.718178555294,0.0014858576237580287,0.0014526670428089503,569.4361743320526,1305.7515078117715,0.0002807504243405124,0.0002839616625607189
17050,2023,3346.5906905808683,8055.718178555294,0.0014792846660047286,0.0014460847366734194,569.4361743320526,1305.7515078117715,0.0002795113202111226,0.0002827073480588691
17050,2024,3346.5906905808683,8055.718178555294,0.0014697430520628572,0.0014368033443715666,569.4361743320526,1305.7515078117715,0.00027770942159802386,0.00028091988953935046
17050,2025,3346.5906905808683,8055.718178555294,0.001462100850487226,0.0014293268135914614,569.4361743320526,1305.7515078117715,0.0002762657897447052,0.0002794863927971563
17088,2021,2606.283451258606,4362.645786956553,0.0016887917001713883,0.001697990690493815,547.7021260468766,939.8024219094515,0.000345784623575198,0.00036971121231351486
17088,2022,2606.283451258606,4362.645786956553,0.0016780118090375066,0.001687311579756719,547.7021260468766,939.8024219094515,0.00034359868585059753,0.00036738720448170885
17088,2023,2606.283451258606,4362.645786956553,0.00167159076807396,0.0016806972818839121,547.7021260468766,939.8024219094515,0.0003423036025349402,0.0003659309258992391
17088,2024,2606.283451258606,4362.645786956553,0.0016616696951684297,0.0016708023030576492,547.7021260468766,939.8024219094515,0.000340291082835309,0.0003637708063678386
17088,2025,2606.283451258606,4362.645786956553,0.0016539634396716043,0.0016630386813672221,547.7021260468766,939.8024219094515,0.0003387331525795372,0.00036207088298896936
17174,2021,2961.8862202616033,4724.46236426864,0.0022416927681449556,0.0021812105303443963,619.8340249925184,1018.3975511732989,0.0004459245729442064,0.0004510695487122617
17174,2022,2961.8862202616033,4724.46236426864,0.0022264559795879286,0.0021668732897407554,619.8340249925184,1018.3975511732989,0.0004429180394979759,0.00044812801602027625
17174,2023,2961.8862202616033,4724.46236426864,0.00221701193219317,0.0021577920073232453,619.8340249925184,1018.3975511732989,0.00044106186985908604,0.00044626018589233557
17174,2024,2961.8862202616033,4724.46236426864,0.002202969046600089,0.0021444883529093306,619.8340249925184,1018.3975511732989,0.00043829060428448484,0.000443526489756563
17174,2025,2961.8862202616033,4724.46236426864,0.0021918409687845036,0.0021339264123390834,619.8340249925184,1018.3975511732989,0.0004360997256266086,0.0004413563537764463
17272,2021,3395.0618183683214,8150.616732005512,0.0016309383250862827,0.0014893964085417673,568.7465975482312,1306.5951764763952,0.00030281256938693627,0.000284424087669947
17272,2022,3395.0618183683214,8150.616732005512,0.001619960195007341,0.00147915479202908,568.7465975482312,1306.5951764763952,0.0003007679608092963,0.00028248008753436706
17272,2023,3395.0618183683214,8150.616732005512,0.0016130001501217116,0.0014723902209696441,568.7465975482312,1306.5951764763952,0.00029947425330143835,0.00028120470617771994
17272,2024,3395.0618183683214,8150.616732005512,0.0016028000434047782,0.0014628762877354087,568.7465975482312,1306.5951764763952,0.0002975759896025817,0.0002793963851749475
17272,2025,3395.0618183683214,8150.616732005512,0.0015947065871322978,0.00145520749324561,568.7465975482312,1306.5951764763952,0.00029606875468723206,0.00027794256302261935
17380,2021,1127.976296148166,3141.652381018367,0.0010504186883253052,0.0007525637058760578,222.773399664392,565.0987511961873,0.0003272792900463115,0.0002339528480902942
17380,2022,1127.976296148166,3141.652381018367,0.0010487574986887535,0.0007488697632329991,222.773399664392,565.0987511961873,0.00032690721146199785,0.0002328320095071718
17380,2023,1127.976296148166,3141.652381018367,0.0010488863793780968,0.0007463517980930862,222.773399664392,565.0987511961873,0.0003270974791132124,0.0002320734701060819
17380,2024,1127.976296148166,3141.652381018367,0.0010471190652810362,0.0007427392622397122,222.773399664392,565.0987511961873,0.0003266808828651061,0.000230969428487163
17380,2025,1127.976296148166,3141.652381018367,0.0010465837190253991,0.0007399735177318581,222.773399664392,565.0987511961873,0.0003266518297354082,0.0002301304572495601
17388,2021,3498.702500009302,8479.76589970144,0.0008907976590615395,0.0009021370238063111,547.4325604494221,1304.0795179982415,0.00014859951886820222,0.00015944641587813978
17388,2022,3498.702500009302,8479.76589970144,0.0008854341225523789,0.0008957444164279204,547.4325604494221,1304.0795179982415,0.0001477099487719006,0.00015833964903844226
17388,2023,3498.702500009302,8479.76589970144,0.0008820846036697661,0.0008912446671971342,547.4325604494221,1304.0795179982415,0.00014716086439358887,0.00015757728902565627
17388,2024,3498.702500009302,8479.76589970144,0.0008770751411051529,0.0008853041971988009,547.4325604494221,1304.0795179982415,0.00014632944896423637,0.00015654564982872226
17388,2025,3498.702500009302,8479.76589970144,0.0008731915944555352,0.0008804327925319085,547.4325604494221,1304.0795179982415,0.0001456872801531998,0.0001557063519617278
17433,2021,1928.8275434453499,4634.127091466137,0.0010155304830630231,0.0009868757442372303,383.1197037049482,910.3127736255747,0.0002095625113578396,0.00021587112493331046
17433,2022,1928.8275434453499,4634.127091466137,0.00101062671790953,0.0009804556479707269,383.1197037049482,910.3127736255747,0.0002086324104693894,0.00021449053141776102
17433,2023,1928.8275434453499,4634.127091466137,0.0010077350854086936,0.0009760097022455271,383.1197037049482,910.3127736255747,0.00020811688465461123,0.0002135327286822873
17433,2024,1928.8275434453499,4634.127091466137,0.0010030976636251304,0.0009699590200414242,383.1197037049482,910.3127736255747,0.00020723015968735736,0.00021222474424333743
17433,2025,1928.8275434453499,4634.127091466137,0.000999564757657669,0.0009650223927037332,383.1197037049482,910.3127736255747,0.00020657759007401585,0.00021116141224497757
17442,2021,3778.7812021324353,8935.654773121585,0.0009636087644490454,0.0011165523029847647,555.2566859216367,1325.0147899266008,0.00015033679748715232,0.0001792400500510683
17442,2022,3778.7812021324353,8935.654773121585,0.0009576726738210077,0.0011082630731010744,555.2566859216367,1325.0147899266008,0.00014941292739669546,0.00017794940125739612
17442,2023,3778.7812021324353,8935.654773121585,0.0009538176535027414,0.001102090957298565,555.2566859216367,1325.0147899266008,0.00014882290541431387,0.00017701622121495678
17442,2024,3778.7812021324353,8935.654773121585,0.0009482402423852091,0.0010943651420508133,555.2566859216367,1325.0147899266008,0.00014795741984825257,0.0001758100721408858
17442,2025,3778.7812021324353,8935.654773121585,0.0009439050705636345,0.001087950988747723,555.2566859216367,1325.0147899266008,0.0001472841899696234,0.00017481820459690887
17444,2021,2386.9038063379935,7149.312848722806,0.0010542657586830174,0.0007901663716160922,419.9688877014281,1198.2414349157914,0.0002193669902060187,0.0001631572351463465
17444,2022,2386.9038063379935,7149.312848722806,0.0010493977642961208,0.0007849466577143701,419.9688877014281,1198.2414349157914,0.0002184824762182854,0.00016209393453020887
17444,2023,2386.9038063379935,7149.312848722806,0.0010465841794714188,0.0007812719692814785,419.9688877014281,1198.2414349157914,0.00021802034662321418,0.00016134198496208565
17444,2024,2386.9038063379935,7149.312848722806,0.0010419567151676657,0.0007763473895052188,419.9688877014281,1198.2414349157914,0.00021716964690710186,0.00016033254066321264
17444,2025,2386.9038063379935,7149.312848722806,0.0010384799767183086,0.0007723084488986517,419.9688877014281,1198.2414349157914,0.0002165649528699492,0.00015950839885231377
17446,2021,2875.8793530804287,7433.98596846929,0.0013338980181054106,0.0013920975261036105,506.95193598678424,1243.2791328158241,0.000253101140071253,0.00028723696223367264
17446,2022,2875.8793530804287,7433.98596846929,0.0013249829355086776,0.0013824921365247235,506.95193598678424,1243.2791328158241,0.00025139847161147666,0.0002852723864476551
17446,2023,2875.8793530804287,7433.98596846929,0.001319216830437369,0.00137597463742951,506.95193598678424,1243.2791328158241,0.00025029195735283577,0.00028393387750366727
17446,2024,2875.8793530804287,7433.98596846929,0.00131091979798213,0.0013669940391181333,506.95193598678424,1243.2791328158241,0.0002487050502626356,0.0002820906782266056
17446,2025,2875.8793530804287,7433.98596846929,0.0013042164536976953,0.0013596671260405367,506.95193598678424,1243.2791328158241,0.0002474217952613717,0.00028058807388774436
17486,2021,3431.2351875361564,7792.774409136405,0.0018648058225462624,0.0018734688301393508,613.8494898442565,1312.2086168743124,0.0003539438433392082,0.00037535861199707325
17486,2022,3431.2351875361564,7792.774409136405,0.0018513791125063796,0.0018604555512933781,613.8494898442565,1312.2086168743124,0.00035139590293532753,0.00037277811935366664
17486,2023,3431.2351875361564,7792.774409136405,0.0018426718359759483,0.0018518288975216915,613.8494898442565,1312.2086168743124,0.0003497457071096564,0.0003710680235569585
17486,2024,3431.2351875361564,7792.774409136405,0.0018302440744073947,0.0018397136979258976,613.8494898442565,1312.2086168743124,0.00034738804733008166,0.00036866025620081006
17486,2025,3431.2351875361564,7792.774409136405,0.00182018644807968,0.0018299048088848112,613.8494898442565,1312.2086168743124,0.0003454791295876766,0.00036671255221186125
17495,2021,2129.329211102609,6237.139939405454,0.0009892256508167777,0.0007153827701566947,318.67962593781994,892.026068691368,0.0002742639816919363,0.00019534281675580878
17495,2022,2129.329211102609,6237.139939405454,0.0009864940158688708,0.0007112857895128611,318.67962593781994,892.026068691368,0.00027382636192914986,0.00019434236702651786
17495,2023,2129.329211102609,6237.139939405454,0.0009853534692726494,0.0007082914323135402,318.67962593781994,892.026068691368,0.0002738435624925789,0.00019364255594495614
17495,2024,2129.329211102609,6237.139939405454,0.0009826338744838015,0.0007043500147442657,318.67962593781994,892.026068691368,0.0002733725385109267,0.00019266408220048445
17495,2025,2129.329211102609,6237.139939405454,0.0009810206707547397,0.0007011948400401695,318.67962593781994,892.026068691368,0.0002732251002918232,0.00019190480391756195
17513,2021,3746.981207543464,8885.93907135492,0.0009500233526558763,0.001144606773483373,550.4214291679983,1322.0540597552786,0.00014713308449279175,0.00018685142907117963
17513,2022,3746.981207543464,8885.93907135492,0.0009439280584367819,0.0011361952475684833,550.4214291679983,1322.0540597552786,0.00014622479220686348,0.00018554956010517743
17513,2023,3746.981207543464,8885.93907135492,0.0009398357577142981,0.0011299257804066472,550.4214291679983,1322.0540597552786,0.0001456371171356274,0.00018461470672551908
17513,2024,3746.981207543464,8885.93907135492,0.0009341752271948824,0.0011220819671743016,550.4214291679983,1322.0540597552786,0.0001447891703144887,0.0001833962633776264
17513,2025,3746.981207543464,8885.93907135492,0.0009296434268225621,0.0011155668838115677,550.4214291679983,1322.0540597552786,0.00014412225014659135,0.00018239897715048733
17524,2021,2889.3906554919827,4952.099061425896,0.00230834467017203,0.0022123901808946667,590.4461898295197,1024.9668186777137,0.00044944327566784435,0.00045398526769650067
17524,2022,2889.3906554919827,4952.099061425896,0.002292797427477077,0.0021978457024990124,590.4461898295197,1024.9668186777137,0.0004464179002466697,0.0004510221814807124
17524,2023,2889.3906554919827,4952.099061425896,0.0022831783070268374,0.0021886184900825837,590.4461898295197,1024.9668186777137,0.00044455033757035675,0.00044913829325378743
17524,2024,2889.3906554919827,4952.099061425896,0.0022688358255741076,0.0021751214741985796,590.4461898295197,1024.9668186777137,0.00044176118162612087,0.00044638442117611376
17524,2025,2889.3906554919827,4952.099061425896,0.0022574952519407968,0.002164401092327571,590.4461898295197,1024.9668186777137,0.00043955662695210543,0.0004441971800620865
17541,2021,2795.25613698699,7682.724865617992,0.0009049701736157915,0.0008947853879513325,448.44784420608124,1207.2435390911594,0.0001969473921441239,0.00018298043330510885
17541,2022,2795.25613698699,7682.724865617992,0.0009004838499530865,0.0008886732865560059,448.44784420608124,1207.2435390911594,0.00019609656505243563,0.00018178033308936982
17541,2023,2795.25613698699,7682.724865617992,0.000897848413342301,0.0008843550058751729,448.44784420608124,1207.2435390911594,0.0001956405583299861,0.00018094433860022885
17541,2024,2795.25613698699,7682.724865617992,0.0008936282793516908,0.0008786313664276197,448.44784420608124,1207.2435390911594,0.00019483262356605823,0.00017981318632052324
17541,2025,2795.25613698699,7682.724865617992,0.00089041295585714,0.0008739326911329904,448.44784420608124,1207.2435390911594,0.00019424625783919576,0.00017889396298050126
17614,2021,3464.969260294022,8552.919257581134,0.001009791939986875,0.0011312306396427268,534.202165914354,1321.1490242811424,0.00017624969912365072,0.0001957479743090999
17614,2022,3464.969260294022,8552.919257581134,0.001004023684378357,0.001123078725247546,534.202165914354,1321.1490242811424,0.0001752521025880179,0.00019437252360235253
17614,2023,3464.969260294022,8552.919257581134,0.0010004352799789968,0.0011171203734627112,534.202165914354,1321.1490242811424,0.00017463570798573321,0.0001933907807155939
17614,2024,3464.969260294022,8552.919257581134,0.0009949011278996209,0.001109506902934089,534.202165914354,1321.1490242811424,0.00017367801883877188,0.0001921014879697766
17614,2025,3464.969260294022,8552.919257581134,0.0009907931045901382,0.0011032545590047044,534.202165914354,1321.1490242811424,0.00017296875058975166,0.00019105106662217278
17616,2021,2577.610264019726,4863.668682717786,0.0015396747681582646,0.0015756506917834667,511.45775793331853,954.521937458765,0.0003006386098867041,0.00033217438611206357
17616,2022,2577.610264019726,4863.668682717786,0.0015290421509547235,0.0015651608647123238,511.45775793331853,954.521937458765,0.00029857744238173314,0.0003299827197152565
17616,2023,2577.610264019726,4863.668682717786,0.0015223134366801486,0.0015583791152855423,511.45775793331853,954.521937458765,0.0002972790915341639,0.0003285558251827952
17616,2024,2577.610264019726,4863.668682717786,0.0015124456266397345,0.001548618978093562,511.45775793331853,954.521937458765,0.00029536720197390087,0.0003265102830709087
17616,2025,2577.610264019726,4863.668682717786,0.0015046038462357505,0.0015408132404605842,511.45775793331853,954.521937458765,0.00029385024516856233,0.00032487286213421463
17653,2021,3310.5996009511164,8237.899267432165,0.0008290259004738154,0.0008987326245864932,528.7221003137832,1284.4880990497998,0.00014060951099526068,0.0001664944617516268
17653,2022,3310.5996009511164,8237.899267432165,0.000823951124256437,0.0008924134368658639,528.7221003137832,1284.4880990497998,0.00013976399596581698,0.00016537389408927464
17653,2023,3310.5996009511164,8237.899267432165,0.0008206903206572605,0.0008879487733249536,528.7221003137832,1284.4880990497998,0.00013923245922223352,0.00016460452463937808
17653,2024,3310.5996009511164,8237.899267432165,0.0008159793248418505,0.0008820623893618987,528.7221003137832,1284.4880990497998,0.00013844602897501338,0.00016355661130391342
17653,2025,3310.5996009511164,8237.899267432165,0.0008122333785951342,0.0008772285168518534,528.7221003137832,1284.4880990497998,0.0001378249086442729,0.00016270637228372849
17662,2021,2418.6376361119383,6830.251200150803,0.0007187115418320989,0.0006673413843245916,362.0991275203388,994.1550980082371,0.00016352409096724298,0.00014309854028103983
17662,2022,2418.6376361119383,6830.251200150803,0.0007155715541617355,0.0006627087500792572,362.0991275203388,994.1550980082371,0.00016302070340275685,0.000142172841148539
17662,2023,2418.6376361119383,6830.251200150803,0.0007135883570521075,0.0006592199483068056,362.0991275203388,994.1550980082371,0.00016278757309338033,0.00014149014023509063
17662,2024,2418.6376361119383,6830.251200150803,0.0007106019266660601,0.0006548534225589138,362.0991275203388,994.1550980082371,0.00016229158120921594,0.0001406073411419049
17662,2025,2418.6376361119383,6830.251200150803,0.0007083438557280319,0.0006512168196231538,362.0991275203388,994.1550980082371,0.0001619728061730899,0.00013988409413260428
17665,2021,2485.237934042722,4576.8687506390515,0.0009888644783431397,0.0011197043001551985,507.2815871333689,937.0424268072342,0.0002182363256697778,0.000255827932513598
17665,2022,2485.237934042722,4576.8687506390515,0.0009824335019539413,0.0011125902636805805,507.2815871333689,937.0424268072342,0.0002168326359612597,0.0002542075833110274
17665,2023,2485.237934042722,4576.8687506390515,0.0009784847560147276,0.0011080662288758074,507.2815871333689,937.0424268072342,0.0002159555642379295,0.0002531627820282718
17665,2024,2485.237934042722,4576.8687506390515,0.0009725220677776229,0.001101451001960468,507.2815871333689,937.0424268072342,0.00021464523454193247,0.0002516489748090532
17665,2025,2485.237934042722,4576.8687506390515,0.0009678530148199798,0.0010962135101567983,507.2815871333689,937.0424268072342,0.00021361674735990494,0.00025044640745218997
17777,2021,3629.15222785724,8725.322208248946,0.0009875037115244444,0.001153788530607013,545.595484306611,1309.1290121712098,0.00015845376333159153,0.00018874821102625471
17777,2022,3629.15222785724,8725.322208248946,0.0009816326289873647,0.0011453948273006304,545.595484306611,1309.1290121712098,0.0001575036840346916,0.00018741331682075305
17777,2023,3629.15222785724,8725.322208248946,0.0009779368244441106,0.0011392306786326492,545.595484306611,1309.1290121712098,0.00015690731140258126,0.00018646063879149333
17777,2024,3629.15222785724,8725.322208248946,0.0009724003969432356,0.0011314045069529715,545.595484306611,1309.1290121712098,0.0001560124310931751,0.0001852125425433305
17777,2025,3629.15222785724,8725.322208248946,0.000968162788639615,0.0011249458262373884,545.595484306611,1309.1290121712098,0.00015532451909468648,0.00018419206962689666
17867,2021,1410.8266627867404,4054.2705812298473,0.0009312797301753405,0.0007902307559708222,281.67020896530704,782.1294762475975,0.00027131835199128247,0.0002140463754624099
17867,2022,1410.8266627867404,4054.2705812298473,0.0009292075445142162,0.0007855676966750524,281.67020896530704,782.1294762475975,0.00027076231647081274,0.00021281438845771987
17867,2023,1410.8266627867404,4054.2705812298473,0.0009287028612467464,0.000782257695191149,281.67020896530704,782.1294762475975,0.0002706660780324112,0.00021193748608040072
17867,2024,1410.8266627867404,4054.2705812298473,0.0009265824026534743,0.0007777826846074318,281.67020896530704,782.1294762475975,0.0002700916301382089,0.00021074563277960611
17867,2025,1410.8266627867404,4054.2705812298473,0.0009255138070156925,0.0007741978944000811,281.67020896530704,782.1294762475975,0.0002698294650299108,0.00020979739114171178
17873,2021,2806.8633263797183,4709.136227382614,0.002004135605833504,0.0017692404565392416,604.4106231168357,1049.5575119575024,0.0004321492471685057,0.0003799408018263712
17873,2022,2806.8633263797183,4709.136227382614,0.001990716186177106,0.0017575101305686103,604.4106231168357,1049.5575119575024,0.0004292899632837701,0.00037743840318035554
17873,2023,2806.8633263797183,4709.136227382614,0.0019820285854102414,0.0017498626426591386,604.4106231168357,1049.5575119575024,0.00042741563215711913,0.000375790969898951
17873,2024,2806.8633263797183,4709.136227382614,0.001969563032853798,0.0017389312940596733,604.4106231168357,1049.5575119575024,0.00042475053787402835,0.0003734530335900188
17873,2025,2806.8633263797183,4709.136227382614,0.001959527082643959,0.001730149580179235,604.4106231168357,1049.5575119575024,0.0004225985970648044,0.00037157010139367036
17877,2021,2277.9059255401608,4136.084587111443,0.0009404490874283108,0.0009661108503233618,476.645651336503,881.6779584496551,0.00020885897721297284,0.00021430267040232332
17877,2022,2277.9059255401608,4136.084587111443,0.0009343257344537296,0.000959940422869927,476.645651336503,881.6779584496551,0.0002075217246960183,0.0002129291551166687
17877,2023,2277.9059255401608,4136.084587111443,0.0009305548564823041,0.0009560762542533334,476.645651336503,881.6779584496551,0.00020668044239041916,0.000212052725442653
17877,2024,2277.9059255401608,4136.084587111443,0.0009248697805427678,0.0009503566458833252,476.645651336503,881.6779584496551,0.00020542805936826986,0.00021077225064780464
17877,2025,2277.9059255401608,4136.084587111443,0.0009204182409916706,0.0009458547065289876,476.645651336503,881.6779584496551,0.0002044459392217797,0.00020976063331993425
18001,2021,359.9396880599511,535.5738692945927,0.001081939822649735,0.001067009295093122,102.40034056360818,146.98701744050967,0.00034293294771109813,0.00033084695252391135
18001,2022,359.9396880599511,535.5738692945927,0.0010681663739831014,0.0010535033646579426,102.40034056360818,146.98701744050967,0.0003385676905733403,0.0003266663407115484
18001,2023,359.9396880599511,535.5738692945927,0.0010556187750554427,0.0010411954848033715,102.40034056360818,146.98701744050967,0.00033458963971034404,0.00032285189119322146
18001,2024,359.9396880599511,535.5738692945927,0.0010431462011864007,0.0010288008249597785,102.40034056360818,146.98701744050967,0.0003306416728253433,0.00031902465391576014
18001,2025,359.9396880599511,535.5738692945927,0.0010320406554703238,0.0010176868252477567,102.40034056360818,146.98701744050967,0.00032712999213108443,0.00031559654788085496
18029,2021,166.78228767800462,403.5090457880899,0.00022156161460834924,0.00033040369011045625,52.71171235622675,124.0408059013668,0.0001565869775469605,0.00014731473986777087
18029,2022,166.78228767800462,403.5090457880899,0.00021905536252666858,0.0003261392650015272,52.71171235622675,124.0408059013668,0.00015486396846101335,0.0001454419671633952
18029,2023,166.78228767800462,403.5090457880899,0.00021677779198001618,0.0003222612311087915,52.71171235622675,124.0408059013668,0.0001532874191045463,0.00014373472702392125
18029,2024,166.78228767800462,403.5090457880899,0.0002145540065050428,0.00031837452821600377,52.71171235622675,124.0408059013668,0.0001517562370105701,0.00014203993773548586
18029,2025,166.78228767800462,403.5090457880899,0.00021251216697152947,0.00031481792234860836,52.71171235622675,124.0408059013668,0.00015034944757434364,0.00014048502214053139
18094,2021,261.5609475755474,506.4734784831125,0.0005484174371572914,0.0005266295367267059,75.50691507933368,150.63201671308593,0.00018470673053320232,0.0001654383183199265
18094,2022,261.5609475755474,506.4734784831125,0.0005409252696001403,0.0005198279319924556,75.50691507933368,150.63201671308593,0.00018230164522761158,0.00016331451421217465
18094,2023,261.5609475755474,506.4734784831125,0.0005341435156515183,0.0005136611593081166,75.50691507933368,150.63201671308593,0.00018012763666776994,0.0001613857102134058
18094,2024,261.5609475755474,506.4734784831125,0.0005272379038009005,0.000507362974638946,75.50691507933368,150.63201671308593,0.0001779381264758831,0.00015943437112938543
18094,2025,261.5609475755474,506.4734784831125,0.000520949812454043,0.0005016448766624536,75.50691507933368,150.63201671308593,0.00017594836511836953,0.00015766211707639592
18150,2021,22.619361285158032,78.50185755939427,0.0004766898655734579,0.0004766898655734579,7.778474804432174,26.83384439581936,0.0001588966218578193,0.0001588966218578193
18150,2022,22.619361285158032,78.50185755939427,0.00047244094488188977,0.00047244094488188977,7.778474804432174,26.83384439581936,0.00015748031496062991,0.00015748031496062991
18150,2023,22.619361285158032,78.50185755939427,0.00046889653016567677,0.00046889653016567677,7.778474804432174,26.83384439581936,0.00015629884338855892,0.00015629884338855892
18150,2024,22.619361285158032,78.50185755939427,0.00046549155908639524,0.00046549155908639524,7.778474804432174,26.83384439581936,0.00015516385302879841,0.00015516385302879841
18150,2025,22.619361285158032,78.50185755939427,0.00046216416070988414,0.00046216416070988414,7.778474804432174,26.83384439581936,0.00015405472023662805,0.00015405472023662805
18205,2021,125.05069674472405,328.5148682507703,0.0001666864249766339,0.00034094273354838935,44.34674683124657,111.99242393496343,0.0001227708057434094,0.0001471137013111264
18205,2022,125.05069674472405,328.5148682507703,0.0001647876919581564,0.00033645406041431556,44.34674683124657,111.99242393496343,0.00012140054788470188,0.00014518835742567825
18205,2023,125.05069674472405,328.5148682507703,0.00016304635810980426,0.000332352463586111,44.34674683124657,111.99242393496343,0.0001201361725005574,0.00014342420534094655
18205,2024,125.05069674472405,328.5148682507703,0.00016138247308619737,0.00032829042913826487,44.34674683124657,111.99242393496343,0.0001189343371131608,0.00014169333980808732
18205,2025,125.05069674472405,328.5148682507703,0.00015984628442398187,0.0003245388047991352,44.34674683124657,111.99242393496343,0.00011782382966675663,0.0001400904962465363
18247,2021,195.26172749480867,391.9742507267212,0.0005255403965919768,0.00047696127655828894,56.23852645485817,107.00503160417226,0.00018175147727048508,0.00016256951035415116
18247,2022,195.26172749480867,391.9742507267212,0.0005200506144133993,0.0004719037316411242,56.23852645485817,107.00503160417226,0.0001798739024841546,0.00016087084475771216
18247,2023,195.26172749480867,391.9742507267212,0.0005150423211079669,0.00046730684499949487,56.23852645485817,107.00503160417226,0.0001781612894287971,0.00015932512919754989
18247,2024,195.26172749480867,391.9742507267212,0.0005100176091416249,0.0004626416092714615,56.23852645485817,107.00503160417226,0.00017644352405405835,0.00015776074431620885
18247,2025,195.26172749480867,391.9742507267212,0.0005056188311333945,0.0004585268858789627,56.23852645485817,107.00503160417226,0.00017494272238670032,0.00015638439784329048
18256,2021,184.76036559421672,376.1399083267871,0.00038219530846141857,0.0003813956710270885,54.31475096315873,103.95323094373849,0.00014587725215580469,0.00013375779142573913
18256,2022,184.76036559421672,376.1399083267871,0.00037798795902617703,0.00037719105037815507,54.31475096315873,103.95323094373849,0.00014434524191361253,0.00013229963235737374
18256,2023,184.76036559421672,376.1399083267871,0.00037412663712343123,0.0003733592901063513,54.31475096315873,103.95323094373849,0.00014293292709837715,0.00013096754106707486
18256,2024,184.76036559421672,376.1399083267871,0.000370313157751082,0.0003695054534652625,54.31475096315873,103.95323094373849,0.0001415409984071788,0.0001296328954144852
18256,2025,184.76036559421672,376.1399083267871,0.0003669695004717255,0.00036610188272392106,54.31475096315873,103.95323094373849,0.00014032014432884668,0.00012845415503344505
18410,2021,112.050290217956,281.49957256980707,0.0003112816042001227,0.00027581343238781373,35.20676718187646,80.97538442875963,0.00015189475564152566,0.0001278728366999579
18410,2022,112.050290217956,281.49957256980707,0.00030779253407940156,0.0002725490162319975,35.20676718187646,80.97538442875963,0.0001503924018795636,0.00012643328927075962
18410,2023,112.050290217956,281.49957256980707,0.0003045602034181241,0.0002695518647587055,35.20676718187646,80.97538442875963,0.00014897541174294183,0.00012510185089412306
18410,2024,112.050290217956,281.49957256980707,0.0003014011099716399,0.0002665765389458853,35.20676718187646,80.97538442875963,0.00014760762527735286,0.0001237886816449977
18410,2025,112.050290217956,281.49957256980707,0.0002985939705914028,0.00026392341419442653,35.20676718187646,80.97538442875963,0.0001463892746231415,0.0001226154730880724
18460,2021,100.85956429320274,273.8657827683617,0.00015979073921281882,0.0001981497422012958,33.00797884212998,82.82227100270119,0.00011885176583919092,0.00010930151567248972
18460,2022,100.85956429320274,273.8657827683617,0.00015853547205082222,0.0001958455142213015,33.00797884212998,82.82227100270119,0.00011798766860124859,0.00010809096561957013
18460,2023,100.85956429320274,273.8657827683617,0.00015732485338437963,0.000193718520892471,33.00797884212998,82.82227100270119,0.00011713987393356773,0.00010696435311452426
18460,2024,100.85956429320274,273.8657827683617,0.0001561814192624727,0.00019162928288374984,33.00797884212998,82.82227100270119,0.00011634703741000897,0.00010586589888453597
18460,2025,100.85956429320274,273.8657827683617,0.00015516385074626715,0.00018975161483617657,33.00797884212998,82.82227100270119,0.00011563885500008094,0.00010487524006381209
18479,2021,202.4551078634705,424.90623662290216,0.00034169708711276754,0.0003938090218608407,60.44479122978743,123.96018857229038,0.00016069731508392126,0.00014393453376496893
18479,2022,202.4551078634705,424.90623662290216,0.0003375822999391486,0.0003888389947940094,60.44479122978743,123.96018857229038,0.00015887193625484857,0.00014213345539408823
18479,2023,202.4551078634705,424.90623662290216,0.0003338370172064908,0.00038431733848909695,60.44479122978743,123.96018857229038,0.00015720520630203632,0.000140491292630282
18479,2024,202.4551078634705,424.90623662290216,0.0003301323595063836,0.00037975216850750013,60.44479122978743,123.96018857229038,0.00015556136038730222,0.00013884711065132233
18479,2025,202.4551078634705,424.90623662290216,0.00032682800215536663,0.00037563215226334623,60.44479122978743,123.96018857229038,0.0001540922023784071,0.00013736152283630866
18592,2021,224.399188070242,589.2611375925135,0.0004857831069657338,0.00045101606072675895,61.89913960002709,154.99195593436755,0.00017432866787892498,0.00015688372106338193
18592,2022,224.399188070242,589.2611375925135,0.00048071152046989156,0.0004462011984547551,61.89913960002709,154.99195593436755,0.00017254110484786646,0.00015524285788702627
18592,2023,224.399188070242,589.2611375925135,0.00047610028795371374,0.0004418267077427677,61.89913960002709,154.99195593436755,0.00017091890131503798,0.00015375249306581813
18592,2024,224.399188070242,589.2611375925135,0.0004714417436662528,0.000437367165905066,61.89913960002709,154.99195593436755,0.0001692792100740682,0.0001522358140826082
18592,2025,224.399188070242,589.2611375925135,0.00046735845241553106,0.00043342406517644867,61.89913960002709,154.99195593436755,0.00016784708180239816,0.00015090040743787072
18610,2021,210.2270734842061,496.5389718685633,0.00038387316124729434,0.00042337704546407435,69.91940837423941,166.3376881811884,0.00016403072581312029,0.00016050756505395824
18610,2022,210.2270734842061,496.5389718685633,0.000378668326978072,0.00041794549611011856,69.91940837423941,166.3376881811884,0.000161947365205041,0.0001584984467177193
18610,2023,210.2270734842061,496.5389718685633,0.0003739663288962188,0.00041302126022803846,69.91940837423941,166.3376881811884,0.00016006621219310203,0.00015667405792652763
18610,2024,210.2270734842061,496.5389718685633,0.00036915444178137424,0.00040801988764818865,69.91940837423941,166.3376881811884,0.00015818075180276802,0.00015484355712930682
18610,2025,210.2270734842061,496.5389718685633,0.00036469467277998443,0.0004034312709925183,69.91940837423941,166.3376881811884,0.00015642724102064607,0.000153158419634192
18753,2021,41.05611463373561,119.78949449716634,0.0004629004571142014,0.00045010921227939303,12.925116198997163,37.33190306435017,0.00013501263332497542,0.00013645376315394195
18753,2022,41.05611463373561,119.78949449716634,0.00046097111247695143,0.00044796073172228114,12.925116198997163,37.33190306435017,0.00013444990780577752,0.0001357699842261188
18753,2023,41.05611463373561,119.78949449716634,0.00045907534574111974,0.00044584858909195294,12.925116198997163,37.33190306435017,0.00013389697584115993,0.00013509844348573707
18753,2024,41.05611463373561,119.78949449716634,0.00045737808015550857,0.00044388870604646254,12.925116198997163,37.33190306435017,0.00013340194004535667,0.00013446839395508066
18753,2025,41.05611463373561,119.78949449716634,0.0004556500607533414,0.00044195424171423716,12.925116198997163,37.33190306435017,0.00013289793438639124,0.0001338528443557909
18756,2021,3.6073134255225705,24.474091766530652,0.00018268176835951772,0.00018268176835951772,2.579435309980819,12.048739660072489,0.00018268176835951772,0.00018268176835951772
18756,2022,3.6073134255225705,24.474091766530652,0.0001838404265097895,0.0001838404265097895,2.579435309980819,12.048739660072489,0.0001838404265097895,0.0001838404265097895
18756,2023,3.6073134255225705,24.474091766530652,0.00018450184501845018,0.00018450184501845018,2.579435309980819,12.048739660072489,0.00018450184501845018,0.00018450184501845018
18756,2024,3.6073134255225705,24.474091766530652,0.00018467220683287164,0.00018467220683287164,2.579435309980819,12.048739660072489,0.00018467220683287164,0.00018467220683287164
18756,2025,3.6073134255225705,24.474091766530652,0.0001845529205499677,0.0001845529205499677,2.579435309980819,12.048739660072489,0.0001845529205499677,0.0001845529205499677
18785,2021,84.11687380458915,264.6520010503083,0.00016767085936475332,0.00016800026675099729,29.12768559747044,84.61487106635131,9.911668414390641e-05,8.876525747123096e-05
18785,2022,84.11687380458915,264.6520010503083,0.00016587030342843443,0.00016583327605989835,29.12768559747044,84.61487106635131,9.809466832360806e-05,8.763931975557807e-05
18785,2023,84.11687380458915,264.6520010503083,0.00016418916788673327,0.00016382658350435416,29.12768559747044,84.61487106635131,9.713613324020477e-05,8.65961818903349e-05
18785,2024,84.11687380458915,264.6520010503083,0.00016257279955719347,0.00016190583236209014,29.12768559747044,84.61487106635131,9.621867201091921e-05,8.559550873909441e-05
18785,2025,84.11687380458915,264.6520010503083,0.0001611226262207127,0.00016012456793859303,29.12768559747044,84.61487106635131,9.539416513730436e-05,8.46698665085424e-05
18860,2021,107.77281829167987,300.29378724862283,0.00020978294143254915,0.00021553586535654243,35.86006313136237,94.04246895364304,0.0001406608348505046,0.00011289339545144799
18860,2022,107.77281829167987,300.29378724862283,0.00020770636997348855,0.0002128804171792516,35.86006313136237,94.04246895364304,0.00013935993723145703,0.00011154757789992009
18860,2023,107.77281829167987,300.29378724862283,0.0002057522467735863,0.00021043387531913884,35.86006313136237,94.04246895364304,0.00013812455785991968,0.0001103020877410175
18860,2024,107.77281829167987,300.29378724862283,0.0002038824966241715,0.00020803919606323214,35.86006313136237,94.04246895364304,0.00013694929677897952,0.00010908837872505847
18860,2025,107.77281829167987,300.29378724862283,0.0002021898933941925,0.0002058696379652014,35.86006313136237,94.04246895364304,0.00013588455078718237,0.00010798527127725026
19001,2021,1342.3959331196643,2796.859097257434,0.0013399223923607918,0.0012741661692214688,410.723262934457,759.3877841972485,0.0005128792181023674,0.0004702621684240879
19001,2022,1342.3959331196643,2796.859097257434,0.0013233905798294863,0.0012584511224747147,410.723262934457,759.3877841972485,0.0005065693916121086,0.0004645310461504989
19001,2023,1342.3959331196643,2796.859097257434,0.001309232951454262,0.0012448870962890933,410.723262934457,759.3877841972485,0.0005011629191077957,0.00045959210194077135
19001,2024,1342.3959331196643,2796.859097257434,0.0012940174555422482,0.0012303659705776983,410.723262934457,759.3877841972485,0.0004953536999193532,0.00045429830706229774
19001,2025,1342.3959331196643,2796.859097257434,0.0012803459363403076,0.0012172828620732466,410.723262934457,759.3877841972485,0.0004901325286858923,0.0004495322870698717
19022,2021,511.13173097665253,1203.78480702391,0.00037814447955603346,0.0005458190951081812,194.70309770848687,434.8453793475567,0.0002163945599640851,0.00025732460283139463
19022,2022,511.13173097665253,1203.78480702391,0.000375994447969922,0.0005409306309547308,194.70309770848687,434.8453793475567,0.000215240230467298,0.0002552438287206062
19022,2023,511.13173097665253,1203.78480702391,0.00037405679624494265,0.0005365788176560577,194.70309770848687,434.8453793475567,0.00021420081239093748,0.0002533889732961724
19022,2024,511.13173097665253,1203.78480702391,0.00037193733416207857,0.000531971819600252,194.70309770848687,434.8453793475567,0.00021305670881017135,0.00025141887191268257
19022,2025,511.13173097665253,1203.78480702391,0.00037000925099532015,0.0005278007139796479,194.70309770848687,434.8453793475567,0.00021201254030528728,0.00024963855997050383
19050,2021,261.3800734815726,639.301814598724,0.0003152032233859634,0.00040701530640051536,118.05545265216443,279.48883460676393,0.00019653119412003735,0.0002267217726057053
19050,2022,261.3800734815726,639.301814598724,0.0003126595601059331,0.000403290086213297,118.05545265216443,279.48883460676393,0.00019489550782978357,0.00022469941312835924
19050,2023,261.3800734815726,639.301814598724,0.00031024141694302584,0.00039991457249590926,118.05545265216443,279.48883460676393,0.0001933287127868881,0.0002228388585003684
19050,2024,261.3800734815726,639.301814598724,0.0003076288487645075,0.00039629968703258384,118.05545265216443,279.48883460676393,0.00019164779780498923,0.0002208525636003269
19050,2025,261.3800734815726,639.301814598724,0.0003052759527445021,0.00039305820250904675,118.05545265216443,279.48883460676393,0.0001901333226268853,0.0002190713373104231
19075,2021,377.09984873300283,968.0897140085298,0.00033311089204177314,0.0004748526296788759,157.9647310827866,381.77377767156713,0.00018947724365676866,0.0002469700579887136
19075,2022,377.09984873300283,968.0897140085298,0.00033109426486232514,0.00047099732438301114,157.9647310827866,381.77377767156713,0.0001883759201845443,0.0002450322786230738
19075,2023,377.09984873300283,968.0897140085298,0.00032923269817952564,0.0004675291616197216,157.9647310827866,381.77377767156713,0.0001873530266026908,0.00024326824066638563
19075,2024,377.09984873300283,968.0897140085298,0.0003271963204906398,0.00046381695761458087,157.9647310827866,381.77377767156713,0.00018623318437878864,0.00024138196962007362
19075,2025,377.09984873300283,968.0897140085298,0.0003253881037849395,0.0004605007276261515,157.9647310827866,381.77377767156713,0.00018524455645422405,0.00023969867707982476
19100,2021,527.2515289415128,1229.2051977413078,0.0005115490646716182,0.0007381444024772199,203.39628577277736,448.0397603310481,0.00028813985157205926,0.00033032640351214984
19100,2022,527.2515289415128,1229.2051977413078,0.0005088328331068856,0.0007330882920135341,203.39628577277736,448.0397603310481,0.0002866889446639866,0.00032808977939049235
19100,2023,527.2515289415128,1229.2051977413078,0.0005063762646308104,0.0007286023677744131,203.39628577277736,448.0397603310481,0.0002853707241661065,0.0003260973265660363
19100,2024,527.2515289415128,1229.2051977413078,0.000503683476819708,0.0007238602424966175,203.39628577277736,448.0397603310481,0.00028391966159351824,0.0003239821133927745
19100,2025,527.2515289415128,1229.2051977413078,0.0005012525047083938,0.000719624820390183,203.39628577277736,448.0397603310481,0.0002826119448468628,0.00032208931062926234
19110,2021,2688.3733787939655,4470.148949867598,0.0006087100702060563,0.0007444511426262391,655.6732147692627,1122.0793272992325,0.00017639727380853751,0.00021750425788789838
19110,2022,2688.3733787939655,4470.148949867598,0.0006054257363454506,0.0007399393480956033,655.6732147692627,1122.0793272992325,0.00017513837091658188,0.00021598058404178849
19110,2023,2688.3733787939655,4470.148949867598,0.0006031830294629607,0.0007366811627994717,655.6732147692627,1122.0793272992325,0.00017418841482999122,0.0002148229546768884
19110,2024,2688.3733787939655,4470.148949867598,0.0006003169004490143,0.0007326762125170126,655.6732147692627,1122.0793272992325,0.00017306801592698756,0.00021345463876352796
19110,2025,2688.3733787939655,4470.148949867598,0.0005981462931446978,0.0007295008333906923,655.6732147692627,1122.0793272992325,0.00017215679491036203,0.00021232846634051435
19130,2021,1465.8506061730748,3232.4860346781443,0.0009465836686011768,0.0010543691389436377,420.16428879804823,869.2672898541255,0.000366330311559169,0.00038084316159067363
19130,2022,1465.8506061730748,3232.4860346781443,0.0009348728566498713,0.001043114246460248,420.16428879804823,869.2672898541255,0.0003617949218749473,0.0003765908650568068
19130,2023,1465.8506061730748,3232.4860346781443,0.0009248505141078434,0.0010336258663087609,420.16428879804823,869.2672898541255,0.0003579111188807651,0.0003729652022115697
19130,2024,1465.8506061730748,3232.4860346781443,0.0009140827126710106,0.0010232887337208443,420.16428879804823,869.2672898541255,0.0003537409590526393,0.00036904717231260646
19130,2025,1465.8506061730748,3232.4860346781443,0.0009044115360531958,0.0010141322891434902,420.16428879804823,869.2672898541255,0.0003499945234679569,0.0003655519246294583
19137,2021,1861.8372721371284,3803.8571284144014,0.0004846615097212612,0.0006667972276954204,494.32293134796186,988.2711015543134,0.0001965938973508648,0.00022374188853198606
19137,2022,1861.8372721371284,3803.8571284144014,0.00047905261664126306,0.0006609965207238488,494.32293134796186,988.2711015543134,0.00019425220380731617,0.00022162007416861012
19137,2023,1861.8372721371284,3803.8571284144014,0.0004743234792881227,0.0006563277388096828,494.32293134796186,988.2711015543134,0.00019226896489988425,0.0002198795720255701
19137,2024,1861.8372721371284,3803.8571284144014,0.00046919520925209855,0.0006510555071672987,494.32293134796186,988.2711015543134,0.00019012743477229413,0.00021794280423282164
19137,2025,1861.8372721371284,3803.8571284144014,0.00046463356030912965,0.0006465334375456377,494.32293134796186,988.2711015543134,0.00018821598471743597,0.00021625799140546423
19142,2021,2624.4080933920714,4704.585219254412,0.00069985028914589,0.0007970860435160378,649.0627474946857,1187.5332725807716,0.00019949160804949042,0.00023230819766478206
19142,2022,2624.4080933920714,4704.585219254412,0.0006960337709926344,0.0007920559671154655,649.0627474946857,1187.5332725807716,0.00019814164914234395,0.00023063403673581414
19142,2023,2624.4080933920714,4704.585219254412,0.0006934155554081661,0.0007883735523144969,649.0627474946857,1187.5332725807716,0.00019714130216698234,0.0002293552884922669
19142,2024,2624.4080933920714,4704.585219254412,0.0006900723389535213,0.0007838948769783262,649.0627474946857,1187.5332725807716,0.00019594293135722005,0.00022785121052421194
19142,2025,2624.4080933920714,4704.585219254412,0.0006875158110193497,0.000780306214054509,649.0627474946857,1187.5332725807716,0.0001949711621541675,0.0002266074529126491
19212,2021,2474.3433653146253,4616.701041926051,0.0006882475027264776,0.0007984174604113342,611.7029530807548,1166.8139410297993,0.00019288895393639721,0.00022504777612018933
19212,2022,2474.3433653146253,4616.701041926051,0.0006848132148241956,0.0007936261658985287,611.7029530807548,1166.8139410297993,0.00019173226701132588,0.00022353130145758428
19212,2023,2474.3433653146253,4616.701041926051,0.0006825470708785062,0.0007901815623921382,611.7029530807548,1166.8139410297993,0.00019090859501733816,0.00022239643935075302
19212,2024,2474.3433653146253,4616.701041926051,0.0006795541868172838,0.0007859254892503828,611.7029530807548,1166.8139410297993,0.00018988598597158383,0.0002210376375981226
19212,2025,2474.3433653146253,4616.701041926051,0.0006773297866961695,0.000782556821296104,611.7029530807548,1166.8139410297993,0.00018907976322397448,0.00021992910482041429
19256,2021,871.9467125942454,2356.0294130521524,0.0004904952643235602,0.0004280435029281524,263.5135891069253,658.2495224412955,0.0002398743020295276,0.00020482802064317616
19256,2022,871.9467125942454,2356.0294130521524,0.0004846394445296124,0.00042311432067945466,263.5135891069253,658.2495224412955,0.00023700786458315059,0.00020250888045928982
19256,2023,871.9467125942454,2356.0294130521524,0.00047950252445491074,0.0004188037993756232,263.5135891069253,658.2495224412955,0.00023446514354219202,0.00020045762024944091
19256,2024,871.9467125942454,2356.0294130521524,0.00047406492218931407,0.00041421238727828714,263.5135891069253,658.2495224412955,0.00023179519068299053,0.0001982838737999472
19256,2025,871.9467125942454,2356.0294130521524,0.0004691474979714658,0.0004100776462906535,263.5135891069253,658.2495224412955,0.00022937460217367138,0.00019632182342548508
19290,2021,627.5916146970993,1327.4233499777638,0.0008144784681956595,0.0009101211070215115,238.90300542465636,486.67088184625254,0.00041688714978622694,0.000405208645925643
19290,2022,627.5916146970993,1327.4233499777638,0.0008104136526496277,0.0009051384601911585,238.90300542465636,486.67088184625254,0.00041484129174307376,0.0004029682532452761
19290,2023,627.5916146970993,1327.4233499777638,0.0008067467926025196,0.0009006642866630759,238.90300542465636,486.67088184625254,0.0004129827552544381,0.0004009501172457801
19290,2024,627.5916146970993,1327.4233499777638,0.0008027661746570715,0.0008959474212227995,238.90300542465636,486.67088184625254,0.00041096339311282466,0.0003988156455637401
19290,2025,627.5916146970993,1327.4233499777638,0.000799264191084637,0.0008917888802171988,238.90300542465636,486.67088184625254,0.00040919004291383083,0.0003969314906888482
19300,2021,3113.977758897967,4920.356911550338,0.0007532155590494306,0.000875998495355631,751.5920031907741,1228.5312982237886,0.0002011284871901921,0.00024945071996456227
19300,2022,3113.977758897967,4920.356911550338,0.0007493734792691081,0.0008708198618828563,751.5920031907741,1228.5312982237886,0.00019992781575669386,0.00024780414428597625
19300,2023,3113.977758897967,4920.356911550338,0.0007468236834313294,0.0008671286285933318,751.5920031907741,1228.5312982237886,0.0001990784602950296,0.00024658142573006915
19300,2024,3113.977758897967,4920.356911550338,0.0007434826898267623,0.0008625398583326338,751.5920031907741,1228.5312982237886,0.00019802257856048363,0.00024510853231952284
19300,2025,3113.977758897967,4920.356911550338,0.000740991821899832,0.0008589282181515899,751.5920031907741,1228.5312982237886,0.0001971957583556248,0.00024391356878137856
19318,2021,129.63611827382078,363.94481984008894,0.0005199689341765122,0.0004653289703287959,73.41251814690474,183.454475424568,0.0004049717087776066,0.00035511812258543884
19318,2022,129.63611827382078,363.94481984008894,0.0005160975389782062,0.0004616357491627074,73.41251814690474,183.454475424568,0.0004018875790243049,0.00035227937636851474
19318,2023,129.63611827382078,363.94481984008894,0.000512207692179325,0.0004580029534774571,73.41251814690474,183.454475424568,0.0003987893718296427,0.00034948052123305064
19318,2024,129.63611827382078,363.94481984008894,0.0005078958174149649,0.0004540982972016403,73.41251814690474,183.454475424568,0.0003953753215005244,0.00034647787368973805
19318,2025,129.63611827382078,363.94481984008894,0.000504081788438593,0.0004506247149518484,73.41251814690474,183.454475424568,0.0003923478078089966,0.0003438043172087889
19355,2021,1037.406496961832,2868.7411154400957,0.0005941888569875945,0.000621145488636583,284.8627504921116,742.048511130493,0.00020527593686039172,0.0001959988633414964
19355,2022,1037.406496961832,2868.7411154400957,0.0005868772261336211,0.0006136880106619229,284.8627504921116,742.048511130493,0.00020273608862940527,0.00019365306101383972
19355,2023,1037.406496961832,2868.7411154400957,0.0005804432310688362,0.0006071381629290304,284.8627504921116,742.048511130493,0.00020051796554969203,0.0001916077249420298
19355,2024,1037.406496961832,2868.7411154400957,0.0005736162742184164,0.0006001710930236218,284.8627504921116,742.048511130493,0.0001981597881298588,0.00018942487376843073
19355,2025,1037.406496961832,2868.7411154400957,0.0005674065752316787,0.000593864403521961,284.8627504921116,742.048511130493,0.00019601943066979363,0.0001874528624169208
19364,2021,1841.4691430131504,3979.2175060743375,0.00047150594880526287,0.0006588462277730597,479.00121115268524,1020.8004097735502,0.00018433006814970167,0.00021627235837981987
19364,2022,1841.4691430131504,3979.2175060743375,0.0004662353899782859,0.0006532105347482349,479.00121115268524,1020.8004097735502,0.00018219265572431853,0.00021425918402334388
19364,2023,1841.4691430131504,3979.2175060743375,0.00046181234988437877,0.0006486902494318418,479.00121115268524,1020.8004097735502,0.00018039018228199383,0.00021261484510564662
19364,2024,1841.4691430131504,3979.2175060743375,0.0004569907044082509,0.0006435713772321348,479.00121115268524,1020.8004097735502,0.0001784355451132791,0.00021077919578187118
19364,2025,1841.4691430131504,3979.2175060743375,0.000452713832918548,0.0006391923583454777,479.00121115268524,1020.8004097735502,0.00017669461980272471,0.00020918715665421028
19392,2021,513.0453218070919,992.538867372729,0.0005261395504462384,0.0005792078948838856,200.43508374251732,382.9998247467542,0.00022612289680943952,0.00023665731323369002
19392,2022,513.0453218070919,992.538867372729,0.0005206667452962996,0.0005729453894530531,200.43508374251732,382.9998247467542,0.00022388818380967204,0.00023425059354892702
19392,2023,513.0453218070919,992.538867372729,0.0005158879989557711,0.0005674388622681293,200.43508374251732,382.9998247467542,0.00022193907694557235,0.00023213698093561182
19392,2024,513.0453218070919,992.538867372729,0.0005107305373315928,0.0005615590286742195,200.43508374251732,382.9998247467542,0.0002198290651131435,0.00022987410451902874
19392,2025,513.0453218070919,992.538867372729,0.0005060670591108279,0.0005562399902340996,200.43508374251732,382.9998247467542,0.0002179222277200424,0.0002278310458058561
19397,2021,527.5239614784592,1198.826352662928,0.0005219797759182615,0.0006009687935269846,198.90244901824155,431.5570462446597,0.0002465362891850303,0.00025969075783348203
19397,2022,527.5239614784592,1198.826352662928,0.0005168441784326434,0.0005946148590081662,198.90244901824155,431.5570462446597,0.0002443753878419627,0.000257163122850256
19397,2023,527.5239614784592,1198.826352662928,0.0005123716738507728,0.0005890152030930293,198.90244901824155,431.5570462446597,0.00024249080986359463,0.0002549346564901078
19397,2024,527.5239614784592,1198.826352662928,0.0005075399034145893,0.0005830706265219378,198.90244901824155,431.5570462446597,0.0002404421290841151,0.0002525620637288118
19397,2025,527.5239614784592,1198.826352662928,0.0005031701829367168,0.0005776850938864315,198.90244901824155,431.5570462446597,0.0002385891049243465,0.0002504159194436411
19418,2021,1027.7298069221767,2617.5755885803374,0.00018716412258533855,0.00040319467260111267,266.6234744638811,670.9678705029778,0.00015234505361894307,0.0001584143659582412
19418,2022,1027.7298069221767,2617.5755885803374,0.00018473347572035012,0.00040011282290153055,266.6234744638811,670.9678705029778,0.00015036105174644503,0.0001570004984413408
19418,2023,1027.7298069221767,2617.5755885803374,0.00018255708869454633,0.0003976386822895178,266.6234744638811,670.9678705029778,0.00014858368588737555,0.00015579918495553424
19418,2024,1027.7298069221767,2617.5755885803374,0.00018029694377005647,0.0003948180262512741,266.6234744638811,670.9678705029778,0.00014673779937815788,0.00015448151287985183
19418,2025,1027.7298069221767,2617.5755885803374,0.00017826725138196298,0.00039243378662505484,266.6234744638811,670.9678705029778,0.00014508122867648335,0.00015333097025705926
19450,2021,546.7616070193951,1242.5146839546505,0.0006272691039959244,0.0007922750696098756,214.05634589596457,462.49305314979904,0.0003411434759148772,0.00036700195986710924
19450,2022,546.7616070193951,1242.5146839546505,0.0006241669300818508,0.0007877816433486853,214.05634589596457,462.49305314979904,0.00033948761272486886,0.0003648831673780032
19450,2023,546.7616070193951,1242.5146839546505,0.0006213202021049301,0.0007837071637332902,214.05634589596457,462.49305314979904,0.00033795454009036567,0.0003629498951306457
19450,2024,546.7616070193951,1242.5146839546505,0.0006182170501664489,0.0007794123968639959,214.05634589596457,462.49305314979904,0.00033628048172240936,0.00036090198069251304
19450,2025,546.7616070193951,1242.5146839546505,0.0006155087275257166,0.0007756332159795544,214.05634589596457,462.49305314979904,0.0003348230291376667,0.0003590990520990304
19455,2021,2772.1847106089645,4859.825434381184,0.0007102194101303434,0.0007546327427503266,678.7647704372966,1221.3190640380694,0.00019552694291829857,0.00020469657338502686
19455,2022,2772.1847106089645,4859.825434381184,0.0007068033786786344,0.0007509889974703935,678.7647704372966,1221.3190640380694,0.00019441570746727031,0.00020360243712648122
19455,2023,2772.1847106089645,4859.825434381184,0.0007045902898523895,0.0007486316163737119,678.7647704372966,1221.3190640380694,0.0001936405935495243,0.000202858376498163
19455,2024,2772.1847106089645,4859.825434381184,0.0007016206782304521,0.000745457127814613,678.7647704372966,1221.3190640380694,0.00019266112053625755,0.00020189513340905394
19455,2025,2772.1847106089645,4859.825434381184,0.0006994426460098159,0.0007431184324838554,678.7647704372966,1221.3190640380694,0.00019190023409618143,0.00020115816964797324
19473,2021,1714.4967125028786,3539.527805612314,0.000432783208349016,0.0005602685099099802,455.2961473728809,925.795782017665,0.0001860504393051465,0.00020012463935069975
19473,2022,1714.4967125028786,3539.527805612314,0.0004275570172504121,0.0005553415195734301,455.2961473728809,925.795782017665,0.00018375743253035522,0.0001981570013428639
19473,2023,1714.4967125028786,3539.527805612314,0.00042310812928073483,0.000551345652360059,455.2961473728809,925.795782017665,0.00018179870332740285,0.00019651371134091133
19473,2024,1714.4967125028786,3539.527805612314,0.0004183196260462563,0.0005468614046061263,455.2961473728809,925.795782017665,0.0001796969827914743,0.0001947097887625557
19473,2025,1714.4967125028786,3539.527805612314,0.0004140443544825965,0.0005430022236295102,455.2961473728809,925.795782017665,0.00017781952771818852,0.00019312749798509364
19513,2021,3188.046753900411,5159.231763946643,0.0007678913600622264,0.0008514192874230571,769.3251173951261,1287.3264923147938,0.0002174467491605856,0.00024332117839099277
19513,2022,3188.046753900411,5159.231763946643,0.0007638841780872877,0.0008463365141375342,769.3251173951261,1287.3264923147938,0.0002161227012571742,0.00024169505996635642
19513,2023,3188.046753900411,5159.231763946643,0.0007611887332268266,0.0008427094918791203,769.3251173951261,1287.3264923147938,0.00021517632179140545,0.00024048760675397132
19513,2024,3188.046753900411,5159.231763946643,0.0007576838991661956,0.0008382082480518626,769.3251173951261,1287.3264923147938,0.00021400441754693117,0.00023903529707931307
19513,2025,3188.046753900411,5159.231763946643,0.0007550412208713204,0.0008346609571226649,769.3251173951261,1287.3264923147938,0.00021307839521733968,0.00023785646924493929
19517,2021,1161.742701001713,3159.2161356182355,0.00018140284152430778,0.0005078781863751294,304.47359887337694,804.7836485951377,7.17098296580106e-05,0.00015387053741682116
19517,2022,1161.742701001713,3159.2161356182355,0.00017930278080886014,0.0005017123545171868,304.47359887337694,804.7836485951377,7.085137069776048e-05,0.00015201019460742734
19517,2023,1161.742701001713,3159.2161356182355,0.00017743529671084633,0.0004962160686576242,304.47359887337694,804.7836485951377,7.009583440375383e-05,0.00015036610036829893
19517,2024,1161.742701001713,3159.2161356182355,0.0001754562794727997,0.000490387383417942,304.47359887337694,804.7836485951377,6.929615597469014e-05,0.0001486167560981644
19517,2025,1161.742701001713,3159.2161356182355,0.0001736480527110112,0.000485078430649601,304.47359887337694,804.7836485951377,6.856588763471824e-05,0.00014702737194993517
19532,2021,440.6503345861198,1099.0373726209427,0.0003043881347938138,0.00045511127742205935,175.07463309320246,412.4687937180073,0.0001519055375900165,0.00022983242943204932
19532,2022,440.6503345861198,1099.0373726209427,0.00030233934533718153,0.00045117837035658464,175.07463309320246,412.4687937180073,0.0001509002366176553,0.0002279105426550419
19532,2023,440.6503345861198,1099.0373726209427,0.00030047628624213914,0.0004476538911552789,175.07463309320246,412.4687937180073,0.00014998479569501103,0.0002261683347162697
19532,2024,440.6503345861198,1099.0373726209427,0.00029843146228926193,0.0004438722402448769,175.07463309320246,412.4687937180073,0.00014897907937026534,0.00022430233512255626
19532,2025,440.6503345861198,1099.0373726209427,0.00029659011626740716,0.00044048099154353,175.07463309320246,412.4687937180073,0.00014807480908969885,0.00022262994750775405
19533,2021,302.57208550700216,810.8483176762113,0.0002878295997897719,0.0003762609973553973,100.73463371301217,261.07635767918225,0.00016396719312470598,0.00016894603787923315
19533,2022,302.57208550700216,810.8483176762113,0.00028459195398289864,0.0003719576793113966,100.73463371301217,261.07635767918225,0.00016206545393378165,0.00016703630442431127
19533,2023,302.57208550700216,810.8483176762113,0.00028168381660642513,0.0003680458973336203,100.73463371301217,261.07635767918225,0.00016035264355855256,0.00016529929024712735
19533,2024,302.57208550700216,810.8483176762113,0.00027886823332487194,0.0003641572298913698,100.73463371301217,261.07635767918225,0.00015869634438833558,0.00016358562053741963
19533,2025,302.57208550700216,810.8483176762113,0.0002762322861728903,0.00036053617553023266,100.73463371301217,261.07635767918225,0.00015714142425803012,0.00016198623147750107
19548,2021,1656.1282973810978,3485.52467853269,0.001050680286226602,0.0011101311834755474,459.5527066232048,923.1927297570886,0.0004077260687381082,0.000389792039029826
19548,2022,1656.1282973810978,3485.52467853269,0.0010379800313938456,0.0010984742157109807,459.5527066232048,923.1927297570886,0.00040274427447829753,0.000385501925132864
19548,2023,1656.1282973810978,3485.52467853269,0.0010271652732565157,0.0010887146218767439,459.5527066232048,923.1927297570886,0.00039849482228142887,0.0003818804170315021
19548,2024,1656.1282973810978,3485.52467853269,0.00101551020928422,0.001078032843209697,459.5527066232048,923.1927297570886,0.0003939232096964025,0.0003779419846788947
19548,2025,1656.1282973810978,3485.52467853269,0.0010050765667917688,0.001068606762561898,459.5527066232048,923.1927297570886,0.00038982568805946563,0.00037444514865574337
19573,2021,3889.0026684627405,5464.022738685017,0.001504144121134269,0.0016153251108091827,917.8119310824369,1346.8802569484533,0.00034845442879901495,0.0003969298896006138
19573,2022,3889.0026684627405,5464.022738685017,0.0014983704842896827,0.0016079385904809913,917.8119310824369,1346.8802569484533,0.00034700758283730043,0.00039490360425900253
19573,2023,3889.0026684627405,5464.022738685017,0.0014951063827389585,0.0016032488765408614,917.8119310824369,1346.8802569484533,0.00034614621052421365,0.0003935409635808613
19573,2024,3889.0026684627405,5464.022738685017,0.001490219552673813,0.001596850497934111,917.8119310824369,1346.8802569484533,0.0003449110504092302,0.0003917646601421489
19573,2025,3889.0026684627405,5464.022738685017,0.001487002316882488,0.0015922374435835603,917.8119310824369,1346.8802569484533,0.000344064226624681,0.0003904269567469688
19585,2021,619.6976490617931,1156.4729874196007,0.0006940266101347668,0.0006283113627310561,212.88896467756578,391.21083808660563,0.00022327898486418455,0.0002056966356884099
19585,2022,619.6976490617931,1156.4729874196007,0.000685053092144905,0.0006206009544958449,212.88896467756578,391.21083808660563,0.00022051088863278323,0.00020324321624474366
19585,2023,619.6976490617931,1156.4729874196007,0.0006771040844757586,0.0006138018107804107,212.88896467756578,391.21083808660563,0.00021808009040639615,0.00020109432356167986
19585,2024,619.6976490617931,1156.4729874196007,0.0006686710580059761,0.0006065896109698292,212.88896467756578,391.21083808660563,0.00021548945922029593,0.0001988053585016255
19585,2025,619.6976490617931,1156.4729874196007,0.0006609717550938219,0.0006000454222589287,212.88896467756578,391.21083808660563,0.00021313405322854776,0.000196733000562634
19622,2021,565.5864519583191,1034.2268183254305,0.0010138679137226278,0.0009937182061776487,217.4283816671439,393.6281298868536,0.00040511375147974716,0.00038188871857845047
19622,2022,565.5864519583191,1034.2268183254305,0.0010019165190051575,0.0009818569432898435,217.4283816671439,393.6281298868536,0.00040050507355352915,0.00037747021068361045
19622,2023,565.5864519583191,1034.2268183254305,0.0009916161802207958,0.0009715585550405778,217.4283816671439,393.6281298868536,0.0003965307786833393,0.00037363663627542194
19622,2024,565.5864519583191,1034.2268183254305,0.0009805391263764081,0.0009605487395886681,217.4283816671439,393.6281298868536,0.00039224965111576103,0.00036953153164177334
19622,2025,565.5864519583191,1034.2268183254305,0.0009705598242131543,0.0009506092730093784,217.4283816671439,393.6281298868536,0.000388392823127531,0.00036582813376276026
19693,2021,504.3645172386078,1181.9480066512074,0.00035060622323597094,0.0005297751667543852,184.72453787092215,413.5154223974569,0.00019713160144127026,0.00024432480336107317
19693,2022,504.3645172386078,1181.9480066512074,0.000348470246179698,0.0005248146392248574,184.72453787092215,413.5154223974569,0.0001960485551556448,0.00024225460465649703
19693,2023,504.3645172386078,1181.9480066512074,0.0003465458842053421,0.0005203987204639671,184.72453787092215,413.5154223974569,0.00019507389363326437,0.00024040989437913517
19693,2024,504.3645172386078,1181.9480066512074,0.0003444471799012439,0.0005157341995555822,184.72453787092215,413.5154223974569,0.0001940015534332147,0.00023845626091352677
19693,2025,504.3645172386078,1181.9480066512074,0.0003425309171475851,0.0005115025532716474,184.72453787092215,413.5154223974569,0.00019301939927569148,0.00023668583177783852
19698,2021,2504.3377066865196,4340.391637271439,0.0009201980479855466,0.0009278072730525963,625.8725509956045,1100.2061871666785,0.0002797546061561322,0.0002799902201379799
19698,2022,2504.3377066865196,4340.391637271439,0.000913282517971326,0.0009210844290714503,625.8725509956045,1100.2061871666785,0.00027728417391837475,0.0002776900250100981
19698,2023,2504.3377066865196,4340.391637271439,0.0009079698329540598,0.0009159416130221557,625.8725509956045,1100.2061871666785,0.00027531045634869014,0.00027587036761554835
19698,2024,2504.3377066865196,4340.391637271439,0.0009017730169694952,0.0009099063367888545,625.8725509956045,1100.2061871666785,0.00027307948674955306,0.000273790198736932
19698,2025,2504.3377066865196,4340.391637271439,0.0008966262689895688,0.0009049145921637515,625.8725509956045,1100.2061871666785,0.0002711716246404457,0.0002720264767788622
19701,2021,487.79077558252266,1206.123566829501,0.000533599004380899,0.0006432611650472063,167.6709351002764,409.0273988726244,0.00021625437557314396,0.00023076470091940805
19701,2022,487.79077558252266,1206.123566829501,0.0005276784602544425,0.0006376449381042552,167.6709351002764,409.0273988726244,0.0002141109217832783,0.00022883004855570955
19701,2023,487.79077558252266,1206.123566829501,0.0005223172109985342,0.0006325904893177604,167.6709351002764,409.0273988726244,0.00021216969294051577,0.0002270870882789093
19701,2024,487.79077558252266,1206.123566829501,0.0005168001291571306,0.0006273734963145144,167.6709351002764,409.0273988726244,0.00021019369125665908,0.0002252962956916001
19701,2025,487.79077558252266,1206.123566829501,0.0005116857025622868,0.0006226308458194829,167.6709351002764,409.0273988726244,0.0002083508919845473,0.00022366352484250773
19743,2021,1393.7749766779486,3186.429222301828,0.0004757008492796928,0.0006092582199032513,385.10264627688116,827.3305401283244,0.00018954706165151143,0.00020151011776935917
19743,2022,1393.7749766779486,3186.429222301828,0.00046986996984395404,0.0006036391935445364,385.10264627688116,827.3305401283244,0.0001872014876605428,0.00019949040431850836
19743,2023,1393.7749766779486,3186.429222301828,0.00046485090187768847,0.0005990184187855651,385.10264627688116,827.3305401283244,0.0001851878018800086,0.00019780487245324958
19743,2024,1393.7749766779486,3186.429222301828,0.0004594755357713685,0.0005938770092476864,385.10264627688116,827.3305401283244,0.00018303111014182768,0.00019595187319370341
19743,2025,1393.7749766779486,3186.429222301828,0.0004546342981624632,0.0005894066006342083,385.10264627688116,827.3305401283244,0.00018108974747614733,0.00019432175184337102
19760,2021,614.1589371855991,1093.7031221329833,0.001014254861640645,0.000999766930375158,227.5557692748109,401.69529045306206,0.00039845268729695404,0.0003771540443562787
19760,2022,614.1589371855991,1093.7031221329833,0.0010022346896158508,0.0009877807856077557,227.5557692748109,401.69529045306206,0.0003938643213647951,0.0003727487170111635
19760,2023,614.1589371855991,1093.7031221329833,0.0009918759837314142,0.0009773707777469502,227.5557692748109,401.69529045306206,0.0003899103625059498,0.0003689280493609377
19760,2024,614.1589371855991,1093.7031221329833,0.0009807418514735642,0.0009662476964999635,227.5557692748109,401.69529045306206,0.00038565520612297876,0.0003648390515606998
19760,2025,614.1589371855991,1093.7031221329833,0.0009707096740234942,0.0009562031791348074,227.5557692748109,401.69529045306206,0.0003818209154232682,0.0003611487994591533
19780,2021,2083.301231118298,3914.152780008796,0.0008430589748342874,0.0008455679243133444,527.6494640887007,1003.2477577391924,0.0002720616601497773,0.00027002137888398913
19780,2022,2083.301231118298,3914.152780008796,0.0008364862792659575,0.000839426816480799,527.6494640887007,1003.2477577391924,0.0002695351523983421,0.0002677538401805575
19780,2023,2083.301231118298,3914.152780008796,0.000831370194102909,0.000834697503321626,527.6494640887007,1003.2477577391924,0.0002674856021247288,0.00026592772150396855
19780,2024,2083.301231118298,3914.152780008796,0.0008254650909706304,0.0008291721608818099,527.6494640887007,1003.2477577391924,0.0002651964333920855,0.00026386531858998903
19780,2025,2083.301231118298,3914.152780008796,0.0008205257220727537,0.0008245894414179544,527.6494640887007,1003.2477577391924,0.00026322620566356406,0.0002621020468739408
19785,2021,495.97491053510447,1178.5631890404636,0.0006197546545041674,0.000621527884545507,192.1966245220413,432.39543047473865,0.0002726949262138975,0.0002633279099051521
19785,2022,495.97491053510447,1178.5631890404636,0.0006141859033570621,0.0006153586075205908,192.1966245220413,432.39543047473865,0.00027042453046006044,0.00026092055001529464
19785,2023,495.97491053510447,1178.5631890404636,0.0006093135610045883,0.0006099266492510055,192.1966245220413,432.39543047473865,0.00026843498860915365,0.0002587996767960547
19785,2024,495.97491053510447,1178.5631890404636,0.000604033569876181,0.0006041258253081791,192.1966245220413,432.39543047473865,0.00026627051753341644,0.0002565298212957523
19785,2025,495.97491053510447,1178.5631890404636,0.0005992648088294999,0.0005988885783940725,192.1966245220413,432.39543047473865,0.00026431326816778416,0.00025448446877316246
19807,2021,1058.5530395420253,2477.583425588236,0.0009836264546258656,0.0009568775185186344,333.5610365567136,693.3092392509863,0.0003867743433138691,0.0003619902861831898
19807,2022,1058.5530395420253,2477.583425588236,0.0009718131775891131,0.0009452639215861601,333.5610365567136,693.3092392509863,0.00038220265617096614,0.00035770563432881267
19807,2023,1058.5530395420253,2477.583425588236,0.0009616509212050019,0.0009351976230366179,333.5610365567136,693.3092392509863,0.0003782681296391129,0.0003539988601669786
19807,2024,1058.5530395420253,2477.583425588236,0.0009507302640521756,0.0009244327391236074,333.5610365567136,693.3092392509863,0.0003740380085680332,0.00035002737133857246
19807,2025,1058.5530395420253,2477.583425588236,0.0009408973905443007,0.0009147166005732253,333.5610365567136,693.3092392509863,0.00037022870109800214,0.0003464465946266574
19809,2021,160.7222918468109,464.94411456276714,0.00033601911983230506,0.00027669814628317375,77.71033849961887,207.83299265263986,0.0002797358850862827,0.00022134865130138938
19809,2022,160.7222918468109,464.94411456276714,0.0003320970405880665,0.0002736849677244998,77.71033849961887,207.83299265263986,0.00027647088074585815,0.00021891791378516432
19809,2023,160.7222918468109,464.94411456276714,0.00032832785364212785,0.0002708142837443078,77.71033849961887,207.83299265263986,0.0002733269483448836,0.00021659591210540302
19809,2024,160.7222918468109,464.94411456276714,0.0003245192385506427,0.0002678607308916959,77.71033849961887,207.83299265263986,0.00027015318485357426,0.00021421188766341994
19809,2025,160.7222918468109,464.94411456276714,0.0003210059654829598,0.0002651652944139747,77.71033849961887,207.83299265263986,0.0002672249394011761,0.00021203409484896578
19821,2021,1985.2269637380616,4181.77707225495,0.00016344044071841553,0.0004929831461068146,503.2187022146723,1065.5299909778478,6.744587031865291e-05,0.00015125303577915626
19821,2022,1985.2269637380616,4181.77707225495,0.00016197632873488944,0.0004893616882362,503.2187022146723,1065.5299909778478,6.675119296322382e-05,0.0001500181426356209
19821,2023,1985.2269637380616,4181.77707225495,0.00016080043169392307,0.0004865632500418044,503.2187022146723,1065.5299909778478,6.617940644054652e-05,0.00014903871786339068
19821,2024,1985.2269637380616,4181.77707225495,0.00015947171426940014,0.00048329423612118364,503.2187022146723,1065.5299909778478,6.55484116963658e-05,0.00014791819699814347
19821,2025,1985.2269637380616,4181.77707225495,0.00015832581629229717,0.0004805720678981213,503.2187022146723,1065.5299909778478,6.499369302576612e-05,0.00014696624032624873
19824,2021,1233.5902511202262,2895.796472488456,0.0010212507685567556,0.0009789189451854146,359.14069345131327,768.6848978886732,0.0003835767187654665,0.00035191497962014823
19824,2022,1233.5902511202262,2895.796472488456,0.001008616752439473,0.0009669414109826901,359.14069345131327,768.6848978886732,0.0003788281113908127,0.00034764535117023655
19824,2023,1233.5902511202262,2895.796472488456,0.0009977530419104479,0.0009565886328644509,359.14069345131327,768.6848978886732,0.00037475120278832334,0.00034396474246612384
19824,2024,1233.5902511202262,2895.796472488456,0.0009861011523842062,0.0009455049068502914,359.14069345131327,768.6848978886732,0.00037037735218632965,0.00034001881974824404
19824,2025,1233.5902511202262,2895.796472488456,0.0009756113515938634,0.000935517979745159,359.14069345131327,768.6848978886732,0.0003664412866393418,0.0003364670014213158
19845,2021,3558.602943961922,5230.090789409748,0.0015450511882882036,0.0016454165223470576,845.5089541677642,1294.8828921419658,0.0003696409037857022,0.000413547407116904
19845,2022,3558.602943961922,5230.090789409748,0.001538673829580623,0.0016376493005889317,845.5089541677642,1294.8828921419658,0.0003679191568334167,0.00041134236400442765
19845,2023,3558.602943961922,5230.090789409748,0.0015348878812124031,0.0016326357824589105,845.5089541677642,1294.8828921419658,0.00036682437274863894,0.00040983152131799386
19845,2024,3558.602943961922,5230.090789409748,0.0015294503363383588,0.0016258897960799287,845.5089541677642,1294.8828921419658,0.0003653393416434333,0.00040789265006286625
19845,2025,3558.602943961922,5230.090789409748,0.0015257342662479921,0.0016209663836724538,845.5089541677642,1294.8828921419658,0.00036426906876192727,0.00040641233553526996
20001,2021,933.0209924574685,1348.706170027349,0.0013203370370272673,0.0013116080203286929,446.1583385442232,683.6690594396574,0.0006014819110067765,0.000620963757631618
20001,2022,933.0209924574685,1348.706170027349,0.001286771769696335,0.0012794200715378317,446.1583385442232,683.6690594396574,0.0005863375642581356,0.0006059729454654073
20001,2023,933.0209924574685,1348.706170027349,0.001255426729407921,0.0012494219012413495,446.1583385442232,683.6690594396574,0.0005721991977968256,0.0005920104853262746
20001,2024,933.0209924574685,1348.706170027349,0.0012256957153064002,0.0012209801068717298,446.1583385442232,683.6690594396574,0.0005587898714878719,0.0005787741427493065
20001,2025,933.0209924574685,1348.706170027349,0.0011984825623078778,0.0011949914010780827,446.1583385442232,683.6690594396574,0.0005465217356698667,0.0005666885121929087
20011,2021,356.41838907488204,537.6222794890741,0.0012545537099079291,0.0011675827182521515,149.59958909736457,233.77597285711994,0.0005014163077047734,0.0004637855471119516
20011,2022,356.41838907488204,537.6222794890741,0.0012302117277377138,0.0011464763568301032,149.59958909736457,233.77597285711994,0.0004917348025845016,0.00045544015782305724
20011,2023,356.41838907488204,537.6222794890741,0.0012077142906937752,0.0011269938655211484,149.59958909736457,233.77597285711994,0.0004827890266232514,0.0004477383918240639
20011,2024,356.41838907488204,537.6222794890741,0.001186680195067754,0.001108771663655424,149.59958909736457,233.77597285711994,0.0004744188709174277,0.00044052876093989636
20011,2025,356.41838907488204,537.6222794890741,0.0011677010831171498,0.0010923575107103078,149.59958909736457,233.77597285711994,0.00046686862866493993,0.0004340396346410073
20013,2021,347.9012399011949,662.8523316543711,0.0005611778250165428,0.000545672651752551,171.16285766236538,334.52489724196414,0.0002853119663446457,0.000279412578331882
20013,2022,347.9012399011949,662.8523316543711,0.000547715809309613,0.0005330193853037182,171.16285766236538,334.52489724196414,0.0002785401416079278,0.0002730078337441067
20013,2023,347.9012399011949,662.8523316543711,0.0005352695124562087,0.0005212995318406566,171.16285766236538,334.52489724196414,0.000272285704730076,0.00026707977678867124
20013,2024,347.9012399011949,662.8523316543711,0.0005235381160274401,0.0005102363120125977,171.16285766236538,334.52489724196414,0.0002663946236183612,0.00026148645103164005
20013,2025,347.9012399011949,662.8523316543711,0.0005129832429787504,0.0005002492061079164,171.16285766236538,334.52489724196414,0.0002611062792416311,0.00025644493350105433
20032,2021,237.90178992902923,587.5786460877887,0.000372111994048124,0.0003694533770787038,140.35087976209007,336.05319014505835,0.0002276557227155234,0.0002293595015571704
20032,2022,237.90178992902923,587.5786460877887,0.00036653463766214586,0.0003635492022242943,140.35087976209007,336.05319014505835,0.00022428769964536092,0.000225745775393401
20032,2023,237.90178992902923,587.5786460877887,0.0003614901537426771,0.00035819387053288236,140.35087976209007,336.05319014505835,0.0002212466308128231,0.00022247085144819185
20032,2024,237.90178992902923,587.5786460877887,0.0003567900540854001,0.000353148373564948,140.35087976209007,336.05319014505835,0.00021840777886017693,0.00021937810309400084
20032,2025,237.90178992902923,587.5786460877887,0.0003526914288985571,0.0003487050331949824,140.35087976209007,336.05319014505835,0.000215931827079624,0.00021665228273733372
20045,2021,258.22891375285116,575.0851094596477,0.0004116372718065726,0.0004639818813043868,130.73638531029636,294.58659110122215,0.0002292493705171572,0.000242385724941875
20045,2022,258.22891375285116,575.0851094596477,0.00040252711181944066,0.00045374651774446843,130.73638531029636,294.58659110122215,0.0002241938177549919,0.0002370835288243322
20045,2023,258.22891375285116,575.0851094596477,0.00039431666383704927,0.00044438026801557216,130.73638531029636,294.58659110122215,0.00021963479524145092,0.00023223554491878513
20045,2024,258.22891375285116,575.0851094596477,0.0003866987178473444,0.00043560175608975193,130.73638531029636,294.58659110122215,0.00021540403225682795,0.0002276944433401613
20045,2025,258.22891375285116,575.0851094596477,0.00038007066432159403,0.00042779441834339715,130.73638531029636,294.58659110122215,0.00021172228182114464,0.00022366223631899144
20060,2021,334.42095717428157,705.840783526789,0.0003928365870334586,0.00045420210978612367,182.54559878825978,390.53425730124746,0.00024142983780511647,0.0002676768221807624
20060,2022,334.42095717428157,705.840783526789,0.0003863477593141502,0.00044511074198522627,182.54559878825978,390.53425730124746,0.00023740121705899468,0.00026247517924605975
20060,2023,334.42095717428157,705.840783526789,0.0003804173555403433,0.0004367409414639414,182.54559878825978,390.53425730124746,0.00023372027161557436,0.00025769345239596994
20060,2024,334.42095717428157,705.840783526789,0.0003748238467140803,0.00042881331296306746,182.54559878825978,390.53425730124746,0.0002302406479951041,0.00025315835884205727
20060,2025,334.42095717428157,705.840783526789,0.00036982920269118264,0.00042167516806632815,182.54559878825978,390.53425730124746,0.0002271304514307442,0.00024907946415288006
20175,2021,194.59516601648357,432.30989846249446,0.0005871721532128829,0.0005050336823109796,112.94869980115665,242.84701103728833,0.00035452917865046597,0.00030958490117588067
20175,2022,194.59516601648357,432.30989846249446,0.0005781605486079188,0.0004971404915455424,112.94869980115665,242.84701103728833,0.0003491798367724362,0.0003048158968290451
20175,2023,194.59516601648357,432.30989846249446,0.00057001055751654,0.0004899950135583013,112.94869980115665,242.84701103728833,0.0003443456100221694,0.00030050081334126856
20175,2024,194.59516601648357,432.30989846249446,0.0005624720340677657,0.0004833240382369715,112.94869980115665,242.84701103728833,0.0003398720696260957,0.0002964691086506566
20175,2025,194.59516601648357,432.30989846249446,0.0005559770252070852,0.00047751204594190385,112.94869980115665,242.84701103728833,0.00033602315469232787,0.00029295821041354304
20178,2021,216.523186974101,516.2695745450782,0.0005467472763720497,0.0005012723973713014,119.06096042906789,279.28265954821785,0.0002995687824710546,0.0002862253526958306
20178,2022,216.523186974101,516.2695745450782,0.0005360535707617424,0.0004920486595082871,119.06096042906789,279.28265954821785,0.0002937035541078563,0.00028100941412456947
20178,2023,216.523186974101,516.2695745450782,0.0005264461613417539,0.0004837204792939699,119.06096042906789,279.28265954821785,0.00028843429674174403,0.0002762992856681551
20178,2024,216.523186974101,516.2695745450782,0.0005175889994466732,0.0004759734595240898,119.06096042906789,279.28265954821785,0.0002835774015921664,0.00027191442879026843
20178,2025,216.523186974101,516.2695745450782,0.0005099317589900825,0.0004692165078813943,119.06096042906789,279.28265954821785,0.00027938195350519476,0.0002680896876447718
20228,2021,164.19930443228938,358.4138739333811,0.0005281580509418501,0.0004588691670102855,89.69773576529549,188.94016180716417,0.0003039666696924635,0.0002679770400746687
20228,2022,164.19930443228938,358.4138739333811,0.0005187530871011523,0.0004509347204642175,89.69773576529549,188.94016180716417,0.00029855625924086413,0.0002633756435920652
20228,2023,164.19930443228938,358.4138739333811,0.0005102294660618295,0.0004437333638872675,89.69773576529549,188.94016180716417,0.0002936533614989895,0.0002592002723804664
20228,2024,164.19930443228938,358.4138739333811,0.0005023443299907648,0.00043702357157907393,89.69773576529549,188.94016180716417,0.0002891153609398988,0.00025530826040158836
20228,2025,164.19930443228938,358.4138739333811,0.0004954925445288515,0.0004311585964818011,89.69773576529549,188.94016180716417,0.0002851738316988523,0.00025190762165592183
20238,2021,497.48455388508063,1101.262484466459,0.0006280686278277298,0.0005631309649920503,273.9584066656951,613.4022845461843,0.0003769498890689508,0.00033733212695875734
20238,2022,497.48455388508063,1101.262484466459,0.0006149034016726781,0.0005510900293543407,273.9584066656951,613.4022845461843,0.00036936612930898023,0.0003304170102563003
20238,2023,497.48455388508063,1101.262484466459,0.0006027099871167677,0.0005399320755114158,273.9584066656951,613.4022845461843,0.0003623594513774355,0.00032402068247327603
20238,2024,497.48455388508063,1101.262484466459,0.0005911389083229524,0.0005293340494720523,273.9584066656951,613.4022845461843,0.00035570172795833694,0.00031793860756664156
20238,2025,497.48455388508063,1101.262484466459,0.0005806330017026474,0.0005197159855665988,273.9584066656951,613.4022845461843,0.0003496710725498215,0.00031242990120023886
20250,2021,269.9751011407015,602.9446838660417,0.00041183000917671843,0.00046637593861915315,145.62888640493037,324.78383753428,0.0002363132976668838,0.0002627236064482393
20250,2022,269.9751011407015,602.9446838660417,0.0004039821905655075,0.0004569618400558962,145.62888640493037,324.78383753428,0.00023182339873717233,0.0002575552463855035
20250,2023,269.9751011407015,602.9446838660417,0.00039688212651569293,0.00044832558525425864,145.62888640493037,324.78383753428,0.00022776110127841373,0.0002528208022969321
20250,2024,269.9751011407015,602.9446838660417,0.0003903029132707595,0.00044020448645307083,145.62888640493037,324.78383753428,0.00022399694633443574,0.00024836843650466884
20250,2025,269.9751011407015,602.9446838660417,0.0003845887954849549,0.0004329609252559362,145.62888640493037,324.78383753428,0.0002207288268466791,0.0002444050558538553
20295,2021,305.55933018283173,503.66150184790854,0.0008478532649994475,0.0008664580771824828,132.5786102118749,224.52356552875366,0.0003786838656370564,0.0003874038095481971
20295,2022,305.55933018283173,503.66150184790854,0.0008315518405306179,0.0008512440643000666,132.5786102118749,224.52356552875366,0.00037146236444040236,0.00038064304787555954
20295,2023,305.55933018283173,503.66150184790854,0.0008164915711278541,0.0008372104595742733,132.5786102118749,224.52356552875366,0.00036479528419849005,0.00037441181177833347
20295,2024,305.55933018283173,503.66150184790854,0.0008024068951304632,0.0008240788937070432,132.5786102118749,224.52356552875366,0.0003585547228276639,0.00036857595016207245
20295,2025,305.55933018283173,503.66150184790854,0.000789693697454151,0.0008122593841808419,132.5786102118749,224.52356552875366,0.00035292444360558186,0.00036332968152813917
20310,2021,463.3084133181218,976.2426807160634,0.0008074146302279441,0.000743825453519402,160.58276494979015,320.84793617999856,0.0003114537127787264,0.00028768292120677806
20310,2022,463.3084133181218,976.2426807160634,0.0007916480328464177,0.0007301359076060144,160.58276494979015,320.84793617999856,0.0003054215371264043,0.0002824735842196149
20310,2023,463.3084133181218,976.2426807160634,0.0007770850756380601,0.0007175127876998738,160.58276494979015,320.84793617999856,0.00029985393421906326,0.00027767376429253793
20310,2024,463.3084133181218,976.2426807160634,0.0007634587976381467,0.0007057095229334838,160.58276494979015,320.84793617999856,0.00029463281147657573,0.00027318110872253624
20310,2025,463.3084133181218,976.2426807160634,0.0007511716113796205,0.0006950957531322023,160.58276494979015,320.84793617999856,0.00028992497033239386,0.0002691468248604654
20383,2021,241.83245472122064,465.7625699168113,0.0005315301383511541,0.000523923311478295,112.14517286046068,220.93810433396035,0.00024184227318615586,0.00025066296672188345
20383,2022,241.83245472122064,465.7625699168113,0.0005220230888428898,0.0005148279284725117,112.14517286046068,220.93810433396035,0.00023760514468443219,0.00024643009454730224
20383,2023,241.83245472122064,465.7625699168113,0.0005132729691947455,0.0005064728389727538,112.14517286046068,220.93810433396035,0.00023371287186715043,0.00024254951501720838
20383,2024,241.83245472122064,465.7625699168113,0.000505062666797772,0.0004986440219965122,112.14517286046068,220.93810433396035,0.00023005016573218704,0.000238908930661639
20383,2025,241.83245472122064,465.7625699168113,0.000497687798592911,0.0004916420444248605,112.14517286046068,220.93810433396035,0.0002267647863485235,0.000235661591136696
20400,2021,219.52559446446472,513.4709265659469,0.00047268071712022275,0.0004311540884633339,113.73234108033304,263.9069712088848,0.00026137710135350813,0.00024044760962873153
20400,2022,219.52559446446472,513.4709265659469,0.0004623461654555086,0.0004225186095650922,113.73234108033304,263.9069712088848,0.0002556960860099449,0.00023565918848781397
20400,2023,219.52559446446472,513.4709265659469,0.00045311009284998985,0.00041473720103890984,113.73234108033304,263.9069712088848,0.00025061577655464897,0.00023134156339133183
20400,2024,219.52559446446472,513.4709265659469,0.00044459122219574286,0.0004075114923478782,113.73234108033304,263.9069712088848,0.0002459295729169172,0.00022732990214647083
20400,2025,219.52559446446472,513.4709265659469,0.0004372398378780919,0.00040121100291457484,113.73234108033304,263.9069712088848,0.000241885123353015,0.00022383008778197757
20443,2021,444.08389361845286,979.0873685782067,0.0005756362596204116,0.0005085406840769751,225.88597816346362,514.4666563926843,0.00029508386634555196,0.00026123187162068986
20443,2022,444.08389361845286,979.0873685782067,0.0005621329501800103,0.000496558924064828,225.88597816346362,514.4666563926843,0.0002883240607363987,0.0002551633361672963
20443,2023,444.08389361845286,979.0873685782067,0.0005495458637476654,0.0004853952503933938,225.88597816346362,514.4666563926843,0.00028203163258528886,0.0002495143262555345
20443,2024,444.08389361845286,979.0873685782067,0.0005376148081037895,0.00047481474661110134,225.88597816346362,514.4666563926843,0.00027607430175080697,0.00024416557213729627
20443,2025,444.08389361845286,979.0873685782067,0.0005266958374995724,0.0004651452490225284,225.88597816346362,514.4666563926843,0.0002706239694697172,0.00023927896112463425
20517,2021,192.76894368326006,404.9328314969344,0.0004606591859297722,0.0005130709279234092,98.12299541321724,205.5171483917922,0.00023939801336685053,0.00025969591315862326
20517,2022,192.76894368326006,404.9328314969344,0.0004538209520990374,0.0005045033650814591,98.12299541321724,205.5171483917922,0.00023580632353283556,0.000255437692759207
20517,2023,192.76894368326006,404.9328314969344,0.0004475554979326843,0.0004966714372391899,98.12299541321724,205.5171483917922,0.0002325223162807854,0.00025155302113958234
20517,2024,192.76894368326006,404.9328314969344,0.0004417026271128099,0.0004893531746643869,98.12299541321724,205.5171483917922,0.00022944804847831757,0.00024791929571986557
20517,2025,192.76894368326006,404.9328314969344,0.0004365464819555681,0.00048286512099891533,98.12299541321724,205.5171483917922,0.00022674617379219076,0.0002447078600903925
20550,2021,213.5732052321393,429.76767613021224,0.0005539205289813196,0.0005460336009867006,104.97507362668338,214.02798395300357,0.0002919309486694566,0.0002790211215532328
20550,2022,213.5732052321393,429.76767613021224,0.0005452479471253263,0.0005369721033640978,104.97507362668338,214.02798395300357,0.0002874019906777522,0.00027449852643838304
20550,2023,213.5732052321393,429.76767613021224,0.000537278065221576,0.0005286636729865647,104.97507362668338,214.02798395300357,0.0002832472802044909,0.00027035969023933077
20550,2024,213.5732052321393,429.76767613021224,0.0005298221282801912,0.0005208880999221821,104.97507362668338,214.02798395300357,0.00027935654010859503,0.00026648316506474283
20550,2025,213.5732052321393,429.76767613021224,0.0005232062145068699,0.0005139683408022724,104.97507362668338,214.02798395300357,0.0002759154378744596,0.0002630442968587179
20570,2021,824.0909409347648,1320.7466780995362,0.0008914081670592165,0.0010406050168670967,407.9167910450067,682.2744017986558,0.0004194011428317499,0.0005095844231492334
20570,2022,824.0909409347648,1320.7466780995362,0.0008688500329983164,0.0010162286768035861,407.9167910450067,682.2744017986558,0.0004089715683677694,0.0004978999735600533
20570,2023,824.0909409347648,1320.7466780995362,0.0008477913998117491,0.0009935520531284979,407.9167910450067,682.2744017986558,0.000399241375970437,0.00048703899984795624
20570,2024,824.0909409347648,1320.7466780995362,0.0008278175386939509,0.0009720641905283683,407.9167910450067,682.2744017986558,0.00039001198881088013,0.0004767476814621354
20570,2025,824.0909409347648,1320.7466780995362,0.0008095358282661113,0.0009524809847002077,407.9167910450067,682.2744017986558,0.00038157086365587985,0.00046737793672463356
20614,2021,598.8671384035831,1375.9762598244674,0.0014910336179651616,0.0013577120192650599,208.3909393257878,447.9042551776767,0.0005717010010725894,0.0005257820139583018
20614,2022,598.8671384035831,1375.9762598244674,0.0014618481821709634,0.0013325479454593604,208.3909393257878,447.9042551776767,0.0005605571252897839,0.0005161332158733542
20614,2023,598.8671384035831,1375.9762598244674,0.0014348649622675466,0.0013093148893185593,208.3909393257878,447.9042551776767,0.0005502546229570188,0.0005072266842110703
20614,2024,598.8671384035831,1375.9762598244674,0.0014096541289534527,0.0012875804636169126,208.3909393257878,447.9042551776767,0.000540623057952815,0.0004988884509928466
20614,2025,598.8671384035831,1375.9762598244674,0.0013869059202255198,0.0012680026623766922,208.3909393257878,447.9042551776767,0.0005319325856186084,0.0004913814083921417
20621,2021,508.3510074272472,1004.8073001599262,0.00045789569355256514,0.0005271333857914579,249.9537283363876,514.0825905001536,0.000225087817190376,0.0002777253941628272
20621,2022,508.3510074272472,1004.8073001599262,0.0004466096458164498,0.0005147793941052634,249.9537283363876,514.0825905001536,0.00021958070403766807,0.00027130628332332473
20621,2023,508.3510074272472,1004.8073001599262,0.0004360832190355435,0.0005033015602437584,249.9537283363876,514.0825905001536,0.00021444572073503238,0.00026534579068578903
20621,2024,508.3510074272472,1004.8073001599262,0.000426108841680482,0.0004924481174803164,249.9537283363876,514.0825905001536,0.00020958194511533118,0.0002597122783245748
20621,2025,508.3510074272472,1004.8073001599262,0.00041703187399151246,0.00048259596430518854,249.9537283363876,514.0825905001536,0.00020516182128932033,0.0002546031975887888
20710,2021,780.4736570806135,1974.2242913698096,0.0006237774040116677,0.0007658127060279608,253.14749436146585,607.3959289410367,0.0002791240929930732,0.0003034195417885512
20710,2022,780.4736570806135,1974.2242913698096,0.0006124252925996559,0.0007551994666411612,253.14749436146585,607.3959289410367,0.0002740758554943463,0.00029909594132465514
20710,2023,780.4736570806135,1974.2242913698096,0.0006019775736497174,0.0007455211805234442,253.14749436146585,607.3959289410367,0.00026943293805857266,0.00029514861650635363
20710,2024,780.4736570806135,1974.2242913698096,0.0005921543174456471,0.0007362567882900421,253.14749436146585,607.3959289410367,0.0002650634718690375,0.0002913767900288746
20710,2025,780.4736570806135,1974.2242913698096,0.0005833470004485562,0.0007280253007720833,253.14749436146585,607.3959289410367,0.00026115133216448325,0.00028802412505054864
20750,2021,567.4720014047849,1011.1578730361412,0.0009943756460773889,0.0010239360299981904,275.507930642235,511.7201743200352,0.00045590709272256885,0.0004925955517612125
20750,2022,567.4720014047849,1011.1578730361412,0.0009692164873061303,0.000998991666259903,275.507930642235,511.7201743200352,0.00044443110520011204,0.0004807388064420105
20750,2023,567.4720014047849,1011.1578730361412,0.0009457301675471901,0.0009757685818581716,275.507930642235,511.7201743200352,0.0004337201575131854,0.00046970602102527366
20750,2024,567.4720014047849,1011.1578730361412,0.0009234636224578509,0.000953776023898833,275.507930642235,511.7201743200352,0.00042356770477182626,0.0004592617163672118
20750,2025,567.4720014047849,1011.1578730361412,0.0009031256275090515,0.0009337296770877247,275.507930642235,511.7201743200352,0.0004143025496606213,0.00044975027149346677
20770,2021,674.089445017363,1796.8953071071824,0.0006338673289888781,0.0005652277498838666,225.90460062093499,561.4922040246454,0.00029008968370625827,0.00024771649231655724
20770,2022,674.089445017363,1796.8953071071824,0.000622293252836044,0.0005559567896814101,225.90460062093499,561.4922040246454,0.0002848033225246449,0.00024362216740700694
20770,2023,674.089445017363,1796.8953071071824,0.0006116338043156738,0.0005474338292218189,225.90460062093499,561.4922040246454,0.00027993621047175374,0.00023985915507256713
20770,2024,674.089445017363,1796.8953071071824,0.000601619596146067,0.0005394201291976437,225.90460062093499,561.4922040246454,0.00027536053311423634,0.00023631605998304675
20770,2025,674.089445017363,1796.8953071071824,0.0005926291491252623,0.0005322276832691845,225.90460062093499,561.4922040246454,0.00027125536067556166,0.00023313927611613597
20787,2021,207.23958040760235,445.85838919032807,0.00045120564608242014,0.0005227843431140385,111.45039416544867,235.72196137981885,0.00025261283953130443,0.00027807017003574053
20787,2022,207.23958040760235,445.85838919032807,0.0004450628602586709,0.00051438727842831,111.45039416544867,235.72196137981885,0.00024919669642714195,0.00027373169425277976
20787,2023,207.23958040760235,445.85838919032807,0.00043944388149003534,0.0005067191449962,111.45039416544867,235.72196137981885,0.0002460780238785455,0.0002697786326690824
20787,2024,207.23958040760235,445.85838919032807,0.00043420409814509935,0.0004995458163066062,111.45039416544867,235.72196137981885,0.0002431681879311194,0.0002660774896456184
20787,2025,207.23958040760235,445.85838919032807,0.00042964029966166355,0.000493202531539262,111.45039416544867,235.72196137981885,0.00024064427852141888,0.00026281633622380463
23001,2021,998.145281739441,1461.2687324462597,0.001365405066650394,0.0013067006345281239,516.8819611561449,764.713444621236,0.0006982351178629397,0.0006742177843302316
23001,2022,998.145281739441,1461.2687324462597,0.0013405756671340222,0.001284532544377337,516.8819611561449,764.713444621236,0.0006855980476865522,0.000662816956704471
23001,2023,998.145281739441,1461.2687324462597,0.001316926774747081,0.0012634863577053218,516.8819611561449,764.713444621236,0.0006735647732260632,0.0006519967529617152
23001,2024,998.145281739441,1461.2687324462597,0.0012944071841090455,0.0012432510980438642,516.8819611561449,764.713444621236,0.0006621064789843359,0.0006415711625624971
23001,2025,998.145281739441,1461.2687324462597,0.0012733930122064802,0.0012245749666492417,516.8819611561449,764.713444621236,0.0006514163666782402,0.000631973401522625
23068,2021,295.92180145811386,736.8345521392183,0.00035596730164588736,0.00037775993410667984,148.74954156232914,372.49714992436225,0.00018700185084269841,0.00018536558343373928
23068,2022,295.92180145811386,736.8345521392183,0.0003527772331806963,0.00037396339940674314,148.74954156232914,372.49714992436225,0.00018514379421245814,0.0001833417204631506
23068,2023,295.92180145811386,736.8345521392183,0.0003498472093345098,0.0003704603882732428,148.74954156232914,372.49714992436225,0.000183436522561063,0.00018147257515416313
23068,2024,295.92180145811386,736.8345521392183,0.0003471594748287827,0.00036719876512264266,148.74954156232914,372.49714992436225,0.00018184603816672281,0.00017971666523026861
23068,2025,295.92180145811386,736.8345521392183,0.00034470274679678474,0.00036422001264409384,148.74954156232914,372.49714992436225,0.00018039712961889445,0.00017811782921777858
23079,2021,381.92923035844,816.6531123381915,0.0005102596739685866,0.000558609281338595,195.83816618008845,422.5121955822957,0.00023838067183296006,0.00027002961036101984
23079,2022,381.92923035844,816.6531123381915,0.00050513280108609,0.0005517838762471802,195.83816618008845,422.5121955822957,0.00023588306505398538,0.0002665596437997421
23079,2023,381.92923035844,816.6531123381915,0.0005003548871490236,0.0005453754441977892,195.83816618008845,422.5121955822957,0.0002335560303473196,0.00026329629977255725
23079,2024,381.92923035844,816.6531123381915,0.0004958997772635501,0.0005392341279581528,195.83816618008845,422.5121955822957,0.0002313687089651319,0.00026012712584954603
23079,2025,381.92923035844,816.6531123381915,0.0004918427647122754,0.0005336743852397275,195.83816618008845,422.5121955822957,0.00022938483179745233,0.0002572842575936631
23090,2021,608.2037005832121,1169.517266562506,0.0005538495559519956,0.0004901822916074885,314.45290962769894,607.1044558148374,0.0002728871042239166,0.00025170324668940055
23090,2022,608.2037005832121,1169.517266562506,0.0005464129911218155,0.00048290409874569276,314.45290962769894,607.1044558148374,0.00026895905780152397,0.00024789223852583964
23090,2023,608.2037005832121,1169.517266562506,0.000539411859632056,0.0004760262976535512,314.45290962769894,607.1044558148374,0.00026525347044917697,0.0002442926227483679
23090,2024,608.2037005832121,1169.517266562506,0.0005323977939476227,0.0004693513649459837,314.45290962769894,607.1044558148374,0.0002616042223015665,0.00024081584504362965
23090,2025,608.2037005832121,1169.517266562506,0.0005262371989882657,0.0004632614740110232,314.45290962769894,607.1044558148374,0.00025833914613090464,0.00023763263482648323
23162,2021,781.8877585576337,1339.2823787799791,0.000607887017448974,0.000661976615661961,431.61426297919576,736.8263947021601,0.0003646537245126896,0.00038607577677938766
23162,2022,781.8877585576337,1339.2823787799791,0.0005977533818591296,0.0006513690372863168,431.61426297919576,736.8263947021601,0.0003586732025808747,0.00037993492668316267
23162,2023,781.8877585576337,1339.2823787799791,0.0005881896273005388,0.0006413945111482856,431.61426297919576,736.8263947021601,0.0003530365439185154,0.00037416518765887084
23162,2024,781.8877585576337,1339.2823787799791,0.0005790782008758144,0.0006318377302236377,431.61426297919576,736.8263947021601,0.00034766628611402917,0.0003686400883354506
23162,2025,781.8877585576337,1339.2823787799791,0.0005706592345084881,0.000623033788851167,431.61426297919576,736.8263947021601,0.00034271243738348415,0.0003635530813702972
23168,2021,772.0343247096127,1353.1207361495974,0.0005512160574210562,0.0006445056050051302,434.21849885322973,756.9679065867773,0.000334082854588924,0.00037950086518913036
23168,2022,772.0343247096127,1353.1207361495974,0.0005427616636878962,0.000634436112681471,434.21849885322973,756.9679065867773,0.00032897751734072987,0.0003736086503885723
23168,2023,772.0343247096127,1353.1207361495974,0.0005349329957030587,0.0006250529866578069,434.21849885322973,756.9679065867773,0.00032425059849241583,0.0003681225022281076
23168,2024,772.0343247096127,1353.1207361495974,0.0005273806550373394,0.000616014317088928,434.21849885322973,756.9679065867773,0.00031969270389087387,0.0003628372877616878
23168,2025,772.0343247096127,1353.1207361495974,0.0005204889321219043,0.0006077259777521951,434.21849885322973,756.9679065867773,0.00031553490412458983,0.00035799426443315716
23182,2021,755.1160224522996,1328.7687899945183,0.0006807210968536189,0.0007880627539019764,424.60613286577745,752.6621140095353,0.00039878709017675376,0.00045371795229883595
23182,2022,755.1160224522996,1328.7687899945183,0.0006700582758567547,0.000775772523594602,424.60613286577745,752.6621140095353,0.00039257254536016615,0.00044669079265498177
23182,2023,755.1160224522996,1328.7687899945183,0.0006601501779925466,0.0007643319083531195,424.60613286577745,752.6621140095353,0.000386798387372104,0.0004401541029339016
23182,2024,755.1160224522996,1328.7687899945183,0.0006505884966181037,0.0007532950501773155,424.60613286577745,752.6621140095353,0.0003812279322728302,0.00043384760740174436
23182,2025,755.1160224522996,1328.7687899945183,0.0006418361871828564,0.0007431764216280512,424.60613286577745,752.6621140095353,0.0003761301122443552,0.00042806895936263716
23189,2021,772.1338312764004,1366.1347334665063,0.0008986197742644756,0.0008241043419763982,427.049664538732,756.0321372143495,0.0004989964894281656,0.00046058455940933786
23189,2022,772.1338312764004,1366.1347334665063,0.000883950192250787,0.0008109692908614197,427.049664538732,756.0321372143495,0.0004909189544854728,0.0004532922848381644
23189,2023,772.1338312764004,1366.1347334665063,0.00087016982789021,0.0007986511314967057,427.049664538732,756.0321372143495,0.0004833361380851565,0.0004464581068006032
23189,2024,772.1338312764004,1366.1347334665063,0.000856981645764326,0.0007868319646089436,427.049664538732,756.0321372143495,0.0004760808130587718,0.00043990185690162575
23189,2025,772.1338312764004,1366.1347334665063,0.0008448164403051749,0.0007759531157206416,427.049664538732,756.0321372143495,0.0004693936783442181,0.0004338710033598483
23300,2021,732.517077028576,1305.0533552344293,0.0008567055342700194,0.0008142463763208509,411.6523678400256,726.4235847519988,0.0004946191597753674,0.00046708171845038214
23300,2022,732.517077028576,1305.0533552344293,0.0008426800586123761,0.0008012916107475229,411.6523678400256,726.4235847519988,0.0004866155104402906,0.0004596919164937492
23300,2023,732.517077028576,1305.0533552344293,0.0008295390367352555,0.0007891614482062763,411.6523678400256,726.4235847519988,0.0004791239043911244,0.0004527785536774557
23300,2024,732.517077028576,1305.0533552344293,0.0008169428548060411,0.000777505499749007,411.6523678400256,726.4235847519988,0.0004719439858065186,0.00044613770879948513
23300,2025,732.517077028576,1305.0533552344293,0.0008053456036336758,0.000766790359902621,411.6523678400256,726.4235847519988,0.0004653413194758059,0.00044003640444426246
23350,2021,309.01006343565837,721.0180642960744,0.00042127464954397424,0.0003856917061895464,142.51436551470357,340.3194393294072,0.0001931249576650403,0.00016900468338664477
23350,2022,309.01006343565837,721.0180642960744,0.00041739568549499674,0.0003818501172368555,142.51436551470357,340.3194393294072,0.0001912201393819966,0.00016716920513249842
23350,2023,309.01006343565837,721.0180642960744,0.00041379288469704507,0.00037828394101963026,142.51436551470357,340.3194393294072,0.00018944910680594523,0.0001654599966872701
23350,2024,309.01006343565837,721.0180642960744,0.00041046360325791076,0.0003749587774066886,142.51436551470357,340.3194393294072,0.0001877934874856167,0.00016385375404002933
23350,2025,309.01006343565837,721.0180642960744,0.0004074390012952891,0.00037191966716619183,142.51436551470357,340.3194393294072,0.00018629577654840284,0.00016238652097631614
23417,2021,626.8191489696693,1167.329391944866,0.0005220830023810277,0.0006071174484769228,354.3300549962926,648.9417200959699,0.0003257279448593472,0.0003580224587877799
23417,2022,626.8191489696693,1167.329391944866,0.0005143641240710212,0.0005977134126322938,354.3300549962926,648.9417200959699,0.00032094178397267225,0.000352507929380982
23417,2023,626.8191489696693,1167.329391944866,0.000507240304103621,0.0005889538359935525,354.3300549962926,648.9417200959699,0.0003165240026953295,0.000347375620251829
23417,2024,626.8191489696693,1167.329391944866,0.0005003689744700192,0.0005805140533163559,354.3300549962926,648.9417200959699,0.0003122661992070417,0.0003424332258501951
23417,2025,626.8191489696693,1167.329391944866,0.0004941218683348766,0.0005727848545883091,354.3300549962926,648.9417200959699,0.0003083968037287393,0.000337909192698925
23419,2021,507.6409954145281,1071.862754239765,0.0005918294315623627,0.0004725547572811556,264.2877781944956,557.471646573689,0.0002657422656937748,0.00023241136023755124
23419,2022,507.6409954145281,1071.862754239765,0.0005844668003939122,0.00046562825006713274,264.2877781944956,557.471646573689,0.0002619492345789987,0.00022886947797357829
23419,2023,507.6409954145281,1071.862754239765,0.0005775484181076181,0.0004590807150930336,264.2877781944956,557.471646573689,0.00025837229220243725,0.00022552277132269191
23419,2024,507.6409954145281,1071.862754239765,0.0005705330169383252,0.00045270374543891474,264.2877781944956,557.471646573689,0.000254840834206017,0.00022228583956292804
23419,2025,507.6409954145281,1071.862754239765,0.0005644748251266531,0.00044690249662146487,264.2877781944956,557.471646573689,0.0002516941169598028,0.00021932462834370133
23464,2021,756.4140936225203,1311.7831489259204,0.0008880663835148427,0.0009360781245285363,425.9272200709044,734.0402078708627,0.000508362907096355,0.0005322077899440967
23464,2022,756.4140936225203,1311.7831489259204,0.0008740007230046851,0.0009211843960593212,425.9272200709044,734.0402078708627,0.0005003601953878533,0.0005238027775261924
23464,2023,756.4140936225203,1311.7831489259204,0.0008609852202869022,0.0009073447737588542,425.9272200709044,734.0402078708627,0.0004929571878333646,0.000515996832258759
23464,2024,756.4140936225203,1311.7831489259204,0.0008483831943786864,0.0008939648507462721,425.9272200709044,734.0402078708627,0.0004857924441436854,0.0005084510316964808
23464,2025,756.4140936225203,1311.7831489259204,0.0008368582713044043,0.0008816964394429002,425.9272200709044,734.0402078708627,0.0004792438585130648,0.0005015364377394104
23466,2021,366.9675982446992,844.6277326371949,0.0005391983891599613,0.0006191805653583826,177.0497145500713,391.570859844583,0.00031278321028134774,0.00031532482703430553
23466,2022,366.9675982446992,844.6277326371949,0.0005335877454735555,0.0006121702822418388,177.0497145500713,391.570859844583,0.0003095400598750111,0.00031162842253120533
23466,2023,366.9675982446992,844.6277326371949,0.0005282327560188824,0.0006055437419373931,177.0497145500713,391.570859844583,0.00030644049400134753,0.00030812345812157447
23466,2024,366.9675982446992,844.6277326371949,0.0005232104349318516,0.0005980864629679482,177.0497145500713,391.570859844583,0.0003035499916149223,0.00030430388124314624
23466,2025,366.9675982446992,844.6277326371949,0.0005187083736451083,0.0005923169236001785,177.0497145500713,391.570859844583,0.00030094618316979223,0.0003012530043665237
23500,2021,463.92619450362855,994.1012770164027,0.0002562860690717748,0.00042141464822963067,260.1620887410256,548.2339470471892,0.0001708147376592076,0.0002456701296892238
23500,2022,463.92619450362855,994.1012770164027,0.00025277971740602083,0.00041487760500173205,260.1620887410256,548.2339470471892,0.0001684710451077923,0.00024187925362287543
23500,2023,463.92619450362855,994.1012770164027,0.00024955038274140825,0.0004087685694527735,260.1620887410256,548.2339470471892,0.0001663114347498277,0.00023834044711105174
23500,2024,463.92619450362855,994.1012770164027,0.000246451384931486,0.00040289482278667326,260.1620887410256,548.2339470471892,0.00016423899497684845,0.00023493960228553333
23500,2025,463.92619450362855,994.1012770164027,0.00024365480926638052,0.0003975098300792949,260.1620887410256,548.2339470471892,0.00016236782047391644,0.0002318233959782377
23555,2021,562.1722794966286,1159.2532020028937,0.0006870215302701324,0.0006670973983684334,288.6958537260419,593.1904131249204,0.0003574628751443608,0.0003351628143304888
23555,2022,562.1722794966286,1159.2532020028937,0.0006767366404808106,0.000657681248125061,288.6958537260419,593.1904131249204,0.00035220340805918945,0.00033034232640560693
23555,2023,562.1722794966286,1159.2532020028937,0.0006670050025549047,0.0006487908716279974,288.6958537260419,593.1904131249204,0.000347231830154121,0.0003257881234509436
23555,2024,562.1722794966286,1159.2532020028937,0.0006577450648592537,0.000640247307168642,288.6958537260419,593.1904131249204,0.00034250225031711275,0.0003213771905810054
23555,2025,562.1722794966286,1159.2532020028937,0.000649199405985401,0.0006324526829775489,288.6958537260419,593.1904131249204,0.0003381430803652732,0.0003173787894988479
23570,2021,556.3134002705922,1176.0239945063915,0.0005817519683860854,0.0006647125875573011,301.30779654645454,634.6704139428213,0.00033809181350610693,0.0003593934550869789
23570,2022,556.3134002705922,1176.0239945063915,0.0005725779568151807,0.0006548014233900899,301.30779654645454,634.6704139428213,0.00033290281298324034,0.0003539549863559629
23570,2023,556.3134002705922,1176.0239945063915,0.0005639259087903061,0.0006454899510717343,301.30779654645454,634.6704139428213,0.0003280185102137577,0.0003488473395120028
23570,2024,556.3134002705922,1176.0239945063915,0.000555686004944143,0.0006366065977959477,301.30779654645454,634.6704139428213,0.0003233674892422739,0.00034396722794728055
23570,2025,556.3134002705922,1176.0239945063915,0.0005480579106949338,0.0006284093086476678,301.30779654645454,634.6704139428213,0.0003190676974477877,0.000339466699208015
23574,2021,494.44081219330747,998.5898762569395,0.0004461958204625966,0.0004962051264882934,268.9646244661606,540.3704743998435,0.00023819644865848076,0.0002665615086383179
23574,2022,494.44081219330747,998.5898762569395,0.0004390497247764757,0.0004883794112189917,268.9646244661606,540.3704743998435,0.00023428626679013005,0.00026233404864329536
23574,2023,494.44081219330747,998.5898762569395,0.0004322886135434421,0.0004810069286303745,268.9646244661606,540.3704743998435,0.0002305895835533548,0.00025835425622657086
23574,2024,494.44081219330747,998.5898762569395,0.00042580037626536657,0.0004738939437649998,268.9646244661606,540.3704743998435,0.00022706123721291056,0.00025452450599437574
23574,2025,494.44081219330747,998.5898762569395,0.00041984440785938017,0.0004673662985871014,268.9646244661606,540.3704743998435,0.00022380544809863485,0.00025100517021100057
23580,2021,291.2641839692779,724.7496494963726,0.00043041291099362003,0.0004746242566049818,131.3725340657219,311.62247049966913,0.00024650721405897967,0.00022563543884577652
23580,2022,291.2641839692779,724.7496494963726,0.00042614216069321016,0.0004702055404663249,131.3725340657219,311.62247049966913,0.00024400843815159087,0.00022339849579596595
23580,2023,291.2641839692779,724.7496494963726,0.00042205212517545693,0.0004660566699396118,131.3725340657219,311.62247049966913,0.00024161103130264288,0.00022128133351997483
23580,2024,291.2641839692779,724.7496494963726,0.00041813991998659514,0.0004607691391667233,131.3725340657219,311.62247049966913,0.0002393643445943916,0.00021870577254897792
23580,2025,291.2641839692779,724.7496494963726,0.0004147222906060244,0.00045718180437302866,131.3725340657219,311.62247049966913,0.00023735837381433201,0.0002168785264406898
23586,2021,696.8686950103823,1256.6265223730168,0.0005369898127145802,0.0006185205499655028,393.9178420457468,703.2823254540764,0.00033138878495207296,0.0003687826794153672
23586,2022,696.8686950103823,1256.6265223730168,0.0005287690443611918,0.0006087996755419318,393.9178420457468,703.2823254540764,0.0003263450252114152,0.0003630397166524273
23586,2023,696.8686950103823,1256.6265223730168,0.0005211810646904311,0.000599758205587913,393.9178420457468,703.2823254540764,0.00032169073506775804,0.0003577033294282231
23586,2024,696.8686950103823,1256.6265223730168,0.0005138455051310144,0.0005910345927258886,393.9178420457468,703.2823254540764,0.0003171935805956126,0.0003525539883075997
23586,2025,696.8686950103823,1256.6265223730168,0.0005071598463937417,0.0005830396313834832,393.9178420457468,703.2823254540764,0.0003130968009808641,0.0003478389225193423
23660,2021,721.8547053551779,1343.8719686523182,0.0008961517425928305,0.0008624977005639304,398.1025054727148,738.1413740380867,0.0004872431952720283,0.0004770089824734404
23660,2022,721.8547053551779,1343.8719686523182,0.0008814564347185609,0.0008487990849251663,398.1025054727148,738.1413740380867,0.00047930952704134126,0.00046948720306993753
23660,2023,721.8547053551779,1343.8719686523182,0.0008676470860822597,0.0008359706098783429,398.1025054727148,738.1413740380867,0.00047185877916929177,0.0004624486048511808
23660,2024,721.8547053551779,1343.8719686523182,0.0008544241643071873,0.0008236494533782519,398.1025054727148,738.1413740380867,0.0004647247020947339,0.00045568787713022433
23660,2025,721.8547053551779,1343.8719686523182,0.0008422210990477591,0.0008123137453379533,398.1025054727148,738.1413740380867,0.00045814503386193417,0.00044947177412148524
23670,2021,820.1291475858717,1392.2671483746064,0.0008311829959274641,0.0009284656596820507,460.01003256082504,781.4242443314483,0.0004748170594932517,0.0005248847724220678
23670,2022,820.1291475858717,1392.2671483746064,0.0008178321565256022,0.0009136660578574014,460.01003256082504,781.4242443314483,0.0004672301134286247,0.0005165655212076549
23670,2023,820.1291475858717,1392.2671483746064,0.0008054618453782588,0.0008999085304200163,460.01003256082504,781.4242443314483,0.0004602015263169634,0.0005088360862003696
23670,2024,820.1291475858717,1392.2671483746064,0.0007934779209430876,0.0008866027647665278,460.01003256082504,781.4242443314483,0.0004533952910188835,0.0005013607772488203
23670,2025,820.1291475858717,1392.2671483746064,0.0007825038774239942,0.0008743956973537796,460.01003256082504,781.4242443314483,0.00044716543209830155,0.0004945063935490236
23672,2021,612.2631184458284,1184.0549243108596,0.0005297861836060093,0.0006026529359192483,347.0064645031647,662.1745323850822,0.0003264424053307907,0.0003568796553727328
23672,2022,612.2631184458284,1184.0549243108596,0.0005217098927478745,0.0005932031790170658,347.0064645031647,662.1745323850822,0.00032150041990088246,0.000351340787943222
23672,2023,612.2631184458284,1184.0549243108596,0.0005142585866857609,0.0005844149986615105,347.0064645031647,662.1745323850822,0.00031694259495879503,0.00034619511140033155
23672,2024,612.2631184458284,1184.0549243108596,0.0005070530286863832,0.0005759341930244702,347.0064645031647,662.1745323850822,0.00031253697771238667,0.00034122854094266946
23672,2025,612.2631184458284,1184.0549243108596,0.0005004876203709194,0.0005681626699296201,347.0064645031647,662.1745323850822,0.00030852493253654946,0.0003366816894102244
23675,2021,496.4938699257168,1043.284125053276,0.0004363951229601069,0.0005282556118335369,282.08999646031543,578.8845060169396,0.0002703964147680108,0.0003088141715845838
23675,2022,496.4938699257168,1043.284125053276,0.0004298851805955365,0.0005199723508999049,282.08999646031543,578.8845060169396,0.0002663977673479081,0.00030400675310893047
23675,2023,496.4938699257168,1043.284125053276,0.00042388417494716263,0.0005122556818551602,282.08999646031543,578.8845060169396,0.0002627136260565795,0.0002995331064955231
23675,2024,496.4938699257168,1043.284125053276,0.00041808660796256817,0.0005048171096872451,282.08999646031543,578.8845060169396,0.00025915620966890715,0.00029522209945188806
23675,2025,496.4938699257168,1043.284125053276,0.0004128130916275735,0.0004979986599288366,282.08999646031543,578.8845060169396,0.00025592286439493915,0.0002912729473507627
23678,2021,796.2548784565805,1378.1581361091644,0.0006820502577871806,0.0007319956787798943,429.6694787559594,744.2481490564863,0.000383298296460111,0.00041034780234244436
23678,2022,796.2548784565805,1378.1581361091644,0.0006709370917946495,0.0007205113551514684,429.6694787559594,744.2481490564863,0.00037711592453285286,0.00040394646201620375
23678,2023,796.2548784565805,1378.1581361091644,0.0006604502574697671,0.0007097133346510146,429.6694787559594,744.2481490564863,0.000371287343011032,0.00039793207262499845
23678,2024,796.2548784565805,1378.1581361091644,0.0006504588006124244,0.0006993747055299183,429.6694787559594,744.2481490564863,0.0003657342399753181,0.00039217588425672175
23678,2025,796.2548784565805,1378.1581361091644,0.0006412258924852974,0.0006898537201794246,429.6694787559594,744.2481490564863,0.00036060822486602484,0.0003868768251428203
23682,2021,285.55813040438994,730.8721897561276,0.0006004891993462551,0.0005003887594803308,123.8412431662846,310.5496819599213,0.0002733962537865973,0.000220280103619895
23682,2022,285.55813040438994,730.8721897561276,0.0005949218922152945,0.0004955504076706853,123.8412431662846,310.5496819599213,0.00027071039943601927,0.00021800137695676775
23682,2023,285.55813040438994,730.8721897561276,0.0005896617244019039,0.0004910116039948012,123.8412431662846,310.5496819599213,0.0002681600487980494,0.0002158483994308879
23682,2024,285.55813040438994,730.8721897561276,0.0005846589611785255,0.0004865936122765657,123.8412431662846,310.5496819599213,0.0002657425769077608,0.00021373334452000665
23682,2025,285.55813040438994,730.8721897561276,0.000580277511761212,0.0004827154582921392,123.8412431662846,310.5496819599213,0.0002636121177069463,0.000211888090925105
23686,2021,703.1321894501233,1245.95833590062,0.0006559504745712381,0.0006968298694340939,391.55492203056093,686.3047195725425,0.00039108817326769635,0.00040470007943390317
23686,2022,703.1321894501233,1245.95833590062,0.0006452498915668923,0.0006857692327165086,391.55492203056093,686.3047195725425,0.00038480315187581826,0.00039831932698898803
23686,2023,703.1321894501233,1245.95833590062,0.0006351771672916735,0.0006753818552308106,391.55492203056093,686.3047195725425,0.0003788943766497923,0.0003923316482611746
23686,2024,703.1321894501233,1245.95833590062,0.0006255731450032772,0.0006654263197893499,391.55492203056093,686.3047195725425,0.0003732604050407716,0.0003865957695695385
23686,2025,703.1321894501233,1245.95833590062,0.0006167205441030597,0.0006562653260282822,391.55492203056093,686.3047195725425,0.0003680754545703523,0.0003813205272223144
23807,2021,337.9889630566534,724.1578889690801,0.00048329553668037333,0.0005793584311416527,158.70458375651637,331.21886819138956,0.00026905419961528856,0.0002881805678736147
23807,2022,337.9889630566534,724.1578889690801,0.0004795036363302196,0.0005736765027530266,158.70458375651637,331.21886819138956,0.0002667377955145989,0.00028513877077479614
23807,2023,337.9889630566534,724.1578889690801,0.0004759437572272402,0.0005683549736622965,158.70458375651637,331.21886819138956,0.00026453505287043214,0.0002822683457435636
23807,2024,337.9889630566534,724.1578889690801,0.00046631555830359186,0.0005554164241502103,158.70458375651637,331.21886819138956,0.00026069274635661245,0.0002763542562775769
23807,2025,337.9889630566534,724.1578889690801,0.0004631468363741354,0.0005506474868248558,158.70458375651637,331.21886819138956,0.00025876639513161353,0.00027380170048506606
23815,2021,841.148071286862,1386.851191237791,0.0008502648710231185,0.0009313844760186314,471.44694901370633,779.2482591147093,0.00048694160813598765,0.0005306670346464022
23815,2022,841.148071286862,1386.851191237791,0.0008365743365626966,0.0009164754441544696,471.44694901370633,779.2482591147093,0.00047913747683251285,0.0005222281835866631
23815,2023,841.148071286862,1386.851191237791,0.0008238915457052955,0.00090262300583468,471.44694901370633,779.2482591147093,0.0004719090705223109,0.0005143916705377711
23815,2024,841.148071286862,1386.851191237791,0.0008116044910956494,0.0008892192378834948,471.44694901370633,779.2482591147093,0.00046490893437867446,0.0005068091466548588
23815,2025,841.148071286862,1386.851191237791,0.000800352165694104,0.0008769228686448857,471.44694901370633,779.2482591147093,0.0004585010472610353,0.0004998569359641358
23855,2021,491.3132023932632,939.2762426495495,0.0006911998052882804,0.0006853324181957687,243.31333931656368,465.24103768832987,0.0003414135014840315,0.0003362146995908206
23855,2022,491.3132023932632,939.2762426495495,0.000683735367588328,0.0006776369460045747,243.31333931656368,465.24103768832987,0.0003374668809055003,0.00033221884453281706
23855,2023,491.3132023932632,939.2762426495495,0.0006767694494968452,0.000670426303945568,243.31333931656368,465.24103768832987,0.00033376313441684137,0.0003284607306748412
23855,2024,491.3132023932632,939.2762426495495,0.0006658123513311567,0.0006583922552166534,243.31333931656368,465.24103768832987,0.00032858007287287405,0.0003229482200342321
23855,2025,491.3132023932632,939.2762426495495,0.0006595636469754697,0.0006519188973296384,243.31333931656368,465.24103768832987,0.00032526493602896194,0.0003195890299053893
25001,2021,6304.463089330955,12298.104879341055,0.000833253719754481,0.0007783559246557721,1225.8014401112025,2372.8639057529654,0.00023190401747942037,0.00019600487902187826
25001,2022,6304.463089330955,12298.104879341055,0.0008269209489756256,0.0007715442776130964,1225.8014401112025,2372.8639057529654,0.0002301816080967731,0.00019431308840058532
25001,2023,6304.463089330955,12298.104879341055,0.0008215401070901915,0.0007657432630234835,1225.8014401112025,2372.8639057529654,0.0002287146395769023,0.00019287742536451349
25001,2024,6304.463089330955,12298.104879341055,0.0008158028671514385,0.0007597062813135367,1225.8014401112025,2372.8639057529654,0.00022710862496346106,0.00019135861033097516
25001,2025,6304.463089330955,12298.104879341055,0.0008109302548317763,0.0007546079501005598,1225.8014401112025,2372.8639057529654,0.00022571963260883195,0.0001900678402975281
25019,2021,5045.704748907353,10576.9272108803,0.0005839638398608165,0.0006990090454573246,975.44068463128,2034.99540709661,0.00015412112929888045,0.00017019043979497135
25019,2022,5045.704748907353,10576.9272108803,0.0005722208187582667,0.0006905557328189435,975.44068463128,2034.99540709661,0.00015120777021308178,0.00016814358642440813
25019,2023,5045.704748907353,10576.9272108803,0.0005614265643596213,0.0006830500169861167,975.44068463128,2034.99540709661,0.00014853506048580965,0.0001663272790854863
25019,2024,5045.704748907353,10576.9272108803,0.0005507410457899335,0.000675394050744825,975.44068463128,2034.99540709661,0.00014587052811397297,0.0001644596350439489
25019,2025,5045.704748907353,10576.9272108803,0.00054097596515186,0.0006686423806504405,975.44068463128,2034.99540709661,0.00014343840221913535,0.00016280903238851578
25035,2021,7272.447084889907,12675.303228055052,0.0007358599120547738,0.0008313329553447151,1375.7322521896895,2414.810948629475,0.00017848068341554343,0.00019364916113632076
25035,2022,7272.447084889907,12675.303228055052,0.0007289817761427494,0.0008233232256895832,1375.7322521896895,2414.810948629475,0.0001767419215530539,0.00019178594014921806
25035,2023,7272.447084889907,12675.303228055052,0.0007230093536651515,0.0008164152478048554,1375.7322521896895,2414.810948629475,0.00017521991942267783,0.00019018202533199104
25035,2024,7272.447084889907,12675.303228055052,0.0007168901778205957,0.0008092858431217594,1375.7322521896895,2414.810948629475,0.00017364408354798806,0.00018850829087146154
25035,2025,7272.447084889907,12675.303228055052,0.0007116524884906681,0.0008031879361479002,1375.7322521896895,2414.810948629475,0.0001722726124155041,0.00018706944350159636
25040,2021,5847.927031412142,11412.768496123466,0.0010078778086260102,0.0009583274860398763,1121.4479678225132,2191.8189179328187,0.00022425560357727643,0.00021275686621912159
25040,2022,5847.927031412142,11412.768496123466,0.0009928656235042791,0.0009474410747510185,1121.4479678225132,2191.8189179328187,0.00022084282914973448,0.00021032683191167807
25040,2023,5847.927031412142,11412.768496123466,0.0009793170879224375,0.0009378306365761384,1121.4479678225132,2191.8189179328187,0.00021775485019880856,0.00020818108899350337
25040,2024,5847.927031412142,11412.768496123466,0.0009658810713596395,0.0009280800598937837,1121.4479678225132,2191.8189179328187,0.00021467736906977187,0.000205988665131885
25040,2025,5847.927031412142,11412.768496123466,0.0009539049480034392,0.0009195737239866441,1121.4479678225132,2191.8189179328187,0.0002119209478789157,0.0002040694739907974
25053,2021,10420.515619823582,14761.468547346454,0.0015059541813563907,0.0014775708854338739,1910.9056720094227,2799.4439029063724,0.0002997052752016737,0.0002821272493449733
25053,2022,10420.515619823582,14761.468547346454,0.0014936584540092674,0.0014645430266086608,1910.9056720094227,2799.4439029063724,0.000297274774244562,0.0002796162402788443
25053,2023,10420.515619823582,14761.468547346454,0.0014832053473406992,0.001453355555985824,1910.9056720094227,2799.4439029063724,0.00029520519717728155,0.0002774557651575973
25053,2024,10420.515619823582,14761.468547346454,0.0014726114206140358,0.0014421266549730417,1910.9056720094227,2799.4439029063724,0.0002930816785982978,0.0002752798574202297
25053,2025,10420.515619823582,14761.468547346454,0.0014638854991081203,0.001432796286720929,1910.9056720094227,2799.4439029063724,0.00029131444348002596,0.0002734626223392313
25086,2021,4506.3714041422245,10676.475744436631,0.0003739096339544088,0.0007580578355967341,906.3966516370185,2094.8871635667942,0.0001223209434878107,0.0001875605386802389
25086,2022,4506.3714041422245,10676.475744436631,0.00037051763043114306,0.000751211217422073,906.3966516370185,2094.8871635667942,0.00012108878937831283,0.00018588525747574236
25086,2023,4506.3714041422245,10676.475744436631,0.00036761572678016026,0.0007455555334239922,906.3966516370185,2094.8871635667942,0.00012001456141003748,0.00018449902751871606
25086,2024,4506.3714041422245,10676.475744436631,0.00036442090294385175,0.0007393157648051239,906.3966516370185,2094.8871635667942,0.00011885071644422579,0.00018296102254473202
25086,2025,4506.3714041422245,10676.475744436631,0.00036161860020755837,0.0007339914060580002,906.3966516370185,2094.8871635667942,0.00011781603978318542,0.00018164498319772577
25095,2021,4922.018988194691,10502.142041514571,0.0005781432894182601,0.0007773432865007245,957.9564239998937,2027.064731533641,0.00015768866643922654,0.00019871980359889674
25095,2022,4922.018988194691,10502.142041514571,0.0005678747644882545,0.0007689988932081138,957.9564239998937,2027.064731533641,0.00015499335776656043,0.00019662885126469013
25095,2023,4922.018988194691,10502.142041514571,0.0005585282999574125,0.0007617488740243743,957.9564239998937,2027.064731533641,0.00015254091312309761,0.00019481889150659481
25095,2024,4922.018988194691,10502.142041514571,0.0005491606077090754,0.0007541623850357464,957.9564239998937,2027.064731533641,0.0001500687545908353,0.0001929027076880149
25095,2025,4922.018988194691,10502.142041514571,0.0005406581199423095,0.0007475412006319786,957.9564239998937,2027.064731533641,0.0001478242844573194,0.00019122845908682026
25099,2021,7884.8745462849165,13084.512464228703,0.0009879225657021668,0.0009188579590151226,1480.4550742616227,2520.3560498063443,0.00019882661812403488,0.0001904043540882211
25099,2022,7884.8745462849165,13084.512464228703,0.0009727488121027654,0.0009078027712412107,1480.4550742616227,2520.3560498063443,0.00019571199177053212,0.00018807369514823056
25099,2023,7884.8745462849165,13084.512464228703,0.000959021349419335,0.0008979478868342057,1480.4550742616227,2520.3560498063443,0.00019288809555453336,0.00018599133345079496
25099,2024,7884.8745462849165,13084.512464228703,0.0009454837172349325,0.0008880764506915574,1480.4550742616227,2520.3560498063443,0.00019009802989544504,0.00018389981617441585
25099,2025,7884.8745462849165,13084.512464228703,0.000933406663376823,0.0008794169398274576,1480.4550742616227,2520.3560498063443,0.0001876006536897185,0.00018205729548020731
25120,2021,5676.0757457552845,10858.516353775794,0.0006555280492902913,0.0005635329043108711,1063.1846183123803,2089.351198259857,0.00017102444936460635,0.00013475727209784192
25120,2022,5676.0757457552845,10858.516353775794,0.0006507916178036032,0.0005587713116614316,1063.1846183123803,2089.351198259857,0.00016987085867412188,0.00013361196179579053
25120,2023,5676.0757457552845,10858.516353775794,0.000646832553928394,0.0005546994311202606,1063.1846183123803,2089.351198259857,0.00016891525348767102,0.0001326297030337062
25120,2024,5676.0757457552845,10858.516353775794,0.0006426079188591078,0.0005505729203745967,1063.1846183123803,2089.351198259857,0.00016784995973578108,0.00013162480242701267
25120,2025,5676.0757457552845,10858.516353775794,0.0006390977397966476,0.0005471240652427126,1063.1846183123803,2089.351198259857,0.00016695137571335266,0.00013077065690674235
25123,2021,6500.749385814647,12016.900272231998,0.0010086736109419482,0.0009739173520840756,1236.5243774943967,2297.6422538330276,0.00022821674177736203,0.00022005730620773688
25123,2022,6500.749385814647,12016.900272231998,0.0009943858567006308,0.000963245580659287,1236.5243774943967,2297.6422538330276,0.0002249853167688488,0.0002176610713030965
25123,2023,6500.749385814647,12016.900272231998,0.0009815261029155673,0.0009538861222554973,1236.5243774943967,2297.6422538330276,0.00022207098743977133,0.00021556358705424996
25123,2024,6500.749385814647,12016.900272231998,0.0009687241169110717,0.0009443254995243059,1236.5243774943967,2297.6422538330276,0.00021915027332381162,0.00021340157123562038
25123,2025,6500.749385814647,12016.900272231998,0.0009573279731769596,0.000936003994423092,1236.5243774943967,2297.6422538330276,0.00021653634574471316,0.00021151385547535517
25126,2021,5490.079028777406,10673.210906739318,0.001453633309548706,0.0011573929044494818,1047.7947572475587,2067.62613443851,0.000294878398780552,0.0002438114815940593
25126,2022,5490.079028777406,10673.210906739318,0.001418787579528424,0.0011398613542389776,1047.7947572475587,2067.62613443851,0.00028795670624910685,0.00024012544741488224
25126,2023,5490.079028777406,10673.210906739318,0.0013865018123605433,0.0011238734761359185,1047.7947572475587,2067.62613443851,0.00028154487612205365,0.00023676118169233456
25126,2024,5490.079028777406,10673.210906739318,0.0013548932082493523,0.0011079141372973746,1047.7947572475587,2067.62613443851,0.00027525936267913756,0.0002333934402491667
25126,2025,5490.079028777406,10673.210906739318,0.001325814605701217,0.0010935196145925494,1047.7947572475587,2067.62613443851,0.00026947773139383277,0.00023035007325552663
25148,2021,958.7320447932943,2378.495242647093,0.0007266863440595937,0.0006837488205853097,225.63406733916287,531.7911060642964,0.00026200610506828454,0.00021956971206473316
25148,2022,958.7320447932943,2378.495242647093,0.0007247754997578484,0.0006784695188163814,225.63406733916287,531.7911060642964,0.00026129491450939293,0.00021795705166944342
25148,2023,958.7320447932943,2378.495242647093,0.0007240991318582402,0.0006741993075595378,225.63406733916287,531.7911060642964,0.00026102024961915184,0.00021666483038178656
25148,2024,958.7320447932943,2378.495242647093,0.0007221971168581402,0.0006691660579215759,225.63406733916287,531.7911060642964,0.00026031217015984185,0.00021511661605017523
25148,2025,958.7320447932943,2378.495242647093,0.0007211371473391742,0.0006649246682680777,225.63406733916287,531.7911060642964,0.00025990600389895485,0.00021381973398165152
25151,2021,10014.135204898841,14362.959107693248,0.001789335302294605,0.0015988881961073065,1824.343863262377,2688.547732366768,0.0003770688888703845,0.0003165501202361542
25151,2022,10014.135204898841,14362.959107693248,0.0017702481400513905,0.0015839771415674284,1824.343863262377,2688.547732366768,0.000372921379617563,0.00031356243090149334
25151,2023,10014.135204898841,14362.959107693248,0.0017534743462919123,0.0015710683700409483,1824.343863262377,2688.547732366768,0.0003692527315385204,0.00031096939947597115
25151,2024,10014.135204898841,14362.959107693248,0.0017367983018632635,0.0015581560365385502,1824.343863262377,2688.547732366768,0.0003655984379509,0.0003083732361706261
25151,2025,10014.135204898841,14362.959107693248,0.0017224745643774665,0.0015473131069282972,1824.343863262377,2688.547732366768,0.0003624248411820907,0.0003061829942848643
25154,2021,2476.655288854404,6962.368998423311,0.0008457293310460177,0.0008668727687442272,511.6988843330488,1373.7628826170685,0.00022594752798943936,0.00024370238281558017
25154,2022,2476.655288854404,6962.368998423311,0.0008322093559116671,0.000856412462255128,511.6988843330488,1373.7628826170685,0.0002227779171212843,0.0002408840186402724
25154,2023,2476.655288854404,6962.368998423311,0.0008197342580870627,0.0008469187163571882,511.6988843330488,1373.7628826170685,0.00021986821824815646,0.00023833531644156417
25154,2024,2476.655288854404,6962.368998423311,0.0008071621643994918,0.0008370762653520452,511.6988843330488,1373.7628826170685,0.00021689870868254598,0.00023567264941603668
25154,2025,2476.655288854404,6962.368998423311,0.000795622262995733,0.0008281535952688527,511.6988843330488,1373.7628826170685,0.00021418515989587249,0.00023326351675251897
25168,2021,3832.1440538809084,9613.509302326273,0.0003897661445849931,0.0006960336949167643,765.775592580885,1880.950573635038,0.00012642515671205799,0.00018488750505430394
25168,2022,3832.1440538809084,9613.509302326273,0.00038569506220451403,0.0006892398037273718,765.775592580885,1880.950573635038,0.00012497534792602088,0.00018309122908985394
25168,2023,3832.1440538809084,9613.509302326273,0.00038218639296337664,0.0006834418447323322,765.775592580885,1880.950573635038,0.00012370322368976915,0.00018156001998596933
25168,2024,3832.1440538809084,9613.509302326273,0.0003783712868004139,0.0006772320429245964,765.775592580885,1880.950573635038,0.00012234176214774415,0.00017990097598309337
25168,2025,3832.1440538809084,9613.509302326273,0.0003750147133851083,0.0006718595077790662,765.775592580885,1880.950573635038,0.00012113101715929871,0.00017846036428993876
25175,2021,6110.678242015413,11320.86867913639,0.0013384748469485058,0.0011053392868254012,1157.7035145795267,2182.380778758235,0.0002698767065179283,0.00023061058673694447
25175,2022,6110.678242015413,11320.86867913639,0.0013062952403224107,0.0010886342684042424,1157.7035145795267,2182.380778758235,0.00026350982786337685,0.00022713793047709753
25175,2023,6110.678242015413,11320.86867913639,0.0012764850266783537,0.0010734066654765379,1157.7035145795267,2182.380778758235,0.00025761278797397963,0.0002239700596683807
25175,2024,6110.678242015413,11320.86867913639,0.0012473263525851043,0.0010582182855987804,1157.7035145795267,2182.380778758235,0.0002518379752833519,0.00022080106038385806
25175,2025,6110.678242015413,11320.86867913639,0.0012205085632443758,0.0010445276168713224,1157.7035145795267,2182.380778758235,0.00024652740053203415,0.00021793946880736066
25178,2021,12248.902298594398,15832.442184753183,0.0015830167099823958,0.0015857590648989742,2204.6633472392323,2941.016854937052,0.00028405345795197033,0.000303122725974737
25178,2022,12248.902298594398,15832.442184753183,0.0015661619566314602,0.0015708105472690597,2204.6633472392323,2941.016854937052,0.00028095607241422784,0.00030021833153519637
25178,2023,12248.902298594398,15832.442184753183,0.001551410918365116,0.001557853805715926,2204.6633472392323,2941.016854937052,0.0002782383413461647,0.0002976939026609867
25178,2024,12248.902298594398,15832.442184753183,0.001536786874835406,0.0015448951818573206,2204.6633472392323,2941.016854937052,0.0002755455570051583,0.00029516694355998077
25178,2025,12248.902298594398,15832.442184753183,0.0015243280580014278,0.0015339961585779677,2204.6633472392323,2941.016854937052,0.00027324301811038326,0.00029303129711879703
25181,2021,7918.111409311043,13032.872246707788,0.0008226311921797866,0.0007881513050259168,1465.4246671199548,2482.2453293155977,0.00015609181247476682,0.00016704662780910075
25181,2022,7918.111409311043,13032.872246707788,0.0008102067460294997,0.0007793210479409827,1465.4246671199548,2482.2453293155977,0.00015376433542850428,0.0001651613241673633
25181,2023,7918.111409311043,13032.872246707788,0.0007989880310990237,0.0007714885413564746,1465.4246671199548,2482.2453293155977,0.00015166301628394768,0.0001634855446645272
25181,2024,7918.111409311043,13032.872246707788,0.0007879365216115488,0.000763650666517297,1465.4246671199548,2482.2453293155977,0.00014958794618209268,0.00016180504375556647
25181,2025,7918.111409311043,13032.872246707788,0.0007781083434816866,0.0007568365762219888,1465.4246671199548,2482.2453293155977,0.00014774154558944069,0.00016033820215803607
25183,2021,2949.5608165299236,7860.8739608117,0.0011690127373505054,0.0009207126992572714,603.747250406745,1578.8396093715535,0.0003066263515787134,0.00024823760629602933
25183,2022,2949.5608165299236,7860.8739608117,0.0011528173903938065,0.0009093521282947381,603.747250406745,1578.8396093715535,0.0003027624888245445,0.0002452646558773683
25183,2023,2949.5608165299236,7860.8739608117,0.0011379554119922044,0.0008989720112689896,603.747250406745,1578.8396093715535,0.00029922827958400104,0.00024255079877089626
25183,2024,2949.5608165299236,7860.8739608117,0.0011228203641769705,0.0008882982081683804,603.747250406745,1578.8396093715535,0.00029559484288951225,0.00023974784994058694
25183,2025,2949.5608165299236,7860.8739608117,0.0011089452034722537,0.0008785578143593675,603.747250406745,1578.8396093715535,0.0002922705229883058,0.0002371895653081992
25200,2021,3820.454768708264,8657.2136252976,0.0013227263504704074,0.0012114070911810194,735.98597944629,1651.3940364584157,0.00029512546584634146,0.00027930514418153963
25200,2022,3820.454768708264,8657.2136252976,0.0012942045330101156,0.0011947621824198325,735.98597944629,1651.3940364584157,0.00028918288359233805,0.0002755330688783424
25200,2023,3820.454768708264,8657.2136252976,0.0012677819861889174,0.0011796032311508161,735.98597944629,1651.3940364584157,0.00028368332422888903,0.00027209556083479866
25200,2024,3820.454768708264,8657.2136252976,0.0012417331146209786,0.0011643125299847746,735.98597944629,1651.3940364584157,0.0002782359470130329,0.0002686094088810817
25200,2025,3820.454768708264,8657.2136252976,0.0012177659861100749,0.001150506357706758,735.98597944629,1651.3940364584157,0.0002732274143310971,0.00026545414281208294
25214,2021,7086.492830514453,12263.122269676627,0.0016288485664037228,0.0012686125347999048,1328.149460670304,2345.9821174172434,0.0003215395390799538,0.0002597407367489035
25214,2022,7086.492830514453,12263.122269676627,0.0015967226514508864,0.0012510969892368968,1328.149460670304,2345.9821174172434,0.00031511584643342295,0.00025610333661773996
25214,2023,7086.492830514453,12263.122269676627,0.0015672681392144344,0.001235275397781934,1328.149460670304,2345.9821174172434,0.0003092205556304724,0.000252811867017483
25214,2024,7086.492830514453,12263.122269676627,0.0015384141949480199,0.0012195129313270323,1328.149460670304,2345.9821174172434,0.0003034428254048056,0.0002495259949211096
25214,2025,7086.492830514453,12263.122269676627,0.0015122269188041014,0.0012054753016434796,1328.149460670304,2345.9821174172434,0.0002981916135465245,0.0002465905565300624
25224,2021,2739.4838632190276,7341.862173720784,0.0011860738185181777,0.0009685784729554624,558.9358810092158,1442.0356424464571,0.00030839147563094336,0.0002614860189522697
25224,2022,2739.4838632190276,7341.862173720784,0.0011694772232299885,0.0009566606002290533,558.9358810092158,1442.0356424464571,0.0003044501831309077,0.0002583699460415519
25224,2023,2739.4838632190276,7341.862173720784,0.0011542235521020626,0.0009457691726060393,558.9358810092158,1442.0356424464571,0.0003008393789184257,0.000255526676931745
25224,2024,2739.4838632190276,7341.862173720784,0.0011387111114026932,0.0009345651746244831,558.9358810092158,1442.0356424464571,0.00029713507066293483,0.00025258846340759034
25224,2025,2739.4838632190276,7341.862173720784,0.0011244814930437268,0.0009243407595429052,558.9358810092158,1442.0356424464571,0.0002937439829593356,0.00024990809628127193
25245,2021,8599.101742946239,13648.772639285147,0.0009027562666834927,0.0009308223596457375,1609.8385075098192,2621.3526764995227,0.00020193494992836554,0.00021061450173477154
25245,2022,8599.101742946239,13648.772639285147,0.0008909584113744143,0.0009210233451408149,1609.8385075098192,2621.3526764995227,0.0001993069613276923,0.0002084257966133969
25245,2023,8599.101742946239,13648.772639285147,0.0008804037966987962,0.0009124653020934438,1609.8385075098192,2621.3526764995227,0.00019695205225528484,0.00020652059793837166
25245,2024,8599.101742946239,13648.772639285147,0.0008698948546562954,0.0009037218799812254,1609.8385075098192,2621.3526764995227,0.00019459043238363797,0.0002045534142768172
25245,2025,8599.101742946239,13648.772639285147,0.0008606170619594758,0.0008961582963281363,1609.8385075098192,2621.3526764995227,0.00019249385350916288,0.00020284721326757868
25258,2021,2688.660654728804,7352.575867313439,0.0006888815171057437,0.0005736923284658731,539.6461983977605,1428.564827815522,0.00021433518518900523,0.0001716555612174178
25258,2022,2688.660654728804,7352.575867313439,0.0006787544788863607,0.000566825959300101,539.6461983977605,1428.564827815522,0.00021175014427036337,0.0001697004291570539
25258,2023,2688.660654728804,7352.575867313439,0.000669744132218385,0.000560738055770745,539.6461983977605,1428.564827815522,0.00020949430564749991,0.0001679747913707633
25258,2024,2688.660654728804,7352.575867313439,0.0006604385768476402,0.0005543275910328377,539.6461983977605,1428.564827815522,0.0002070955758502057,0.00016613672565181739
25258,2025,2688.660654728804,7352.575867313439,0.0006521088127688387,0.0005486190446892961,539.6461983977605,1428.564827815522,0.00020497625548519514,0.00016450358828609617
25260,2021,6012.2770008276275,11505.946250779592,0.001051323556839375,0.001004138509657132,1152.237301900589,2251.640615452293,0.00022225011840886993,0.00022157919185734586
25260,2022,6012.2770008276275,11505.946250779592,0.0010267765529375435,0.0009900376655452112,1152.237301900589,2251.640615452293,0.00021719302064921025,0.0002185441154717321
25260,2023,6012.2770008276275,11505.946250779592,0.0010040790769567927,0.000977310837622018,1152.237301900589,2251.640615452293,0.00021251902649699662,0.0002158116168869256
25260,2024,6012.2770008276275,11505.946250779592,0.0009818566616804918,0.0009645146848518367,1152.237301900589,2251.640615452293,0.0002079343774267685,0.00021304587141192355
25260,2025,6012.2770008276275,11505.946250779592,0.0009614535177735741,0.0009530718686731466,1152.237301900589,2251.640615452293,0.00020372633143053896,0.00021057373901461
25269,2021,6064.098375813481,11306.925394996199,0.001037662329919236,0.000973084742672544,1151.7698182650793,2161.719671032365,0.00021485556763343818,0.0002115595042505934
25269,2022,6064.098375813481,11306.925394996199,0.0010212519520243443,0.0009617302918989837,1151.7698182650793,2161.719671032365,0.00021137054561202876,0.00020908888099486743
25269,2023,6064.098375813481,11306.925394996199,0.0010063773228884516,0.0009516660495680843,1151.7698182650793,2161.719671032365,0.0002082027761439435,0.000206899752641405
25269,2024,6064.098375813481,11306.925394996199,0.0009916873683992263,0.0009414878648307517,1151.7698182650793,2161.719671032365,0.00020506733092164728,0.00020466953363113336
25269,2025,6064.098375813481,11306.925394996199,0.0009785379905977822,0.0009325805277732004,1151.7698182650793,2161.719671032365,0.00020224919127789182,0.00020271227786539375
25279,2021,6808.93187283561,12078.986433303764,0.0009997569274410292,0.00082054649773028,1276.7864889377176,2313.925157653638,0.0002466967544466035,0.00018577360650773433
25279,2022,6808.93187283561,12078.986433303764,0.000986166352344578,0.0008116635598340631,1276.7864889377176,2313.925157653638,0.00024347261515439864,0.00018378527526709149
25279,2023,6808.93187283561,12078.986433303764,0.0009739284278657337,0.0008038115271080594,1276.7864889377176,2313.925157653638,0.00024056619289661546,0.00018202728559666117
25279,2024,6808.93187283561,12078.986433303764,0.000961805047365315,0.0007959484304080277,1276.7864889377176,2313.925157653638,0.00023767080461582218,0.00018026276470725562
25279,2025,6808.93187283561,12078.986433303764,0.0009510292957204338,0.0007891403063455628,1276.7864889377176,2313.925157653638,0.00023508685814881567,0.00017873224722771017
25281,2021,10424.840533874341,14597.483115397808,0.001705265918047099,0.0015588008629508394,1897.9668865190733,2731.8067145935556,0.0003633469104897861,0.00030838553055036996
25281,2022,10424.840533874341,14597.483115397808,0.0016883123175413777,0.0015445736114266969,1897.9668865190733,2731.8067145935556,0.00035954118435816334,0.00030553484814474985
25281,2023,10424.840533874341,14597.483115397808,0.0016735166788716326,0.0015322941166020516,1897.9668865190733,2731.8067145935556,0.00035618936054820357,0.0003030680459645952
25281,2024,10424.840533874341,14597.483115397808,0.0016587732946603535,0.0015200117561669244,1897.9668865190733,2731.8067145935556,0.00035284486167227,0.0003005990180713642
25281,2025,10424.840533874341,14597.483115397808,0.001646229677418842,0.0015097441070721638,1897.9668865190733,2731.8067145935556,0.00034995661072714866,0.00029852512129612305
25286,2021,7694.5267212761055,12885.738260610644,0.0013741245524052147,0.0011343667643847152,1440.5458354778114,2477.9572241026963,0.00027063274055814045,0.00023096560361950377
25286,2022,7694.5267212761055,12885.738260610644,0.0013487425936701005,0.0011191882306936904,1440.5458354778114,2477.9572241026963,0.0002655499543263249,0.0002278333833327329
25286,2023,7694.5267212761055,12885.738260610644,0.0013255488936918952,0.0011055162821044118,1440.5458354778114,2477.9572241026963,0.0002608993494936196,0.00022500720793215307
25286,2024,7694.5267212761055,12885.738260610644,0.001302796161882754,0.0010918888949748812,1440.5458354778114,2477.9572241026963,0.0002563341876444347,0.00022218378772578273
25286,2025,7694.5267212761055,12885.738260610644,0.0012822297137867074,0.0010797936115013204,1440.5458354778114,2477.9572241026963,0.00025220014742484897,0.00021966988563284224
25288,2021,1230.8818803421927,2448.422087302557,0.0012511579133924395,0.0010956171580384347,306.3623757938546,604.5698497620375,0.0003381806373026375,0.0003050229265571324
25288,2022,1230.8818803421927,2448.422087302557,0.001237113228845445,0.0010832624383814511,306.3623757938546,604.5698497620375,0.00033469423007358656,0.00030168941901343767
25288,2023,1230.8818803421927,2448.422087302557,0.0012242941625156948,0.0010720093225013696,306.3623757938546,604.5698497620375,0.00033152515783793694,0.0002986602422540456
25288,2024,1230.8818803421927,2448.422087302557,0.0012110122219134293,0.0010603317597042237,306.3623757938546,604.5698497620375,0.00032820978379618067,0.00029550276574272455
25288,2025,1230.8818803421927,2448.422087302557,0.0011988902890891387,0.001049685634856484,306.3623757938546,604.5698497620375,0.0003251931548812213,0.00029262736683286026
25290,2021,11123.215802785639,15290.674520076205,0.0015550391667562607,0.0015316867864005438,2038.0875139613352,2896.41707674975,0.0003113160352391806,0.000292958691044686
25290,2022,11123.215802785639,15290.674520076205,0.0015420958672964613,0.0015179076461975319,2038.0875139613352,2896.41707674975,0.00030872651692502714,0.0002902913859274633
25290,2023,11123.215802785639,15290.674520076205,0.0015310596806674774,0.0015060403385114389,2038.0875139613352,2896.41707674975,0.00030651323011207735,0.0002879889756650855
25290,2024,11123.215802785639,15290.674520076205,0.0015198840974108595,0.0014941343923714795,2038.0875139613352,2896.41707674975,0.00030424532821720013,0.00028567205156560004
25290,2025,11123.215802785639,15290.674520076205,0.0015106418986283057,0.0014842005245297091,2038.0875139613352,2896.41707674975,0.000302348846156426,0.0002837286813494482
25293,2021,3540.965650186627,8711.20004454237,0.0002459343701483241,0.0005283565312865694,702.7190212315129,1710.6544307250006,8.962799826636334e-05,0.00014019443124574347
25293,2022,3540.965650186627,8711.20004454237,0.000242822847780732,0.0005224189923314233,702.7190212315129,1710.6544307250006,8.867358181398507e-05,0.00013861893382809305
25293,2023,3540.965650186627,8711.20004454237,0.00024000657018568433,0.0005171235341708163,702.7190212315129,1710.6544307250006,8.781945950999084e-05,0.00013721026093078107
25293,2024,3540.965650186627,8711.20004454237,0.00023708580905592737,0.0005117630959408283,702.7190212315129,1710.6544307250006,8.691529304966157e-05,0.00013577716239499362
25293,2025,3540.965650186627,8711.20004454237,0.0002344436075617629,0.0005070438813455945,702.7190212315129,1710.6544307250006,8.610489867244695e-05,0.00013450793546734426
25295,2021,4214.933802946839,9328.386012419589,0.0010985257776201462,0.0010628003850543092,817.6954436873287,1822.331101351191,0.00023436764844481453,0.00023723817615062303
25295,2022,4214.933802946839,9328.386012419589,0.0010731648121091214,0.0010482039092403865,817.6954436873287,1822.331101351191,0.0002293065980451502,0.00023403212110910615
25295,2023,4214.933802946839,9328.386012419589,0.0010496647932741467,0.0010349310160060997,817.6954436873287,1822.331101351191,0.0002246231644748971,0.0002311138413230554
25295,2024,4214.933802946839,9328.386012419589,0.0010265895249955692,0.001021572842505721,817.6954436873287,1822.331101351191,0.00022000403189971883,0.00022816252393563995
25295,2025,4214.933802946839,9328.386012419589,0.0010053553241710365,0.001009537105499054,817.6954436873287,1822.331101351191,0.00021575729368317548,0.00022549596452445115
25297,2021,3569.961949159663,8772.954470632623,0.0006275648253644105,0.0008336863842006819,703.4476141271376,1725.1605987506182,0.00016746217393761486,0.0002135757445528758
25297,2022,3569.961949159663,8772.954470632623,0.0006164822196175998,0.0008239603940369022,703.4476141271376,1725.1605987506182,0.00016495951683408083,0.00021111746399571406
25297,2023,3569.961949159663,8772.954470632623,0.0006062711643974321,0.0008151985527734547,703.4476141271376,1725.1605987506182,0.00016266876246762298,0.00020890004760519538
25297,2024,3569.961949159663,8772.954470632623,0.000596033280242809,0.0008062772171515631,703.4476141271376,1725.1605987506182,0.00016033531556095435,0.00020663075276389684
25297,2025,3569.961949159663,8772.954470632623,0.0005866415593614844,0.000798301600359129,703.4476141271376,1725.1605987506182,0.0001582048692468239,0.0002045946317294291
25299,2021,3960.5453231981714,9206.063016273562,0.0004740252614209656,0.0007434771908468462,772.2368083293112,1795.0552962334664,0.0001257297790572227,0.00018931875330184937
25299,2022,3960.5453231981714,9206.063016273562,0.00046473422406514145,0.0007348900169371494,772.2368083293112,1795.0552962334664,0.00012368346368219637,0.00018716791134280801
25299,2023,3960.5453231981714,9206.063016273562,0.0004561691278068422,0.0007271830641010515,772.2368083293112,1795.0552962334664,0.00012181030934522076,0.0001852362748612655
25299,2024,3960.5453231981714,9206.063016273562,0.0004476602379184759,0.0007193605426951257,772.2368083293112,1795.0552962334664,0.00011992083014337418,0.00018326613773870834
25299,2025,3960.5453231981714,9206.063016273562,0.0004398624540317424,0.0007124047654881437,772.2368083293112,1795.0552962334664,0.00011819893323427126,0.0001815085604027244
25307,2021,4982.545983457872,11009.45035588737,0.0009301411546600282,0.0007175125621882479,1014.8369036804652,2162.217290621185,0.00033116916095401756,0.00021367863862200738
25307,2022,4982.545983457872,11009.45035588737,0.0009244415194877406,0.0007119235197413013,1014.8369036804652,2162.217290621185,0.00032908061253634515,0.00021203658529664812
25307,2023,4982.545983457872,11009.45035588737,0.0009198120040219173,0.0007073049326002721,1014.8369036804652,2162.217290621185,0.00032736856807020906,0.00021068436453332878
25307,2024,4982.545983457872,11009.45035588737,0.0009141956024762277,0.0007022301899525295,1014.8369036804652,2162.217290621185,0.00032531257574006214,0.00020917978818455697
25307,2025,4982.545983457872,11009.45035588737,0.0009093146882012727,0.0006979510219348421,1014.8369036804652,2162.217290621185,0.0003235170865692686,0.0002079060145581101
25312,2021,10285.215845661613,14853.790006301359,0.0017811783172911252,0.0016732671820599706,1893.6453708805548,2824.575851422273,0.00034817614859208537,0.00031992982701691826
25312,2022,10285.215845661613,14853.790006301359,0.0017619314452455908,0.0016568982804132655,1893.6453708805548,2824.575851422273,0.00034431904627994455,0.00031672361148684915
25312,2023,10285.215845661613,14853.790006301359,0.0017450295666092514,0.0016426483808583223,1893.6453708805548,2824.575851422273,0.0003409187063745422,0.00031392335639973294
25312,2024,10285.215845661613,14853.790006301359,0.0017281915023922843,0.0016283854045867168,1893.6453708805548,2824.575851422273,0.000337517102244594,0.0003111147911844002
25312,2025,10285.215845661613,14853.790006301359,0.001713734745690153,0.0016163025858574828,1893.6453708805548,2824.575851422273,0.00033457302110051035,0.0003087211095722194
25317,2021,1254.9104169352097,2458.9371126520414,0.0011564988802833522,0.0011031470353451826,313.4687524342905,608.4552468899549,0.00032264456985228984,0.00030809944671884794
25317,2022,1254.9104169352097,2458.9371126520414,0.0011446972162967037,0.0010910791612501129,313.4687524342905,608.4552468899549,0.0003195278809629862,0.0003047967868951173
25317,2023,1254.9104169352097,2458.9371126520414,0.0011339710827387656,0.0010801210677657226,313.4687524342905,608.4552468899549,0.00031670443939600136,0.0003018019176968008
25317,2024,1254.9104169352097,2458.9371126520414,0.0011227378686975622,0.0010687135709449786,313.4687524342905,608.4552468899549,0.0003137276228975968,0.00029867490905844806
25317,2025,1254.9104169352097,2458.9371126520414,0.001112510514275216,0.0010583079602266537,313.4687524342905,608.4552468899549,0.0003110234181466193,0.0002958246695618268
25320,2021,2654.1704796669155,7741.549197553038,0.0006599401676016679,0.0005572105904960948,540.3238022313254,1517.4229236287895,0.0001979900835267672,0.00015619965383028542
25320,2022,2654.1704796669155,7741.549197553038,0.0006562606273540015,0.0005517931951016879,540.3238022313254,1517.4229236287895,0.00019677008724056428,0.00015467668563152822
25320,2023,2654.1704796669155,7741.549197553038,0.0006535998948927039,0.0005472071006612932,540.3238022313254,1517.4229236287895,0.00019585150725470865,0.00015338166760641214
25320,2024,2654.1704796669155,7741.549197553038,0.0006500658008879259,0.0005421039880413282,540.3238022313254,1517.4229236287895,0.00019468262031508112,0.0001519411565213988
25320,2025,2654.1704796669155,7741.549197553038,0.0006472699356772001,0.0005376619754765382,540.3238022313254,1517.4229236287895,0.00019373926103885783,0.0001506857155335727
25322,2021,5452.526526907684,10769.281096844563,0.0009357728758176907,0.0008997295142220607,1033.6171219625799,2079.0736316167263,0.00019525043831087848,0.00020100882670625415
25322,2022,5452.526526907684,10769.281096844563,0.0009141318317648638,0.0008873020294965057,1033.6171219625799,2079.0736316167263,0.00019097097814931978,0.00019829210279915746
25322,2023,5452.526526907684,10769.281096844563,0.0008940902604467455,0.0008760327289130938,1033.6171219625799,2079.0736316167263,0.0001870133043114707,0.00019582922178947148
25322,2024,5452.526526907684,10769.281096844563,0.0008744411815827625,0.0008647581683769657,1033.6171219625799,2079.0736316167263,0.00018311991234172008,0.0001933574657176777
25322,2025,5452.526526907684,10769.281096844563,0.0008563735055255449,0.0008546573922572373,1033.6171219625799,2079.0736316167263,0.00017954371851209208,0.00019114144195165247
25324,2021,5055.879454432768,11211.470662284042,0.0007440832302596224,0.0007149452373048561,1019.3711315392509,2200.2040291262756,0.0002630568666924888,0.00020127044596516443
25324,2022,5055.879454432768,11211.470662284042,0.0007391860947278785,0.0007090105902208718,1019.3711315392509,2200.2040291262756,0.0002612363390658679,0.0001996206487161898
25324,2023,5055.879454432768,11211.470662284042,0.0007351946858434006,0.000704083727946603,1019.3711315392509,2200.2040291262756,0.00025973268914760393,0.00019825392682269846
25324,2024,5055.879454432768,11211.470662284042,0.0007304485907020945,0.0006986861194797613,1019.3711315392509,2200.2040291262756,0.00025796796506012936,0.00019674045678971192
25324,2025,5055.879454432768,11211.470662284042,0.0007263334018968947,0.000694100189104938,1019.3711315392509,2200.2040291262756,0.0002564258271245545,0.0001954498848738661
25326,2021,4342.213558350539,9553.333325563895,0.00112120911103039,0.0010642305394566707,838.6340836244548,1862.5962546617513,0.00023763371773227133,0.00023679209377187825
25326,2022,4342.213558350539,9553.333325563895,0.0010960457403432833,0.0010497403670079967,838.6340836244548,1862.5962546617513,0.00023264349387555928,0.00023362300167861766
25326,2023,4342.213558350539,9553.333325563895,0.0010727480026839534,0.001036569162809455,838.6340836244548,1862.5962546617513,0.00022803006906237615,0.00023073959207391357
25326,2024,4342.213558350539,9553.333325563895,0.0010498288592009823,0.001023308732341358,838.6340836244548,1862.5962546617513,0.00022347145082524767,0.00022782332451917715
25326,2025,4342.213558350539,9553.333325563895,0.0010287504850321485,0.001011365803838918,838.6340836244548,1862.5962546617513,0.00021928302295285326,0.00022518939331558923
25328,2021,4931.8442986704695,10488.933914180658,0.0005845910927069243,0.000692698150652192,957.5273556076481,2023.1040200169032,0.00015323577664962525,0.00016989073210724588
25328,2022,4931.8442986704695,10488.933914180658,0.0005736283121174543,0.0006845269516034368,957.5273556076481,2023.1040200169032,0.00015045274950927268,0.00016788925888572973
25328,2023,4931.8442986704695,10488.933914180658,0.0005636084840236186,0.0006772999048055423,957.5273556076481,2023.1040200169032,0.0001479084966588051,0.00016611865849010466
25328,2024,4931.8442986704695,10488.933914180658,0.0005536133838678996,0.0006698931417946555,957.5273556076481,2023.1040200169032,0.0001453589483218701,0.00016429084165372484
25328,2025,4931.8442986704695,10488.933914180658,0.0005445155624083504,0.0006633761641665001,957.5273556076481,2023.1040200169032,0.00014303718467847118,0.00016267826262028688
25335,2021,7811.4242572604235,12659.466644169288,0.0007475555046814749,0.0007249666884005946,1465.811724918148,2408.071381391698,0.00020346441595498656,0.00017712592181069303
25335,2022,7811.4242572604235,12659.466644169288,0.0007404465248089722,0.0007179746045309716,1465.811724918148,2408.071381391698,0.00020138881415381077,0.00017542041182398287
25335,2023,7811.4242572604235,12659.466644169288,0.0007342279884611601,0.0007118876734577308,1465.811724918148,2408.071381391698,0.00019955090517475554,0.00017393404550916118
25335,2024,7811.4242572604235,12659.466644169288,0.0007279872695105307,0.0007058009384278571,1465.811724918148,2408.071381391698,0.00019770395400923042,0.00017244636672983311
25335,2025,7811.4242572604235,12659.466644169288,0.0007226372557241229,0.0007006255818875859,1465.811724918148,2408.071381391698,0.0001960895823284918,0.0001711745713480848
25339,2021,10499.093493547929,14535.83099972698,0.001587423718441205,0.0015393413541677358,1905.743288295409,2712.1388778784008,0.00033673898626746575,0.0003123687172649831
25339,2022,10499.093493547929,14535.83099972698,0.0015734840735522509,0.0015257776351705243,1905.743288295409,2712.1388778784008,0.00033361638017510604,0.0003095882576997063
25339,2023,10499.093493547929,14535.83099972698,0.0015614824460742753,0.0015141272470385575,1905.743288295409,2712.1388778784008,0.00033089846481832125,0.0003071943937411739
25339,2024,10499.093493547929,14535.83099972698,0.001549458104281039,0.001502466242463598,1905.743288295409,2712.1388778784008,0.0003281718799530431,0.0003047969807803614
25339,2025,10499.093493547929,14535.83099972698,0.001539410230411877,0.001492766372015844,1905.743288295409,2712.1388778784008,0.0003258505038951506,0.00030278979845594554
25368,2021,5618.859402829823,11786.949482733815,0.0004765933030211725,0.0006483778548711487,1105.8475641857356,2293.2505004180525,0.00017457319106157793,0.00017319479380760206
25368,2022,5618.859402829823,11786.949482733815,0.00047230755321196754,0.0006420683703222246,1105.8475641857356,2293.2505004180525,0.00017298693807810388,0.00017154400185600256
25368,2023,5618.859402829823,11786.949482733815,0.00046856264873067536,0.0006366430117518112,1105.8475641857356,2293.2505004180525,0.00017159731969273534,0.00017012811776619558
25368,2024,5618.859402829823,11786.949482733815,0.0004644873418166177,0.0006309464203685006,1105.8475641857356,2293.2505004180525,0.00017008213203602217,0.00016862798002650358
25368,2025,5618.859402829823,11786.949482733815,0.0004608422655378065,0.0006260269074807893,1105.8475641857356,2293.2505004180525,0.00016872228019118634,0.00016733031244740634
25372,2021,4755.097629453642,10092.452127324224,0.00046387178636235867,0.000598198918577036,911.1071652975013,1952.3757580201118,0.0001063557280498569,0.00013928351405241077
25372,2022,4755.097629453642,10092.452127324224,0.00045434046587307896,0.0005908897551242517,911.1071652975013,1952.3757580201118,0.00010440976846979375,0.00013761473246869107
25372,2023,4755.097629453642,10092.452127324224,0.000445541303252785,0.0005843272554426954,911.1071652975013,1952.3757580201118,0.00010262040956350815,0.00013611644004420256
25372,2024,4755.097629453642,10092.452127324224,0.0004368381657094102,0.0005777287965585538,911.1071652975013,1952.3757580201118,0.0001008346848882648,0.0001346040782262478
25372,2025,4755.097629453642,10092.452127324224,0.0004288542551288517,0.0005718850092532719,911.1071652975013,1952.3757580201118,9.920194681381428e-05,0.00013326234802603503
25377,2021,6947.937684998154,12206.263860355717,0.0012773538829333343,0.0010648864997177502,1296.0645126754653,2333.370213044103,0.00024440851525438874,0.00022236125313368144
25377,2022,6947.937684998154,12206.263860355717,0.0012533237986324193,0.0010511291222317176,1296.0645126754653,2333.370213044103,0.000239810994650193,0.00021948269869351216
25377,2023,6947.937684998154,12206.263860355717,0.0012313432027701197,0.0010387619465481773,1296.0645126754653,2333.370213044103,0.00023560404519897514,0.00021689202566208853
25377,2024,6947.937684998154,12206.263860355717,0.0012097863786771816,0.0010264239469671842,1296.0645126754653,2333.370213044103,0.0002314739898655283,0.00021430317199897165
25377,2025,6947.937684998154,12206.263860355717,0.0011902795295910134,0.0010155057281227516,1296.0645126754653,2333.370213044103,0.0002277335714991059,0.00021200690120783564
25386,2021,7006.565228154747,12223.578580224115,0.0009504549655752779,0.0009561903975408454,1324.6705975256536,2328.962171735819,0.00021957823677381028,0.00021806131871571715
25386,2022,7006.565228154747,12223.578580224115,0.0009380271354132947,0.0009459887297844317,1324.6705975256536,2328.962171735819,0.00021666482264859504,0.00021574713246015774
25386,2023,7006.565228154747,12223.578580224115,0.0009269081191660397,0.000937066649978321,1324.6705975256536,2328.962171735819,0.00021404935571650991,0.0002137273144230377
25386,2024,7006.565228154747,12223.578580224115,0.0009158048644395011,0.0009279455066112704,1324.6705975256536,2328.962171735819,0.00021141945275909916,0.0002116422839946271
25386,2025,7006.565228154747,12223.578580224115,0.000905989322373186,0.0009200358904642651,1324.6705975256536,2328.962171735819,0.00020907716212258974,0.00020982775233207532
25394,2021,2223.790490995374,6718.29656674693,0.00053111333786152,0.0005152876432396227,452.13945163220137,1302.7797126911826,0.00017891835380575715,0.00015645681198353127
25394,2022,2223.790490995374,6718.29656674693,0.0005257130795121804,0.0005098295875309704,452.13945163220137,1302.7797126911826,0.00017747391406459633,0.00015485177094269744
25394,2023,2223.790490995374,6718.29656674693,0.0005211752045826855,0.0005050855211094791,452.13945163220137,1302.7797126911826,0.0001763036109371188,0.00015345861962780158
25394,2024,2223.790490995374,6718.29656674693,0.0005161674760824588,0.0004999655390796078,452.13945163220137,1302.7797126911826,0.0001749445559115221,0.0001519412962995686
25394,2025,2223.790490995374,6718.29656674693,0.000511857277923684,0.0004954610338413661,452.13945163220137,1302.7797126911826,0.0001738026413402791,0.00015060710749505092
25398,2021,2905.213831333716,7902.021072722967,0.00073400850031655,0.0005909393915924569,578.661752401307,1525.0233428220056,0.0002192162903734755,0.00017093974837429504
25398,2022,2905.213831333716,7902.021072722967,0.000723541677561783,0.000583922332296082,578.661752401307,1525.0233428220056,0.00021653429502945087,0.00016898279035700413
25398,2023,2905.213831333716,7902.021072722967,0.0007142929971126191,0.0005777316772899914,578.661752401307,1525.0233428220056,0.00021419964700069693,0.00016726100297154674
25398,2024,2905.213831333716,7902.021072722967,0.0007046840701602773,0.0005711885176776631,578.661752401307,1525.0233428220056,0.000211717221840369,0.00016542503453991972
25398,2025,2905.213831333716,7902.021072722967,0.0006961228860803183,0.0005653756794548651,578.661752401307,1525.0233428220056,0.00020952708999294134,0.00016379620759402746
25402,2021,4673.198224940409,10023.45119380114,0.0006150968464287389,0.0007437694584635826,906.0455009286949,1943.871115896291,0.000156532746460246,0.00018122842622967446
25402,2022,4673.198224940409,10023.45119380114,0.0006023008719599669,0.0007345197022131202,906.0455009286949,1943.871115896291,0.00015351133856739488,0.00017899272316033296
25402,2023,4673.198224940409,10023.45119380114,0.0005905150750431429,0.0007262627078779041,906.0455009286949,1943.871115896291,0.00015073520145485436,0.0001769981154048806
25402,2024,4673.198224940409,10023.45119380114,0.0005788720508234798,0.0007178565462740765,906.0455009286949,1943.871115896291,0.00014797173408485106,0.0001749501287418916
25402,2025,4673.198224940409,10023.45119380114,0.0005682125058381732,0.0007104052641455877,906.0455009286949,1943.871115896291,0.00014544523115037986,0.00017313035544676614
25407,2021,2320.9555799357254,6599.892556101177,0.0011733921260685966,0.0010016609928116056,491.49498709850127,1311.6862177960666,0.00030612899241087285,0.0002729785161166922
25407,2022,2320.9555799357254,6599.892556101177,0.0011592169675432018,0.0009898800648617378,491.49498709850127,1311.6862177960666,0.0003027409821655859,0.0002698665885991068
25407,2023,2320.9555799357254,6599.892556101177,0.0011462412989920788,0.0009791289367039031,491.49498709850127,1311.6862177960666,0.0002996496366674432,0.00026703154444337877
25407,2024,2320.9555799357254,6599.892556101177,0.0011328576493738467,0.0009680090162260003,491.49498709850127,1311.6862177960666,0.00029643118942059466,0.0002640869247808227
25407,2025,2320.9555799357254,6599.892556101177,0.0011206070455452354,0.0009578570952687899,491.49498709850127,1311.6862177960666,0.00029349092689928886,0.0002614002520323495
25426,2021,2987.2759590761325,7963.46164318208,0.0009985137253105331,0.000820175008632724,606.5026905375138,1589.7586270238585,0.00026124287126617777,0.00022256427098415495
25426,2022,2987.2759590761325,7963.46164318208,0.0009843483041184998,0.0008102216953028278,606.5026905375138,1589.7586270238585,0.0002579280079442242,0.0002199611965252997
25426,2023,2987.2759590761325,7963.46164318208,0.0009713672397668823,0.0008011518097033329,606.5026905375138,1589.7586270238585,0.00025490336991786013,0.00021759195443275733
25426,2024,2987.2759590761325,7963.46164318208,0.000958162447261992,0.0007918161095946004,606.5026905375138,1589.7586270238585,0.0002517912117026196,0.00021514052103538563
25426,2025,2987.2759590761325,7963.46164318208,0.0009460644308435768,0.0007833120162532494,606.5026905375138,1589.7586270238585,0.0002489468947025055,0.00021290689378100153
25430,2021,7178.369366370812,12452.795320708228,0.001403371301930039,0.0011742511105683686,1354.8731980047166,2405.8689040510485,0.0002810137534636408,0.00024130880871921248
25430,2022,7178.369366370812,12452.795320708228,0.001377830312879469,0.0011586638775286304,1354.8731980047166,2405.8689040510485,0.0002758246903154055,0.00023806169442036807
25430,2023,7178.369366370812,12452.795320708228,0.0013545109443265056,0.0011446422513250029,1354.8731980047166,2405.8689040510485,0.0002710811062929708,0.00023513582022384653
25430,2024,7178.369366370812,12452.795320708228,0.0013316096962116533,0.0011306371425503052,1354.8731980047166,2405.8689040510485,0.00026641785888535576,0.00023220675892417542
25430,2025,7178.369366370812,12452.795320708228,0.0013109214588726203,0.0011182115485490608,1354.8731980047166,2405.8689040510485,0.0002621972968194981,0.00022960001101661218
25436,2021,2962.7635631470152,7982.07330004596,0.0007473762609012716,0.0006870718024366055,600.5748581789313,1592.1762097877772,0.0002024733552695985,0.00018847176707056007
25436,2022,2962.7635631470152,7982.07330004596,0.0007357746406790455,0.000678326543358422,600.5748581789313,1592.1762097877772,0.00019975423774697305,0.0001861601256225927
25436,2023,2962.7635631470152,7982.07330004596,0.0007251276863299368,0.0006703434997367723,600.5748581789313,1592.1762097877772,0.00019727463137907621,0.00018405236652972696
25436,2024,2962.7635631470152,7982.07330004596,0.0007143201914897963,0.0006621479472158123,600.5748581789313,1592.1762097877772,0.0001947199923503341,0.00018187748973713807
25436,2025,2962.7635631470152,7982.07330004596,0.0007044244172566079,0.0006546776955983031,600.5748581789313,1592.1762097877772,0.00019239023545369695,0.00017989447548544268
25438,2021,3160.2486541547155,8156.06417595138,0.0004379707891187398,0.0005569211726905269,649.8726992028803,1616.5715504908892,0.0001774438500916836,0.00015953898609867952
25438,2022,3160.2486541547155,8156.06417595138,0.00043296828311707676,0.0005510225251195598,649.8726992028803,1616.5715504908892,0.00017549024300419816,0.00015785757209721505
25438,2023,3160.2486541547155,8156.06417595138,0.0004284627723186093,0.0005458087317969921,649.8726992028803,1616.5715504908892,0.00017373578476169733,0.0001563686866385564
25438,2024,3160.2486541547155,8156.06417595138,0.00042385598377595973,0.0005405385680500551,649.8726992028803,1616.5715504908892,0.00017193476707524848,0.00015485767260479206
25438,2025,3160.2486541547155,8156.06417595138,0.0004197054465372531,0.0005359432833900167,649.8726992028803,1616.5715504908892,0.0001703160269697352,0.00015353373197157422
25473,2021,8656.830921461853,13682.990803685969,0.0011950193210294063,0.0010491533596330039,1607.5191475031738,2618.9892680072553,0.00024207537032470264,0.00021970317983880384
25473,2022,8656.830921461853,13682.990803685969,0.0011745117513731888,0.0010357136881617999,1607.5191475031738,2618.9892680072553,0.00023777999753642646,0.0002168339336635309
25473,2023,8656.830921461853,13682.990803685969,0.0011558479353499167,0.0010236581217514655,1607.5191475031738,2618.9892680072553,0.0002338618141478669,0.00021425481597553043
25473,2024,8656.830921461853,13682.990803685969,0.0011375192758421194,0.0010116298074161665,1607.5191475031738,2618.9892680072553,0.00023001316367704663,0.0002116759141264425
25473,2025,8656.830921461853,13682.990803685969,0.0011210416968124458,0.0010010067091720744,1607.5191475031738,2618.9892680072553,0.0002265424083320022,0.00020938961361155557
25483,2021,5031.82483225592,11106.717207693106,0.0009375316984734137,0.0007507333491606861,1022.942677262516,2180.543753956117,0.0003366059419324978,0.0002227944119711926
25483,2022,5031.82483225592,11106.717207693106,0.0009317542214561223,0.0007448588142963491,1022.942677262516,2180.543753956117,0.0003344667005603522,0.00022106407979006592
25483,2023,5031.82483225592,11106.717207693106,0.0009270623910881141,0.0007400117982591957,1022.942677262516,2180.543753956117,0.00033271256894442237,0.0002196384132394313
25483,2024,5031.82483225592,11106.717207693106,0.0009213754757588939,0.000734664406178587,1022.942677262516,2180.543753956117,0.0003306091150855984,0.00021804998125554063
25483,2025,5031.82483225592,11106.717207693106,0.0009164348615081549,0.0007301497255277639,1022.942677262516,2180.543753956117,0.00032877234222570255,0.00021670271552144696
25486,2021,3691.7620585160894,8678.996428500652,0.0012759752613799836,0.0011925294059726913,726.5056154555833,1706.2509857923735,0.00028497644784973114,0.0002747042823729325
25486,2022,3691.7620585160894,8678.996428500652,0.0012490824380127505,0.0011763294260738698,726.5056154555833,1706.2509857923735,0.00027940665408806144,0.00027103530267601184
25486,2023,3691.7620585160894,8678.996428500652,0.0012241744202962331,0.0011615756009159858,726.5056154555833,1706.2509857923735,0.00027425361484537797,0.0002676902384777901
25486,2024,3691.7620585160894,8678.996428500652,0.001199591507023382,0.0011466837657983842,726.5056154555833,1706.2509857923735,0.0002691418975555008,0.00026429732425558097
25486,2025,3691.7620585160894,8678.996428500652,0.0011769758459366944,0.001133236481801341,726.5056154555833,1706.2509857923735,0.0002644428885428334,0.00026122512162123654
25488,2021,6743.6449696710215,11886.84964813312,0.0008478285389356907,0.000787178326504658,1284.724746470452,2265.5885298138223,0.000231235716287061,0.00019568670798846767
25488,2022,6743.6449696710215,11886.84964813312,0.0008414108224859026,0.0007803481362706631,1284.724746470452,2265.5885298138223,0.00022953196135093294,0.00019401299174143873
25488,2023,6743.6449696710215,11886.84964813312,0.0008359587912539293,0.000774534842075459,1284.724746470452,2265.5885298138223,0.0002280822579869287,0.0001925932287768952
25488,2024,6743.6449696710215,11886.84964813312,0.0008301504755841198,0.0007684917462668395,1284.724746470452,2265.5885298138223,0.00022649798633490786,0.0001910947554359565
25488,2025,6743.6449696710215,11886.84964813312,0.0008252256687684311,0.0007633977949180818,1284.724746470452,2265.5885298138223,0.0002251316345608603,0.00018982424515882475
25489,2021,3416.720948046012,8773.247762056442,0.000745903092370742,0.0005918995675442268,681.9322403012114,1723.3339833080827,0.00021818353277281544,0.00016910303772121963
25489,2022,3416.720948046012,8773.247762056442,0.0007350980721316496,0.0005848045905325922,681.9322403012114,1723.3339833080827,0.00021543387920096275,0.0001671540178035573
25489,2023,3416.720948046012,8773.247762056442,0.0007255329796275377,0.0005785393397682006,681.9322403012114,1723.3339833080827,0.0002130332919882344,0.0001654386547197746
25489,2024,3416.720948046012,8773.247762056442,0.0007156189998320881,0.0005719351564273379,681.9322403012114,1723.3339833080827,0.00021049108956858824,0.0001636134408285258
25489,2025,3416.720948046012,8773.247762056442,0.0007067763017970915,0.0005660642154671303,681.9322403012114,1723.3339833080827,0.00020824372021289398,0.00016199390890627233
25491,2021,3889.789583876291,9357.546005109145,0.0006553902367401023,0.0007374161022972187,767.6814924810318,1828.4977735780826,0.00017607127491460947,0.0001814225505076065
25491,2022,3889.789583876291,9357.546005109145,0.0006431292557712191,0.0007284822137100449,767.6814924810318,1828.4977735780826,0.00017300102251583248,0.00017921019422464628
25491,2023,3889.789583876291,9357.546005109145,0.00063191866423626,0.0007205394626369002,767.6814924810318,1828.4977735780826,0.0001701990924127829,0.0001772399406226127
25491,2024,3889.789583876291,9357.546005109145,0.0006207155323288243,0.0007123949807513256,767.6814924810318,1828.4977735780826,0.00016737661408288933,0.00017520502510129732
25491,2025,3889.789583876291,9357.546005109145,0.0006105064888363985,0.0007051857785557594,767.6814924810318,1828.4977735780826,0.00016480715647208892,0.00017339641442126258
25506,2021,7406.71219921742,12461.342373384598,0.0006478577039520098,0.0005669315603624837,1377.40309672839,2385.015418573914,0.00016064051783269473,0.0001266090857577316
25506,2022,7406.71219921742,12461.342373384598,0.0006429482750964906,0.0005620457461054157,1377.40309672839,2385.015418573914,0.00015947258604984813,0.00012551772608291632
25506,2023,7406.71219921742,12461.342373384598,0.0006387994026049047,0.0005578580226241668,1377.40309672839,2385.015418573914,0.00015848644461283684,0.00012458105292031317
25506,2024,7406.71219921742,12461.342373384598,0.0006344541864064495,0.0005536233074956116,1377.40309672839,2385.015418573914,0.00015742248611108273,0.00012362451500358944
25506,2025,7406.71219921742,12461.342373384598,0.000630839724299507,0.0005500991627332821,1377.40309672839,2385.015418573914,0.0001565230677826466,0.00012282201432578394
25513,2021,3437.540142444105,8299.37913670456,0.0008179086787187312,0.0006775406844668303,673.543126466563,1600.584046893547,0.00018903641335087643,0.0001686996935971014
25513,2022,3437.540142444105,8299.37913670456,0.0007998380785675027,0.0006678867041526389,673.543126466563,1600.584046893547,0.00018529834511261736,0.00016643043013659785
25513,2023,3437.540142444105,8299.37913670456,0.0007831239275582357,0.0006591313217129941,673.543126466563,1600.584046893547,0.0001818524753107342,0.00016438094434797904
25513,2024,3437.540142444105,8299.37913670456,0.0007666450745775374,0.0006502027548302607,673.543126466563,1600.584046893547,0.0001784250258132446,0.00016226840364287357
25513,2025,3437.540142444105,8299.37913670456,0.0007514994538507242,0.0006421436925981433,673.543126466563,1600.584046893547,0.00017528252330571576,0.00016036534050719827
25518,2021,2212.670384732266,6579.919784022942,0.0005713034042199352,0.0006748964921373593,454.9917678830916,1288.0845078073137,0.00018002184205742497,0.00020070666760070552
25518,2022,2212.670384732266,6579.919784022942,0.0005613438328873254,0.0006670069972204975,454.9917678830916,1288.0845078073137,0.00017750209398756535,0.00019845986984933767
25518,2023,2212.670384732266,6579.919784022942,0.0005521979324598018,0.0006599157009088656,454.9917678830916,1288.0845078073137,0.00017521545221810825,0.0001964472818356771
25518,2024,2212.670384732266,6579.919784022942,0.0005430315182960484,0.0006525154203386894,454.9917678830916,1288.0845078073137,0.0001728710958179567,0.0001943271320530033
25518,2025,2212.670384732266,6579.919784022942,0.0005346520073862689,0.00064585939401349,454.9917678830916,1288.0845078073137,0.00017074805302804796,0.00019242379086515334
25524,2021,8472.754446344312,13354.553229448375,0.0006545281951555038,0.0007158991438149649,1575.217476985893,2554.3595059182007,0.0001576688881676419,0.00016834833543977884
25524,2022,8472.754446344312,13354.553229448375,0.0006493500135559665,0.0007096718309046518,1575.217476985893,2554.3595059182007,0.00015646155112694109,0.00016690692782634137
25524,2023,8472.754446344312,13354.553229448375,0.0006449477139885237,0.0007043750416146963,1575.217476985893,2554.3595059182007,0.00015543528893178455,0.0001656861511203823
25524,2024,8472.754446344312,13354.553229448375,0.0006403693559486654,0.0006988850801718588,1575.217476985893,2554.3595059182007,0.00015434168852889374,0.00016440102269576617
25524,2025,8472.754446344312,13354.553229448375,0.0006365413418985273,0.0006942690483236192,1575.217476985893,2554.3595059182007,0.00015341463906139548,0.00016331490043412393
25530,2021,1984.0622277296654,6306.481962663489,0.0005707816966153729,0.0003766522474562873,429.00859591061203,1266.335853390714,0.00023258022773342172,0.00015403468776092742
25530,2022,1984.0622277296654,6306.481962663489,0.0005638170541511317,0.0003726946278199696,429.00859591061203,1266.335853390714,0.00022978681638961186,0.00015243294892692592
25530,2023,1984.0622277296654,6306.481962663489,0.0005575479698455446,0.0003691880017541931,429.00859591061203,1266.335853390714,0.00022727292757057432,0.00015101419022154117
25530,2024,1984.0622277296654,6306.481962663489,0.000551134045112849,0.0003655691503811761,429.00859591061203,1266.335853390714,0.0002246995345048223,0.00014954620522863025
25530,2025,1984.0622277296654,6306.481962663489,0.000545359873752606,0.0003623852524428441,429.00859591061203,1266.335853390714,0.00022238395913904153,0.00014825854750089547
25535,2021,14165.660951961223,17101.083821918102,0.002085844614251382,0.002137638285362514,2547.7622496839454,3199.9967228580326,0.0003882609645766859,0.0004011047258158582
25535,2022,14165.660951961223,17101.083821918102,0.002068571230739011,0.0021189143332739813,2547.7622496839454,3199.9967228580326,0.00038505307664492045,0.0003975581280250203
25535,2023,14165.660951961223,17101.083821918102,0.0020538728638601904,0.0021028500291908636,2547.7622496839454,3199.9967228580326,0.00038231977432261774,0.000394509522961525
25535,2024,14165.660951961223,17101.083821918102,0.0020390942705219954,0.0020867538471591594,2547.7622496839454,3199.9967228580326,0.0003795534756681069,0.0003914509860471081
25535,2025,14165.660951961223,17101.083821918102,0.002026963467137686,0.002073412101879406,2547.7622496839454,3199.9967228580326,0.0003772678671331883,0.0003889060094400604
25572,2021,899.2445080154694,2543.2520018156065,0.0008113162139883908,0.0006400147850915828,190.2005895519913,490.8418293113262,0.0002733633943393352,0.00020727311407301542
25572,2022,899.2445080154694,2543.2520018156065,0.0008098781498539677,0.0006362135108950034,190.2005895519913,490.8418293113262,0.0002729960957503162,0.00020607950359233078
25572,2023,899.2445080154694,2543.2520018156065,0.0008097617415438366,0.0006333492400652687,190.2005895519913,490.8418293113262,0.0002730779586043484,0.00020518644892633726
25572,2024,899.2445080154694,2543.2520018156065,0.0008082156085953351,0.0006296562448598158,190.2005895519913,490.8418293113262,0.00027266579314550756,0.0002040187465198371
25572,2025,899.2445080154694,2543.2520018156065,0.0008076401932213227,0.0006266810632115416,190.2005895519913,490.8418293113262,0.0002725815901790262,0.00020308347503916367
25580,2021,5107.9658748701995,11282.55549285632,0.0003059456181747442,0.0005947448600590592,1009.6266231948684,2198.7141889174527,0.00011230048581741893,0.00015247526350918892
25580,2022,5107.9658748701995,11282.55549285632,0.00030261377070454535,0.0005887968823242051,1009.6266231948684,2198.7141889174527,0.00011104659380150006,0.00015096660221526004
25580,2023,5107.9658748701995,11282.55549285632,0.0002996703389574677,0.0005836763650450218,1009.6266231948684,2198.7141889174527,0.00010993563930787117,0.000149670854632551
25580,2024,5107.9658748701995,11282.55549285632,0.0002965626348328864,0.0005782998122564152,1009.6266231948684,2198.7141889174527,0.0001087588175939977,0.00014829542427503056
25580,2025,5107.9658748701995,11282.55549285632,0.00029378714442081466,0.0005736456695908532,1009.6266231948684,2198.7141889174527,0.00010770358711833242,0.00014710102172002122
25592,2021,3342.531174732475,8612.940696411768,0.0007064394432662203,0.0005340403693116424,667.1015225335409,1678.3685739994419,0.00021016771736350037,0.00015636665855352206
25592,2022,3342.531174732475,8612.940696411768,0.0006964112798383761,0.0005276216062825953,667.1015225335409,1678.3685739994419,0.00020751988391043592,0.00015456928750986484
25592,2023,3342.531174732475,8612.940696411768,0.0006875577803409598,0.0005219714920422974,667.1015225335409,1678.3685739994419,0.00020521007467601529,0.0001529936393055841
25592,2024,3342.531174732475,8612.940696411768,0.0006783498818333982,0.0005160184593361506,667.1015225335409,1678.3685739994419,0.00020276118914039717,0.00015131675830813905
25592,2025,3342.531174732475,8612.940696411768,0.0006701512143912118,0.0005107322510243927,667.1015225335409,1678.3685739994419,0.00020059734867008887,0.00014983148418276691
25594,2021,8360.268264655666,13128.48598961269,0.0007658160803836054,0.0007037649023110397,1550.8204102845073,2483.778643807266,0.0001986811267857809,0.00016189976569371307
25594,2022,8360.268264655666,13128.48598961269,0.0007581608732827379,0.0006967904108036293,1550.8204102845073,2483.778643807266,0.00019661322346949489,0.00016030696533088457
25594,2023,8360.268264655666,13128.48598961269,0.0007514295558971011,0.0006906967333297254,1550.8204102845073,2483.778643807266,0.00019477834542297462,0.0001589144328066726
25594,2024,8360.268264655666,13128.48598961269,0.0007446853278317012,0.0006845992584978113,1550.8204102845073,2483.778643807266,0.00019293473423591024,0.0001575183816378409
25594,2025,8360.268264655666,13128.48598961269,0.0007388663062674508,0.0006794048855389275,1550.8204102845073,2483.778643807266,0.00019131968186361978,0.00015632607003226138
25596,2021,5769.478348160081,11372.100292155177,0.0008448604090241219,0.0008831829835111391,1113.2336541833827,2188.118151455862,0.0002130232211322008,0.00020713325941515965
25596,2022,5769.478348160081,11372.100292155177,0.0008350283587014611,0.0008742719541942236,1113.2336541833827,2188.118151455862,0.00021044102671079274,0.00020502400118453331
25596,2023,5769.478348160081,11372.100292155177,0.0008263297003449709,0.000866550449906369,1113.2336541833827,2188.118151455862,0.00020814386822985077,0.0002031964213016303
25596,2024,5769.478348160081,11372.100292155177,0.0008175522072014111,0.0008585892950206063,1113.2336541833827,2188.118151455862,0.0002058031651393515,0.0002012936230753203
25596,2025,5769.478348160081,11372.100292155177,0.0008098723090735547,0.0008517314656182041,1113.2336541833827,2188.118151455862,0.0002037305428703271,0.00019964456317982966
25599,2021,6867.698264543095,12354.053661607168,0.0007257557750867497,0.0008182880808707711,1310.265522871286,2364.806381706633,0.00017967579427941805,0.0001907075878217523
25599,2022,6867.698264543095,12354.053661607168,0.0007191021768695771,0.0008104867201351556,1310.265522871286,2364.806381706633,0.00017796152170092524,0.0001889008784297698
25599,2023,6867.698264543095,12354.053661607168,0.0007133377752741794,0.0008037703102231307,1310.265522871286,2364.806381706633,0.000176464184402929,0.00018734956418225586
25599,2024,6867.698264543095,12354.053661607168,0.0007074193591697604,0.0007968311981610652,1310.265522871286,2364.806381706633,0.00017490762566296073,0.00018572799494020903
25599,2025,6867.698264543095,12354.053661607168,0.0007023643808367658,0.0007909058272331442,1310.265522871286,2364.806381706633,0.00017355395997880135,0.00018433713884528994
25612,2021,5663.48996330112,11689.018312297898,0.0013428661916331597,0.0009415065301652412,1121.3989696752185,2273.1338715761713,0.00040333665937597967,0.0002526017833600902
25612,2022,5663.48996330112,11689.018312297898,0.0013337522916054857,0.0009340511213480925,1121.3989696752185,2273.1338715761713,0.0004006465122389347,0.0002506292497333854
25612,2023,5663.48996330112,11689.018312297898,0.001326219672341497,0.0009278407637092759,1121.3989696752185,2273.1338715761713,0.0003984216958847993,0.00024899329723620975
25612,2024,5663.48996330112,11689.018312297898,0.0013177153265826272,0.0009211801121221351,1121.3989696752185,2273.1338715761713,0.00039585613898718064,0.00024720805437306243
25612,2025,5663.48996330112,11689.018312297898,0.0013104849378483708,0.0009156053687928858,1121.3989696752185,2273.1338715761713,0.0003936449720002996,0.00024570421520576983
25645,2021,9034.353272517235,13962.82494340928,0.0010407406943035021,0.0008943479752736343,1678.9638321467628,2670.3417173100715,0.00022283084075201752,0.00018697494574272495
25645,2022,9034.353272517235,13962.82494340928,0.001025835951935643,0.0008838293602405696,1678.9638321467628,2670.3417173100715,0.0002196991097263647,0.00018475778595130346
25645,2023,9034.353272517235,13962.82494340928,0.0010124050306066464,0.0008744743338890864,1678.9638321467628,2670.3417173100715,0.00021687629009237792,0.00018278359372203546
25645,2024,9034.353272517235,13962.82494340928,0.0009990828968331276,0.0008651181875837563,1678.9638321467628,2670.3417173100715,0.00021405881177456165,0.00018080227491890544
25645,2025,9034.353272517235,13962.82494340928,0.0009872274327519164,0.0008569429383565198,1678.9638321467628,2670.3417173100715,0.00021154360145297745,0.00017906520093741065
25649,2021,9892.33290554433,14351.021143393416,0.001464208010815232,0.0014180460677330037,1807.872739448674,2716.2552791975854,0.0002868208679215343,0.00026803636752746135
25649,2022,9892.33290554433,14351.021143393416,0.0014524362802805107,0.0014058455931044926,1807.872739448674,2716.2552791975854,0.000284555891908887,0.00026570983785575514
25649,2023,9892.33290554433,14351.021143393416,0.0014424523519730107,0.0013954056361927406,1807.872739448674,2716.2552791975854,0.00028263495042656154,0.0002637152726288993
25649,2024,9892.33290554433,14351.021143393416,0.0014323269676705858,0.0013849244176283337,1807.872739448674,2716.2552791975854,0.00028066061931463057,0.00026170569684176934
25649,2025,9892.33290554433,14351.021143393416,0.0014240147265504335,0.0013762619568704294,1807.872739448674,2716.2552791975854,0.00027902585492117803,0.00026003625723054107
25653,2021,2586.1588382307514,7110.158209516003,0.000800624767924231,0.0008415512373653913,522.8460092391928,1383.8051934205753,0.0002167068753517658,0.00023326183887121762
25653,2022,2586.1588382307514,7110.158209516003,0.0007860391269259082,0.0008311408675181549,522.8460092391928,1383.8051934205753,0.0002133065313962744,0.00023050044102049648
25653,2023,2586.1588382307514,7110.158209516003,0.0007725665012948234,0.0008217165697834754,522.8460092391928,1383.8051934205753,0.00021018326245782415,0.00022800821701328758
25653,2024,2586.1588382307514,7110.158209516003,0.0007591193080252164,0.0008119695732948384,522.8460092391928,1383.8051934205753,0.00020702399496294187,0.00022540877046829227
25653,2025,2586.1588382307514,7110.158209516003,0.0007467777992251162,0.0008031610841332952,522.8460092391928,1383.8051934205753,0.0002041378337939118,0.00022306325846359755
25658,2021,5007.851778147501,10352.10869371264,0.0010545408197975487,0.0010053887524149817,964.1767604841566,2005.5886525446056,0.000240470424104856,0.0002310627561844305
25658,2022,5007.851778147501,10352.10869371264,0.0010301925561969204,0.000991473831328276,964.1767604841566,2005.5886525446056,0.0002352264736286974,0.00022793046317325677
25658,2023,5007.851778147501,10352.10869371264,0.0010076936550496027,0.0009789233318866406,964.1767604841566,2005.5886525446056,0.00023038924277278569,0.00022511011784488735
25658,2024,5007.851778147501,10352.10869371264,0.0009856187869354894,0.0009662659214340825,964.1767604841566,2005.5886525446056,0.00022562090797761166,0.0002222456701807084
25658,2025,5007.851778147501,10352.10869371264,0.0009653536662268349,0.0009549445723766411,964.1767604841566,2005.5886525446056,0.00022124872530434106,0.00021968239597794934
25662,2021,4342.106684103693,10239.186021069865,0.00041433604376382103,0.0006897787088647303,863.1824190917216,1998.9686441418212,0.00013485588483644657,0.00017947706905112838
25662,2022,4342.106684103693,10239.186021069865,0.0004101188327983237,0.0006831742737050156,863.1824190917216,1998.9686441418212,0.0001333403980879668,0.0001777922306396964
25662,2023,4342.106684103693,10239.186021069865,0.0004064566088033941,0.0006775499531324245,863.1824190917216,1998.9686441418212,0.0001320029978898334,0.0001763632438075611
25662,2024,4342.106684103693,10239.186021069865,0.00040249730653049227,0.0006715370304816464,863.1824190917216,1998.9686441418212,0.0001305774583880166,0.0001748159774196575
25662,2025,4342.106684103693,10239.186021069865,0.000398992643771349,0.0006663529008885826,863.1824190917216,1998.9686441418212,0.0001293011718293856,0.00017348015703464231
25718,2021,4705.827037294442,10181.54768241883,0.0005920802161605382,0.0007087055491192555,913.1194938172326,1964.382952878742,0.0001580698206112598,0.0001748619087743772
25718,2022,4705.827037294442,10181.54768241883,0.0005800417657449843,0.0007001337353865619,913.1194938172326,1964.382952878742,0.0001550624395237394,0.0001727542898584667
25718,2023,4705.827037294442,10181.54768241883,0.0005689687674176486,0.0006925224869261724,913.1194938172326,1964.382952878742,0.0001523012265112254,0.00017088327967489531
25718,2024,4705.827037294442,10181.54768241883,0.0005580111128419782,0.0006847518217341072,913.1194938172326,1964.382952878742,0.00014954832851595372,0.00016895701392803092
25718,2025,4705.827037294442,10181.54768241883,0.0005479905967106615,0.0006778950020378548,913.1194938172326,1964.382952878742,0.00014703350596976955,0.0001672527138914779
25736,2021,3795.867275818744,8930.550442721342,0.0009352993379513935,0.0009603366690271824,745.6833515137291,1758.0434239492174,0.0001997562338789353,0.00021723267078286167
25736,2022,3795.867275818744,8930.550442721342,0.0009154993193495285,0.0009478581484859178,745.6833515137291,1758.0434239492174,0.00019592182174820274,0.00021446593669563843
25736,2023,3795.867275818744,8930.550442721342,0.0008971713420520275,0.0009365377910730526,745.6833515137291,1758.0434239492174,0.00019237960453998576,0.00021195297640587502
25736,2024,3795.867275818744,8930.550442721342,0.0008790522298005978,0.0009250889282949887,745.6833515137291,1758.0434239492174,0.00018885206204207383,0.00020939620505594858
25736,2025,3795.867275818744,8930.550442721342,0.0008623872216258927,0.0009147921002001038,745.6833515137291,1758.0434239492174,0.00018561214667625226,0.00020708874391538399
25740,2021,12330.420452446853,16147.863894151442,0.0016537573424487571,0.0016042089611046184,2237.9418566022123,3041.39437718249,0.00030093978989189675,0.0002967824905741677
25740,2022,12330.420452446853,16147.863894151442,0.0016358194582589813,0.0015887952558725621,2237.9418566022123,3041.39437718249,0.00029757820061069386,0.00029388182836015533
25740,2023,12330.420452446853,16147.863894151442,0.00162008283839119,0.0015754064074837194,2237.9418566022123,3041.39437718249,0.0002946196520469012,0.0002913559152717252
25740,2024,12330.420452446853,16147.863894151442,0.0016044785944718872,0.0015620148839888773,2237.9418566022123,3041.39437718249,0.00029168569698441644,0.0002888267944571631
25740,2025,12330.420452446853,16147.863894151442,0.0015911361529625638,0.0015507152389367194,2237.9418566022123,3041.39437718249,0.0002891647832251819,0.0002866835717120007
25743,2021,10896.941973426188,15212.114528537606,0.0016476556185697846,0.0016001302205643398,1999.2514114567953,2881.571709614104,0.00032501148969362636,0.0003042917903869745
25743,2022,10896.941973426188,15212.114528537606,0.0016315628591757325,0.0015850335338766404,1999.2514114567953,2881.571709614104,0.000321750754560618,0.00030136964960513374
25743,2023,10896.941973426188,15212.114528537606,0.0016175824203552547,0.0015719514312107314,1999.2514114567953,2881.571709614104,0.00031890515286451523,0.0002988307809285986
25743,2024,10896.941973426188,15212.114528537606,0.001603601767393065,0.0015588460811004643,1999.2514114567953,2881.571709614104,0.0003160436035164597,0.00029628212860452675
25743,2025,10896.941973426188,15212.114528537606,0.0015917693152806096,0.0015478160733909385,1999.2514114567953,2881.571709614104,0.0003135964321032658,0.000294125931539546
25745,2021,1123.0430310455893,2340.583375872085,0.0012107506175114502,0.0010842766152428167,283.5395459714062,579.7804265938439,0.0003577708233726655,0.0003162241710332579
25745,2022,1123.0430310455893,2340.583375872085,0.001199078659031825,0.0010728422323261213,283.5395459714062,579.7804265938439,0.0003545849368986882,0.0003129844151416298
25745,2023,1123.0430310455893,2340.583375872085,0.0011885376609419252,0.0010624807893610626,283.5395459714062,579.7804265938439,0.0003517292371507831,0.00031005679331020975
25745,2024,1123.0430310455893,2340.583375872085,0.0011774451345201431,0.001051647825609541,283.5395459714062,579.7804265938439,0.00034868872243446446,0.00030698140357280414
25745,2025,1123.0430310455893,2340.583375872085,0.0011674017928362083,0.001041813063360163,283.5395459714062,579.7804265938439,0.000345954436884215,0.0003041943509426131
25754,2021,11099.067381710174,15393.468023177329,0.0017911614818473332,0.0016930179411757456,2025.2138221870712,2911.076022416676,0.00032864198957974927,0.0003157523482171019
25754,2022,11099.067381710174,15393.468023177329,0.0017702789814132045,0.0016760760676951963,2025.2138221870712,2911.076022416676,0.0003246868046185573,0.0003125241602855093
25754,2023,11099.067381710174,15393.468023177329,0.0017518194182633234,0.0016612825429620968,2025.2138221870712,2911.076022416676,0.0003211789795339554,0.00030969693842520266
25754,2024,11099.067381710174,15393.468023177329,0.001733536531156718,0.0016464966615965012,2025.2138221870712,2911.076022416676,0.0003177043547517897,0.00030686836503612976
25754,2025,11099.067381710174,15393.468023177329,0.0017177387560693947,0.0016339268542442658,2025.2138221870712,2911.076022416676,0.0003146876338424515,0.00030445206553524957
25758,2021,5602.443732134628,10813.140160229083,0.0013252992311048573,0.0010804223761507455,1065.6363317350554,2091.07874306151,0.0002673279602052763,0.0002252314795059193
25758,2022,5602.443732134628,10813.140160229083,0.001293356853095859,0.0010642590551725006,1065.6363317350554,2091.07874306151,0.0002610264846079947,0.00022187315421998166
25758,2023,5602.443732134628,10813.140160229083,0.0012637609258984175,0.0010495289100261383,1065.6363317350554,2091.07874306151,0.00025518972203937345,0.00021880973280286538
25758,2024,5602.443732134628,10813.140160229083,0.0012348008257021803,0.0010348248363169915,1065.6363317350554,2091.07874306151,0.0002494706810617037,0.00021574338666353792
25758,2025,5602.443732134628,10813.140160229083,0.0012081574830075938,0.0010215736963601245,1065.6363317350554,2091.07874306151,0.0002442104403019972,0.00021297469454019784
25769,2021,5151.121704595075,10384.558721829339,0.0012289400880962941,0.001089775069686421,988.1526716618824,2015.3101075797074,0.0002552445536868253,0.0002384902962552068
25769,2022,5151.121704595075,10384.558721829339,0.0012004180338648328,0.0010742630474356773,988.1526716618824,2015.3101075797074,0.00024953648343960624,0.0002351821131746479
25769,2023,5151.121704595075,10384.558721829339,0.001174026801335545,0.0010602208994344284,988.1526716618824,2015.3101075797074,0.0002442586532125118,0.0002321929793737639
25769,2024,5151.121704595075,10384.558721829339,0.0011481439556248563,0.0010460942775727463,988.1526716618824,2015.3101075797074,0.00023906968821696536,0.0002291654842811543
25769,2025,5151.121704595075,10384.558721829339,0.0011243571014927618,0.0010334215674205943,988.1526716618824,2015.3101075797074,0.00023430357207178865,0.00022644924082659194
25772,2021,3184.860860844613,8133.082212055358,0.0012387740262741083,0.0009726397415457821,642.0859114367655,1618.10946150325,0.00031226219928433095,0.0002544591122117261
25772,2022,3184.860860844613,8133.082212055358,0.0012195535813684449,0.0009603617309040152,642.0859114367655,1618.10946150325,0.00030790435787794474,0.0002513499425820754
25772,2023,3184.860860844613,8133.082212055358,0.0012018576600050894,0.0009491448126316707,642.0859114367655,1618.10946150325,0.00030390427692622714,0.0002485122666582105
25772,2024,3184.860860844613,8133.082212055358,0.0011840161396401208,0.0009376491056726672,642.0859114367655,1618.10946150325,0.00029983359278314863,0.00024558997526038883
25772,2025,3184.860860844613,8133.082212055358,0.001167643788346009,0.0009271727428984659,642.0859114367655,1618.10946150325,0.00029610464000501746,0.00024292579447691414
25777,2021,4165.947559399293,9209.310584534665,0.0010812357398986188,0.000996161254158317,803.42919824928,1762.13994653468,0.0002513320780993833,0.00023166794656088218
25777,2022,4165.947559399293,9209.310584534665,0.001056526786872768,0.0009823697797313614,803.42919824928,1762.13994653468,0.0002459673617770963,0.00022851496843254553
25777,2023,4165.947559399293,9209.310584534665,0.0010336708424419218,0.0009699163610820673,803.42919824928,1762.13994653468,0.000241014227730282,0.00022567024873430095
25777,2024,4165.947559399293,9209.310584534665,0.0010112176299590066,0.0009573425691918262,803.42919824928,1762.13994653468,0.00023612177122693713,0.0002227769168126126
25777,2025,4165.947559399293,9209.310584534665,0.0009905852502948317,0.0009460815118280353,803.42919824928,1762.13994653468,0.0002316320338147711,0.00022018199885703486
25779,2021,1198.7285757876675,2429.0398371742745,0.0012470095775366048,0.0010901735317478626,297.68883520506114,596.9329134809043,0.0003472274342902227,0.0003096994409036941
25779,2022,1198.7285757876675,2429.0398371742745,0.0012329951298376007,0.0010780451372855355,297.68883520506114,596.9329134809043,0.00034367534220398264,0.0003063601566165955
25779,2023,1198.7285757876675,2429.0398371742745,0.0012202335031927607,0.001067023524211225,297.68883520506114,596.9329134809043,0.0003404581360070471,0.0003033331886742232
25779,2024,1198.7285757876675,2429.0398371742745,0.0012070052030241462,0.001055560561337181,297.68883520506114,596.9329134809043,0.0003370854766072897,0.0003001696714880762
25779,2025,1198.7285757876675,2429.0398371742745,0.0011949490585335132,0.0010451364119356107,297.68883520506114,596.9329134809043,0.00033402472215177505,0.0002972965530432477
25781,2021,2822.852012720871,7464.737629012551,0.001280257424255746,0.0010290487515865927,571.6917668502717,1460.76215721561,0.0003232519507211412,0.000272954384631389
25781,2022,2822.852012720871,7464.737629012551,0.0012608859860890162,0.0010161300010382683,571.6917668502717,1460.76215721561,0.00031881997157059494,0.00026964022326126833
25781,2023,2822.852012720871,7464.737629012551,0.0012430454927574335,0.001004322298686366,571.6917668502717,1460.76215721561,0.00031474999943642416,0.0002666156479283029
25781,2024,2822.852012720871,7464.737629012551,0.001225028051091262,0.000992204207716098,571.6917668502717,1460.76215721561,0.0003106027329710547,0.0002634954021484067
25781,2025,2822.852012720871,7464.737629012551,0.0012084853298486898,0.0009811523864630923,571.6917668502717,1460.76215721561,0.00030680170330092796,0.0002606504985179524
25785,2021,5374.810263215364,10567.280327121978,0.001421322191871855,0.0011552328803159542,1027.0152249277382,2046.999982882894,0.00029247482406448975,0.0002468882721411696
25785,2022,5374.810263215364,10567.280327121978,0.0013872990524279804,0.0011377910706761457,1027.0152249277382,2046.999982882894,0.00028563263155321773,0.00024318448629280146
25785,2023,5374.810263215364,10567.280327121978,0.0013557846332852464,0.0011218941493769093,1027.0152249277382,2046.999982882894,0.0002792966955076505,0.00023980738016369447
25785,2024,5374.810263215364,10567.280327121978,0.0013249400373813044,0.0011060258748703093,1027.0152249277382,2046.999982882894,0.000273087129806846,0.00023642481570481557
25785,2025,5374.810263215364,10567.280327121978,0.0012965730938123607,0.001091722030796301,1027.0152249277382,2046.999982882894,0.0002673776754314274,0.00023337092908548354
25793,2021,3183.2461390330864,7873.363703029936,0.0010305440107463823,0.0009380028430087394,627.3879008395587,1517.6716904065045,0.00023760976018250037,0.0002406916392473936
25793,2022,3183.2461390330864,7873.363703029936,0.0010101027695516177,0.0009254881574349185,627.3879008395587,1517.6716904065045,0.00023340327823148703,0.00023767148215851335
25793,2023,3183.2461390330864,7873.363703029936,0.0009911815460744682,0.00091409646560326,627.3879008395587,1517.6716904065045,0.00022951835026049038,0.00023493300814966762
25793,2024,3183.2461390330864,7873.363703029936,0.0009724195921926127,0.0009024494106210427,627.3879008395587,1517.6716904065045,0.0002256334668126998,0.00023210570811923084
25793,2025,3183.2461390330864,7873.363703029936,0.0009551673150966271,0.0008918815238238102,627.3879008395587,1517.6716904065045,0.0002220673293323944,0.00022954446393829824
25797,2021,7868.233279426549,13069.209514681426,0.0009994318179567365,0.000872504455996046,1480.502937841384,2516.527031126226,0.00022107035676598505,0.00018560022404453635
25797,2022,7868.233279426549,13069.209514681426,0.0009852997395145963,0.0008623943461556682,1480.502937841384,2516.527031126226,0.00021797175185593758,0.0001834137524425824
25797,2023,7868.233279426549,13069.209514681426,0.0009725793721596037,0.0008534227946021389,1480.502937841384,2516.527031126226,0.00021517925613812424,0.00018146927053272341
25797,2024,7868.233279426549,13069.209514681426,0.0009599495743009794,0.0008444271996906053,1480.502937841384,2516.527031126226,0.00021238853822250962,0.00017951341492596957
25797,2025,7868.233279426549,13069.209514681426,0.0009487199884554834,0.000836579016642329,1480.502937841384,2516.527031126226,0.00020989598830699964,0.00017779917696663264
25799,2021,6532.329340266894,11752.842572006384,0.0016091825314871824,0.001249232257622263,1232.642350133213,2257.1127510132865,0.00032198267543992796,0.0002583229676426592
25799,2022,6532.329340266894,11752.842572006384,0.001577101849000777,0.001231876106476249,1232.642350133213,2257.1127510132865,0.0003154776247781377,0.00025468435268087477
25799,2023,6532.329340266894,11752.842572006384,0.0015476729761015366,0.0012161900672770544,1232.642350133213,2257.1127510132865,0.0003095032199930154,0.00025138980637709
25799,2024,6532.329340266894,11752.842572006384,0.0015188440942071751,0.001200560093320798,1232.642350133213,2257.1127510132865,0.000303646424211082,0.00024809933180002165
25799,2025,6532.329340266894,11752.842572006384,0.0014926581011935423,0.0011866287091520562,1232.642350133213,2257.1127510132865,0.0002983178165372009,0.0002451570148351285
25805,2021,8964.971704579837,13794.46642134766,0.0006960108652021542,0.0007798806033525584,1672.7475138738162,2642.428544662442,0.0001677164800566233,0.00018261518011672672
25805,2022,8964.971704579837,13794.46642134766,0.0006901315907001382,0.0007727219580781707,1672.7475138738162,2642.428544662442,0.00016629664426569973,0.00018096615301985353
25805,2023,8964.971704579837,13794.46642134766,0.000685089636376257,0.0007665829452173336,1672.7475138738162,2642.428544662442,0.00016507427477461232,0.00017955802461319274
25805,2024,8964.971704579837,13794.46642134766,0.0006798928661840244,0.0007602511723776531,1672.7475138738162,2642.428544662442,0.00016379341012257836,0.00017808572396091506
25805,2025,8964.971704579837,13794.46642134766,0.0006755106441729162,0.0007548810120376031,1672.7475138738162,2642.428544662442,0.00016269665196721905,0.00017683224947078637
25807,2021,2494.762378698924,7172.55165510705,0.0009619312307355764,0.0008284720895412387,521.621555327746,1445.8616650452554,0.0002627301191461904,0.00022845638428189603
25807,2022,2494.762378698924,7172.55165510705,0.0009504603492873065,0.0008188703775437041,521.621555327746,1445.8616650452554,0.0002599789854896272,0.00022590549075516888
25807,2023,2494.762378698924,7172.55165510705,0.0009400207448098074,0.0008101368370284829,521.621555327746,1445.8616650452554,0.0002574927235777642,0.0002235884829775492
25807,2024,2494.762378698924,7172.55165510705,0.000929192015067018,0.0008010846087106208,521.621555327746,1445.8616650452554,0.000254872233785976,0.0002211748645242096
25807,2025,2494.762378698924,7172.55165510705,0.0009193054286060706,0.0007928348354978145,521.621555327746,1445.8616650452554,0.00025248921901333107,0.00021897514561876842
25815,2021,6447.4692473439045,12480.07252892978,0.0008488246954297823,0.0008257484646075353,1248.7425819370383,2407.861062419262,0.0002311732041443202,0.00020201034065912848
25815,2022,6447.4692473439045,12480.07252892978,0.0008419094497437151,0.0008181622813430888,1248.7425819370383,2407.861062419262,0.00022928706392320164,0.0002001746089435179
25815,2023,6447.4692473439045,12480.07252892978,0.0008359804257115395,0.0008116586276028855,1248.7425819370383,2407.861062419262,0.00022766165171112527,0.00019860541515691885
25815,2024,6447.4692473439045,12480.07252892978,0.0008297348042457674,0.0008049170285357196,1248.7425819370383,2407.861062419262,0.00022591510088992733,0.00019695735554135
25815,2025,6447.4692473439045,12480.07252892978,0.000824395679054882,0.0007991836979789384,1248.7425819370383,2407.861062419262,0.00022439393057875002,0.0001955487792337401
25817,2021,4761.9298767134205,9940.372926065422,0.0012628219813915716,0.0011670899960632502,916.2195971772782,1938.208069796059,0.00025278533752746756,0.0002509328453836424
25817,2022,4761.9298767134205,9940.372926065422,0.0012329366520903958,0.0011507482030645123,916.2195971772782,1938.208069796059,0.00024704876854708094,0.00024749129005416197
25817,2023,4761.9298767134205,9940.372926065422,0.0012052438128714743,0.0011358822795032885,916.2195971772782,1938.208069796059,0.0002417364176787412,0.0002443590005036063
25817,2024,4761.9298767134205,9940.372926065422,0.0011780999233452357,0.001120949327709239,916.2195971772782,1938.208069796059,0.00023651526304614248,0.00024119807655806593
25817,2025,4761.9298767134205,9940.372926065422,0.00115312636685753,0.0011074950776046846,916.2195971772782,1938.208069796059,0.0002317135678452377,0.00023834425146618068
25823,2021,2248.1643997094793,6669.240186412996,0.0007417444396760658,0.0006066820122200056,458.9420536336723,1300.9037961783856,0.00024061306973453218,0.00018436177697047244
25823,2022,2248.1643997094793,6669.240186412996,0.0007319095089254471,0.0005996830495844995,458.9420536336723,1300.9037961783856,0.0002380869983635499,0.00018233557992343677
25823,2023,2248.1643997094793,6669.240186412996,0.0007232035198345555,0.0005934795419196025,458.9420536336723,1300.9037961783856,0.00023590709346474025,0.00018054764249679132
25823,2024,2248.1643997094793,6669.240186412996,0.0007141290656136654,0.000586922798958131,458.9420536336723,1300.9037961783856,0.00023355009339146368,0.00017863544622409946
25823,2025,2248.1643997094793,6669.240186412996,0.0007060373730550016,0.0005810857455156516,458.9420536336723,1300.9037961783856,0.0002314851790712279,0.00017693724549228536
25839,2021,2727.019800223257,7677.913157220863,0.00032755026611814105,0.0005305810419104212,555.0027501687881,1525.5779245999427,0.00011997919903444947,0.00016313143095869671
25839,2022,2727.019800223257,7677.913157220863,0.0003242934390887616,0.0005243686618952134,555.0027501687881,1525.5779245999427,0.00011892099526676435,0.0001612871313118097
25839,2023,2727.019800223257,7677.913157220863,0.0003213897959295819,0.0005187521053493803,555.0027501687881,1525.5779245999427,0.00011798905541461941,0.00015962377711190517
25839,2024,2727.019800223257,7677.913157220863,0.00031827746159487994,0.0005129760698283173,555.0027501687881,1525.5779245999427,0.00011697184338608294,0.00015790767806391916
25839,2025,2727.019800223257,7677.913157220863,0.00031547612963919676,0.0005077534577950779,555.0027501687881,1525.5779245999427,0.00011606480913856251,0.00015635900881810248
25841,2021,9660.062387499427,14156.08457881254,0.0016638516322255985,0.001626662336143646,1760.1331845851757,2651.9245043645806,0.00029915712042770913,0.0003108091138363894
25841,2022,9660.062387499427,14156.08457881254,0.0016451134311948703,0.0016110351996604369,1760.1331845851757,2651.9245043645806,0.0002957210727590855,0.0003077619682408926
25841,2023,9660.062387499427,14156.08457881254,0.001628616029379335,0.0015974479693129054,1760.1331845851757,2651.9245043645806,0.0002926896984675391,0.00030510352511697983
25841,2024,9660.062387499427,14156.08457881254,0.001612276645761817,0.00158385459405401,1760.1331845851757,2651.9245043645806,0.0002896877539789818,0.0003024413008953263
25841,2025,9660.062387499427,14156.08457881254,0.0015982415017656096,0.0015723715712245576,1760.1331845851757,2651.9245043645806,0.0002871015496088476,0.00030017971368971884
25843,2021,2472.2485201009695,6876.475310188246,0.00119836812248532,0.000986707063125966,513.8629476025437,1357.0882167581765,0.0003119972213313459,0.0002690774425777434
25843,2022,2472.2485201009695,6876.475310188246,0.0011819541767613116,0.0009747220748962912,513.8629476025437,1357.0882167581765,0.00030807950887359425,0.00026590827631101945
25843,2023,2472.2485201009695,6876.475310188246,0.0011668820051859681,0.000963776488910328,513.8629476025437,1357.0882167581765,0.000304492637442768,0.00026301915120486023
25843,2024,2472.2485201009695,6876.475310188246,0.0011515274490671314,0.0009524946814552257,513.8629476025437,1357.0882167581765,0.0003008077243002121,0.00026002728063840246
25843,2025,2472.2485201009695,6876.475310188246,0.0011374510555535189,0.0009422019591745023,513.8629476025437,1357.0882167581765,0.00029743602823239563,0.00025729939624171316
25845,2021,13466.267661176254,16476.68106156012,0.0019487552306943266,0.002062440278005419,2412.530450556744,3048.358289086925,0.0003405695226024227,0.00038148753614232467
25845,2022,13466.267661176254,16476.68106156012,0.0019324599668665338,0.002044427154072698,2412.530450556744,3048.358289086925,0.00033772200850025854,0.00037812411013211103
25845,2023,13466.267661176254,16476.68106156012,0.0019185954550133555,0.002028981705997289,2412.530450556744,3048.358289086925,0.0003352988337020707,0.00037523472093863643
25845,2024,13466.267661176254,16476.68106156012,0.0019047361971722915,0.0020135174240720035,2412.530450556744,3048.358289086925,0.0003328759833455116,0.00037233949630396284
25845,2025,13466.267661176254,16476.68106156012,0.0018934071596668726,0.0020007163552289227,2412.530450556744,3048.358289086925,0.00033089473458023185,0.00036993425977572604
25851,2021,2870.3548580099146,7971.385777289608,0.0006855358793367774,0.0005677004429710769,577.4900536564994,1554.7419693411498,0.0002052510351248877,0.00016398102444919988
25851,2022,2870.3548580099146,7971.385777289608,0.0006762514617942024,0.0005612003221387598,577.4900536564994,1554.7419693411498,0.0002028272481997862,0.00016216465655196553
25851,2023,2870.3548580099146,7971.385777289608,0.0006681073898185427,0.0005554983957016738,577.4900536564994,1554.7419693411498,0.000200732288779253,0.0001605758772842565
25851,2024,2870.3548580099146,7971.385777289608,0.0006595785454790378,0.0005494342506445443,577.4900536564994,1554.7419693411498,0.00019848798419557813,0.00015887094528014014
25851,2025,2870.3548580099146,7971.385777289608,0.0006520164743023082,0.0005440665501889322,577.4900536564994,1554.7419693411498,0.0001965167355006093,0.00015736378955995796
25862,2021,3477.9592036378563,8404.168674274862,0.0005788231614396462,0.0007107426057411288,680.9886519575961,1614.6099043630363,0.00016701904524268224,0.00018082052077742416
25862,2022,3477.9592036378563,8404.168674274862,0.0005672495374481699,0.0007022146836198076,680.9886519575961,1614.6099043630363,0.00016414338892174784,0.0001786632428263061
25862,2023,3477.9592036378563,8404.168674274862,0.0005565942216758964,0.0006946205639589559,680.9886519575961,1614.6099043630363,0.0001615160774551939,0.0001767420085157342
25862,2024,3477.9592036378563,8404.168674274862,0.0005460025359934143,0.0006868223783001842,680.9886519575961,1614.6099043630363,0.00015886496464005137,0.0001747488048803018
25862,2025,3477.9592036378563,8404.168674274862,0.0005362962305655836,0.0006799211317160518,680.9886519575961,1614.6099043630363,0.0001564484686712643,0.00017297856946343977
25867,2021,4494.282925811823,10082.455372050172,0.0005696266776076069,0.0007687997834976172,882.8961302972614,1957.6388536171114,0.00015708414329766482,0.00019720456817733806
25867,2022,4494.282925811823,10082.455372050172,0.0005593649082318544,0.0007606270885660541,882.8961302972614,1957.6388536171114,0.00015435024775753637,0.00019515322155234753
25867,2023,4494.282925811823,10082.455372050172,0.000550015658574448,0.0007535387171988936,882.8961302972614,1957.6388536171114,0.0001518591844396586,0.00019338138626979454
25867,2024,4494.282925811823,10082.455372050172,0.0005406433828092405,0.0007461046165912256,882.8961302972614,1957.6388536171114,0.00014934764315596794,0.00019149981945416027
25867,2025,4494.282925811823,10082.455372050172,0.0005321274675309042,0.0007396220628091316,882.8961302972614,1957.6388536171114,0.0001470640288319726,0.00018985732568902198
25871,2021,2764.101774954381,7395.4577366301155,0.0006247264664829377,0.0005623912441418853,552.0936383961424,1431.3232470031965,0.00018371306376615802,0.00016328980556452706
25871,2022,2764.101774954381,7395.4577366301155,0.0006135350625871746,0.0005550987722231496,552.0936383961424,1431.3232470031965,0.00018092465150644683,0.00016126984705627738
25871,2023,2764.101774954381,7395.4577366301155,0.0006032448178359861,0.000548518900374123,552.0936383961424,1431.3232470031965,0.00017838197281058808,0.00015945344358299658
25871,2024,2764.101774954381,7395.4577366301155,0.0005929589390942301,0.0005417194471724904,552.0936383961424,1431.3232470031965,0.00017579710284417314,0.00015755765062524922
25871,2025,2764.101774954381,7395.4577366301155,0.0005835481086944142,0.0005355976016911557,552.0936383961424,1431.3232470031965,0.00017344688318370437,0.00015585347506951453
25873,2021,2307.2492254981285,6609.719614369087,0.0011198595585564233,0.0011084976721886706,485.3810010979856,1306.7918289883542,0.0002999521365344164,0.0002994559934331497
25873,2022,2307.2492254981285,6609.719614369087,0.0011066408343805827,0.0010961126778294614,485.3810010979856,1306.7918289883542,0.00029676039796275007,0.00029619581166176776
25873,2023,2307.2492254981285,6609.719614369087,0.0010945671580097351,0.0010848802554287353,485.3810010979856,1306.7918289883542,0.000293858354173002,0.0002932420190711571
25873,2024,2307.2492254981285,6609.719614369087,0.0010820816397760105,0.0010732145893619992,485.3810010979856,1306.7918289883542,0.00029082201573364577,0.0002901629964338845
25873,2025,2307.2492254981285,6609.719614369087,0.0010706613576348999,0.00106255201190335,485.3810010979856,1306.7918289883542,0.000288051700239418,0.00028735022297463346
25875,2021,3925.2633461618925,9342.99951265702,0.0006023835892536481,0.0006907163384920108,775.0899694542074,1815.523346438497,0.00015996807183726996,0.00017099244253585135
25875,2022,3925.2633461618925,9342.99951265702,0.0005915661210549953,0.0006826014380259611,775.0899694542074,1815.523346438497,0.00015716491741209847,0.00016896946242761686
25875,2023,3925.2633461618925,9342.99951265702,0.0005817118995127261,0.000675430356120009,775.0899694542074,1815.523346438497,0.00015460780731087447,0.00016717961988368311
25875,2024,3925.2633461618925,9342.99951265702,0.0005718229315800514,0.000668053635831255,775.0899694542074,1815.523346438497,0.00015203122209658088,0.00016532456646468476
25875,2025,3925.2633461618925,9342.99951265702,0.0005628361746957435,0.0006615576893396968,775.0899694542074,1815.523346438497,0.00014968617775891867,0.00016368447495153734
25878,2021,8704.519778238513,13667.389620494838,0.0007218061671069172,0.0008211277683782736,1629.1528763678407,2618.5407972901467,0.0001724655277166716,0.00018961512919825037
25878,2022,8704.519778238513,13667.389620494838,0.0007153484166865571,0.0008132178995697234,1629.1528763678407,2618.5407972901467,0.00017091306028632806,0.00018781072641485346
25878,2023,8704.519778238513,13667.389620494838,0.0007097691211470613,0.0008063873418175874,1629.1528763678407,2618.5407972901467,0.00016956627967260063,0.00018625856140312705
25878,2024,8704.519778238513,13667.389620494838,0.000704052390479953,0.0007993671413680648,1629.1528763678407,2618.5407972901467,0.0001681648153787501,0.00018464260256462805
25878,2025,8704.519778238513,13667.389620494838,0.0006991943475634467,0.0007933698463308797,1629.1528763678407,2618.5407972901467,0.00016695644836726373,0.00018325696786967925
25885,2021,760.1922804240827,1977.8920778931197,0.0004058950574208705,0.0004699726380550681,186.53538269972861,457.8544576822006,0.00016765819860345562,0.00015619650004253596
25885,2022,760.1922804240827,1977.8920778931197,0.0004048214990333745,0.0004658002554840464,186.53538269972861,457.8544576822006,0.00016723285113840608,0.0001548795528117242
25885,2023,760.1922804240827,1977.8920778931197,0.0004043476748642317,0.0004622537924992779,186.53538269972861,457.8544576822006,0.00016705031046808673,0.00015376708119633058
25885,2024,760.1922804240827,1977.8920778931197,0.00040320829167570356,0.0004582840674402328,186.53538269972861,457.8544576822006,0.0001666045187220452,0.00015250438520134999
25885,2025,760.1922804240827,1977.8920778931197,0.0004025725437458454,0.0004548584017508572,186.53538269972861,457.8544576822006,0.00016635490661648635,0.00015141840491387525
25898,2021,6704.591565225654,12080.130931287882,0.0010549297610016966,0.0009548744774549352,1277.7784628742322,2344.499722458996,0.00021904823770442996,0.00020168734749683064
25898,2022,6704.591565225654,12080.130931287882,0.0010388493104396058,0.0009434471136765363,1277.7784628742322,2344.499722458996,0.00021561761046514106,0.0001992187199448538
25898,2023,6704.591565225654,12080.130931287882,0.0010243074128503495,0.0009332695710856982,1277.7784628742322,2344.499722458996,0.0002125060569985675,0.00019701356454584495
25898,2024,6704.591565225654,12080.130931287882,0.0010099224663756604,0.0009230524290091001,1277.7784628742322,2344.499722458996,0.00020942188243076388,0.00019479427882775757
25898,2025,6704.591565225654,12080.130931287882,0.0009970809337242652,0.0009140890335484141,1277.7784628742322,2344.499722458996,0.00020665691383398027,0.00019283776777653398
25899,2021,4429.377917307297,9540.988246479817,0.0012748155929327776,0.0011740608132890945,858.3294892120565,1867.0899906546213,0.0002627818049064267,0.0002579303041955271
25899,2022,4429.377917307297,9540.988246479817,0.001244761094283101,0.0011574851137651386,858.3294892120565,1867.0899906546213,0.00025684758940122015,0.00025436414352250435
25899,2023,4429.377917307297,9540.988246479817,0.0012169131419385135,0.0011424032160389404,858.3294892120565,1867.0899906546213,0.00025135272880972865,0.00025111905294977245
25899,2024,4429.377917307297,9540.988246479817,0.0011896020264877977,0.001127249506571678,858.3294892120565,1867.0899906546213,0.0002459479163817224,0.00024784121138403
25899,2025,4429.377917307297,9540.988246479817,0.001164473171518526,0.0011135900684625813,858.3294892120565,1867.0899906546213,0.0002409774818467915,0.0002448812834982902
27001,2021,1052.0972146608872,3383.774724633333,0.0014599665142784345,0.0013238414331656874,248.50449697802856,552.9218150098013,0.0009829260807222723,0.0008653219535987788
27001,2022,1052.0972146608872,3383.774724633333,0.0014424975776681666,0.001309146773897153,248.50449697802856,552.9218150098013,0.0009711690285192973,0.0008556547879951733
27001,2023,1052.0972146608872,3383.774724633333,0.001426270554035254,0.0012956139393524174,248.50449697802856,552.9218150098013,0.0009602466653482744,0.0008467370928192662
27001,2024,1052.0972146608872,3383.774724633333,0.001409154434668154,0.0012810185056170201,248.50449697802856,552.9218150098013,0.0009487250709521292,0.0008371409199448084
27001,2025,1052.0972146608872,3383.774724633333,0.0013929843260212366,0.0012676468155092,248.50449697802856,552.9218150098013,0.0009378490163064408,0.0008283345093639735
27006,2021,108.95548462985353,400.2259613420582,0.0002948002647795399,0.00020525953175728424,50.56055039851621,190.94650164187388,0.00023504592405245033,0.0001391513368727341
27006,2022,108.95548462985353,400.2259613420582,0.0002906436970656698,0.0002038304568335057,50.56055039851621,190.94650164187388,0.00023172302271791008,0.00013816244812148165
27006,2023,108.95548462985353,400.2259613420582,0.0002868438408568112,0.00020256333655709253,50.56055039851621,190.94650164187388,0.00022868467614709837,0.00013728801005801936
27006,2024,108.95548462985353,400.2259613420582,0.00028228933127358367,0.00020018366815541456,50.56055039851621,190.94650164187388,0.00022504488690182765,0.00013576301545268908
27006,2025,108.95548462985353,400.2259613420582,0.0002792569728716706,0.00019913275094691235,50.56055039851621,190.94650164187388,0.00022262019639646239,0.00013504978788495692
27025,2021,108.11114641699726,242.2786302683058,0.0005225182271701829,0.00047935164384361095,67.23017715533713,132.955160690149,0.0003991861531868319,0.0003558849836383968
27025,2022,108.11114641699726,242.2786302683058,0.0005163539229799941,0.0004739148237712153,67.23017715533713,132.955160690149,0.0003944745910672667,0.0003518077760303198
27025,2023,108.11114641699726,242.2786302683058,0.0005106580125220876,0.00046894302753557043,67.23017715533713,132.955160690149,0.00039012718814127604,0.00034808556038128216
27025,2024,108.11114641699726,242.2786302683058,0.0005047358850444187,0.0004636895549116589,67.23017715533713,132.955160690149,0.0003856265091919078,0.0003441736249091659
27025,2025,108.11114641699726,242.2786302683058,0.000499254897536585,0.00045889010027774774,67.23017715533713,132.955160690149,0.0003814832349388155,0.00034060984320861786
27050,2021,258.0414893098773,625.2521091238095,0.0006754392368651036,0.0005251917471702399,108.18395681822295,211.74941468567064,0.0005023318866524608,0.00037510449988412066
27050,2022,258.0414893098773,625.2521091238095,0.000668514149645824,0.0005197978141953638,108.18395681822295,211.74941468567064,0.0004972313134610656,0.0003711931869550663
27050,2023,258.0414893098773,625.2521091238095,0.0006621493602569104,0.0005149834202873381,108.18395681822295,211.74941468567064,0.0004925416309461948,0.00036769616418942235
27050,2024,258.0414893098773,625.2521091238095,0.000655258859121039,0.000509712811302247,108.18395681822295,211.74941468567064,0.00048745905846745054,0.0003638856175153072
27050,2025,258.0414893098773,625.2521091238095,0.0006489408275659146,0.0005049729420310251,108.18395681822295,211.74941468567064,0.00048281164395005353,0.00036045572526109026
27073,2021,2149.6809999613683,6485.866664707194,0.0004709301291908762,0.0005136638346760403,352.1779979457898,1006.149562425165,0.00022970885790402467,0.00022459863733302835
27073,2022,2149.6809999613683,6485.866664707194,0.0004680595342172292,0.0005095297130230023,352.1779979457898,1006.149562425165,0.00022820621296155798,0.00022267391393446234
27073,2023,2149.6809999613683,6485.866664707194,0.00046586439704227153,0.0005062434871649377,352.1779979457898,1006.149562425165,0.00022697653832468148,0.0002210672617211845
27073,2024,2149.6809999613683,6485.866664707194,0.0004629555325695452,0.0005022444405361992,352.1779979457898,1006.149562425165,0.00022544434775933328,0.0002191776408786563
27073,2025,2149.6809999613683,6485.866664707194,0.00046066780169373033,0.0004988370828820683,352.1779979457898,1006.149562425165,0.0002241854567341453,0.00021753455014917846
27075,2021,58.76397316296634,162.3943500452303,0.0006526131208168365,0.0003962919128452599,33.76277796012375,87.6692080966139,0.0002747390103324925,0.000208892504131733
27075,2022,58.76397316296634,162.3943500452303,0.0006460283742765428,0.0003916575071867663,33.76277796012375,87.6692080966139,0.00027186873682226513,0.0002064442813690576
27075,2023,58.76397316296634,162.3943500452303,0.0006398874630673151,0.00038735007354518634,33.76277796012375,87.6692080966139,0.00026915239924156655,0.00020416795860941401
27075,2024,58.76397316296634,162.3943500452303,0.0006334189638863604,0.0003828117325140523,33.76277796012375,87.6692080966139,0.0002663166201581571,0.0002017720846674886
27075,2025,58.76397316296634,162.3943500452303,0.0006267628186264953,0.0003785428808206628,33.76277796012375,87.6692080966139,0.0002634430056344694,0.00019953789722392608
27077,2021,57.00415109770985,157.15764962098362,0.00027409560228303743,0.00026531319436474884,36.12187632088484,94.18984367449981,0.00020156448413987988,0.00020265251611219513
27077,2022,57.00415109770985,157.15764962098362,0.00026897648507600354,0.00026132180983787413,36.12187632088484,94.18984367449981,0.0001978192032954177,0.00019953917280327496
27077,2023,57.00415109770985,157.15764962098362,0.0002646351181697639,0.00025792950992998865,36.12187632088484,94.18984367449981,0.00019465065306130733,0.0001968822694167255
27077,2024,57.00415109770985,157.15764962098362,0.0002602965026497346,0.00025445440353483693,36.12187632088484,94.18984367449981,0.00019151072656945804,0.00019419392983125523
27077,2025,57.00415109770985,157.15764962098362,0.00025625701838227836,0.00025128283539310216,36.12187632088484,94.18984367449981,0.0001886202135877111,0.0001917557124764408
27099,2021,79.41895374594567,212.09872135511696,0.0003743331435196808,0.0003143554044181529,41.46751357817301,98.24527943013436,0.00029120083921312513,0.0002308193236341654
27099,2022,79.41895374594567,212.09872135511696,0.00036980674698058397,0.00031058426166440524,41.46751357817301,98.24527943013436,0.00028749162674064285,0.00022800211481752616
27099,2023,79.41895374594567,212.09872135511696,0.0003653076336281178,0.00030707815794468876,41.46751357817301,98.24527943013436,0.0002837459195864531,0.00022537442040801117
27099,2024,79.41895374594567,212.09872135511696,0.0003607324329282306,0.000303426995213136,41.46751357817301,98.24527943013436,0.0002799699173080259,0.00022267263580448186
27099,2025,79.41895374594567,212.09872135511696,0.00035638624067903425,0.00030006912557479484,41.46751357817301,98.24527943013436,0.00027645588182078853,0.0002201832921190373
27135,2021,175.70029614729435,464.05858671192857,0.000394282213860732,0.00041512192008604084,82.1381074516656,178.57547479401453,0.0003205675615061462,0.0003083953494453987
27135,2022,175.70029614729435,464.05858671192857,0.00039060805329775534,0.00041060961889889924,82.1381074516656,178.57547479401453,0.0003175187546685711,0.00030506459252902657
27135,2023,175.70029614729435,464.05858671192857,0.00038731569427872197,0.00040665684271129656,82.1381074516656,178.57547479401453,0.0003147809988722253,0.0003021413172716057
27135,2024,175.70029614729435,464.05858671192857,0.00038365997655248895,0.00040235489866081997,82.1381074516656,178.57547479401453,0.00031175661284718554,0.0002989659683050556
27135,2025,175.70029614729435,464.05858671192857,0.0003804186774770795,0.0003984772219464627,82.1381074516656,178.57547479401453,0.000309068628938228,0.000296112907701264
27150,2021,91.58893440066119,280.078817161423,0.00017062823647045103,0.00020426258039778485,39.56215243400557,117.38476088784392,0.0001569124799836182,0.0001465284236709599
27150,2022,91.58893440066119,280.078817161423,0.0001679968565334112,0.00020197934848500244,39.56215243400557,117.38476088784392,0.00015445141941075892,0.00014471808234801337
27150,2023,91.58893440066119,280.078817161423,0.0001658904019274334,0.0002000374728211813,39.56215243400557,117.38476088784392,0.000152480725896538,0.00014318776199708216
27150,2024,91.58893440066119,280.078817161423,0.00018097822751115297,0.00021030577690236767,39.56215243400557,117.38476088784392,0.00016273905484606483,0.00015214169092306185
27150,2025,91.58893440066119,280.078817161423,0.00017916805273261477,0.00020847015394445103,39.56215243400557,117.38476088784392,0.0001610805626009893,0.00015069844595313854
27160,2021,491.5814198196553,1481.9540999692283,0.00045344878803325796,0.00047104755492087107,144.8120788566196,374.75452432073,0.00035878826579016995,0.0003204098467713225
27160,2022,491.5814198196553,1481.9540999692283,0.0004497029540167966,0.00046638565413979223,144.8120788566196,374.75452432073,0.00035576763431140987,0.0003171907685260664
27160,2023,491.5814198196553,1481.9540999692283,0.00044638147476376284,0.0004623989809176554,144.8120788566196,374.75452432073,0.0003530785102660898,0.0003144100919936376
27160,2024,491.5814198196553,1481.9540999692283,0.0004425947256357845,0.00045794042661122513,144.8120788566196,374.75452432073,0.000350030266899713,0.0003113270674659051
27160,2025,491.5814198196553,1481.9540999692283,0.0004392900021444503,0.0004539797713273502,144.8120788566196,374.75452432073,0.0003473631649702538,0.00030858481517609046
27205,2021,644.1272035073836,1889.3873883379467,0.0005910307993444453,0.0004243565469696402,167.67997826256138,457.14560809286303,0.00037832927000204454,0.0002450534238440669
27205,2022,644.1272035073836,1889.3873883379467,0.0005848242911599657,0.00042034686156097105,167.67997826256138,457.14560809286303,0.0003745928769547962,0.0002426644774315027
27205,2023,644.1272035073836,1889.3873883379467,0.0005794941273769189,0.00041714246626059796,167.67997826256138,457.14560809286303,0.0003713805448357249,0.00024071412343032802
27205,2024,644.1272035073836,1889.3873883379467,0.0005736209586102783,0.0004134356914802812,167.67997826256138,457.14560809286303,0.0003678027031564477,0.00023849773443401822
27205,2025,644.1272035073836,1889.3873883379467,0.0005683301900606928,0.0004101872319430103,167.67997826256138,457.14560809286303,0.00036460778324167494,0.00023654889230439403
27245,2021,2794.192465637037,6927.241797868017,0.0007467022152668994,0.0007968793299526688,398.7140797881611,966.0103603440497,0.00028518791602331217,0.0002762008903603333
27245,2022,2794.192465637037,6927.241797868017,0.0007399878364347636,0.0007896819943549847,398.7140797881611,966.0103603440497,0.00028214910055909706,0.00027342588514163316
27245,2023,2794.192465637037,6927.241797868017,0.0007340733197840219,0.0007834666480501224,398.7140797881611,966.0103603440497,0.00027937876253223315,0.00027094254220871676
27245,2024,2794.192465637037,6927.241797868017,0.0007271845619852914,0.0007764991371541139,398.7140797881611,966.0103603440497,0.0002763720151978529,0.0002682077678612574
27245,2025,2794.192465637037,6927.241797868017,0.0007212883051919832,0.0007704051494601711,398.7140797881611,966.0103603440497,0.00027360808461550194,0.00026575118696365793
27250,2021,741.1646555378418,2291.5229335682902,0.0002776482436664511,0.00020808636209940782,196.79225183763327,582.2961199074932,0.0002013209184387848,0.0001246247991880396
27250,2022,741.1646555378418,2291.5229335682902,0.0002715088896524508,0.0002055108846365962,196.79225183763327,582.2961199074932,0.000196579380062006,0.00012300422739835808
27250,2023,741.1646555378418,2291.5229335682902,0.0002661010958614894,0.00020336714508994793,196.79225183763327,582.2961199074932,0.000192360824215125,0.00012163343061187255
27250,2024,741.1646555378418,2291.5229335682902,0.00026079847576912437,0.000201065081282237,196.79225183763327,582.2961199074932,0.00018827823933926605,0.00012018410303013461
27250,2025,741.1646555378418,2291.5229335682902,0.0002558017022779752,0.0001989601328626721,196.79225183763327,582.2961199074932,0.00018444695199304166,0.00011885693779832938
27361,2021,161.73282807606435,426.7274811186679,0.000750940221061734,0.0005809117262138042,64.73430394854566,154.52817624524852,0.0003965076012850541,0.00030439907891892365
27361,2022,161.73282807606435,426.7274811186679,0.0007371036159052396,0.0005727795980241058,64.73430394854566,154.52817624524852,0.00038914878789056385,0.0003001249648138875
27361,2023,161.73282807606435,426.7274811186679,0.0007252784538123321,0.0005660031790650254,64.73430394854566,154.52817624524852,0.00038285120407976125,0.00029655092363105665
27361,2024,161.73282807606435,426.7274811186679,0.0007132020029209483,0.0005587580092274898,64.73430394854566,154.52817624524852,0.00037644624447629593,0.0002927470468756318
27361,2025,161.73282807606435,426.7274811186679,0.0007017145827607094,0.0005520309118692069,64.73430394854566,154.52817624524852,0.00037037750751148777,0.0002892254304816933
27372,2021,34.57075403010216,170.23792524471025,0.0001321401710890646,0.00012506574445847918,17.368974752063824,77.27023273228161,0.00012193181545717666,0.00011650980768840754
27372,2022,34.57075403010216,170.23792524471025,0.00012958257654921854,0.00012275078913320255,17.368974752063824,77.27023273228161,0.0001195274378248683,0.0001143079526369183
27372,2023,34.57075403010216,170.23792524471025,0.00012730523605195628,0.0001207084658598467,17.368974752063824,77.27023273228161,0.00011737236420586883,0.00011235597452682198
27372,2024,34.57075403010216,170.23792524471025,0.00018543569178588776,0.00016421972379987158,17.368974752063824,77.27023273228161,0.00017013287690264826,0.00015237193982015786
27372,2025,34.57075403010216,170.23792524471025,0.0001821336683065742,0.00016150928459473233,17.368974752063824,77.27023273228161,0.000166967355903518,0.00014975212341474087
27413,2021,1566.7708748583345,5156.614559695512,0.0006396136282452841,0.0004992437143883892,276.7393908532974,815.6921922467412,0.00041724659764003834,0.0003072103751708083
27413,2022,1566.7708748583345,5156.614559695512,0.0006334155291536841,0.0004944282358847605,276.7393908532974,815.6921922467412,0.0004130945862174546,0.0003041404769587421
27413,2023,1566.7708748583345,5156.614559695512,0.0006278227226939367,0.0004901804305756694,276.7393908532974,815.6921922467412,0.00040930633675719647,0.0003013982318721332
27413,2024,1566.7708748583345,5156.614559695512,0.0006216392404382616,0.0004854414978906307,276.7393908532974,815.6921922467412,0.0004051702676989097,0.00029837040258533893
27413,2025,1566.7708748583345,5156.614559695512,0.0006160596696029978,0.00048121736098697597,276.7393908532974,815.6921922467412,0.00040139630077702117,0.00029564991199027696
27425,2021,1050.8257395804287,3408.317968714254,0.0015978808003887415,0.0013101114306980808,234.42676980657106,546.3032966192403,0.0009628009625025581,0.0008492942936768616
27425,2022,1050.8257395804287,3408.317968714254,0.0015796160060596144,0.0012955423948850775,234.42676980657106,546.3032966192403,0.0009512859182558151,0.0008397760252145629
27425,2023,1050.8257395804287,3408.317968714254,0.0015627278675196439,0.0012821163792853683,234.42676980657106,546.3032966192403,0.0009405912365771224,0.0008309884558428711
27425,2024,1050.8257395804287,3408.317968714254,0.0015445923303190217,0.0012676391813114657,234.42676980657106,546.3032966192403,0.0009292969498303623,0.0008215371279939241
27425,2025,1050.8257395804287,3408.317968714254,0.001527747779549616,0.0012543743363368945,234.42676980657106,546.3032966192403,0.0009186325885081927,0.000812857473717221
27430,2021,80.97383882465809,198.41744095370527,0.00039513345713098133,0.0003069855703396866,50.373570363652554,116.86738102609675,0.0002920057516089108,0.00023276312422134112
27430,2022,80.97383882465809,198.41744095370527,0.000389070189902122,0.00030275284213993444,50.373570363652554,116.86738102609675,0.0002875860493205194,0.00022950118222716796
27430,2023,80.97383882465809,198.41744095370527,0.00038385198220175677,0.00029914952006922197,50.373570363652554,116.86738102609675,0.0002837787743858006,0.00022670899942314572
27430,2024,80.97383882465809,198.41744095370527,0.00037850428135020566,0.00029540199901579927,50.373570363652554,116.86738102609675,0.0002798972859294356,0.000223837565880074
27430,2025,80.97383882465809,198.41744095370527,0.00037357096990642713,0.0002919980990821911,50.373570363652554,116.86738102609675,0.0002763482652968658,0.00022124368821659323
27450,2021,274.63558636488267,849.3549265186318,0.0007832189927238802,0.0005970390336593545,87.39956723064967,236.93436172698625,0.0004170858596709866,0.00031644788231031127
27450,2022,274.63558636488267,849.3549265186318,0.0007696788236892149,0.0005887932583813934,87.39956723064967,236.93436172698625,0.0004101182618135907,0.00031209775255442763
27450,2023,274.63558636488267,849.3549265186318,0.0007581325237644328,0.0005819227373320462,87.39956723064967,236.93436172698625,0.00040418379775746617,0.00030846196191205104
27450,2024,274.63558636488267,849.3549265186318,0.0007462257749300269,0.0005745613412494144,87.39956723064967,236.93436172698625,0.0003980459014003966,0.000304578736116674
27450,2025,274.63558636488267,849.3549265186318,0.000734931401119818,0.000567736514486215,87.39956723064967,236.93436172698625,0.0003922551829538149,0.0003009917476232772
27491,2021,531.0985385255364,1552.0387390583871,0.0006943007150781148,0.0005383955536608932,145.751041508636,403.2295705024347,0.000382459490542404,0.00028081196619464144
27491,2022,531.0985385255364,1552.0387390583871,0.0006839482411067986,0.0005319116550742112,145.751041508636,403.2295705024347,0.0003770807646773874,0.0002773874001477297
27491,2023,531.0985385255364,1552.0387390583871,0.0006751434488544919,0.0005266192105238759,145.751041508636,403.2295705024347,0.0003725152864280634,0.0002745656918654376
27491,2024,531.0985385255364,1552.0387390583871,0.0006658879014771447,0.0005207869566828914,145.751041508636,403.2295705024347,0.0003676753360834011,0.0002714805125333561
27491,2025,531.0985385255364,1552.0387390583871,0.000657224117002845,0.0005154733803739022,145.751041508636,403.2295705024347,0.0003631769231926613,0.00026867172102056444
27493,2021,164.41187072897822,337.49565656888325,0.0005144604164275722,0.0004929204433288674,66.23363952597788,136.36892929391465,0.0002253794758625181,0.0002125233444378237
27493,2022,164.41187072897822,337.49565656888325,0.0005112268591498647,0.0004898693701155485,66.23363952597788,136.36892929391465,0.0002237172771889423,0.00021106442285539936
27493,2023,164.41187072897822,337.49565656888325,0.0005084907533528727,0.0004872359845785216,66.23363952597788,136.36892929391465,0.00022234198884400373,0.0002098205425791764
27493,2024,164.41187072897822,337.49565656888325,0.0004991187703149091,0.0004771023968246714,66.23363952597788,136.36892929391465,0.0002228369135618156,0.00020834428465673033
27493,2025,164.41187072897822,337.49565656888325,0.0004963804081793068,0.0004745613704685135,66.23363952597788,136.36892929391465,0.0002214857589943675,0.00020715649558967773
27495,2021,74.9975372960694,200.87460959897746,0.00016215690932405632,0.0003017250711035526,47.152942259352805,110.91787057942352,0.00015345370472733084,0.00023717949950632548
27495,2022,74.9975372960694,200.87460959897746,0.00016025186909694196,0.00029818998612275726,47.152942259352805,110.91787057942352,0.0001516483385116438,0.00023437302607666938
27495,2023,74.9975372960694,200.87460959897746,0.00015849818374114825,0.0002949518171772216,47.152942259352805,110.91787057942352,0.0001499879203635148,0.0002318084937407919
27495,2024,74.9975372960694,200.87460959897746,0.00015675602788718621,0.0002915798564761255,47.152942259352805,110.91787057942352,0.0001483409549074658,0.00022915369002047135
27495,2025,74.9975372960694,200.87460959897746,0.00015522026546207807,0.00028850479122126757,47.152942259352805,110.91787057942352,0.00014689225552333302,0.00022674378690098928
27580,2021,667.0084004830047,1941.636038563922,0.00045864946740600566,0.0005068319784351384,174.21101030391657,467.2415452275318,0.0003264141761270554,0.00030272552387411027
27580,2022,667.0084004830047,1941.636038563922,0.00045490158475953643,0.0005021804465614328,174.21101030391657,467.2415452275318,0.00032367641230548143,0.00029978969128530153
27580,2023,667.0084004830047,1941.636038563922,0.00045162417220721444,0.000498330449135983,174.21101030391657,467.2415452275318,0.0003212734257391914,0.00029729952291049914
27580,2024,667.0084004830047,1941.636038563922,0.0004478753995499402,0.0004939036189023699,174.21101030391657,467.2415452275318,0.0003185415969566011,0.0002944998461697811
27580,2025,667.0084004830047,1941.636038563922,0.0004446115532065298,0.0004900187903862324,174.21101030391657,467.2415452275318,0.0003161536598558866,0.00029202101431162995
27600,2021,168.11280144021998,368.4090894414978,0.0005469464976453226,0.0004873032678791003,89.92291389166057,164.73397839440787,0.000411483019399152,0.00034976833249903013
27600,2022,168.11280144021998,368.4090894414978,0.0005408750898407076,0.00048177972628388595,89.92291389166057,164.73397839440787,0.00040694089327569224,0.00034582090308823824
27600,2023,168.11280144021998,368.4090894414978,0.0005352879806015838,0.0004768320916697998,89.92291389166057,164.73397839440787,0.00040276763337909744,0.000342282172337604
27600,2024,168.11280144021998,368.4090894414978,0.0005293401633056368,0.00047151393730346115,89.92291389166057,164.73397839440787,0.0003983273070060764,0.0003384869337045996
27600,2025,168.11280144021998,368.4090894414978,0.0005238430569127045,0.0004666690038836508,89.92291389166057,164.73397839440787,0.00039424103077771,0.0003350400594547553
27615,2021,75.06906572110941,242.19889876232477,0.00021415417908597292,0.00021316098178891606,34.44315110711085,106.66029798897128,0.00016424516172244648,0.0001495479208737972
27615,2022,75.06906572110941,242.19889876232477,0.00021088929756133028,0.00021057115981235966,34.44315110711085,106.66029798897128,0.00016169382314325435,0.00014760419975673784
27615,2023,75.06906572110941,242.19889876232477,0.000208234414872537,0.00020844102186362226,34.44315110711085,106.66029798897128,0.0001596081932055134,0.00014599874030940188
27615,2024,75.06906572110941,242.19889876232477,0.0002963756456508342,0.00026531076838152317,34.44315110711085,106.66029798897128,0.00022388103839971501,0.00018846443733781871
27615,2025,75.06906572110941,242.19889876232477,0.00029335904746631466,0.0002630584171440084,34.44315110711085,106.66029798897128,0.0002215000860874898,0.0001867379368661535
27660,2021,1146.1562414563991,2635.874920912144,0.00034571903842237946,0.0006633464879933456,264.7846341839355,608.6290425926153,0.00017232196579165045,0.00021105842988993907
27660,2022,1146.1562414563991,2635.874920912144,0.00034340469700161,0.0006587018438115334,264.7846341839355,608.6290425926153,0.00017107702250671242,0.00020941159345503886
27660,2023,1146.1562414563991,2635.874920912144,0.0003416988716062683,0.0006555668910305785,264.7846341839355,608.6290425926153,0.0001701027908288836,0.00020821173790140066
27660,2024,1146.1562414563991,2635.874920912144,0.00033947756347331144,0.0006512826497318313,264.7846341839355,608.6290425926153,0.00016889389541068043,0.00020668675704553388
27660,2025,1146.1562414563991,2635.874920912144,0.00033766005906768704,0.0006478001790391221,264.7846341839355,608.6290425926153,0.00016788180639183814,0.00020540931447670687
27745,2021,716.9171297699305,1909.5999984206799,0.00035580602285459735,0.00044438037968506325,188.2908856017014,485.74597489182156,0.00018653836768893565,0.0001829424493131101
27745,2022,716.9171297699305,1909.5999984206799,0.00035117865290744816,0.0004407022387830013,188.2908856017014,485.74597489182156,0.0001838719476333199,0.0001811656878436952
27745,2023,716.9171297699305,1909.5999984206799,0.0003473870213612664,0.00043801519119568964,188.2908856017014,485.74597489182156,0.00018164599605041681,0.00017978475331646582
27745,2024,716.9171297699305,1909.5999984206799,0.00034330731428763335,0.000434714728364252,188.2908856017014,485.74597489182156,0.00017930206162060014,0.00017819194006232767
27745,2025,716.9171297699305,1909.5999984206799,0.00033958762099034034,0.00043190469918093563,188.2908856017014,485.74597489182156,0.00017715594934862588,0.0001767978108151975
27787,2021,839.997063072934,2248.806879352457,0.0004710762949237215,0.0005949657369450209,204.1043897259396,514.2479099649968,0.0002976147146857559,0.0002943544448653283
27787,2022,839.997063072934,2248.806879352457,0.0004678668525666037,0.000589958367956506,204.1043897259396,514.2479099649968,0.0002955072061334717,0.0002917030789562888
27787,2023,839.997063072934,2248.806879352457,0.00046520689836473435,0.0005860052142972908,204.1043897259396,514.2479099649968,0.0002937196142173724,0.00028950679689430925
27787,2024,839.997063072934,2248.806879352457,0.00046193986334275294,0.000581235098063179,204.1043897259396,514.2479099649968,0.00029157471528597315,0.0002869564501309158
27787,2025,839.997063072934,2248.806879352457,0.0004592288988644249,0.0005771309248135139,204.1043897259396,514.2479099649968,0.0002897623000742846,0.0002847221926966596
27800,2021,183.09623016265363,499.45843765229876,0.00023327748926095382,0.00029828126303348953,81.05112769440106,231.886229272357,0.00014861965060027426,0.00014954405627404694
27800,2022,183.09623016265363,499.45843765229876,0.0002316985713949663,0.0002965627808753404,81.05112769440106,231.886229272357,0.00014752609609641507,0.00014866956248112261
27800,2023,183.09623016265363,499.45843765229876,0.00023033731785448755,0.0002950874678543949,81.05112769440106,231.886229272357,0.00014657925289650794,0.00014792909730654966
27800,2024,183.09623016265363,499.45843765229876,0.00022657461992756016,0.00029446686437994697,81.05112769440106,231.886229272357,0.00014442512950088032,0.00014905197048667898
27800,2025,183.09623016265363,499.45843765229876,0.00022542568077781543,0.00029309942360929847,81.05112769440106,231.886229272357,0.00014364179952642485,0.0001483751290458244
27810,2021,329.6109269921481,989.5514800552428,0.0004383188845420194,0.0004459294610545883,113.62352025778287,289.95247327693227,0.00033381677795791414,0.0003105351322702942
27810,2022,329.6109269921481,989.5514800552428,0.00043447410264025324,0.0004413743045309574,113.62352025778287,289.95247327693227,0.00033083022278510796,0.0003073310638785692
27810,2023,329.6109269921481,989.5514800552428,0.00043105003260392747,0.0004374421501299677,113.62352025778287,289.95247327693227,0.0003281659047043106,0.00030454882493806537
27810,2024,329.6109269921481,989.5514800552428,0.00042719691980381907,0.0004330902082792243,113.62352025778287,289.95247327693227,0.00032517918825686055,0.0003014874644330912
27810,2025,329.6109269921481,989.5514800552428,0.0004238034272957535,0.00042920162121598635,113.62352025778287,289.95247327693227,0.00032254254552081926,0.0002987533308224403
41001,2021,863.0434089882476,1135.0443071193108,0.001920271097125992,0.0018408348549639434,226.11449430466212,307.2021716981543,0.0004969279632864145,0.00047916398807517567
41001,2022,863.0434089882476,1135.0443071193108,0.0018926186328721403,0.0018149718329342338,226.11449430466212,307.2021716981543,0.0004897837360042316,0.0004724821131770997
41001,2023,863.0434089882476,1135.0443071193108,0.0018670291817563481,0.001791111156730777,226.11449430466212,307.2021716981543,0.00048317309738017406,0.00046632366116612206
41001,2024,863.0434089882476,1135.0443071193108,0.0018403685944916952,0.0017661834669516463,226.11449430466212,307.2021716981543,0.0004762848902998867,0.00045988346337040386
41001,2025,863.0434089882476,1135.0443071193108,0.0018155642273999526,0.0017430123396060969,226.11449430466212,307.2021716981543,0.00046987292601859365,0.00045389863405389684
41006,2021,424.2512264979389,813.5551041240311,0.0010339277142561664,0.0008866253289700965,120.55506857906146,254.57293272475022,0.00025747704275279413,0.0002283874281313013
41006,2022,424.2512264979389,813.5551041240311,0.0010190977864362144,0.0008748413117991849,120.55506857906146,254.57293272475022,0.00025383554669782877,0.0002253910458724523
41006,2023,424.2512264979389,813.5551041240311,0.0010056525569904643,0.0008641831264927658,120.55506857906146,254.57293272475022,0.00025053767540957923,0.00022267774213371547
41006,2024,424.2512264979389,813.5551041240311,0.0009917035503260478,0.0008531466628334109,120.55506857906146,254.57293272475022,0.00024713037620185317,0.00021988397880121752
41006,2025,424.2512264979389,813.5551041240311,0.0009789064897961467,0.0008430810810676514,120.55506857906146,254.57293272475022,0.00024401220206521422,0.0002173384377899236
41013,2021,486.7065144533584,1085.328440355974,0.0007976812399321116,0.0007591800746939795,132.34183535237042,313.1993495212947,0.0001880559180101458,0.0001838298190498626
41013,2022,486.7065144533584,1085.328440355974,0.0007892450538983827,0.0007506089119439879,132.34183535237042,313.1993495212947,0.0001859839622519356,0.00018171608846257738
41013,2023,486.7065144533584,1085.328440355974,0.0007815766762503123,0.000742848413617928,132.34183535237042,313.1993495212947,0.00018410293944101796,0.00017980266059024013
41013,2024,486.7065144533584,1085.328440355974,0.0007736372421065668,0.0007347968184036643,132.34183535237042,313.1993495212947,0.00018216765687434456,0.0001778260785354222
41013,2025,486.7065144533584,1085.328440355974,0.0007665397028581772,0.0007275536224526285,132.34183535237042,313.1993495212947,0.0001804366332251821,0.0001760497590476135
41016,2021,631.3600392677363,1229.577417631912,0.000568033083935549,0.000524154675877264,176.74891892422815,352.6224251721702,0.00018173756281916,0.00015631118736492158
41016,2022,631.3600392677363,1229.577417631912,0.0005606851228956226,0.0005174028796399974,176.74891892422815,352.6224251721702,0.00017951835861358862,0.00015440261235551085
41016,2023,631.3600392677363,1229.577417631912,0.0005539714009351766,0.0005112354064100598,176.74891892422815,352.6224251721702,0.0001775035050304643,0.0001526722772458658
41016,2024,631.3600392677363,1229.577417631912,0.0005468876588430279,0.0005047265017868377,176.74891892422815,352.6224251721702,0.00017536192821925194,0.00015083268052643639
41016,2025,631.3600392677363,1229.577417631912,0.0005402986311237746,0.000498695509876493,176.74891892422815,352.6224251721702,0.00017336975822747342,0.00014913290109089914
41020,2021,412.4747071478154,817.8018278239298,0.0007497789029012916,0.0007848016119255232,103.85866335813417,211.36028537561776,0.00017723237337621462,0.0001940189065473724
41020,2022,412.4747071478154,817.8018278239298,0.0007407800545675739,0.0007750306170144089,103.85866335813417,211.36028537561776,0.00017505789415786385,0.00019157784583322303
41020,2023,412.4747071478154,817.8018278239298,0.0007325136253004068,0.0007660810214368896,103.85866335813417,211.36028537561776,0.00017305921876521152,0.00018934125225465132
41020,2024,412.4747071478154,817.8018278239298,0.0007238001260032958,0.000756730950490631,103.85866335813417,211.36028537561776,0.00017096079214718956,0.0001870120871963558
41020,2025,412.4747071478154,817.8018278239298,0.0007158302978143497,0.0007481691860398279,103.85866335813417,211.36028537561776,0.0001690387642074278,0.00018487997706281034
41026,2021,478.1763582715575,1014.9493624082462,0.0009627716466200061,0.0008332332123306979,129.69686698674042,292.8376843871617,0.00021619947412241874,0.0001953703144576528
41026,2022,478.1763582715575,1014.9493624082462,0.0009511646356636323,0.000823406706688181,129.69686698674042,292.8376843871617,0.000213548870731886,0.00019304651271518638
41026,2023,478.1763582715575,1014.9493624082462,0.0009406148428939357,0.0008145134414929933,129.69686698674042,292.8376843871617,0.00021113972184667523,0.00019094286736403505
41026,2024,478.1763582715575,1014.9493624082462,0.0009297193298275634,0.000805311447895957,129.69686698674042,292.8376843871617,0.0002086628293898871,0.00018877412818058396
41026,2025,478.1763582715575,1014.9493624082462,0.0009198593811889446,0.0007970045974574711,129.69686698674042,292.8376843871617,0.0002064236790552548,0.00018681927916424642
41078,2021,411.7783555791944,694.6025985896528,0.0005306341245308085,0.00048777175371247846,113.04978252711538,196.16652225784674,0.00018130064960375264,0.00015346921374255387
41078,2022,411.7783555791944,694.6025985896528,0.0005238822118605335,0.0004813287059626959,113.04978252711538,196.16652225784674,0.0001792801067769853,0.0001515826190184083
41078,2023,411.7783555791944,694.6025985896528,0.000517638522446531,0.0004753977166154917,113.04978252711538,196.16652225784674,0.0001773866886800495,0.00014984828920080957
41078,2024,411.7783555791944,694.6025985896528,0.0005110766764726913,0.0004691748527091729,113.04978252711538,196.16652225784674,0.00017539547924495,0.00014802396660533693
41078,2025,411.7783555791944,694.6025985896528,0.0005050061765027522,0.0004634012620237967,113.04978252711538,196.16652225784674,0.00017356970176445497,0.00014633617406006408
41132,2021,506.7678493272963,866.0465675518456,0.0007401111184853541,0.0007103462238784822,130.6730323949872,232.18979926751277,0.00017123269065176446,0.00017161771862932558
41132,2022,506.7678493272963,866.0465675518456,0.0007309034218870848,0.0007014266469268708,130.6730323949872,232.18979926751277,0.00016903660534582635,0.00016943795714413273
41132,2023,506.7678493272963,866.0465675518456,0.0007224340889530827,0.0006932502069233322,130.6730323949872,232.18979926751277,0.00016701435564616952,0.00016743989420349475
41132,2024,506.7678493272963,866.0465675518456,0.0007135241557716599,0.0006846624838903318,130.6730323949872,232.18979926751277,0.00016489232578990103,0.00016534291957473254
41132,2025,506.7678493272963,866.0465675518456,0.0007053468094901983,0.000676761514912014,130.6730323949872,232.18979926751277,0.00016293897879909435,0.00016341141990589155
41206,2021,1624.6350727377812,5388.281565485652,0.00023740935422711157,0.0002916001434897697,316.4513587827439,1020.9078574260304,0.00013043644270295553,0.00011051636288794601
41206,2022,1624.6350727377812,5388.281565485652,0.00023635611181690132,0.00028822793336284497,316.4513587827439,1020.9078574260304,0.00012984051990234713,0.00010938911347944498
41206,2023,1624.6350727377812,5388.281565485652,0.000235522311715112,0.000285158974243128,316.4513587827439,1020.9078574260304,0.00012932934025158761,0.00010836917185494113
41206,2024,1624.6350727377812,5388.281565485652,0.00023439400988380348,0.00028189244554262477,316.4513587827439,1020.9078574260304,0.0001286829487658749,0.00010727414330335096
41206,2025,1624.6350727377812,5388.281565485652,0.0002334509664433999,0.00027888266351063824,316.4513587827439,1020.9078574260304,0.0001281415554429964,0.00010627209702940488
41244,2021,469.4027692596733,879.3778136739,0.0012214615774125265,0.0010945354888094148,131.6336507319283,270.8541991237243,0.0002783106532296668,0.00027345688797529154
41244,2022,469.4027692596733,879.3778136739,0.0012046813445651921,0.001080348964241379,131.6336507319283,270.8541991237243,0.0002744997806583461,0.00026994424162254553
41244,2023,469.4027692596733,879.3778136739,0.0011894500496259309,0.001067581451910634,131.6336507319283,270.8541991237243,0.00027104134189553323,0.0002667889873773686
41244,2024,469.4027692596733,879.3778136739,0.001173633985102509,0.0010542950142386897,131.6336507319283,270.8541991237243,0.00026746162313044745,0.00026350986183559897
41244,2025,469.4027692596733,879.3778136739,0.0011591454620490892,0.001042203587851972,131.6336507319283,270.8541991237243,0.00026418840682872587,0.00026053066616012037
41298,2021,455.063648180794,977.8046509385107,0.0009134309592571926,0.000848266030339931,118.81400000777106,271.2034292353997,0.00021359512212661095,0.00020126253775874214
41298,2022,455.063648180794,977.8046509385107,0.0009040897473639977,0.0008389463924411718,118.81400000777106,271.2034292353997,0.00021134707208771044,0.0001990156836545272
41298,2023,455.063648180794,977.8046509385107,0.000895597770266036,0.0008305047545309293,118.81400000777106,271.2034292353997,0.0002093038991726384,0.00019697987947508674
41298,2024,455.063648180794,977.8046509385107,0.0008868218283498985,0.0008217554584511527,118.81400000777106,271.2034292353997,0.00020720605930944856,0.00019487966482194637
41298,2025,455.063648180794,977.8046509385107,0.0008790148499252201,0.0008139070784619469,118.81400000777106,271.2034292353997,0.00020534191073431833,0.00019299824114409766
41306,2021,451.3752858227134,1010.6039599089182,0.0005981716733017322,0.0008271379918127596,118.66129603999212,281.47304368489876,0.00011884609334583569,0.00019005830014812248
41306,2022,451.3752858227134,1010.6039599089182,0.0005926431611885654,0.0008175521125309194,118.66129603999212,281.47304368489876,0.00011772442594949509,0.00018781363997925402
41306,2023,451.3752858227134,1010.6039599089182,0.000587624906384708,0.0008088309886943442,118.66129603999212,281.47304368489876,0.00011670595545482018,0.00018577015704602764
41306,2024,451.3752858227134,1010.6039599089182,0.000582283760871942,0.0007997131061409857,118.66129603999212,281.47304368489876,0.0001156242241560929,0.0001836405663312938
41306,2025,451.3752858227134,1010.6039599089182,0.0005775318419235908,0.0007914429471264189,118.66129603999212,281.47304368489876,0.0001146592253566682,0.00018170791954274943
41319,2021,460.6661425114685,964.0634891481402,0.00132460019835368,0.0011519705579046662,124.46182436649305,274.17924627770566,0.00034261809776357083,0.00030765861031401107
41319,2022,460.6661425114685,964.0634891481402,0.001308197208399502,0.001137930197998208,124.46182436649305,274.17924627770566,0.0003382951557332623,0.0003038598941285006
41319,2023,460.6661425114685,964.0634891481402,0.0012932808789326584,0.0011251806569885661,124.46182436649305,274.17924627770566,0.00033436239204663885,0.00030040652255597123
41319,2024,460.6661425114685,964.0634891481402,0.001278101928679494,0.0011121590517152284,124.46182436649305,274.17924627770566,0.0003303846288605644,0.0002968981019601977
41319,2025,460.6661425114685,964.0634891481402,0.0012644518883518979,0.0011004441802762895,124.46182436649305,274.17924627770566,0.00032681306670724847,0.00029374558192773044
41349,2021,447.81684976513094,878.9916118286804,0.0007681802644737609,0.0008038729863647195,114.19147403403345,231.24013391778624,0.00017691298428164205,0.0001991872807656545
41349,2022,447.81684976513094,878.9916118286804,0.0007589331626772263,0.0007938483304254467,114.19147403403345,231.24013391778624,0.00017471252913712462,0.0001966713670920758
41349,2023,447.81684976513094,878.9916118286804,0.0007504348903856268,0.0007846696011799047,114.19147403403345,231.24013391778624,0.00017268821195668397,0.00019436744563283874
41349,2024,447.81684976513094,878.9916118286804,0.0007414733073635874,0.0007750751016012833,114.19147403403345,231.24013391778624,0.0001705586856386836,0.00019196486409693182
41349,2025,447.81684976513094,878.9916118286804,0.0007332693998072768,0.0007662871522501149,114.19147403403345,231.24013391778624,0.00016860327721855456,0.0001897638753324507
41357,2021,575.9429457494886,1371.3020231137746,0.0007648651138423887,0.000687193117998936,162.29574746543673,396.9642502899944,0.00019486247930321912,0.0001784377374226587
41357,2022,575.9429457494886,1371.3020231137746,0.00075530393638147,0.0006785216676055696,162.29574746543673,396.9642502899944,0.0001923908378508369,0.00017618848108330704
41357,2023,575.9429457494886,1371.3020231137746,0.0007465236874279991,0.0006706003764800438,162.29574746543673,396.9642502899944,0.00019012402188362158,0.00017413980870561226
41357,2024,575.9429457494886,1371.3020231137746,0.0007373017053860979,0.0006622759042336793,162.29574746543673,396.9642502899944,0.00018774367155248298,0.00017198253906010417
41357,2025,575.9429457494886,1371.3020231137746,0.0007288201605777596,0.0006546183999099092,162.29574746543673,396.9642502899944,0.00018555152778287876,0.00016999828784037492
41359,2021,519.3643564408765,1005.8072949308907,0.0009793267767566009,0.0009744558038126517,161.68446257698608,336.05319741013307,0.00022003402530480955,0.0002527926438411875
41359,2022,519.3643564408765,1005.8072949308907,0.0009657269464175554,0.000961965073007667,161.68446257698608,336.05319741013307,0.00021707616517003219,0.0002496511077091433
41359,2023,519.3643564408765,1005.8072949308907,0.0009533843594767784,0.0009507527567007161,161.68446257698608,336.05319741013307,0.0002143975423218667,0.000246841056750297
41359,2024,519.3643564408765,1005.8072949308907,0.0009404111110365835,0.00093899913037883,161.68446257698608,336.05319741013307,0.00021157694315269849,0.00024389281772917035
41359,2025,519.3643564408765,1005.8072949308907,0.0009284309225727126,0.0009282685215002612,161.68446257698608,336.05319741013307,0.00020897437219882892,0.00024120588529158088
41378,2021,508.61756246791305,986.9555711814073,0.0009746899012599431,0.0008510746540857401,156.42587612483777,320.4117918203084,0.00026064128299791356,0.00024366936625167551
41378,2022,508.61756246791305,986.9555711814073,0.0009624801160978248,0.0008405685566815783,156.42587612483777,320.4117918203084,0.000257385873338798,0.00024068031812538108
41378,2023,508.61756246791305,986.9555711814073,0.0009515681577285894,0.000831217268141205,156.42587612483777,320.4117918203084,0.00025449748993499146,0.0002380329262037494
41378,2024,508.61756246791305,986.9555711814073,0.0009400482382146802,0.0008213876059626879,156.42587612483777,320.4117918203084,0.0002514390561885225,0.00023524474076369
41378,2025,508.61756246791305,986.9555711814073,0.0009295362393391324,0.000812468317153873,156.42587612483777,320.4117918203084,0.00024865422084433973,0.00023271830425473824
41396,2021,554.2876321648765,1225.71150692542,0.0007635544354911506,0.0007887369894450383,163.48158315808405,368.1635718916156,0.00017455484812190978,0.00020629915525286347
41396,2022,554.2876321648765,1225.71150692542,0.0007540523526723112,0.0007791185047225152,163.48158315808405,368.1635718916156,0.000172382852380337,0.00020378405215558398
41396,2023,554.2876321648765,1225.71150692542,0.0007454301617429437,0.000770521296081209,163.48158315808405,368.1635718916156,0.00017041863644144,0.00020154713198556018
41396,2024,554.2876321648765,1225.71150692542,0.0007363930639505962,0.0007614980387609026,163.48158315808405,368.1635718916156,0.00016835749839898587,0.00019919601363438134
41396,2025,554.2876321648765,1225.71150692542,0.0007281012252654558,0.0007533048692320079,163.48158315808405,368.1635718916156,0.00016646667888962956,0.00019706492276557326
41483,2021,550.3311574379865,1358.0209538056654,0.0003739227220701918,0.0006589945538062885,158.67910262088483,398.9032694023979,0.00010216341022100719,0.00017891648403088782
41483,2022,550.3311574379865,1358.0209538056654,0.0003700972897346049,0.0006509073718661723,158.67910262088483,398.9032694023979,0.00010106696479630781,0.00017670993233701441
41483,2023,550.3311574379865,1358.0209538056654,0.00036663784584196977,0.0006436405459192665,158.67910262088483,398.9032694023979,0.00010008032647405497,0.00017473787450960425
41483,2024,550.3311574379865,1358.0209538056654,0.0003629568318668051,0.0006359638253540023,158.67910262088483,398.9032694023979,9.903317699138566e-05,0.00017265026114445753
41483,2025,550.3311574379865,1358.0209538056654,0.0003596400451931314,0.0006289630675362777,158.67910262088483,398.9032694023979,9.808489554819255e-05,0.00017074804077702095
41503,2021,496.8987295649322,954.8531823174663,0.0011420522295080924,0.0010563196839169025,144.41791814790267,301.6971720396753,0.00024492871056475845,0.0002620622800553861
41503,2022,496.8987295649322,954.8531823174663,0.0011265138842634793,0.001042691222510144,144.41791814790267,301.6971720396753,0.00024160583216094274,0.00025872206678802365
41503,2023,496.8987295649322,954.8531823174663,0.001112408133641951,0.001030450601149177,144.41791814790267,301.6971720396753,0.00023859123414007055,0.00025573028194108356
41503,2024,496.8987295649322,954.8531823174663,0.0010976180206129474,0.0010176324185109554,144.41791814790267,301.6971720396753,0.00023543004458724336,0.000252597172423543
41503,2025,496.8987295649322,954.8531823174663,0.0010839974646466896,0.00100593694627223,144.41791814790267,301.6971720396753,0.00023251850708023574,0.00024974219154529786
41518,2021,493.74345024378414,1135.8105616890439,0.0004242369338034611,0.0006620399933988957,137.52219235285975,331.84085090363124,9.595076507151818e-05,0.00016440195917091877
41518,2022,493.74345024378414,1135.8105616890439,0.00041996428793111286,0.0006538967474581662,137.52219235285975,331.84085090363124,9.49665271275235e-05,0.00016237325564677848
41518,2023,493.74345024378414,1135.8105616890439,0.0004160895262940192,0.0006464865813107081,137.52219235285975,331.84085090363124,9.407687056350239e-05,0.0001605289271624018
41518,2024,493.74345024378414,1135.8105616890439,0.0004119803350736854,0.0006387550000106719,137.52219235285975,331.84085090363124,9.31335197278366e-05,0.0001586076720085926
41518,2025,493.74345024378414,1135.8105616890439,0.0004082850791945414,0.0006317073504707801,137.52219235285975,331.84085090363124,9.22835970709375e-05,0.00015685827733930225
41524,2021,702.4470015454388,1144.4261238139425,0.0014417474799861758,0.001408750375868915,187.5496593405324,319.07927442664845,0.00036846418419716445,0.0003584757509222114
41524,2022,702.4470015454388,1144.4261238139425,0.0014215326588204345,0.0013894841010832083,187.5496593405324,319.07927442664845,0.0003632872877454072,0.00035358174376779177
41524,2023,702.4470015454388,1144.4261238139425,0.0014028508885385016,0.0013717433314140942,187.5496593405324,319.07927442664845,0.00035850282129238015,0.00034907940070196615
41524,2024,702.4470015454388,1144.4261238139425,0.0013833405890608583,0.0013531836093391154,187.5496593405324,319.07927442664845,0.0003535072161685972,0.0003443660720605638
41524,2025,702.4470015454388,1144.4261238139425,0.0013652257979580253,0.0013359711847291077,187.5496593405324,319.07927442664845,0.0003488641993725551,0.00033999435088437124
41530,2021,426.0040753898403,846.1350118346916,0.0008234102716750551,0.0007981107750339589,126.1679107005522,275.13246774594955,0.00020810264921956818,0.00021874061076280221
41530,2022,426.0040753898403,846.1350118346916,0.000811461680621823,0.0007876935214614943,126.1679107005522,275.13246774594955,0.00020513869592533234,0.00021597888749926537
41530,2023,426.0040753898403,846.1350118346916,0.0008006348976926403,0.0007782805196609109,126.1679107005522,275.13246774594955,0.00020245709362198393,0.00021348208310925654
41530,2024,426.0040753898403,846.1350118346916,0.0007893077754405477,0.0007685024784866117,126.1679107005522,275.13246774594955,0.00019966734797794645,0.0002109019243702051
41530,2025,426.0040753898403,846.1350118346916,0.0007788414075103642,0.0007595508508521737,126.1679107005522,275.13246774594955,0.00019708571445560126,0.0002085384281741819
41548,2021,505.6539719863253,1119.749893487093,0.0008671032249881475,0.0008876368574361157,140.55622126791417,327.276572398625,0.00018577745997146926,0.00021862313751479272
41548,2022,505.6539719863253,1119.749893487093,0.0008570889473688487,0.0008772761089578632,140.55622126791417,327.276572398625,0.0001836185301883345,0.00021604623201008607
41548,2023,505.6539719863253,1119.749893487093,0.0008479885856695,0.0008679746785735289,140.55622126791417,327.276572398625,0.0001816604126508418,0.00021374076793563503
41548,2024,505.6539719863253,1119.749893487093,0.0008384481123876239,0.0008582339545650337,140.55622126791417,327.276572398625,0.00017960624804167768,0.00021132655711349714
41548,2025,505.6539719863253,1119.749893487093,0.0008297615296065088,0.0008494219896095971,140.55622126791417,327.276572398625,0.0001777347669637752,0.00020914500107636222
41551,2021,517.8796139443408,927.4905940337758,0.0012345884548791849,0.001178611402596485,146.61697195271722,294.6238163941628,0.0002764733945533031,0.00029990949090473337
41551,2022,517.8796139443408,927.4905940337758,0.001216671335294913,0.0011629479629726948,146.61697195271722,294.6238163941628,0.0002724936582803719,0.00029599792731120877
41551,2023,517.8796139443408,927.4905940337758,0.0012004132298629757,0.001148853260961772,146.61697195271722,294.6238163941628,0.0002688841910492365,0.000292483298242817
41551,2024,517.8796139443408,927.4905940337758,0.0011833685057427137,0.0011341359112711266,146.61697195271722,294.6238163941628,0.00026510598393938517,0.00028882272021932227
41551,2025,517.8796139443408,927.4905940337758,0.0011676225085598276,0.0011206718557674514,146.61697195271722,294.6238163941628,0.00026161257228349706,0.00028547559740553686
41615,2021,607.1198106719223,916.8576587799134,0.0014118546681184192,0.0013770745617403823,156.94208880826207,243.91732500428185,0.00035359685124844757,0.000349549803481023
41615,2022,607.1198106719223,916.8576587799134,0.001391930529033473,0.0013580968292063247,156.94208880826207,243.91732500428185,0.00034857621675080694,0.0003447350169914156
41615,2023,607.1198106719223,916.8576587799134,0.001373506135902959,0.0013405964522110619,156.94208880826207,243.91732500428185,0.0003439325214537571,0.0003402962377427228
41615,2024,607.1198106719223,916.8576587799134,0.0013542810783525772,0.0013223088376118194,156.94208880826207,243.91732500428185,0.00033908964931104795,0.00033565757083432214
41615,2025,607.1198106719223,916.8576587799134,0.0013364295915781659,0.0013053401560659112,156.94208880826207,243.91732500428185,0.0003345902986566746,0.0003313532779175923
41660,2021,527.2208782723616,1022.7177335389644,0.0008352834207640427,0.0007837341154789717,166.0994604248172,339.92140793709456,0.00023559525478830594,0.00023306652164585732
41660,2022,527.2208782723616,1022.7177335389644,0.0008246244101898372,0.0007740278999617783,166.0994604248172,339.92140793709456,0.00023268752867810848,0.00023022911174462108
41660,2023,527.2208782723616,1022.7177335389644,0.0008151210980159949,0.0007653948181954614,166.0994604248172,339.92140793709456,0.00023011688661967396,0.00022771772414513456
41660,2024,527.2208782723616,1022.7177335389644,0.0008050610056889472,0.000756317609512849,166.0994604248172,339.92140793709456,0.00022738374010110651,0.00022507208077248204
41660,2025,527.2208782723616,1022.7177335389644,0.0007958567718780928,0.0007480743738494691,166.0994604248172,339.92140793709456,0.00022489195192146598,0.00022267328599843219
41668,2021,480.91968061334126,986.122195902215,0.0004789278124888133,0.0005744418059902046,161.44257229216743,347.5651447978036,0.0001316039899569521,0.0001828512125084287
41668,2022,480.91968061334126,986.122195902215,0.0004729730169683912,0.000567805366498695,161.44257229216743,347.5651447978036,0.00013014316498102525,0.00018087572575433797
41668,2023,480.91968061334126,986.122195902215,0.0004675647910235772,0.0005618831907144068,161.44257229216743,347.5651447978036,0.00012881985810639366,0.00017911854619537195
41668,2024,480.91968061334126,986.122195902215,0.0004618603809343924,0.0005556512608982956,161.44257229216743,347.5651447978036,0.00012741975909070661,0.00017726838573295213
41668,2025,480.91968061334126,986.122195902215,0.00045658666560158213,0.0005499606523694259,161.44257229216743,347.5651447978036,0.00012612414541896065,0.00017558104912045937
41676,2021,1010.4933190730615,2766.3134672244264,0.0005883213230791812,0.0006011036769561131,259.8617525988446,700.260995980266,0.0001625459033729403,0.00016169542846101418
41676,2022,1010.4933190730615,2766.3134672244264,0.0005803972044692888,0.0005934298164101647,259.8617525988446,700.260995980266,0.00016037035618473233,0.0001596555821761979
41676,2023,1010.4933190730615,2766.3134672244264,0.000573109647266148,0.00058642543547251,259.8617525988446,700.260995980266,0.00015837195091603488,0.00015780002023031353
41676,2024,1010.4933190730615,2766.3134672244264,0.0005654568320893204,0.0005790477809903272,259.8617525988446,700.260995980266,0.00015627266482305704,0.00015584054378959422
41676,2025,1010.4933190730615,2766.3134672244264,0.0005583638370159284,0.0005722435491298036,259.8617525988446,700.260995980266,0.0001543245936696524,0.00015403441273948104
41770,2021,426.6174858341692,791.9467479115646,0.0011273452619878835,0.0009983114084754507,117.68908553411812,236.13200432088632,0.0003026033806019984,0.0002804108310249193
41770,2022,426.6174858341692,791.9467479115646,0.0011123699709119266,0.0009855601563662922,117.68908553411812,236.13200432088632,0.0002985770874613811,0.00027683267346501994
41770,2023,426.6174858341692,791.9467479115646,0.0010987554266679383,0.0009739771376955215,117.68908553411812,236.13200432088632,0.00029491618796355536,0.0002735781121660782
41770,2024,426.6174858341692,791.9467479115646,0.001084944254984869,0.0009621866825226718,117.68908553411812,236.13200432088632,0.0002912233578051706,0.00027028244518422504
41770,2025,426.6174858341692,791.9467479115646,0.0010724675707347905,0.0009515510284055932,117.68908553411812,236.13200432088632,0.0002878977992632248,0.00026731494074464635
41791,2021,503.77535831924104,1083.3055131784795,0.0009325633621110886,0.0008812226036630693,139.7790406682257,318.6045349453796,0.0002197360906738873,0.00022777518161872095
41791,2022,503.77535831924104,1083.3055131784795,0.0009206757201670437,0.0008703318421097721,139.7790406682257,318.6045349453796,0.00021692103533527764,0.00022496040499147017
41791,2023,503.77535831924104,1083.3055131784795,0.0009098706962041361,0.0008605428816439793,139.7790406682257,318.6045349453796,0.00021436400305263197,0.00022243598367583541
41791,2024,503.77535831924104,1083.3055131784795,0.0008987073565011995,0.0008503686873370846,139.7790406682257,318.6045349453796,0.0002117317949901268,0.00021981529089979614
41791,2025,503.77535831924104,1083.3055131784795,0.000888530319975763,0.0008411483643392842,139.7790406682257,318.6045349453796,0.0002093369539826486,0.00021744554678237047
41797,2021,500.4755627698129,1155.7204585826462,0.00042586757574072817,0.0006603361830537165,139.75955623225045,336.17525132643163,0.00010576713174708043,0.00017047805137678334
41797,2022,500.4755627698129,1155.7204585826462,0.0004216353845710697,0.0006522303285473338,139.75955623225045,336.17525132643163,0.00010467475782565989,0.0001683771395751058
41797,2023,500.4755627698129,1155.7204585826462,0.0004177979703466334,0.0006448547583975008,139.75955623225045,336.17525132643163,0.00010368667634213151,0.0001664682494467374
41797,2024,500.4755627698129,1155.7204585826462,0.00041371019159539067,0.000637145833039876,139.75955623225045,336.17525132643163,0.00010263623518039484,0.00016447534530880325
41797,2025,500.4755627698129,1155.7204585826462,0.0004100392971970912,0.0006301155518218457,139.75955623225045,336.17525132643163,0.00010168881753825796,0.0001626594636595605
41799,2021,582.485889200068,815.7804888376946,0.0012922120573715726,0.0012594839270497296,154.39858182155243,221.16169002761598,0.0003414335320850694,0.00033905102483228856
41799,2022,582.485889200068,815.7804888376946,0.0012736185429866986,0.0012418612459269812,154.39858182155243,221.16169002761598,0.00033654717396875984,0.0003343883938039712
41799,2023,582.485889200068,815.7804888376946,0.0012564117860400647,0.0012255957081589686,154.39858182155243,221.16169002761598,0.0003320271827431864,0.00033008686467377865
41799,2024,582.485889200068,815.7804888376946,0.0012384871287310654,0.001208602247043817,154.39858182155243,221.16169002761598,0.00032731639612756653,0.0003255880651578813
41799,2025,582.485889200068,815.7804888376946,0.0012218039546471984,0.0011928056649403622,154.39858182155243,221.16169002761598,0.00032293107771877097,0.0003214088456034955
41801,2021,1005.3258790264016,2883.4432604038607,0.0005798664088639818,0.0006063138235317942,259.0717743143355,730.0402387813994,0.00015993816715329664,0.0001654147026216886
41801,2022,1005.3258790264016,2883.4432604038607,0.0005721334121161336,0.0005985547594433649,259.0717743143355,730.0402387813994,0.0001578062362380011,0.00016332142956602074
41801,2023,1005.3258790264016,2883.4432604038607,0.0005650222427300228,0.0005914738933655777,259.0717743143355,730.0402387813994,0.00015585129755041016,0.0001614194966672947
41801,2024,1005.3258790264016,2883.4432604038607,0.0005575557451057725,0.000584021055755372,259.0717743143355,730.0402387813994,0.0001537987211645885,0.0001594125703689183
41801,2025,1005.3258790264016,2883.4432604038607,0.0005506515246958098,0.0005771545182341667,259.0717743143355,730.0402387813994,0.0001519009055500204,0.00015756591660110068
41807,2021,461.7705288838598,859.4156894373514,0.0012120720973139547,0.0009879710207129628,128.45119505733828,263.8108656875541,0.0002728685461759691,0.00023326417752673743
41807,2022,461.7705288838598,859.4156894373514,0.0011953578575152905,0.0009750898325982588,128.45119505733828,263.8108656875541,0.0002691110542958218,0.0002302436427168448
41807,2023,461.7705288838598,859.4156894373514,0.0011801842589437993,0.0009634453887216784,128.45119505733828,263.8108656875541,0.0002656995454251773,0.00022751244971479535
41807,2024,461.7705288838598,859.4156894373514,0.0011644360103543073,0.0009513657897664641,128.45119505733828,263.8108656875541,0.00026217089518141786,0.0002246881381406783
41807,2025,461.7705288838598,859.4156894373514,0.001150010320827439,0.0009403622899022332,128.45119505733828,263.8108656875541,0.0002589444412862223,0.00022211898119373582
41872,2021,466.5993776785628,810.4718167873692,0.0005611639764724526,0.0005277277778862145,131.50021336783158,236.66840460879644,0.00017940090961326836,0.00016440334861260352
41872,2022,466.5993776785628,810.4718167873692,0.0005540940051162218,0.0005209436931090588,131.50021336783158,236.66840460879644,0.00017729489243458566,0.00016241626521057328
41872,2023,466.5993776785628,810.4718167873692,0.000547627060878031,0.0005147268606324398,131.50021336783158,236.66840460879644,0.0001753817173854423,0.00016060318499249487
41872,2024,466.5993776785628,810.4718167873692,0.0005407793641238997,0.0005081726596393016,131.50021336783158,236.66840460879644,0.00017333558931090668,0.00015868015104283315
41872,2025,466.5993776785628,810.4718167873692,0.0005344143019462892,0.0005020942455071056,131.50021336783158,236.66840460879644,0.0001714354642955903,0.00015690183428623624
41885,2021,538.0926036884583,1140.953607137995,0.0008056243756916388,0.0007454833029608426,145.31857161789114,324.2227100094634,0.00018887165151695786,0.00018127797266015915
41885,2022,538.0926036884583,1140.953607137995,0.000795925678020838,0.0007362391229209107,145.31857161789114,324.2227100094634,0.00018652492324084977,0.0001790088620744433
41885,2023,538.0926036884583,1140.953607137995,0.0007870231646480395,0.0007277808223640624,145.31857161789114,324.2227100094634,0.00018437064471264376,0.00017693417017342205
41885,2024,538.0926036884583,1140.953607137995,0.0007776285723310471,0.0007188853833578719,145.31857161789114,324.2227100094634,0.00018210264645308771,0.00017475286748030037
41885,2025,538.0926036884583,1140.953607137995,0.000769025828862131,0.000710715356595826,145.31857161789114,324.2227100094634,0.00018001969832769755,0.00017274767663479236
44001,2021,469.9895973903468,946.1606154763782,0.0010871305608631614,0.0009995294224034287,274.2571459938575,533.6667621826376,0.0006765894359822975,0.0006190513795958492
44001,2022,469.9895973903468,946.1606154763782,0.001070308797901925,0.0009831586157571437,274.2571459938575,533.6667621826376,0.0006659375135409821,0.000608748574063478
44001,2023,469.9895973903468,946.1606154763782,0.001054992941226313,0.0009681614511338264,274.2571459938575,533.6667621826376,0.0006562294016128963,0.0005993033101013557
44001,2024,469.9895973903468,946.1606154763782,0.0010406668760061806,0.0009540797886874557,274.2571459938575,533.6667621826376,0.0006471456289629041,0.0005904328788567901
44001,2025,469.9895973903468,946.1606154763782,0.0010279520895753779,0.000941512089481222,274.2571459938575,533.6667621826376,0.0006390673341638364,0.000582504120388537
44035,2021,272.91547191704547,700.1968598086568,0.0005865504538423996,0.0005478916514938256,172.75082993325546,408.10545838770963,0.00041645049210344226,0.00038983424185854733
44035,2022,272.91547191704547,700.1968598086568,0.0005747220357927962,0.0005368424368820579,172.75082993325546,408.10545838770963,0.00040787064062105247,0.0003818328509715767
44035,2023,272.91547191704547,700.1968598086568,0.0005637882340616958,0.0005266158543988085,172.75082993325546,408.10545838770963,0.00039993076945142424,0.00037442140428718934
44035,2024,272.91547191704547,700.1968598086568,0.000553477779481592,0.0005169640680925944,172.75082993325546,408.10545838770963,0.0003924390087059674,0.00036742396674293307
44035,2025,272.91547191704547,700.1968598086568,0.0005441527406762994,0.0005082219173498598,172.75082993325546,408.10545838770963,0.0003856527140165928,0.00036107810214508105
44078,2021,350.32867427879717,833.6367581891933,0.0007177740951060678,0.000606547628071275,209.98555302596932,472.5930088075125,0.0004846854427703807,0.00041184726360833776
44078,2022,350.32867427879717,833.6367581891933,0.0007039897686343571,0.0005945699164355411,209.98555302596932,472.5930088075125,0.00047526351613641645,0.00040363254783653857
44078,2023,350.32867427879717,833.6367581891933,0.0006913041212864247,0.0005835140590168816,209.98555302596932,472.5930088075125,0.0004665890675281442,0.00039604852606836587
44078,2024,350.32867427879717,833.6367581891933,0.0006793731027623562,0.0005730988180929727,209.98555302596932,472.5930088075125,0.00045842787089034234,0.0003889033622669402
44078,2025,350.32867427879717,833.6367581891933,0.0006685662717896907,0.0005636599000021438,209.98555302596932,472.5930088075125,0.00045102742475954807,0.0003824227331648815
44090,2021,580.4224909726364,1183.4851943603273,0.0006565029501071433,0.0007571293783429484,316.4083207269979,643.8628799958184,0.00041308756787949367,0.00044633523948125293
44090,2022,580.4224909726364,1183.4851943603273,0.0006454204834358541,0.0007430337571398334,316.4083207269979,643.8628799958184,0.0004059763223762389,0.00043802585953455175
44090,2023,580.4224909726364,1183.4851943603273,0.0006352860976893029,0.0007300510536092087,316.4083207269979,643.8628799958184,0.0003994698390279037,0.00043037443048484983
44090,2024,580.4224909726364,1183.4851943603273,0.000625784584757475,0.0007178167339881732,316.4083207269979,643.8628799958184,0.0003933723053815531,0.00042316636468580705
44090,2025,580.4224909726364,1183.4851943603273,0.000617300727803666,0.0007068119278055227,316.4083207269979,643.8628799958184,0.0003879164485726742,0.00041667907050237384
44098,2021,464.2403571885725,997.9829507355736,0.0008408687234177117,0.0008032258893161064,266.1367998250635,552.7006776471349,0.0005741095877046048,0.0005218815693211501
44098,2022,464.2403571885725,997.9829507355736,0.0008250504281833037,0.0007866391674575675,266.1367998250635,552.7006776471349,0.0005632307409469222,0.0005111474327074902
44098,2023,464.2403571885725,997.9829507355736,0.0008105018695813427,0.0007712896145414967,266.1367998250635,552.7006776471349,0.000553225166488667,0.0005012180844254976
44098,2024,464.2403571885725,997.9829507355736,0.0007968293461630502,0.0007568115807556916,266.1367998250635,552.7006776471349,0.0005438226105777318,0.0004918560964092014
44098,2025,464.2403571885725,997.9829507355736,0.0007844167957519103,0.0007436423266785869,266.1367998250635,552.7006776471349,0.0005352792532709305,0.00048333804201139955
44110,2021,416.3934618109166,953.2065245773276,0.0006177068145204728,0.0006671726752481821,226.16858827687264,515.1390891936697,0.0003983180650909362,0.0004022664771749201
44110,2022,416.3934618109166,953.2065245773276,0.0006050454213555405,0.0006527939500994197,226.16858827687264,515.1390891936697,0.00039024601989514414,0.00039368240588619045
44110,2023,416.3934618109166,953.2065245773276,0.0005933227675195829,0.0006394447484054066,226.16858827687264,515.1390891936697,0.0003827816905201145,0.00038571934202771065
44110,2024,416.3934618109166,953.2065245773276,0.0005822640001910511,0.0006268284680428707,226.16858827687264,515.1390891936697,0.00037574763474671505,0.00037819950763486135
44110,2025,416.3934618109166,953.2065245773276,0.0005721377202624587,0.0006153155214806813,226.16858827687264,515.1390891936697,0.000369307138006306,0.00037133683621579246
44279,2021,398.12450569799296,915.5900684469582,0.0006949367841377015,0.0006993868780023132,228.7746243702947,508.2540102548579,0.00045048909405613456,0.00043578818567779166
44279,2022,398.12450569799296,915.5900684469582,0.0006818860860669333,0.0006849461066335073,228.7746243702947,508.2540102548579,0.0004419631536511721,0.00042683633663254106
44279,2023,398.12450569799296,915.5900684469582,0.0006698839689305956,0.0006715830089087901,228.7746243702947,508.2540102548579,0.0004341218256012653,0.00041855639397370126
44279,2024,398.12450569799296,915.5900684469582,0.0006586036444429936,0.0006589789023415593,228.7746243702947,508.2540102548579,0.00042675158787461266,0.00041074986861943893
44279,2025,398.12450569799296,915.5900684469582,0.0006483920768551639,0.0006475339681174312,228.7746243702947,508.2540102548579,0.00042007337940162543,0.00040366084347099544
44378,2021,370.6112078621124,849.7063062228524,0.0010227392327912756,0.0009195986657917996,223.06123257449732,484.07713447084495,0.0006771362721989477,0.0006061338385326499
44378,2022,370.6112078621124,849.7063062228524,0.0010051350013373672,0.0009032938064567754,223.06123257449732,484.07713447084495,0.0006651736205135494,0.0005951410538340322
44378,2023,370.6112078621124,849.7063062228524,0.0009890166162988176,0.0008883095629042741,223.06123257449732,484.07713447084495,0.0006542054589484806,0.0005850290798252821
44378,2024,370.6112078621124,849.7063062228524,0.0009738904426649792,0.0008742167895093052,223.06123257449732,484.07713447084495,0.0006439051063119314,0.0005755151556200485
44378,2025,370.6112078621124,849.7063062228524,0.0009603292309437821,0.000861552306505588,223.06123257449732,484.07713447084495,0.0006346472498007827,0.0005669490892973751
44420,2021,520.1452611361823,1061.2279724390505,0.0005790013044956886,0.0006053176558848946,263.86899387043576,556.8364966588829,0.00029748746982789266,0.0003221182367292369
44420,2022,520.1452611361823,1061.2279724390505,0.0005654102663764134,0.0005918058309078955,263.86899387043576,556.8364966588829,0.0002906650008766866,0.0003150715877467692
44420,2023,520.1452611361823,1061.2279724390505,0.0005527412696669267,0.0005792430463960236,263.86899387043576,556.8364966588829,0.00028431406538476117,0.00030852742782946506
44420,2024,520.1452611361823,1061.2279724390505,0.0005407327012308355,0.0005673478553886397,263.86899387043576,556.8364966588829,0.0002783013682701255,0.00030233693500841314
44420,2025,520.1452611361823,1061.2279724390505,0.0005297427100728323,0.000556509939724273,263.86899387043576,556.8364966588829,0.00027280030702204577,0.0002967011678956817
44430,2021,201.47415202167383,552.0537723914147,0.0004121848972795408,0.0004757136598727294,134.3262250003063,329.8920836910369,0.0003154375304901766,0.00035042914840763707
44430,2022,201.47415202167383,552.0537723914147,0.0004023168441898579,0.00046533783558985314,134.3262250003063,329.8920836910369,0.00030792565185208264,0.00034271004836653796
44430,2023,201.47415202167383,552.0537723914147,0.0003931228480277152,0.0004557035089998009,134.3262250003063,329.8920836910369,0.00030092768924889503,0.00033553947538974725
44430,2024,201.47415202167383,552.0537723914147,0.00038441663327559364,0.000446594167513571,134.3262250003063,329.8920836910369,0.00029430164899796866,0.00032875847239623076
44430,2025,201.47415202167383,552.0537723914147,0.00037647105741217736,0.00043831657749091014,134.3262250003063,329.8920836910369,0.0002882554350074422,0.0003225926054873904
44560,2021,197.8624934285728,585.1989851381213,0.0003553167831735873,0.00035610875443007944,127.02361182400543,344.2157353055772,0.000248280283977962,0.00024877356347849014
44560,2022,197.8624934285728,585.1989851381213,0.00034914389828284855,0.00034973720459802556,127.02361182400543,344.2157353055772,0.0002438648851577202,0.00024424308400521684
44560,2023,197.8624934285728,585.1989851381213,0.00034346799057955525,0.0003438666101321141,127.02361182400543,344.2157353055772,0.0002397975600453416,0.00024006403824806383
44560,2024,197.8624934285728,585.1989851381213,0.0003381458250661123,0.000338353429736473,127.02361182400543,344.2157353055772,0.00023598308247613543,0.00023613987636473768
44560,2025,197.8624934285728,585.1989851381213,0.0003333866465332864,0.0003334043574249332,127.02361182400543,344.2157353055772,0.00023256508094578144,0.00023261225933504158
44650,2021,533.4237524202287,1094.0464251999306,0.0008023202824938108,0.0007434865245547552,294.99024829697794,595.3109268273248,0.000545281541510619,0.0004751690989903441
44650,2022,533.4237524202287,1094.0464251999306,0.0007873048473180454,0.0007281996376738286,294.99024829697794,595.3109268273248,0.0005350283111829326,0.0004654437864954063
44650,2023,533.4237524202287,1094.0464251999306,0.0007734801761301036,0.0007140426176406071,294.99024829697794,595.3109268273248,0.0005255904007073512,0.0004564416033687083
44650,2024,533.4237524202287,1094.0464251999306,0.0007604792769504664,0.0007006811892795062,294.99024829697794,595.3109268273248,0.0005167178722819687,0.00044794944633450267
44650,2025,533.4237524202287,1094.0464251999306,0.0007486490911488737,0.0006885107869906849,294.99024829697794,595.3109268273248,0.0005086379224546766,0.000440211193131506
44847,2021,68.2241170859921,250.05703932830673,0.00022997603970563066,0.00023512475415918388,51.922186017578376,157.80138313942493,0.00019253807975355125,0.00019409486123738172
44847,2022,68.2241170859921,250.05703932830673,0.00022439192397810353,0.00022938961848948454,51.922186017578376,157.80138313942493,0.00018786300612120294,0.00018935931047688856
44847,2023,68.2241170859921,250.05703932830673,0.00021919875209640668,0.00022405240623059926,51.922186017578376,157.80138313942493,0.0001835152343132707,0.0001849524426616581
44847,2024,68.2241170859921,250.05703932830673,0.00021428749408217677,0.00021900146648692298,51.922186017578376,157.80138313942493,0.00017940348341763637,0.00018078204923863375
44847,2025,68.2241170859921,250.05703932830673,0.00020981034121016654,0.00021439619210577643,51.922186017578376,157.80138313942493,0.0001756551693852557,0.00017697966670373339
44855,2021,461.6973052717482,1002.8872510973945,0.0005689371676380209,0.0005905676622319848,238.60942985309438,530.9487544896834,0.0002902716488900189,0.0003074872900605221
44855,2022,461.6973052717482,1002.8872510973945,0.0005555663053741118,0.0005773181113514328,238.60942985309438,530.9487544896834,0.0002836117264244184,0.00030071362429318223
44855,2023,461.6973052717482,1002.8872510973945,0.0005430961042197512,0.0005649931046707611,238.60942985309438,530.9487544896834,0.0002774091231300962,0.0002944194731801688
44855,2024,461.6973052717482,1002.8872510973945,0.0005312710853694598,0.0005533201199801613,238.60942985309438,530.9487544896834,0.0002715345709229088,0.00028846427890314737
44855,2025,461.6973052717482,1002.8872510973945,0.0005204351711800569,0.0005426751840787982,238.60942985309438,530.9487544896834,0.0002661527363957343,0.00028303719488489846
44874,2021,466.2470557343513,1012.3906152353885,0.0007857476482121226,0.000739460457726,246.27980066661507,540.7470139530303,0.0004476287144906222,0.0004171613651046607
44874,2022,466.2470557343513,1012.3906152353885,0.0007681235035387076,0.0007230441786817393,246.27980066661507,540.7470139530303,0.0004378808438775298,0.0004080527305432367
44874,2023,466.2470557343513,1012.3906152353885,0.0007517344098016287,0.0007077841878014878,246.27980066661507,540.7470139530303,0.0004288329697717788,0.00039959448895055043
44874,2024,466.2470557343513,1012.3906152353885,0.0007362261963237279,0.0006933440584099104,246.27980066661507,540.7470139530303,0.0004202841883854553,0.00039159888372525123
44874,2025,466.2470557343513,1012.3906152353885,0.0007220101681286409,0.0006801573389044613,246.27980066661507,540.7470139530303,0.0004124481459262915,0.00038429798532706806
47001,2021,1159.714580792948,2129.810857936092,0.001315644068583081,0.0012601937584817463,563.6093871900433,996.6092719208485,0.0006753772466446392,0.0006419162857541325
47001,2022,1159.714580792948,2129.810857936092,0.0012935672863071935,0.0012390470114497232,563.6093871900433,996.6092719208485,0.000664043605953117,0.00063112510311613
47001,2023,1159.714580792948,2129.810857936092,0.001273373070657174,0.0012196782328004801,563.6093871900433,996.6092719208485,0.0006536785489968184,0.0006212388949354173
47001,2024,1159.714580792948,2129.810857936092,0.0012543850692219376,0.0012014545579037258,563.6093871900433,996.6092719208485,0.0006439327089867,0.0006119342041369569
47001,2025,1159.714580792948,2129.810857936092,0.0012375157784510298,0.0011852599470436164,563.6093871900433,996.6092719208485,0.0006352739921602199,0.000603662233463664
47030,2021,631.9094663234524,1749.8953835335146,0.0002753265230264051,0.0003388932701047935,324.2181421444601,847.290512008006,0.00021976356753272423,0.00022605547524120906
47030,2022,631.9094663234524,1749.8953835335146,0.0002706901702422743,0.00033208193424380457,324.2181421444601,847.290512008006,0.00021607616445926524,0.0002217207321461011
47030,2023,631.9094663234524,1749.8953835335146,0.0002664686954914504,0.00032578902644366897,324.2181421444601,847.290512008006,0.00021272402315832112,0.00021772523475790134
47030,2024,631.9094663234524,1749.8953835335146,0.0002624180110065936,0.00031978305214030403,324.2181421444601,847.290512008006,0.00020950178422279422,0.00021390241525882773
47030,2025,631.9094663234524,1749.8953835335146,0.00025879236810234004,0.0003143443408239303,324.2181421444601,847.290512008006,0.00020662170386317024,0.00021044858756386143
47053,2021,888.5450188074228,2039.7215486519567,0.0007833352851975945,0.0007508679089083853,447.3013702368019,978.2804851886866,0.0004507710882038428,0.00043072630270252964
47053,2022,888.5450188074228,2039.7215486519567,0.0007675297563395003,0.0007357787964846319,447.3013702368019,978.2804851886866,0.0004419339816113323,0.0004222622559019877
47053,2023,888.5450188074228,2039.7215486519567,0.0007529227588940011,0.0007218258409861902,447.3013702368019,978.2804851886866,0.00043377839324446185,0.000414441669715331
47053,2024,888.5450188074228,2039.7215486519567,0.0007391071807142457,0.0007086249971843423,447.3013702368019,978.2804851886866,0.0004260631392968879,0.0004070398581401167
47053,2025,888.5450188074228,2039.7215486519567,0.0007266258479516722,0.0006966992390043842,447.3013702368019,978.2804851886866,0.0004191024180089953,0.0004003589192643135
47058,2021,279.4403535839768,691.7871948983164,0.0004214153968057203,0.0004736652953749129,166.54725304570354,404.1991455028666,0.00027256699423451163,0.0002883152062552388
47058,2022,279.4403535839768,691.7871948983164,0.0004148402198317333,0.00046470532133561306,166.54725304570354,404.1991455028666,0.00026832252363114033,0.0002830789854757999
47058,2023,279.4403535839768,691.7871948983164,0.0004088723664861178,0.0004564851836033617,166.54725304570354,404.1991455028666,0.00026447551239337373,0.0002782860806125839
47058,2024,279.4403535839768,691.7871948983164,0.00040319074016411386,0.0004486733777783033,166.54725304570354,404.1991455028666,0.0002607986656271457,0.00027372035242235196
47058,2025,279.4403535839768,691.7871948983164,0.00039811422265652075,0.0004416486909620046,166.54725304570354,404.1991455028666,0.0002575088977491788,0.0002696200955844992
47161,2021,1051.508700574446,2333.5071383786253,0.0002615057321027095,0.000422552010184607,485.6984335165507,1042.1964097654516,0.00020197420040643453,0.00024184835639009535
47161,2022,1051.508700574446,2333.5071383786253,0.0002576263233443626,0.00041788838713946187,485.6984335165507,1042.1964097654516,0.00019888824215293118,0.0002389689742241195
47161,2023,1051.508700574446,2333.5071383786253,0.0002540961088906834,0.0004136499882630886,485.6984335165507,1042.1964097654516,0.00019607733873974056,0.00023634684807149193
47161,2024,1051.508700574446,2333.5071383786253,0.0002505714145592584,0.00040944316740888477,485.6984335165507,1042.1964097654516,0.00019327180465085713,0.00023374614248367656
47161,2025,1051.508700574446,2333.5071383786253,0.00024740726583014153,0.0004057474311793628,485.6984335165507,1042.1964097654516,0.00019075211813376566,0.00023144486962241713
47170,2021,678.01530842503,2018.4822489201415,0.0002987530390513374,0.0002630793812625666,338.470569070471,940.9514658285915,0.00023844125109783604,0.0001992417362718377
47170,2022,678.01530842503,2018.4822489201415,0.0002939325786763499,0.00025901985948678684,338.470569070471,940.9514658285915,0.00023458762686007865,0.00019615461990778532
47170,2023,678.01530842503,2018.4822489201415,0.0002895680819126297,0.0002553191591352599,338.470569070471,940.9514658285915,0.00023110061918123814,0.00019333989180627442
47170,2024,678.01530842503,2018.4822489201415,0.00028526005789257806,0.0002517032605266823,338.470569070471,940.9514658285915,0.00022765631129997776,0.00019058886884222007
47170,2025,678.01530842503,2018.4822489201415,0.0002813714279367992,0.00024844835935933907,338.470569070471,940.9514658285915,0.0002245494020310129,0.00018811271482013298
47189,2021,1065.860033657554,2180.7531929614092,0.0006179740364395961,0.0006846542637688343,520.3044275462212,1017.8706884116801,0.0003871358207887487,0.00037970457128689184
47189,2022,1065.860033657554,2180.7531929614092,0.0006079618039837914,0.0006730741045209573,520.3044275462212,1017.8706884116801,0.00038089271257877563,0.0003733302798182866
47189,2023,1065.860033657554,2180.7531929614092,0.0005988477129537967,0.0006623944101601887,520.3044275462212,1017.8706884116801,0.00037521293643648064,0.00036745659238268663
47189,2024,1065.860033657554,2180.7531929614092,0.0005902578154038494,0.0006522565060038466,520.3044275462212,1017.8706884116801,0.00036985700576757437,0.00036187834399242915
47189,2025,1065.860033657554,2180.7531929614092,0.0005826403041478625,0.0006431996983608266,520.3044275462212,1017.8706884116801,0.00036510825531132666,0.0003568966901454346
47205,2021,944.3599506153312,2243.868788118509,0.00027847198174620524,0.0004289362816436422,445.76719163636375,1018.689934026052,0.0002296790767942045,0.000251645767086942
47205,2022,944.3599506153312,2243.868788118509,0.00027405663896877145,0.00042403311990157054,445.76719163636375,1018.689934026052,0.00022600625626139118,0.00024853022633139065
47205,2023,944.3599506153312,2243.868788118509,0.0002700450017854188,0.0004195774996267082,445.76719163636375,1018.689934026052,0.00022266957512274965,0.00024569466403987205
47205,2024,944.3599506153312,2243.868788118509,0.0002660495361525186,0.00041516555278048767,445.76719163636375,1018.689934026052,0.0002193459499018043,0.00024288881865219185
47205,2025,944.3599506153312,2243.868788118509,0.00026244190733546737,0.00041127799606865305,445.76719163636375,1018.689934026052,0.00021634633931223967,0.0002403979562035382
47245,2021,213.94479950497276,458.33136311898596,0.0005701648417075205,0.0005357433600129597,129.53734376332474,264.9036102973847,0.0003611792551544607,0.0003419225546672837
47245,2022,213.94479950497276,458.33136311898596,0.0005627333850872142,0.00052811555025952,129.53734376332474,264.9036102973847,0.0003565482900137183,0.0003371254979416425
47245,2023,213.94479950497276,458.33136311898596,0.0005560290550295706,0.0005212282209260913,129.53734376332474,264.9036102973847,0.00035237966923847057,0.00033279812436195794
47245,2024,213.94479950497276,458.33136311898596,0.0005497913061565137,0.0005147567408337105,129.53734376332474,264.9036102973847,0.0003485003344639521,0.0003287291046797617
47245,2025,213.94479950497276,458.33136311898596,0.0005444324480302792,0.000509112939008838,129.53734376332474,264.9036102973847,0.00034517571523317897,0.00032518285003036145
47258,2021,1041.5181823692583,2450.8286029738515,0.00024273297732180257,0.00043332835997597136,485.5569608943772,1106.2509994603656,0.00020469560536082973,0.00025486237384956205
47258,2022,1041.5181823692583,2450.8286029738515,0.0002389140484946722,0.00042828453779026216,485.5569608943772,1106.2509994603656,0.00020145458877944515,0.0002516415238812113
47258,2023,1041.5181823692583,2450.8286029738515,0.0002354337670151596,0.0004236885572083827,485.5569608943772,1106.2509994603656,0.00019850207940605433,0.00024870062820572255
47258,2024,1041.5181823692583,2450.8286029738515,0.00023197386616343623,0.00041915775335802714,485.5569608943772,1106.2509994603656,0.00019556653630820468,0.0002458059068848112
47258,2025,1041.5181823692583,2450.8286029738515,0.0002288740455737719,0.0004151701258190671,485.5569608943772,1106.2509994603656,0.00019293785475651788,0.00024324048036046374
47268,2021,1057.8116200778534,2269.333230041488,0.0002785340499714932,0.0004127542795405213,498.91731738709643,1046.9425921140282,0.00023280706405523244,0.00025210172054995327
47268,2022,1057.8116200778534,2269.333230041488,0.00027419902012959117,0.00040680454426093404,498.91731738709643,1046.9425921140282,0.0002291696893926985,0.0002483491294304437
47268,2023,1057.8116200778534,2269.333230041488,0.00027024661608049795,0.00040132566334505316,498.91731738709643,1046.9425921140282,0.0002258551513657278,0.000244895418107018
47268,2024,1057.8116200778534,2269.333230041488,0.00026644831575937467,0.0003960787645776558,498.91731738709643,1046.9425921140282,0.00022266748136247545,0.00024158404952738657
47268,2025,1057.8116200778534,2269.333230041488,0.0002630798780805228,0.00039143530800373963,498.91731738709643,1046.9425921140282,0.00021984102015308425,0.00023864489024620424
47288,2021,779.9062234247754,1804.0378158140086,0.0006498830483681518,0.0006715527642178407,402.3755671445784,892.6450493711066,0.00041736000667264554,0.000403762065672147
47288,2022,779.9062234247754,1804.0378158140086,0.0006361936156229771,0.0006576875938984908,402.3755671445784,892.6450493711066,0.000408983118245681,0.0003956908802400384
47288,2023,779.9062234247754,1804.0378158140086,0.0006235188106436038,0.0006448514691814245,402.3755671445784,892.6450493711066,0.00040124683266749844,0.00038822802987165036
47288,2024,779.9062234247754,1804.0378158140086,0.0006114882344060741,0.0006326869334744963,402.3755671445784,892.6450493711066,0.0003938981194122373,0.00038115191520544814
47288,2025,779.9062234247754,1804.0378158140086,0.0006005693189258788,0.0006216807670317426,402.3755671445784,892.6450493711066,0.0003872458644507714,0.0003747599332457695
47318,2021,201.08029981436178,402.6655314402757,0.00047324905213129746,0.0004889254105282432,132.737157136251,262.45481823860035,0.00033473967477597513,0.0003335048048755506
47318,2022,201.08029981436178,402.6655314402757,0.00046774404860664163,0.00048227260129986277,132.737157136251,262.45481823860035,0.0003308674303863779,0.00032902250472082297
47318,2023,201.08029981436178,402.6655314402757,0.0004628475285806571,0.00047628128808726027,132.737157136251,262.45481823860035,0.0003274291156731612,0.00032499184843075643
47318,2024,201.08029981436178,402.6655314402757,0.000458253572687766,0.000470602238460709,132.737157136251,262.45481823860035,0.00032420172049607,0.00032116790954505133
47318,2025,201.08029981436178,402.6655314402757,0.0004543319187810178,0.00046562861359989035,132.737157136251,262.45481823860035,0.0003214465179081061,0.00031782091419518837
47460,2021,267.36320870255946,704.2387408173455,0.0004816427798336361,0.0004295824959698163,172.77103168803674,431.5635993318756,0.0003588094175275731,0.00031059245097536024
47460,2022,267.36320870255946,704.2387408173455,0.00047439481502208086,0.0004230136887624935,172.77103168803674,431.5635993318756,0.0003533932686180282,0.00030586863737195496
47460,2023,267.36320870255946,704.2387408173455,0.0004678476850026542,0.0004170547015335665,172.77103168803674,431.5635993318756,0.00034850365980821025,0.0003015857962208678
47460,2024,267.36320870255946,704.2387408173455,0.0004614952793644306,0.00041129101236508204,172.77103168803674,431.5635993318756,0.00034374618477679865,0.0002974355694285642
47460,2025,267.36320870255946,704.2387408173455,0.00045576105048831346,0.00040611787647041003,172.77103168803674,431.5635993318756,0.0003394456626653089,0.0002937078829856156
47541,2021,938.9171242227749,2341.2144134917035,0.00031980984822046934,0.0004366348906911379,447.52567034343355,1075.6434854147483,0.00025096407411803414,0.00026002138285013455
47541,2022,938.9171242227749,2341.2144134917035,0.0003149061370541535,0.0004316052858006534,447.52567034343355,1075.6434854147483,0.00024704663491999804,0.0002568067038429915
47541,2023,938.9171242227749,2341.2144134917035,0.0003104486451293917,0.0004270394458665388,447.52567034343355,1075.6434854147483,0.000243484718449062,0.00025388330307164693
47541,2024,938.9171242227749,2341.2144134917035,0.0003060090798239462,0.00042251190228529084,447.52567034343355,1075.6434854147483,0.00023993652609250647,0.00025098663112590455
47541,2025,938.9171242227749,2341.2144134917035,0.0003019942769423606,0.0004185120898883911,447.52567034343355,1075.6434854147483,0.00023672830494665244,0.00024841079754770416
47545,2021,245.1586347989084,614.21535426258,0.0004887825973586197,0.0004590147794785725,152.6913265838647,362.9112663772594,0.0003381608184861996,0.0003097128001930517
47545,2022,245.1586347989084,614.21535426258,0.0004819605897516359,0.00045209996418303845,152.6913265838647,362.9112663772594,0.0003334723323613897,0.00030510712606843563
47545,2023,245.1586347989084,614.21535426258,0.0004758214858273585,0.0004458456524190483,152.6913265838647,362.9112663772594,0.0003292589577886411,0.00030094466343011617
47545,2024,245.1586347989084,614.21535426258,0.00046999073726724296,0.00043988884505040204,152.6913265838647,362.9112663772594,0.00032524541471869997,0.00029697041092751903
47545,2025,245.1586347989084,614.21535426258,0.0004648499005181175,0.0004346133351241285,152.6913265838647,362.9112663772594,0.00032170037687891275,0.00029344695249754226
47551,2021,982.3258616098599,2507.922072701764,0.00022874248999195276,0.0003075079850578585,464.2591247432541,1137.1872799505697,0.00019979840998232326,0.0002008863896199851
47551,2022,982.3258616098599,2507.922072701764,0.00022494291340193504,0.00030325285820434635,464.2591247432541,1137.1872799505697,0.0001965004185375757,0.00019795573722837458
47551,2023,982.3258616098599,2507.922072701764,0.00022147342497725824,0.0002993311766124711,464.2591247432541,1137.1872799505697,0.00019349136473731997,0.0001952591333807841
47551,2024,982.3258616098599,2507.922072701764,0.0002180877713676344,0.00029552804285799204,464.2591247432541,1137.1872799505697,0.00019055343773154526,0.00019264370495297907
47551,2025,982.3258616098599,2507.922072701764,0.00021506382925279074,0.00029215263268400664,464.2591247432541,1137.1872799505697,0.000187932059587548,0.000190312903863156
47555,2021,413.66310884402947,1139.9354138505607,0.00047552614975098563,0.000406763445105686,247.3682367976171,631.1017220652859,0.0003717598761220999,0.0003062546949017679
47555,2022,413.66310884402947,1139.9354138505607,0.0004680401954553369,0.0004006065778543153,247.3682367976171,631.1017220652859,0.00036587425697344906,0.0003016075449066966
47555,2023,413.66310884402947,1139.9354138505607,0.0004612614344466745,0.0003950143589650514,247.3682367976171,631.1017220652859,0.00036054551427016105,0.00029738771557597107
47555,2024,413.66310884402947,1139.9354138505607,0.0004545731098368312,0.0003895302230387427,247.3682367976171,631.1017220652859,0.000355286324107074,0.0002932469686012696
47555,2025,413.66310884402947,1139.9354138505607,0.00044847197703147773,0.000384566250989873,247.3682367976171,631.1017220652859,0.0003504878715342645,0.0002894984599670444
47570,2021,1256.2408401336252,2430.3187320038005,0.0006433560848233171,0.0006144061897073763,569.8776581103938,1098.8171664931606,0.00034887508681296736,0.0003232687371790203
47570,2022,1256.2408401336252,2430.3187320038005,0.0006341885284784135,0.0006057385327730944,569.8776581103938,1098.8171664931606,0.00034379211613010037,0.00031857569024022124
47570,2023,1256.2408401336252,2430.3187320038005,0.0006257636348594219,0.0005977561408353068,569.8776581103938,1098.8171664931606,0.00033913161819888044,0.00031425631282692187
47570,2024,1256.2408401336252,2430.3187320038005,0.0006177458152522912,0.0005901379760398484,569.8776581103938,1098.8171664931606,0.0003346975108109501,0.0003101323490281896
47570,2025,1256.2408401336252,2430.3187320038005,0.0006106827861899912,0.0005834175233941906,569.8776581103938,1098.8171664931606,0.00033078788479232337,0.0003064850543022506
47605,2021,1458.6567978224828,2816.1440554005308,0.00041629926183243027,0.000510982959990225,645.0928001877946,1235.2877628907504,0.00023517124929379508,0.0002728872063332725
47605,2022,1458.6567978224828,2816.1440554005308,0.00041119258824536236,0.0005043186580523996,645.0928001877946,1235.2877628907504,0.0002320495852953017,0.000269179045110731
47605,2023,1458.6567978224828,2816.1440554005308,0.0004064643409959766,0.0004981684232462883,645.0928001877946,1235.2877628907504,0.0002291720886324371,0.00026576056222267925
47605,2024,1458.6567978224828,2816.1440554005308,0.0004018424674748291,0.0004922395502958951,645.0928001877946,1235.2877628907504,0.00022635134380828947,0.0002624601613795563
47605,2025,1458.6567978224828,2816.1440554005308,0.00039779145124319465,0.00048702167403839647,645.0928001877946,1235.2877628907504,0.00022386467434835623,0.00025954342464374616
47660,2021,555.1875201455331,1701.855450286812,0.0003461911110195473,0.0003775203663462617,292.62688208073456,839.2221447972137,0.0002750262617024822,0.0002550428235209754
47660,2022,555.1875201455331,1701.855450286812,0.0003404800800081166,0.0003702383267934188,292.62688208073456,839.2221447972137,0.00027048945484020945,0.00025035225369776095
47660,2023,555.1875201455331,1701.855450286812,0.0003352990391241872,0.0003635295346375573,292.62688208073456,839.2221447972137,0.00026637892544711245,0.0002460425796455664
47660,2024,555.1875201455331,1701.855450286812,0.00033026059339254184,0.00035709698893011575,292.62688208073456,839.2221447972137,0.0002623734186926361,0.0002418972338591395
47660,2025,555.1875201455331,1701.855450286812,0.0003257288515038551,0.0003512739539482119,292.62688208073456,839.2221447972137,0.00025877266484760475,0.00023815258751249454
47675,2021,1388.372522994433,2788.1379331468356,0.0004260069190104833,0.0005341865875242539,621.7752009216435,1230.4778351509983,0.00023535151761023575,0.0002794565584529558
47675,2022,1388.372522994433,2788.1379331468356,0.00042078610020277905,0.0005282854976840477,621.7752009216435,1230.4778351509983,0.0002322456622422938,0.0002761251137503035
47675,2023,1388.372522994433,2788.1379331468356,0.0004159487607000393,0.0005228779374435673,621.7752009216435,1230.4778351509983,0.0002293777282715685,0.0002730702591799877
47675,2024,1388.372522994433,2788.1379331468356,0.0004111982223325503,0.0005175572405490797,621.7752009216435,1230.4778351509983,0.0002265483411347169,0.0002700650576709482
47675,2025,1388.372522994433,2788.1379331468356,0.00040701768146653747,0.0005129033889747284,621.7752009216435,1230.4778351509983,0.00022404087123373249,0.00026741590064942815
47692,2021,208.27649916964663,423.59873211734663,0.00042481267149847157,0.00045174687719570176,138.80727282100918,277.9447697553398,0.00030688853313196035,0.00031376623262678436
47692,2022,208.27649916964663,423.59873211734663,0.00041961234181692674,0.00044541469139460367,138.80727282100918,277.9447697553398,0.0003031576916968723,0.00030941870691163204
47692,2023,208.27649916964663,423.59873211734663,0.0004149921343330485,0.0004397072003620687,138.80727282100918,277.9447697553398,0.00029984753810146465,0.0003055053416657059
47692,2024,208.27649916964663,423.59873211734663,0.00041061200268145237,0.00043426404316521214,138.80727282100918,277.9447697553398,0.00029670872533062897,0.0003017698334545409
47692,2025,208.27649916964663,423.59873211734663,0.0004068071638861599,0.0004294597088992933,138.80727282100918,277.9447697553398,0.0002939834274171497,0.000298474110574993
47703,2021,268.7557595889058,608.224914631719,0.0005307417682395754,0.0004826113097047105,172.69963878078818,378.6807894229546,0.00036918937611124286,0.0003317141996726015
47703,2022,268.7557595889058,608.224914631719,0.000523864283562758,0.00047589407459504323,172.69963878078818,378.6807894229546,0.0003644171130094849,0.0003271211460941487
47703,2023,268.7557595889058,608.224914631719,0.0005177169283226002,0.00046983421289135627,172.69963878078818,378.6807894229546,0.0003601561486743795,0.0003229811496042388
47703,2024,268.7557595889058,608.224914631719,0.0005117711492506757,0.00046400189936627353,172.69963878078818,378.6807894229546,0.00035603683806047687,0.00031899588084590493
47703,2025,268.7557595889058,608.224914631719,0.0005065034489243298,0.0004588205182919203,172.69963878078818,378.6807894229546,0.00035238977727909725,0.00031545692201043234
47707,2021,255.1827096136613,601.8099603379499,0.0005035569822200378,0.0004522266589361715,168.32111698736912,384.0305206691008,0.0003593957392557025,0.0003177341752360462
47707,2022,255.1827096136613,601.8099603379499,0.0004967788150368787,0.00044576228681415553,168.32111698736912,384.0305206691008,0.00035455497148787624,0.0003132083923541522
47707,2023,255.1827096136613,601.8099603379499,0.0004906975533095294,0.0004399204716381782,168.32111698736912,384.0305206691008,0.0003502145508666687,0.000309121178659309
47707,2024,255.1827096136613,601.8099603379499,0.00048481470427743484,0.00043429202619601787,168.32111698736912,384.0305206691008,0.0003460151865476763,0.000305180740189333
47707,2025,255.1827096136613,601.8099603379499,0.0004795736393353275,0.00042927858312895393,168.32111698736912,384.0305206691008,0.0003422729246286866,0.00030167047127164083
47720,2021,349.8335762704156,782.8847550251372,0.0004981089945763969,0.0004900921964738971,221.88330657314086,485.8734780246179,0.00036418883924326255,0.00033912502751300204
47720,2022,349.8335762704156,782.8847550251372,0.0004907221193318486,0.00048285282490871727,221.88330657314086,485.8734780246179,0.0003587496249490336,0.00033412045596274177
47720,2023,349.8335762704156,782.8847550251372,0.00048404141093375886,0.0004762617570395383,221.88330657314086,485.8734780246179,0.00035383166801204236,0.00032956933070187337
47720,2024,349.8335762704156,782.8847550251372,0.00047745137892937805,0.0004698190493702421,221.88330657314086,485.8734780246179,0.00034898132263289593,0.00032511790987293355
47720,2025,349.8335762704156,782.8847550251372,0.0004714620599905651,0.00046398918345708285,221.88330657314086,485.8734780246179,0.0003445721649884629,0.00032109246187755143
47745,2021,2026.0271294861027,3181.0503195005504,0.000797880889978977,0.0008798199800903473,845.4764060921447,1347.0176861404648,0.00035151674713300175,0.00039460344753309645
47745,2022,2026.0271294861027,3181.0503195005504,0.000789148241387191,0.0008696118854282586,845.4764060921447,1347.0176861404648,0.00034752656515102815,0.00038987548872432764
47745,2023,2026.0271294861027,3181.0503195005504,0.000780998381672023,0.0008601465032843001,845.4764060921447,1347.0176861404648,0.00034381097227870997,0.0003854963680579723
47745,2024,2026.0271294861027,3181.0503195005504,0.0007730764579695414,0.0008509909607968415,845.4764060921447,1347.0176861404648,0.0003401962347134168,0.00038126060683739497
47745,2025,2026.0271294861027,3181.0503195005504,0.0007661992374865346,0.0008430099873486587,845.4764060921447,1347.0176861404648,0.0003370479639312249,0.0003775562767274699
47798,2021,677.0731910991341,1981.9709947190315,0.00039262964024185993,0.00035862882054635487,347.0490584728096,947.2179668427574,0.0003075583971752959,0.00026623314858552805
47798,2022,677.0731910991341,1981.9709947190315,0.00038633668144505764,0.00035337686090828626,347.0490584728096,947.2179668427574,0.0003025973862117884,0.0002623032331960993
47798,2023,677.0731910991341,1981.9709947190315,0.00038062659490963307,0.0003486038037549987,347.0490584728096,947.2179668427574,0.0002980971203459906,0.0002587309223505817
47798,2024,677.0731910991341,1981.9709947190315,0.00037496569459559393,0.0003438987785173963,347.0490584728096,947.2179668427574,0.0002936351536414183,0.00025521035211375104
47798,2025,677.0731910991341,1981.9709947190315,0.0003698064401749426,0.0003396425963679549,347.0490584728096,947.2179668427574,0.0002895691729782822,0.0002520256634182504
47960,2021,793.0996498642079,2157.4546737656437,0.000275615119603308,0.000337449378657665,389.522160278387,1005.9969005560636,0.00022402458908493938,0.00021676639439826022
47960,2022,793.0996498642079,2157.4546737656437,0.0002711328770310982,0.0003332901272005138,389.522160278387,1005.9969005560636,0.0002203591841626839,0.00021389480558408466
47960,2023,793.0996498642079,2157.4546737656437,0.00026706327854439225,0.0003295311117736779,389.522160278387,1005.9969005560636,0.00021703168750284292,0.0002112885478468514
47960,2024,793.0996498642079,2157.4546737656437,0.0002630195426502954,0.00032580603510243863,389.522160278387,1005.9969005560636,0.00021372507989889615,0.0002087126487987422
47960,2025,793.0996498642079,2157.4546737656437,0.00025936121187935613,0.0003224940549672648,389.522160278387,1005.9969005560636,0.00021073486360141178,0.0002064104091936093
47980,2021,1065.5279319714648,2251.5893041258155,0.0005936284525954955,0.0006938079805533441,512.9357601351933,1048.06946449034,0.00038704401165783704,0.00038707134888769825
47980,2022,1065.5279319714648,2251.5893041258155,0.0005840069019550002,0.0006821843442242323,512.9357601351933,1048.06946449034,0.0003808200168850927,0.0003806161418238647
47980,2023,1065.5279319714648,2251.5893041258155,0.0005752400258900155,0.0006714628424452885,512.9357601351933,1048.06946449034,0.0003751529775826097,0.00037466715923417155
47980,2024,1065.5279319714648,2251.5893041258155,0.0005669616732351775,0.0006612748046643371,512.9357601351933,1048.06946449034,0.00036979446180711366,0.0003690098871916429
47980,2025,1065.5279319714648,2251.5893041258155,0.0005596208222527936,0.0006521764622453251,512.9357601351933,1048.06946449034,0.0003650453874983643,0.00036395810978791026
50001,2021,3801.9068288539756,8442.744878979667,0.0012486907265665203,0.0008774228389011291,847.4904902036375,1693.9840317743146,0.000494704747814916,0.00030597011578989967
50001,2022,3801.9068288539756,8442.744878979667,0.0012342420899988688,0.0008696786034283144,847.4904902036375,1693.9840317743146,0.0004889693821608119,0.0003032412931621018
50001,2023,3801.9068288539756,8442.744878979667,0.0012211778463735688,0.0008629877670381198,847.4904902036375,1693.9840317743146,0.000483782978698549,0.000300878092161817
50001,2024,3801.9068288539756,8442.744878979667,0.0012080185408855075,0.0008562495834075123,847.4904902036375,1693.9840317743146,0.00047855909727987994,0.00029849718957041107
50001,2025,3801.9068288539756,8442.744878979667,0.001196140372102296,0.0008505433980420227,847.4904902036375,1693.9840317743146,0.00047384289707945996,0.0002964705660630869
50006,2021,5088.707047235626,10035.32369681327,0.0014220936614697545,0.0009384894106509459,1019.2028988222995,1946.4610942429033,0.0004791124000958324,0.0002839319014835426
50006,2022,5088.707047235626,10035.32369681327,0.0014072707204284894,0.0009303349961120412,1019.2028988222995,1946.4610942429033,0.00047387259399883066,0.00028142621154974494
50006,2023,5088.707047235626,10035.32369681327,0.0013941217135634782,0.0009233219469260844,1019.2028988222995,1946.4610942429033,0.0004691922486184195,0.0002792635829387371
50006,2024,5088.707047235626,10035.32369681327,0.0013809345575101519,0.0009162911236710669,1019.2028988222995,1946.4610942429033,0.00046449901258584675,0.0002770946616750363
50006,2025,5088.707047235626,10035.32369681327,0.001369284124574564,0.0009103813663890218,1019.2028988222995,1946.4610942429033,0.0004603028704546508,0.00027525388222112617
50110,2021,436.265036038679,1190.4465849710396,0.0006121747326513254,0.0004868567191128397,146.29398999328717,379.26440433576573,0.00021571254970994508,0.00018236714430202387
50110,2022,436.265036038679,1190.4465849710396,0.0006035147420807055,0.0004811889590658121,146.29398999328717,379.26440433576573,0.0002127268855445001,0.00018027756455754756
50110,2023,436.265036038679,1190.4465849710396,0.0005956937457552687,0.0004761324478592617,146.29398999328717,379.26440433576573,0.00021003049972252163,0.00017841424202466802
50110,2024,436.265036038679,1190.4465849710396,0.000587703842867825,0.0004709144523547496,146.29398999328717,379.26440433576573,0.0002072713141751246,0.0001764867981127498
50110,2025,436.265036038679,1190.4465849710396,0.0005804783820012196,0.0004662578244388064,146.29398999328717,379.26440433576573,0.00020477884967607472,0.00017477243996607525
50124,2021,297.98734478788947,639.7834574401807,0.0006692922908187338,0.00048578031781787965,114.36723671568907,240.66948172933687,0.0002640627461315811,0.00019693816086554798
50124,2022,297.98734478788947,639.7834574401807,0.000660106392276991,0.0004801762994781205,114.36723671568907,240.66948172933687,0.00026056690990718443,0.00019470790885117755
50124,2023,297.98734478788947,639.7834574401807,0.000651807469732512,0.0004751864924923117,114.36723671568907,240.66948172933687,0.0002574118687956526,0.0001927235374390915
50124,2024,297.98734478788947,639.7834574401807,0.0006432722389883202,0.0004700321220926478,114.36723671568907,240.66948172933687,0.000254144674156564,0.00019066318106772154
50124,2025,297.98734478788947,639.7834574401807,0.000635620958374384,0.00046546131486852244,114.36723671568907,240.66948172933687,0.00025123596003727016,0.0001888458900305885
50150,2021,2713.960920757531,6910.43155812292,0.00048045999241341797,0.00047542691460763966,584.8353440769991,1367.115790200175,0.0002055990188972619,0.000154686038826243
50150,2022,2713.960920757531,6910.43155812292,0.00047509806531149246,0.00047122348674109594,584.8353440769991,1367.115790200175,0.000203280404935381,0.00015327387649768443
50150,2023,2713.960920757531,6910.43155812292,0.00047031400012657453,0.0004675983228151806,584.8353440769991,1367.115790200175,0.0002012106474520902,0.00015204927650242935
50150,2024,2713.960920757531,6910.43155812292,0.00046554124542934593,0.0004639690992507153,584.8353440769991,1367.115790200175,0.0001991486960503269,0.00015082403202131047
50150,2025,2713.960920757531,6910.43155812292,0.0004612291544303635,0.0004608803871011692,584.8353440769991,1367.115790200175,0.0001972833418268165,0.00014976708836034698
50223,2021,5294.810199967234,10240.583083704667,0.0005904842703452188,0.0005885726507892204,990.9767854506462,1942.8996061141056,0.00014928165354704552,0.00014898311418569803
50223,2022,5294.810199967234,10240.583083704667,0.000585276110291006,0.0005835142520337964,990.9767854506462,1942.8996061141056,0.00014787939635144796,0.00014766513766249843
50223,2023,5294.810199967234,10240.583083704667,0.0005808242743041552,0.0005791809586656954,990.9767854506462,1942.8996061141056,0.00014667225609005195,0.0001465297556051306
50223,2024,5294.810199967234,10240.583083704667,0.0005763914189301076,0.000574838222201392,990.9767854506462,1942.8996061141056,0.00014547349212432647,0.00014539216838317266
50223,2025,5294.810199967234,10240.583083704667,0.0005726315945285876,0.0005711967973625483,990.9767854506462,1942.8996061141056,0.0001444296048967854,0.00014441952701787014
50226,2021,2677.0604151118714,7131.085869144471,0.0009025492385718736,0.0005596391077367124,591.5064142693726,1426.9852570776443,0.00036508960618342466,0.00022682342092119137
50226,2022,2677.0604151118714,7131.085869144471,0.0008920194276042884,0.0005543589748657502,591.5064142693726,1426.9852570776443,0.0003608364964027149,0.00022469095339694602
50226,2023,2677.0604151118714,7131.085869144471,0.0008825029684998616,0.000549747802594508,591.5064142693726,1426.9852570776443,0.0003569930109882755,0.00022282816322277102
50226,2024,2677.0604151118714,7131.085869144471,0.0008728980561474494,0.0005450492486755371,591.5064142693726,1426.9852570776443,0.00035311225343686355,0.00022092460223821793
50226,2025,2677.0604151118714,7131.085869144471,0.000864227514234799,0.000541008527016681,591.5064142693726,1426.9852570776443,0.0003496094557734716,0.000219290120363333
50245,2021,6203.384573055325,11325.611945834047,0.0007563400250297349,0.0006931306905633481,1190.085649338083,2176.178295569044,0.000201213330951263,0.00016156255533329085
50245,2022,6203.384573055325,11325.611945834047,0.0007489335404907476,0.0006863514326891023,1190.085649338083,2176.178295569044,0.00019915340310547818,0.00015997902304151459
50245,2023,6203.384573055325,11325.611945834047,0.0007424296207852782,0.000680436230481777,1190.085649338083,2176.178295569044,0.0001973272420655096,0.00015859461526415486
50245,2024,6203.384573055325,11325.611945834047,0.0007358997392077329,0.0006745098636784916,1190.085649338083,2176.178295569044,0.0001954867519542194,0.00015720443069666
50245,2025,6203.384573055325,11325.611945834047,0.0007302704714021082,0.000669468707162203,1190.085649338083,2176.178295569044,0.00019387397132192277,0.00015601631651164166
50251,2021,2841.710386466468,7185.087270698769,0.00047227030292063845,0.0005487551440531585,559.6225435042974,1376.4604653901945,0.00021359060731535243,0.00019655505593694006
50251,2022,2841.710386466468,7185.087270698769,0.0004673342637234851,0.0005436846997522809,559.6225435042974,1376.4604653901945,0.00021137494682213644,0.00019471467012871691
50251,2023,2841.710386466468,7185.087270698769,0.0004630461094339656,0.0005392866467651687,559.6225435042974,1376.4604653901945,0.00020945012406551385,0.00019311091753819795
50251,2024,2841.710386466468,7185.087270698769,0.00045883627627133785,0.0005349039834084551,559.6225435042974,1376.4604653901945,0.00020756280742850473,0.0001915142588551713
50251,2025,2841.710386466468,7185.087270698769,0.00045497523691273746,0.0005310736763369402,559.6225435042974,1376.4604653901945,0.00020582936955925807,0.00019009719241006698
50270,2021,3305.9573877423422,7787.604169245554,0.0007041010765580118,0.0006006887149513338,653.4862062300896,1496.448661642138,0.00030326435300534433,0.00020974127881124836
50270,2022,3305.9573877423422,7787.604169245554,0.0006964351735818391,0.0005951237806181525,653.4862062300896,1496.448661642138,0.0002999784440886374,0.00020774896755001987
50270,2023,3305.9573877423422,7787.604169245554,0.0006896689467447139,0.0005902969103393164,653.4862062300896,1496.448661642138,0.00029708255039575843,0.00020601406986997528
50270,2024,3305.9573877423422,7787.604169245554,0.0006829558324768882,0.0005854872580447105,653.4862062300896,1496.448661642138,0.0002942115104276337,0.00020428809889228938
50270,2025,3305.9573877423422,7787.604169245554,0.0006768411301610096,0.0005813016728407576,653.4862062300896,1496.448661642138,0.00029159547673446946,0.00020276601151635344
50287,2021,1279.953347680374,4614.205825812879,0.0005142587718185512,0.00041453703694856506,273.5469741171824,902.6243998478486,0.0002367395763910172,0.00018955301403045024
50287,2022,1279.953347680374,4614.205825812879,0.0005091940043774109,0.00041049134045713094,273.5469741171824,902.6243998478486,0.00023443188508526883,0.00018772226702900614
50287,2023,1279.953347680374,4614.205825812879,0.0005048037043650977,0.00040695139309766457,273.5469741171824,902.6243998478486,0.00023243672470156252,0.00018612199102042127
50287,2024,1279.953347680374,4614.205825812879,0.0005005074577355329,0.0004034312095640192,273.5469741171824,902.6243998478486,0.0002304847761772022,0.00018453087349343445
50287,2025,1279.953347680374,4614.205825812879,0.0004965725852835372,0.0004002638736443063,273.5469741171824,902.6243998478486,0.00022869815714441353,0.00018309606736884054
50313,2021,1927.8899914618971,5751.718933722963,0.0006711316821080662,0.0005277278547162822,400.2574656602203,1120.8950407079506,0.0003079927960189452,0.00023891540083938344
50313,2022,1927.8899914618971,5751.718933722963,0.0006642331268343601,0.0005224825401603487,400.2574656602203,1120.8950407079506,0.000304873409415345,0.00023657534882458013
50313,2023,1927.8899914618971,5751.718933722963,0.000658252390268166,0.0005178868706712707,400.2574656602203,1120.8950407079506,0.0003021720879176115,0.00023452555603801828
50313,2024,1927.8899914618971,5751.718933722963,0.0006523885208035738,0.000513320060011353,400.2574656602203,1120.8950407079506,0.00029952632557021363,0.00023248958492396316
50313,2025,1927.8899914618971,5751.718933722963,0.0006470145943346286,0.000509204519468163,400.2574656602203,1120.8950407079506,0.00029709976430308626,0.0002306524528006885
50318,2021,6363.620448148742,11313.390242585185,0.0008484166120175996,0.00067832121800975,1195.3117623504722,2148.7719954512813,0.00025089454199029313,0.0001805929548434668
50318,2022,6363.620448148742,11313.390242585185,0.0008402859725307082,0.0006723848514862448,1195.3117623504722,2148.7719954512813,0.00024833404321646026,0.0001789809984344016
50318,2023,6363.620448148742,11313.390242585185,0.0008331929292726711,0.0006672834272476292,1195.3117623504722,2148.7719954512813,0.0002460797298253351,0.0001775899263062405
50318,2024,6363.620448148742,11313.390242585185,0.0008261012458825555,0.0006621804644213311,1195.3117623504722,2148.7719954512813,0.00024382720181849088,0.000176199920369809
50318,2025,6363.620448148742,11313.390242585185,0.0008199571464628112,0.0006578916896585579,1195.3117623504722,2148.7719954512813,0.00024183714338033122,0.00017501446960783797
50325,2021,38.705778098733994,181.7013674439741,0.00041782729805013927,0.00038875023114937253,17.503874307278892,76.17443735142004,0.00041782729805013927,0.00029295905174050513
50325,2022,38.705778098733994,181.7013674439741,0.00041649312786339027,0.0003874260391219949,17.503874307278892,76.17443735142004,0.00041649312786339027,0.00029195520997346623
50325,2023,38.705778098733994,181.7013674439741,0.00041379310344827585,0.00038568198576708257,17.503874307278892,76.17443735142004,0.00041379310344827585,0.00029052558497662695
50325,2024,38.705778098733994,181.7013674439741,0.0004120879120879121,0.00038434840944247674,17.503874307278892,76.17443735142004,0.0004120879120879121,0.00028947875345019874
50325,2025,38.705778098733994,181.7013674439741,0.00041090261607998904,0.0003834478739709719,17.503874307278892,76.17443735142004,0.00041090261607998904,0.0002887645003369517
50330,2021,47.77062875405097,115.64149128604541,0.00019742683261355943,0.00014443648853773144,23.015666018462515,54.37366914414534,0.00011890282249350388,8.728746672302264e-05
50330,2022,47.77062875405097,115.64149128604541,0.00019563695409914516,0.00014312402197754663,23.015666018462515,54.37366914414534,0.00011794760518051322,8.655320143482884e-05
50330,2023,47.77062875405097,115.64149128604541,0.00019402073275840662,0.0001419724754058233,23.015666018462515,54.37366914414534,0.0001170569784249669,8.590794711821373e-05
50330,2024,47.77062875405097,115.64149128604541,0.0001924598563130331,0.00014082407819315037,23.015666018462515,54.37366914414534,0.00011620911691658356,8.526808802199082e-05
50330,2025,47.77062875405097,115.64149128604541,0.00019102313593231268,0.00013977080398775785,23.015666018462515,54.37366914414534,0.00011542759011648276,8.46774961347094e-05
50350,2021,44.5455006728871,217.11437747528058,0.0001406222534716119,0.0001645133855348509,14.93581531875083,63.93022295430757,0.00010546669010370892,0.00010262312308374947
50350,2022,44.5455006728871,217.11437747528058,0.00013884549967024194,0.0001630148570092972,14.93581531875083,63.93022295430757,0.00010413412475268145,0.00010159610843347418
50350,2023,44.5455006728871,217.11437747528058,0.00013710368466152527,0.0001615671035570959,14.93581531875083,63.93022295430757,0.00010282776349614396,0.00010060469644822551
50350,2024,44.5455006728871,217.11437747528058,0.00013526766088397415,0.000160067326242639,14.93581531875083,63.93022295430757,0.00010145074566298062,9.956734826558894e-05
50350,2025,44.5455006728871,217.11437747528058,0.0001336719689881032,0.00015872715264391235,14.93581531875083,63.93022295430757,0.0001002539767410774,9.864891302435398e-05
50370,2021,132.7742871461064,374.64537517040463,0.00014843307892957615,0.00013064809692202404,40.81698895994332,112.07267340371584,0.00014151621088017208,9.864554952167548e-05
50370,2022,132.7742871461064,374.64537517040463,0.0001478178870137383,0.0001296792162605272,40.81698895994332,112.07267340371584,0.0001409468286772719,9.798801688282941e-05
50370,2023,132.7742871461064,374.64537517040463,0.00014703085212117165,0.00012880378115670256,40.81698895994332,112.07267340371584,0.00014019615441522004,9.738429105465072e-05
50370,2024,132.7742871461064,374.64537517040463,0.00014628338763969596,0.00012790448258956691,40.81698895994332,112.07267340371584,0.00013949521692006964,9.676387428971606e-05
50370,2025,132.7742871461064,374.64537517040463,0.0001456757206073641,0.00012710879486297515,40.81698895994332,112.07267340371584,0.0001389273107435728,9.622189028752739e-05
50400,2021,3154.678618896494,7670.540036576801,0.0002118711355331957,0.0003733595946215204,601.9065759687142,1463.3683005729279,9.865192077019711e-05,0.00012072687321841954
50400,2022,3154.678618896494,7670.540036576801,0.00020970146283729363,0.0003701047700929761,601.9065759687142,1463.3683005729279,9.766848593171524e-05,0.00011966473815332217
50400,2023,3154.678618896494,7670.540036576801,0.00020782068268829833,0.0003673009916221004,601.9065759687142,1463.3683005729279,9.681730914239367e-05,0.00011874271329773104
50400,2024,3154.678618896494,7670.540036576801,0.00020597238754315584,0.0003644913660825543,601.9065759687142,1463.3683005729279,9.598395172876855e-05,0.00011781991276934953
50400,2025,3154.678618896494,7670.540036576801,0.0002042775936295041,0.00036209590403550753,601.9065759687142,1463.3683005729279,9.521763911750918e-05,0.00011701680814958397
50450,2021,42.32658500719853,216.32640454967492,9.698263251685359e-05,0.00010296151950546544,17.93689953392119,89.54731434690149,9.698263251685359e-05,8.37249496535542e-05
50450,2022,42.32658500719853,216.32640454967492,9.672793840543858e-05,0.00010245974436381264,17.93689953392119,89.54731434690149,9.672793840543858e-05,8.338986354129304e-05
50450,2023,42.32658500719853,216.32640454967492,9.629194114937353e-05,0.00010191138630402767,17.93689953392119,89.54731434690149,9.629194114937353e-05,8.298679906738208e-05
50450,2024,42.32658500719853,216.32640454967492,9.584783938135204e-05,0.00010135397181771074,17.93689953392119,89.54731434690149,9.584783938135204e-05,8.257614138331234e-05
50450,2025,42.32658500719853,216.32640454967492,9.545393817255384e-05,0.00010086904838542907,17.93689953392119,89.54731434690149,9.545393817255384e-05,8.222014322898172e-05
50568,2021,49.89927818690305,149.25400626915427,0.0006480610431692275,0.0006480610431692275,28.50685561720585,68.22349605457684,0.00045991428870074215,0.00045991428870074215
50568,2022,49.89927818690305,149.25400626915427,0.0006249621998669435,0.0006249621998669435,28.50685561720585,68.22349605457684,0.0004435215611958954,0.0004435215611958954
50568,2023,49.89927818690305,149.25400626915427,0.0006039941548952752,0.0006039941548952752,28.50685561720585,68.22349605457684,0.00042864101315148566,0.00042864101315148566
50568,2024,49.89927818690305,149.25400626915427,0.0005848394521374939,0.0005848394521374939,28.50685561720585,68.22349605457684,0.00041504735312983433,0.00041504735312983433
50568,2025,49.89927818690305,149.25400626915427,0.0005673914635039169,0.0005673914635039169,28.50685561720585,68.22349605457684,0.00040266490958342486,0.00040266490958342486
50573,2021,159.46455701086163,423.8902810927466,0.000550671351668467,0.000459125847371938,66.4445268056234,172.45625110487507,0.00030868162050232616,0.0002473667891660119
50573,2022,159.46455701086163,423.8902810927466,0.0005448063084293321,0.000454193847653741,66.4445268056234,172.45625110487507,0.00030554160090678445,0.0002447743697991958
50573,2023,159.46455701086163,423.8902810927466,0.0005395598555750298,0.00044983515171846043,66.4445268056234,172.45625110487507,0.0003027414987060519,0.00024248729570615897
50573,2024,159.46455701086163,423.8902810927466,0.000533830846841259,0.00044515723813848035,66.4445268056234,172.45625110487507,0.0002996503317767602,0.00024001225200865847
50573,2025,159.46455701086163,423.8902810927466,0.0005289914479768715,0.00044115535972754266,66.4445268056234,172.45625110487507,0.0002970663295184284,0.00023791296444848758
50577,2021,127.84686066633718,369.95145012535914,0.0003100879990257674,0.0001976963642890547,52.67645897956095,152.27600076946365,0.00011607175981501237,8.637881755842228e-05
50577,2022,127.84686066633718,369.95145012535914,0.0003081873322016668,0.0001961191041991828,52.67645897956095,152.27600076946365,0.00011536458386841954,8.571931933385717e-05
50577,2023,127.84686066633718,369.95145012535914,0.0003066109179367959,0.00019472692710910302,52.67645897956095,152.27600076946365,0.00011477528294702551,8.513223273928361e-05
50577,2024,127.84686066633718,369.95145012535914,0.00030505168144718186,0.00019333958494201044,52.67645897956095,152.27600076946365,0.00011418990317097434,8.454403669534587e-05
50577,2025,127.84686066633718,369.95145012535914,0.00030373017216306917,0.00019209948068538686,52.67645897956095,152.27600076946365,0.00011369093005235644,8.401777783331407e-05
50590,2021,51.393375841991165,241.9561836263568,0.00012332810672248797,0.00011262207315011075,21.97430562535684,99.72200202937479,9.42540494820756e-05,7.999174620653268e-05
50590,2022,51.393375841991165,241.9561836263568,0.00012283046347980961,0.00011194683248905893,21.97430562535684,99.72200202937479,9.388738826758271e-05,7.957464853314503e-05
50590,2023,51.393375841991165,241.9561836263568,0.00012236983123341605,0.00011134085029546422,21.97430562535684,99.72200202937479,9.353134502440786e-05,7.919057195426815e-05
50590,2024,51.393375841991165,241.9561836263568,0.0001218718625677892,0.00011071363151304442,21.97430562535684,99.72200202937479,9.314179018017035e-05,7.878842294995444e-05
50590,2025,51.393375841991165,241.9561836263568,0.00012142454099714035,0.0001101548779948567,21.97430562535684,99.72200202937479,9.279091602979042e-05,7.84292151051109e-05
50606,2021,3801.5835037084885,8627.105181775245,0.0009010694667667527,0.0006940356920375161,812.6748742424231,1711.8447069625515,0.00036047942218207676,0.00023212015656591872
50606,2022,3801.5835037084885,8627.105181775245,0.0008905332326117127,0.0006877536702509502,812.6748742424231,1711.8447069625515,0.0003562665908270793,0.00022999170568180704
50606,2023,3801.5835037084885,8627.105181775245,0.0008810077725238066,0.0006823074900356129,812.6748742424231,1711.8447069625515,0.0003524576891083574,0.00022814100451444373
50606,2024,3801.5835037084885,8627.105181775245,0.0008713979183621986,0.0006768191240315914,812.6748742424231,1711.8447069625515,0.00034861365404791913,0.0002262743481202094
50606,2025,3801.5835037084885,8627.105181775245,0.0008627214822253419,0.0006721503872974835,812.6748742424231,1711.8447069625515,0.0003451428622472851,0.0002246761740495412
50680,2021,1754.3436328806506,5336.31801775801,0.00045770863610885404,0.00030821542535608784,403.0765312297235,1078.7046563655367,0.00018105975175034282,0.00013238864072824083
50680,2022,1754.3436328806506,5336.31801775801,0.0004529236554736722,0.00030525977852459353,403.0765312297235,1078.7046563655367,0.0001791161545464495,0.0001311080908625882
50680,2023,1754.3436328806506,5336.31801775801,0.00044873487024217135,0.00030267621071881294,403.0765312297235,1078.7046563655367,0.00017740520315406242,0.0001299873786107727
50680,2024,1754.3436328806506,5336.31801775801,0.0004445104855518408,0.00030004374136373315,403.0765312297235,1078.7046563655367,0.00017568271880975242,0.00012884237673537957
50680,2025,1754.3436328806506,5336.31801775801,0.00044077467175666267,0.00029776161129154056,403.0765312297235,1078.7046563655367,0.00017415360799697048,0.0001278504577699812
50683,2021,1259.674266036043,4613.860493528388,0.0005004249444177508,0.00034062494769569583,259.162234723309,891.27523105954,0.00024367470864816422,0.00016919603314850804
50683,2022,1259.674266036043,4613.860493528388,0.0004954964322534283,0.0003372481950755164,259.162234723309,891.27523105954,0.000241367971520071,0.0001675646149595855
50683,2023,1259.674266036043,4613.860493528388,0.0004912691130705661,0.000334291528778457,259.162234723309,891.27523105954,0.00023940232249507106,0.00016613847533669698
50683,2024,1259.674266036043,4613.860493528388,0.00048709859722739204,0.00033135616730184316,259.162234723309,891.27523105954,0.00023746001164461658,0.0001647220300904705
50683,2025,1259.674266036043,4613.860493528388,0.0004832724667460988,0.00032868750044118175,259.162234723309,891.27523105954,0.00023567777040799082,0.00016343354021333955
50686,2021,5387.516716867254,10699.916986315282,0.0008589028395669904,0.0007391868153864157,1039.1141812199937,2069.3405843265064,0.00023542342928574195,0.00017486455941385427
50686,2022,5387.516716867254,10699.916986315282,0.000848749214442219,0.0007316759041960689,1039.1141812199937,2069.3405843265064,0.000232615901884682,0.0001730802413926463
50686,2023,5387.516716867254,10699.916986315282,0.0008396968342939302,0.0007250860637723963,1039.1141812199937,2069.3405843265064,0.00023009958379308732,0.0001715111473537018
50686,2024,5387.516716867254,10699.916986315282,0.0008306757210530416,0.0007184761191634994,1039.1141812199937,2069.3405843265064,0.00022757620394596643,0.00016993320943763468
50686,2025,5387.516716867254,10699.916986315282,0.0008227480866292713,0.0007128063494112778,1039.1141812199937,2069.3405843265064,0.00022533646631443384,0.00016857291354427408
50689,2021,187.55001481160355,458.2566713597557,0.0007238938992668812,0.0003731656646305437,75.34192005632706,185.0161209277855,0.00025213916272589056,0.00015326661363507292
50689,2022,187.55001481160355,458.2566713597557,0.0007183237910604626,0.00036972795110444973,75.34192005632706,185.0161209277855,0.0002501930111512954,0.00015187596464435758
50689,2023,187.55001481160355,458.2566713597557,0.0007139236942052706,0.00036672487389839345,75.34192005632706,185.0161209277855,0.00024865457598979124,0.00015065268973620433
50689,2024,187.55001481160355,458.2566713597557,0.0007094411399608772,0.000363655601963139,75.34192005632706,185.0161209277855,0.0002470874690178677,0.00014939759549527384
50689,2025,187.55001481160355,458.2566713597557,0.0007057536179703114,0.00036098192020056583,75.34192005632706,185.0161209277855,0.0002457975960937079,0.0001483059803514505
50711,2021,64.54420509119014,256.40513758868923,0.00014525571551294713,0.00015945166800473623,28.11030167135134,106.56833297243415,0.00010209493036647235,0.00010235094477276383
50711,2022,64.54420509119014,256.40513758868923,0.00014449723618482283,0.0001582253288518592,28.11030167135134,106.56833297243415,0.00010156278678478885,0.00010159723408931249
50711,2023,64.54420509119014,256.40513758868923,0.00014400850539992663,0.00015718968130592556,28.11030167135134,106.56833297243415,0.00010121354972694171,0.00010096131523109033
50711,2024,64.54420509119014,256.40513758868923,0.00014338990589459497,0.00015610906171739875,28.11030167135134,106.56833297243415,0.00010077672955956674,0.00010029300955982713
50711,2025,64.54420509119014,256.40513758868923,0.0001428339981291152,0.00015513341456802008,28.11030167135134,106.56833297243415,0.00010038391518165311,9.969058057084497e-05
52001,2021,1338.5889251314718,1733.8562446678022,0.002592573612590026,0.002511950991710919,395.8037769550678,549.7531428000455,0.0007507424618563612,0.0007451718154922505
52001,2022,1338.5889251314718,1733.8562446678022,0.002579757066235572,0.002499301144315598,395.8037769550678,549.7531428000455,0.000746949484738428,0.000741308539925439
52001,2023,1338.5889251314718,1733.8562446678022,0.0025684198794646567,0.0024880785731677423,395.8037769550678,549.7531428000455,0.0007435894381628565,0.0007378713705051989
52001,2024,1338.5889251314718,1733.8562446678022,0.0025568566114522514,0.0024765954346751885,395.8037769550678,549.7531428000455,0.0007401638703622617,0.0007343547480399368
52001,2025,1338.5889251314718,1733.8562446678022,0.00254683911777318,0.0024665750437866943,395.8037769550678,549.7531428000455,0.0007371892765369271,0.0007312751599274751
52019,2021,829.0410404810284,1575.5540810792616,0.001232398056375966,0.0011797072909622286,291.1894182096758,544.360601493765,0.000518721988011561,0.0004817149976217693
52019,2022,829.0410404810284,1575.5540810792616,0.0012258719361690027,0.0011732950510950047,291.1894182096758,544.360601493765,0.00051595858690935,0.0004790533683894974
52019,2023,829.0410404810284,1575.5540810792616,0.0012200400423325168,0.0011675564669570283,291.1894182096758,544.360601493765,0.0005134764565755053,0.00047666378145986264
52019,2024,829.0410404810284,1575.5540810792616,0.0012139800631086192,0.0011616055279339496,291.1894182096758,544.360601493765,0.0005108828065868359,0.0004741780311887015
52019,2025,829.0410404810284,1575.5540810792616,0.0012086467250815595,0.001156357462478049,291.1894182096758,544.360601493765,0.0005085946255555668,0.00047198104842276857
52022,2021,671.9155489705707,1227.8761033961887,0.0014652759293520496,0.00132639698668684,217.22103094939362,402.5075210075078,0.0004845323376281572,0.0004421734708903449
52022,2022,671.9155489705707,1227.8761033961887,0.001456524914811713,0.0013189241586595761,217.22103094939362,402.5075210075078,0.0004814333189628046,0.000439553776645301
52022,2023,671.9155489705707,1227.8761033961887,0.0014488116187626266,0.0013123145151682552,217.22103094939362,402.5075210075078,0.0004786959472314,0.00043723024014961345
52022,2024,671.9155489705707,1227.8761033961887,0.0014409457863433812,0.001305560941491256,217.22103094939362,402.5075210075078,0.0004759130270084429,0.0004348630009205099
52022,2025,671.9155489705707,1227.8761033961887,0.0014339123332807648,0.0012995858981270307,217.22103094939362,402.5075210075078,0.00047340439185910666,0.0004327578645844631
52036,2021,837.2601638744092,1396.1136092533225,0.0012932128900781756,0.0012915229956498551,284.2840959100893,477.946223020018,0.0005252680430498232,0.0005036902884657945
52036,2022,837.2601638744092,1396.1136092533225,0.0012865210588868148,0.0012846855785841687,284.2840959100893,477.946223020018,0.0005225036151624296,0.0005009533545468043
52036,2023,837.2601638744092,1396.1136092533225,0.0012805810449918816,0.001278605550847419,284.2840959100893,477.946223020018,0.0005200370366381233,0.0004985111683809654
52036,2024,837.2601638744092,1396.1136092533225,0.0012744768659889167,0.0012723576214813594,284.2840959100893,477.946223020018,0.0005174983422834762,0.0004960021900504204
52036,2025,837.2601638744092,1396.1136092533225,0.0012691908652157284,0.0012669032073343344,284.2840959100893,477.946223020018,0.0005152975004779019,0.000493809164484902
52051,2021,798.6768549937747,1421.403405837823,0.0012808572949188541,0.001209875267633235,282.2133189344958,493.1778182109,0.0005486297831484643,0.0005056237742600235
52051,2022,798.6768549937747,1421.403405837823,0.0012741641510504089,0.0012033743722696495,282.2133189344958,493.1778182109,0.0005457744450171796,0.0005028655302127909
52051,2023,798.6768549937747,1421.403405837823,0.0012681696070527906,0.0011975497284389836,282.2133189344958,493.1778182109,0.0005432000178651193,0.0005003849739504244
52051,2024,798.6768549937747,1421.403405837823,0.001261934789915753,0.00119150818156227,282.2133189344958,493.1778182109,0.0005405067058156654,0.0004978036977481796
52051,2025,798.6768549937747,1421.403405837823,0.0012564753182936024,0.0011861961478886159,282.2133189344958,493.1778182109,0.0005381505142906052,0.0004955306075683527
52079,2021,285.71494154185325,712.6636541050902,0.0006313140193271479,0.0006019623748488098,123.72320445153441,283.46126858572325,0.0003472430459616991,0.00032695239141213755
52079,2022,285.71494154185325,712.6636541050902,0.0006240001774054323,0.0005961151337378995,123.72320445153441,283.46126858572325,0.00034312740796610825,0.0003237139523045158
52079,2023,285.71494154185325,712.6636541050902,0.0006173915629234884,0.000590806734178283,123.72320445153441,283.46126858572325,0.00033939749314435686,0.00032076335760517784
52079,2024,285.71494154185325,712.6636541050902,0.000610978249778764,0.0005855639923110152,123.72320445153441,283.46126858572325,0.0003357918355485785,0.00031785303119755565
52079,2025,285.71494154185325,712.6636541050902,0.0006051047960924512,0.0005808129707116312,123.72320445153441,283.46126858572325,0.0003324929572895143,0.00031521463611099897
52083,2021,717.5746908543234,1466.6477145215952,0.0013578015194461804,0.0012100682637516008,261.89754773427717,515.8584798663023,0.0005712148554356779,0.000491142980002504
52083,2022,717.5746908543234,1466.6477145215952,0.0013505661110392226,0.00120343960108651,261.89754773427717,515.8584798663023,0.0005681497141406084,0.0004883983163405636
52083,2023,717.5746908543234,1466.6477145215952,0.0013440988875699858,0.0011975058820186588,261.89754773427717,515.8584798663023,0.0005653960262222459,0.0004859341076692323
52083,2024,717.5746908543234,1466.6477145215952,0.0013373066835105525,0.001191308928206944,261.89754773427717,515.8584798663023,0.0005624850232713664,0.0004833494481770902
52083,2025,717.5746908543234,1466.6477145215952,0.0013312993706455119,0.0011858334230381781,261.89754773427717,515.8584798663023,0.0005598999475953301,0.0004810588367830366
52110,2021,965.0411562576039,1499.7666017633044,0.0019049559910225015,0.0019418520113641034,317.66492008297325,505.8322635906469,0.0006395810910792761,0.0006470424152185977
52110,2022,965.0411562576039,1499.7666017633044,0.0018952746507592175,0.0019318640601444837,317.66492008297325,505.8322635906469,0.0006362591678878662,0.0006436058898764629
52110,2023,965.0411562576039,1499.7666017633044,0.0018866602747103273,0.0019229684991518504,317.66492008297325,505.8322635906469,0.0006332907984773598,0.0006405325286977142
52110,2024,965.0411562576039,1499.7666017633044,0.001877867107165263,0.0019138496323432297,317.66492008297325,505.8322635906469,0.0006302517144177482,0.0006373765790718635
52110,2025,965.0411562576039,1499.7666017633044,0.0018702366907591603,0.0019058811102046394,317.66492008297325,505.8322635906469,0.0006276090245174319,0.0006346091471168532
52203,2021,663.3628229199007,1353.8916408057878,0.0009668818285351476,0.000994653662700541,247.93754621004945,489.42672800638115,0.00048206759031447013,0.0004379368322370701
52203,2022,663.3628229199007,1353.8916408057878,0.0009614596406464529,0.0009890152388012498,247.93754621004945,489.42672800638115,0.00047942068467402205,0.0004354329824539102
52203,2023,663.3628229199007,1353.8916408057878,0.0009565860820300733,0.0009839568222524914,247.93754621004945,489.42672800638115,0.0004770282869938311,0.00043318113570169184
52203,2024,663.3628229199007,1353.8916408057878,0.0009514169885239856,0.0009786544619475226,247.93754621004945,489.42672800638115,0.0004744843289256609,0.00043081308124345505
52203,2025,663.3628229199007,1353.8916408057878,0.0009468028544031008,0.0009739498678748817,247.93754621004945,489.42672800638115,0.00047221686700229057,0.00042870966985093106
52207,2021,967.8586351653171,1500.4672028178982,0.0019861821737919036,0.002053699824854874,316.62978113327904,502.8027202263733,0.0006727199637985057,0.0006885222781370741
52207,2022,967.8586351653171,1500.4672028178982,0.001976990655015904,0.0020432835540333937,316.62978113327904,502.8027202263733,0.0006696035326321639,0.0006849231523468886
52207,2023,967.8586351653171,1500.4672028178982,0.001968843918435433,0.0020340291915634683,316.62978113327904,502.8027202263733,0.0006668259231775456,0.0006817133132983916
52207,2024,967.8586351653171,1500.4672028178982,0.0019604634143414856,0.0020245457482154887,316.62978113327904,502.8027202263733,0.0006639570952096279,0.0006784234074440214
52207,2025,967.8586351653171,1500.4672028178982,0.001953325663893322,0.0020163070407919997,316.62978113327904,502.8027202263733,0.0006615179500315893,0.0006755596204320404
52210,2021,863.2758028663261,1405.855938694005,0.0013957437578345567,0.0013842990762589803,268.99101470103517,453.9934126544736,0.00046046811115718546,0.00047022649697577777
52210,2022,863.2758028663261,1405.855938694005,0.0013885780537059049,0.0013769459702212832,268.99101470103517,453.9934126544736,0.0004580452979651401,0.00046765030367144987
52210,2023,863.2758028663261,1405.855938694005,0.0013822738441624375,0.0013704348754573646,268.99101470103517,453.9934126544736,0.00045590866353517937,0.0004653607236313934
52210,2024,863.2758028663261,1405.855938694005,0.0013757915274361415,0.0013637615766437612,268.99101470103517,453.9934126544736,0.00045371292370975587,0.0004630186189411722
52210,2025,863.2758028663261,1405.855938694005,0.0013701223156367874,0.0013579038003019735,268.99101470103517,453.9934126544736,0.00045178532561455736,0.000460955929557777
52215,2021,890.5102281166679,1425.1195018062397,0.0016013616757017167,0.001632533469059852,268.1084039057955,449.3959358788946,0.0004632095387479975,0.0004996375031095291
52215,2022,890.5102281166679,1425.1195018062397,0.0015934980779022518,0.0016238318613982427,268.1084039057955,449.3959358788946,0.0004609426882384516,0.000496909308167951
52215,2023,890.5102281166679,1425.1195018062397,0.0015865819956360837,0.001616110134041135,268.1084039057955,449.3959358788946,0.0004589488694945356,0.000494482459391383
52215,2024,890.5102281166679,1425.1195018062397,0.0015794460795925988,0.0016081847087869622,268.1084039057955,449.3959358788946,0.0004568915632965042,0.0004919974446535581
52215,2025,890.5102281166679,1425.1195018062397,0.0015731848547273675,0.0016011575799771732,268.1084039057955,449.3959358788946,0.00045508697744794826,0.0004897885896497551
52224,2021,613.4978478487807,1170.3591668492118,0.0009789641804759345,0.001033426789143614,199.06302930447606,384.10068451866823,0.00034479512661835903,0.00034835247459631035
52224,2022,613.4978478487807,1170.3591668492118,0.0009724402240948226,0.001027342619235617,199.06302930447606,384.10068451866823,0.0003423312558636955,0.0003461813725383351
52224,2023,613.4978478487807,1170.3591668492118,0.0009666933987697556,0.0010219628169852136,199.06302930447606,384.10068451866823,0.0003401545001881224,0.0003442562652103598
52224,2024,613.4978478487807,1170.3591668492118,0.0009608386512199624,0.0010164700665034217,199.06302930447606,384.10068451866823,0.0003379465276005491,0.000342298455583751
52224,2025,613.4978478487807,1170.3591668492118,0.0009555191605795016,0.0010115781961312872,199.06302930447606,384.10068451866823,0.00033592628094156993,0.00034054454183510415
52227,2021,434.81433143525595,965.9724451871085,0.0007307593060227248,0.0008633045567336322,152.87649071022656,330.5592798491539,0.0003402953454725049,0.0003399340268484275
52227,2022,434.81433143525595,965.9724451871085,0.0007238036001181186,0.0008573596247489311,152.87649071022656,330.5592798491539,0.0003369889930867082,0.00033741952507533905
52227,2023,434.81433143525595,965.9724451871085,0.0007176164524788273,0.0008520661029540594,152.87649071022656,330.5592798491539,0.00033404128548888517,0.00033517366046421275
52227,2024,434.81433143525595,965.9724451871085,0.0007114652649962431,0.0008467298860703391,152.87649071022656,330.5592798491539,0.0003311189135042369,0.00033292096839335395
52227,2025,434.81433143525595,965.9724451871085,0.0007057288608937693,0.0008419052676358006,152.87649071022656,330.5592798491539,0.0003283913922658781,0.0003308731992420782
52233,2021,423.5143034343575,959.0665443939849,0.0005812913769309066,0.0007259688303548292,177.26401518543585,382.9317691855105,0.00037377419953174746,0.0003765541041769655
52233,2022,423.5143034343575,959.0665443939849,0.0005782646242824259,0.0007218561302362714,177.26401518543585,382.9317691855105,0.0003717489091115438,0.0003742963180228944
52233,2023,423.5143034343575,959.0665443939849,0.0005753815114693722,0.0007180843266016352,177.26401518543585,382.9317691855105,0.00036979460656544436,0.0003721964699522428
52233,2024,423.5143034343575,959.0665443939849,0.0005723411262280117,0.0007141585844835214,177.26401518543585,382.9317691855105,0.0003677467881082613,0.0003700091684033575
52233,2025,423.5143034343575,959.0665443939849,0.0005697894582147491,0.0007107464769412402,177.26401518543585,382.9317691855105,0.0003660237443311021,0.00036810456258086466
52240,2021,894.6451253448956,1447.4139921521714,0.0012151703960450845,0.0013144110524743664,306.3083185558863,500.2730357488708,0.0005013468520056609,0.000520934283652936
52240,2022,894.6451253448956,1447.4139921521714,0.0012094935247168887,0.0013074657373280578,306.3083185558863,500.2730357488708,0.0004990130579603717,0.000518137237727101
52240,2023,894.6451253448956,1447.4139921521714,0.0012044175972059294,0.0013012557042838867,306.3083185558863,500.2730357488708,0.0004969099339953361,0.0005156258807397226
52240,2024,894.6451253448956,1447.4139921521714,0.0011991043876247028,0.0012948297316476248,306.3083185558863,500.2730357488708,0.0004946971717707338,0.0005130228321059648
52240,2025,894.6451253448956,1447.4139921521714,0.0011945757192780905,0.001289212422079167,306.3083185558863,500.2730357488708,0.0004928168089483557,0.0005107469630551343
52250,2021,134.4592454672319,323.368880056963,0.0006694538622850945,0.0005669260620693482,82.94348247191621,186.20188920776502,0.0005014396251752231,0.0004155410097218017
52250,2022,134.4592454672319,323.368880056963,0.0006648011278917439,0.0005625805609594135,82.94348247191621,186.20188920776502,0.0004978549729791871,0.0004123107747137082
52250,2023,134.4592454672319,323.368880056963,0.0006601164657955798,0.0005583275452846709,82.94348247191621,186.20188920776502,0.0004942517649204318,0.00040914000523551217
52250,2024,134.4592454672319,323.368880056963,0.0006549903772679603,0.0005537975103378695,82.94348247191621,186.20188920776502,0.0004903333982099196,0.00040576694374062206
52250,2025,134.4592454672319,323.368880056963,0.0006504994788659456,0.0005497752765904069,82.94348247191621,186.20188920776502,0.00048689565361785916,0.0004027684857799579
52254,2021,679.8769897891952,1258.676166940773,0.0011702618528019366,0.001165633112221348,249.5540434770202,452.4333007199413,0.0005135028516364044,0.0005046608030783899
52254,2022,679.8769897891952,1258.676166940773,0.0011649056491018434,0.0011593170846677283,249.5540434770202,452.4333007199413,0.0005111705071242111,0.0005018330825008773
52254,2023,679.8769897891952,1258.676166940773,0.0011600788118020402,0.0011536347668436517,249.5540434770202,452.4333007199413,0.0005090343526640445,0.0004992686656627778
52254,2024,679.8769897891952,1258.676166940773,0.0011550315688129958,0.0011477739620569692,249.5540434770202,452.4333007199413,0.0005067847492369906,0.0004966200011046447
52254,2025,679.8769897891952,1258.676166940773,0.0011507514261501729,0.001142665943405296,249.5540434770202,452.4333007199413,0.0005048862326381801,0.0004943098843805235
52256,2021,431.8108738255467,1057.717715643512,0.0005779956121180882,0.0007104379229792503,180.19115030067624,413.4753115645036,0.0003581143239365155,0.0003718568873129251
52256,2022,431.8108738255467,1057.717715643512,0.0005752441581234226,0.000706445593955294,180.19115030067624,413.4753115645036,0.000356462753392391,0.0003696962287225799
52256,2023,431.8108738255467,1057.717715643512,0.0005726189073012139,0.0007027795573378468,180.19115030067624,413.4753115645036,0.0003548598105936248,0.00036768775048819693
52256,2024,431.8108738255467,1057.717715643512,0.0005697521142523991,0.000698931904710913,180.19115030067624,413.4753115645036,0.00035310397983643097,0.0003655732912312032
52256,2025,431.8108738255467,1057.717715643512,0.0005673230864293991,0.0006955827703375235,180.19115030067624,413.4753115645036,0.00035162989834195275,0.0003637344431930302
52258,2021,786.4569472572307,1399.4790917400187,0.0012185692750965006,0.0011684058145795533,268.53273724060426,470.02924254317327,0.0004893643600066855,0.00046561961397484537
52258,2022,786.4569472572307,1399.4790917400187,0.001211894321882914,0.0011619563719689587,268.53273724060426,470.02924254317327,0.0004866373029081954,0.00046299598277219577
52258,2023,786.4569472572307,1399.4790917400187,0.0012059452974695394,0.0011561858941418785,268.53273724060426,470.02924254317327,0.00048420046916566883,0.00046064218495755945
52258,2024,786.4569472572307,1399.4790917400187,0.0011997987860861634,0.0011502193691717687,268.53273724060426,470.02924254317327,0.0004816739469344168,0.0004582023998320448
52258,2025,786.4569472572307,1399.4790917400187,0.0011943582377419808,0.0011449439006556844,268.53273724060426,470.02924254317327,0.00047942556627685886,0.0004560382989960935
52260,2021,792.0203702004563,1356.3775874383416,0.0011015506501677278,0.00111285468159956,280.1116265250603,477.54544126463867,0.0004653795752866664,0.0004696839063160908
52260,2022,792.0203702004563,1356.3775874383416,0.0010964021640594815,0.0011067807416530427,280.1116265250603,477.54544126463867,0.00046319357933239183,0.00046702776918475616
52260,2023,792.0203702004563,1356.3775874383416,0.0010917948127041252,0.0011013388741563798,280.1116265250603,477.54544126463867,0.00046122053728168207,0.0004646356629044583
52260,2024,792.0203702004563,1356.3775874383416,0.0010869915193664477,0.0010957456899871449,280.1116265250603,477.54544126463867,0.0004591520736258037,0.00046217652375903014
52260,2025,792.0203702004563,1356.3775874383416,0.0010829003660773769,0.001090861408852895,280.1116265250603,477.54544126463867,0.00045739219881786754,0.00046002491996030386
52287,2021,1053.5373377462204,1559.9666268685785,0.001924811940015712,0.0019670132149008316,316.7326197477792,494.67280730128755,0.0005708365655480127,0.0006035624656336154
52287,2022,1053.5373377462204,1559.9666268685785,0.0019156847757010819,0.00195704026808169,316.7326197477792,494.67280730128755,0.0005681182540426832,0.0006004118944140662
52287,2023,1053.5373377462204,1559.9666268685785,0.0019076366046015935,0.0019481944215395744,316.7326197477792,494.67280730128755,0.0005657202762265576,0.0005976097996199903
52287,2024,1053.5373377462204,1559.9666268685785,0.0018993938059004897,0.0019391441864767124,316.7326197477792,494.67280730128755,0.000563261745278294,0.0005947450860741443
52287,2025,1053.5373377462204,1559.9666268685785,0.001892284436294903,0.0019312322366511038,316.7326197477792,494.67280730128755,0.0005611397468339655,0.0005922305548046429
52317,2021,652.4799524352874,1239.4029322317715,0.0014999683270113875,0.0013514394887918612,218.15182420101223,417.0146105482657,0.0005148437341092789,0.000465557343378692
52317,2022,652.4799524352874,1239.4029322317715,0.0014909609277678913,0.0013438089869049115,218.15182420101223,417.0146105482657,0.0005115140957310649,0.00046278737695236606
52317,2023,652.4799524352874,1239.4029322317715,0.0014830143430216987,0.0013370529536132173,218.15182420101223,417.0146105482657,0.0005085667263478677,0.00046032505937061393
52317,2024,652.4799524352874,1239.4029322317715,0.0014749144114473685,0.0013301492649941925,218.15182420101223,417.0146105482657,0.0005055735431916897,0.00045781659175089383
52317,2025,652.4799524352874,1239.4029322317715,0.0014676647585024725,0.0013240406828631131,218.15182420101223,417.0146105482657,0.0005028693992720534,0.00045558463765900945
52320,2021,885.4526816437555,1433.7168283689398,0.0012691149476983295,0.0013304218037852294,291.8544127452305,480.4201628958836,0.00048500614904123986,0.0004986678476041329
52320,2022,885.4526816437555,1433.7168283689398,0.0012624707648361435,0.0013233468112205226,291.8544127452305,480.4201628958836,0.0004823920519891105,0.0004959412424679294
52320,2023,885.4526816437555,1433.7168283689398,0.0012566011365594434,0.0013170700260055088,291.8544127452305,480.4201628958836,0.00048007718299100346,0.000493513859932514
52320,2024,885.4526816437555,1433.7168283689398,0.0012505847701818225,0.0013106308929331208,291.8544127452305,480.4201628958836,0.0004777045148286962,0.0004910253964130599
52320,2025,885.4526816437555,1433.7168283689398,0.0012453628896153175,0.0013050097816085064,291.8544127452305,480.4201628958836,0.0004756369019127758,0.00048884849443086
52323,2021,801.789528021602,1350.5923263795116,0.0014183057621084062,0.0013534287244621201,252.4221655548945,438.23205123778365,0.0004706957138993774,0.000459029566530716
52323,2022,801.789528021602,1350.5923263795116,0.0014107303999545274,0.0013461643566803937,252.4221655548945,438.23205123778365,0.00046806634025361717,0.00045647052926906385
52323,2023,801.789528021602,1350.5923263795116,0.0014040579905896507,0.0013397318714453682,252.4221655548945,438.23205123778365,0.0004657439689034687,0.0004541959370427546
52323,2024,801.789528021602,1350.5923263795116,0.0013972263387877755,0.0013331447831603288,252.4221655548945,438.23205123778365,0.00046337248846149763,0.00045187252644699236
52323,2025,801.789528021602,1350.5923263795116,0.001391225705439835,0.001327364810652976,252.4221655548945,438.23205123778365,0.00046127763921610334,0.00044982597079165913
52352,2021,893.9838024552055,1431.6222173689985,0.0014365480054336144,0.0013936852052891652,280.44866605453456,464.11418035788546,0.00048358373840559746,0.000481540608860618
52352,2022,893.9838024552055,1431.6222173689985,0.0014292069199693949,0.0013863020257215916,280.44866605453456,464.11418035788546,0.00048106038488359803,0.00047891489567548424
52352,2023,893.9838024552055,1431.6222173689985,0.0014227481076704697,0.0013797655519312106,280.44866605453456,464.11418035788546,0.0004788351314258484,0.000476581874120456
52352,2024,893.9838024552055,1431.6222173689985,0.001416104196041878,0.0013730621312246275,280.44866605453456,464.11418035788546,0.0004765468758321263,0.0004741931782044665
52352,2025,893.9838024552055,1431.6222173689985,0.001410299845186451,0.0013671875068236488,280.44866605453456,464.11418035788546,0.00047454165472890725,0.0004720935376097483
52354,2021,933.7191797980614,1466.3885336470341,0.001394195464505891,0.0013955113657035886,298.66986397123134,482.70218987277275,0.00047009491170769014,0.00048791949975902823
52354,2022,933.7191797980614,1466.3885336470341,0.001387123288815394,0.0013879758148320155,298.66986397123134,482.70218987277275,0.00046766626906828457,0.00048520397456868007
52354,2023,933.7191797980614,1466.3885336470341,0.0013808922865219085,0.0013812879536414821,298.66986397123134,482.70218987277275,0.0004655212255215479,0.00048278499766167484
52354,2024,933.7191797980614,1466.3885336470341,0.001374478020802878,0.0013744361860631143,298.66986397123134,482.70218987277275,0.0004633123158235159,0.00048031002467931324
52354,2025,933.7191797980614,1466.3885336470341,0.0013688893112845226,0.001368422849751808,298.66986397123134,482.70218987277275,0.00046138447318479176,0.0004781334152491619
52356,2021,736.1703849598596,1223.8853759463436,0.001903899691363147,0.0018033430972943167,211.33351491614548,371.1592712478448,0.0005148641729043055,0.0005049689917178146
52356,2022,736.1703849598596,1223.8853759463436,0.0018943827484941874,0.0017939441184756867,211.33351491614548,371.1592712478448,0.0005122909242432622,0.000502307512498935
52356,2023,736.1703849598596,1223.8853759463436,0.0018860023036567724,0.0017856215552393315,211.33351491614548,371.1592712478448,0.0005100241775479136,0.0004999476938631135
52356,2024,736.1703849598596,1223.8853759463436,0.001877361966133688,0.0017770470483895913,211.33351491614548,371.1592712478448,0.0005076889446134093,0.0004975206256749969
52356,2025,736.1703849598596,1223.8853759463436,0.0018697048284167747,0.0017694280089379255,211.33351491614548,371.1592712478448,0.0005056168957191539,0.0004953608677645155
52378,2021,650.2732701305579,1341.6632250012299,0.0007662926949081359,0.0008633002851261317,237.20893649658922,474.12636338240094,0.0003731792632122082,0.0003738845060009727
52378,2022,650.2732701305579,1341.6632250012299,0.0007618568079610286,0.0008582950931787664,237.20893649658922,474.12636338240094,0.0003710435247399877,0.00037168567942260863
52378,2023,650.2732701305579,1341.6632250012299,0.0007578949326510407,0.0008538101701236097,237.20893649658922,474.12636338240094,0.00036913374567695205,0.00036971258202336425
52378,2024,650.2732701305579,1341.6632250012299,0.0007537236922860715,0.0008491265352098994,237.20893649658922,474.12636338240094,0.0003671170292727158,0.0003676453965767242
52378,2025,650.2732701305579,1341.6632250012299,0.0007499651101374619,0.0008449531837681976,237.20893649658922,474.12636338240094,0.0003652958993051692,0.0003657990361903232
52381,2021,898.9817554167139,1447.3744847043158,0.0012201325268598885,0.0013023226015016574,305.3007011536694,497.28503105048975,0.0005131934254107169,0.0005239861697695352
52381,2022,898.9817554167139,1447.3744847043158,0.0012144474590920155,0.001295375496838031,305.3007011536694,497.28503105048975,0.0005107945251395694,0.0005211300293690939
52381,2023,898.9817554167139,1447.3744847043158,0.0012093762580877086,0.001289171994590411,305.3007011536694,497.28503105048975,0.0005086359653186146,0.0005185680417260076
52381,2024,898.9817554167139,1447.3744847043158,0.0012040931243258298,0.001282790454906191,305.3007011536694,497.28503105048975,0.0005063764467458372,0.000515929995193668
52381,2025,898.9817554167139,1447.3744847043158,0.0011995962169808656,0.0012772165202338786,305.3007011536694,497.28503105048975,0.0005044553095088302,0.000513624712101909
52385,2021,493.50130132442644,1091.3989936504458,0.0006435582878900279,0.0007849674855009507,191.43826895918647,408.18455112703737,0.0003433442899312273,0.0003635623820322096
52385,2022,493.50130132442644,1091.3989936504458,0.0006395140535555185,0.0007803657666031843,191.43826895918647,408.18455112703737,0.0003410237732919015,0.0003612638124764144
52385,2023,493.50130132442644,1091.3989936504458,0.0006358260210325647,0.0007762058518719366,191.43826895918647,408.18455112703737,0.00033888535609594714,0.00035916368841934206
52385,2024,493.50130132442644,1091.3989936504458,0.0006321214900760091,0.0007719432525787741,191.43826895918647,408.18455112703737,0.0003367530696081938,0.0003570167065000128
52385,2025,493.50130132442644,1091.3989936504458,0.0006289161612797226,0.0007682095400819575,191.43826895918647,408.18455112703737,0.00033489941194688285,0.000355127862398218
52390,2021,80.77521296340846,198.41182457715772,0.0006124044718547585,0.0004681091722112738,52.83148603750739,119.54605739377025,0.00046387890480611396,0.00036168735944417654
52390,2022,80.77521296340846,198.41182457715772,0.0006077045678469865,0.00046419692808033253,52.83148603750739,119.54605739377025,0.00046024239526087533,0.00035864359416722347
52390,2023,80.77521296340846,198.41182457715772,0.0006029531001812729,0.00046032872290685414,52.83148603750739,119.54605739377025,0.0004565816722312253,0.00035563459833869095
52390,2024,80.77521296340846,198.41182457715772,0.0005979933886904224,0.00045630739685526857,52.83148603750739,119.54605739377025,0.0004527702782485656,0.00035250959852266723
52390,2025,80.77521296340846,198.41182457715772,0.0005935012055427304,0.00045266413724262506,52.83148603750739,119.54605739377025,0.0004493217329553705,0.00034967832564187346
52399,2021,713.0172605378829,1466.692391309279,0.0012142937318879862,0.0011502760334096025,263.82211909675385,522.5956381738163,0.0005134564431468336,0.00046847715663593797
52399,2022,713.0172605378829,1466.692391309279,0.0012083830277344616,0.0011441880268330824,263.82211909675385,522.5956381738163,0.0005109688790384816,0.00046595948164045674
52399,2023,713.0172605378829,1466.692391309279,0.001203090034887396,0.0011387331428170352,263.82211909675385,522.5956381738163,0.0005087230058721337,0.0004636945538295376
52399,2024,713.0172605378829,1466.692391309279,0.001197473072992133,0.0011330239942797477,263.82211909675385,522.5956381738163,0.0005063217081697007,0.0004613139513820376
52399,2025,713.0172605378829,1466.692391309279,0.0011925841980068939,0.0011280139498924017,263.82211909675385,522.5956381738163,0.0005042314245590683,0.0004592213839212654
52405,2021,416.3916004859746,1046.5496586356198,0.00047090008694288974,0.00046040858104141224,173.2489164818669,410.1129980942872,0.00028338881784840454,0.0002785612204715755
52405,2022,416.3916004859746,1046.5496586356198,0.00046855322533544786,0.0004575389547262876,173.2489164818669,410.1129980942872,0.0002820175052787296,0.000276770575932707
52405,2023,416.3916004859746,1046.5496586356198,0.00046632831931392297,0.00045487225313764723,173.2489164818669,410.1129980942872,0.00028070190299784274,0.00027509575623075195
52405,2024,416.3916004859746,1046.5496586356198,0.0004638742404358232,0.0004520392752559882,173.2489164818669,410.1129980942872,0.00027924551257588377,0.0002733198331980703
52405,2025,416.3916004859746,1046.5496586356198,0.0004617602610064956,0.0004495444381729714,173.2489164818669,410.1129980942872,0.0002780004810067682,0.0002717564531560707
52411,2021,727.0347520566066,1296.3231795884685,0.001148196324096366,0.0011192374391014537,258.79410686725566,457.6866668599236,0.0004588998798280775,0.0004573695583110187
52411,2022,727.0347520566066,1296.3231795884685,0.001142908165998186,0.0011133660121627237,258.79410686725566,457.6866668599236,0.00045677736038727347,0.00045486312532442555
52411,2023,727.0347520566066,1296.3231795884685,0.0011381967831541673,0.001108113686753529,258.79410686725566,457.6866668599236,0.00045486819779857947,0.0004526054576293109
52411,2024,727.0347520566066,1296.3231795884685,0.00113329176347899,0.0011026934319237683,258.79410686725566,457.6866668599236,0.00045286871397623793,0.00045027457641618927
52411,2025,727.0347520566066,1296.3231795884685,0.0011291342749509704,0.001097990439106005,258.79410686725566,457.6866668599236,0.0004511766943807049,0.0004482469298455836
52418,2021,398.69201835063325,912.0334937852224,0.000628641670901671,0.0007750958191159112,165.20805274823593,362.04700455300457,0.0003690070224817503,0.00037927031002880446
52418,2022,398.69201835063325,912.0334937852224,0.0006249589117431677,0.0007705302243430441,165.20805274823593,362.04700455300457,0.0003667360992144585,0.0003768868614096558
52418,2023,398.69201835063325,912.0334937852224,0.0006215161142257373,0.00076636534542349,165.20805274823593,362.04700455300457,0.0003645847425496126,0.00037468377347679135
52418,2024,398.69201835063325,912.0334937852224,0.0006179815213594896,0.0007620659320134168,165.20805274823593,362.04700455300457,0.00036238654534904004,0.0003724099347881569
52418,2025,398.69201835063325,912.0334937852224,0.0006149648375716172,0.0007583056180400356,165.20805274823593,362.04700455300457,0.0003605047316517468,0.000370416196287377
52427,2021,160.6358687825197,376.84868126666606,0.0004814037240265806,0.0004586613289547915,92.34512692570455,203.2753944257357,0.00038363094747082384,0.0003333335532670798
52427,2022,160.6358687825197,376.84868126666606,0.000476516916959972,0.0004545024037804837,92.34512692570455,203.2753944257357,0.0003795992558311307,0.00033027555305602165
52427,2023,160.6358687825197,376.84868126666606,0.0004718388969821287,0.0004505685358234681,92.34512692570455,203.2753944257357,0.00037574268100463445,0.00032737082284196086
52427,2024,160.6358687825197,376.84868126666606,0.00046725771280663837,0.000446598926571587,92.34512692570455,203.2753944257357,0.0003719858129844753,0.000324444125392839
52427,2025,160.6358687825197,376.84868126666606,0.00046317147414722063,0.00044303397565203807,92.34512692570455,203.2753944257357,0.0003686339155547563,0.00032181599263395293
52435,2021,537.3279592875497,1103.0577431537963,0.0008003736575613953,0.0009474504490861513,194.456489094224,387.23043282729896,0.0003877679350927164,0.00040362734624197567
52435,2022,537.3279592875497,1103.0577431537963,0.0007937298373800502,0.00094126025589119,194.456489094224,387.23043282729896,0.0003844779768829513,0.0004008216453996694
52435,2023,537.3279592875497,1103.0577431537963,0.0007878147450135916,0.0009357343294942519,194.456489094224,387.23043282729896,0.00038154188614210023,0.0003983046302659712
52435,2024,537.3279592875497,1103.0577431537963,0.0007819085922778711,0.0009301502178636584,194.456489094224,387.23043282729896,0.0003786177530319229,0.0003957723770971581
52435,2025,537.3279592875497,1103.0577431537963,0.000776489806137832,0.0009251503806803276,194.456489094224,387.23043282729896,0.00037592891560123826,0.0003934963677874821
52473,2021,67.08165484673613,173.37837994538697,0.0004318708427038765,0.0004178706248498164,43.03003544912477,105.06697794307081,0.0003133699502454372,0.00029872872031902784
52473,2022,67.08165484673613,173.37837994538697,0.00042873933434162863,0.00041429304798123095,43.03003544912477,105.06697794307081,0.00031108022229217613,0.00029619419489395964
52473,2023,67.08165484673613,173.37837994538697,0.0004255295496395431,0.0004107982190412944,43.03003544912477,105.06697794307081,0.00030874146472408383,0.00029370846427587854
52473,2024,67.08165484673613,173.37837994538697,0.0004221955543219446,0.00040718958994697736,43.03003544912477,105.06697794307081,0.0003063102026085144,0.0002911387670309539
52473,2025,67.08165484673613,173.37837994538697,0.0004191291781493914,0.0004039097774733994,43.03003544912477,105.06697794307081,0.0003040757727136575,0.00028880337337832085
52480,2021,987.397995319959,1514.060757231855,0.0019830390719768813,0.002027939413906968,324.99261013166904,510.52295352761723,0.0006815216067126891,0.0006867373873911091
52480,2022,987.397995319959,1514.060757231855,0.001973813548794736,0.0020176355961978596,324.99261013166904,510.52295352761723,0.0006783352959803565,0.0006831336883909349
52480,2023,987.397995319959,1514.060757231855,0.0019656351723293434,0.002008478217665246,324.99261013166904,510.52295352761723,0.0006754947178309124,0.000679918129572273
52480,2024,987.397995319959,1514.060757231855,0.0019572015574176884,0.001999084309128488,324.99261013166904,510.52295352761723,0.0006725506536187145,0.0006766167614286283
52480,2025,987.397995319959,1514.060757231855,0.0019500018199311501,0.001990916144146431,324.99261013166904,510.52295352761723,0.0006700390362972314,0.0006737394281818217
52490,2021,91.63383887671654,204.98409940732873,0.0006270014070743527,0.0005148374377229708,58.62100576990206,124.48293310287583,0.0004559878184842575,0.0003658181992698234
52490,2022,91.63383887671654,204.98409940732873,0.0006221900336661015,0.0005104503156972083,58.62100576990206,124.48293310287583,0.00045240650734547046,0.0003627163877469762
52490,2023,91.63383887671654,204.98409940732873,0.0006173077512263937,0.000506158968794333,58.62100576990206,124.48293310287583,0.00044879101102429707,0.00035967333211196957
52490,2024,91.63383887671654,204.98409940732873,0.0006122594189885598,0.0005017239363784765,58.62100576990206,124.48293310287583,0.0004450618808256688,0.0003565264744947515
52490,2025,91.63383887671654,204.98409940732873,0.0006076652905655442,0.0004977010676810312,58.62100576990206,124.48293310287583,0.0004416729626340893,0.00035367309642747694
52506,2021,865.6260513754696,1408.8492750538107,0.001500286001000813,0.001431524948563528,277.169843961231,462.11219806834004,0.0004996121387571999,0.0004887801130898491
52506,2022,865.6260513754696,1408.8492750538107,0.0014923898133492003,0.001423884161592405,277.169843961231,462.11219806834004,0.0004968779014875506,0.0004860828601035454
52506,2023,865.6260513754696,1408.8492750538107,0.0014854363122987172,0.0014171182376173622,277.169843961231,462.11219806834004,0.0004944642147035881,0.0004836856891727923
52506,2024,865.6260513754696,1408.8492750538107,0.0014783075801532341,0.001410184191365234,277.169843961231,462.11219806834004,0.0004919952534332002,0.00048123368067105497
52506,2025,865.6260513754696,1408.8492750538107,0.0014720712544467023,0.0014041139618190788,277.169843961231,462.11219806834004,0.0004898259494607062,0.00047908167195622706
52520,2021,100.8472796231819,222.74415385210156,0.0003408168510177637,0.0003476683515036501,58.86649916269758,127.31037407390377,0.00022904140483539386,0.0002365813108642964
52520,2022,100.8472796231819,222.74415385210156,0.0003376514933373857,0.0003442567325090281,58.86649916269758,127.31037407390377,0.00022693817490239372,0.0002342880070927374
52520,2023,100.8472796231819,222.74415385210156,0.0003346281797233468,0.0003410376134763781,58.86649916269758,127.31037407390377,0.0002249192283773138,0.00023211218713316143
52520,2024,100.8472796231819,222.74415385210156,0.00033154666380830064,0.0003377777606944916,58.86649916269758,127.31037407390377,0.00022285838811202135,0.0002299063581040627
52520,2025,100.8472796231819,222.74415385210156,0.00032871366866837025,0.0003348038700358023,58.86649916269758,127.31037407390377,0.00022095823929189348,0.00022789130833659676
52540,2021,448.26724239908026,960.35869141851,0.0006154017082562205,0.0007653879405551703,184.66443286782507,375.6225221116447,0.00038686254181344645,0.00039632890761279264
52540,2022,448.26724239908026,960.35869141851,0.000612576161990889,0.0007611420956166573,184.66443286782507,375.6225221116447,0.0003851223219451207,0.0003940553183127996
52540,2023,448.26724239908026,960.35869141851,0.0006098784965133876,0.0007572484052504888,184.66443286782507,375.6225221116447,0.00038343288321610253,0.00039194359170751747
52540,2024,448.26724239908026,960.35869141851,0.000606951688595099,0.0007531795553012417,184.66443286782507,375.6225221116447,0.00038159288235956485,0.0003897290993543267
52540,2025,448.26724239908026,960.35869141851,0.0006044995526594224,0.0007496441942202497,184.66443286782507,375.6225221116447,0.0003800593695862411,0.0003878058164004466
52560,2021,817.9073831335947,1345.2163621905318,0.0015734843985133493,0.001568952756649762,245.3864983576403,421.32858912619037,0.0004500349318075116,0.0004703145136405473
52560,2022,817.9073831335947,1345.2163621905318,0.0015657442173509955,0.0015607520453114953,245.3864983576403,421.32858912619037,0.00044782762120691846,0.00046781081066704275
52560,2023,817.9073831335947,1345.2163621905318,0.0015589369392852814,0.0015534868862261198,245.3864983576403,421.32858912619037,0.00044588649379378336,0.0004655886837342602
52560,2024,817.9073831335947,1345.2163621905318,0.0015519143262840386,0.0015460159535800437,245.3864983576403,421.32858912619037,0.00044388380889610993,0.0004633079195485822
52560,2025,817.9073831335947,1345.2163621905318,0.0015457486910413392,0.0015394014305886918,245.3864983576403,421.32858912619037,0.00044212570859265447,0.00046128412480320635
52565,2021,778.9242245855147,1377.3621952468918,0.001253309564457138,0.0012708691819690683,269.35723105847137,479.4289510722168,0.000518892463747799,0.0005046652983914895
52565,2022,778.9242245855147,1377.3621952468918,0.0012466957360159514,0.0012640356104017146,269.35723105847137,479.4289510722168,0.0005160608215897444,0.0005018255193192781
52565,2023,778.9242245855147,1377.3621952468918,0.001240817939097368,0.0012579497904259317,269.35723105847137,479.4289510722168,0.0005135287243157263,0.0004992830260567501
52565,2024,778.9242245855147,1377.3621952468918,0.0012348003579126527,0.0012517130412337697,269.35723105847137,479.4289510722168,0.0005109345148678422,0.0004966832509122414
52565,2025,778.9242245855147,1377.3621952468918,0.0012295678820005047,0.0012462596495852632,269.35723105847137,479.4289510722168,0.0005086682037244674,0.0004944027203071478
52573,2021,958.0822847496682,1487.4048637289063,0.0015990747986246718,0.0016400549708872416,288.21633305450234,470.27443003988196,0.0004670151114481081,0.0005039918700810506
52573,2022,958.0822847496682,1487.4048637289063,0.0015912455141066984,0.001631327981848577,288.21633305450234,470.27443003988196,0.00046474247103077133,0.0005012482565308783
52573,2023,958.0822847496682,1487.4048637289063,0.001584359454153456,0.0016235826800351622,288.21633305450234,470.27443003988196,0.00046274328854181284,0.000498807373576175
52573,2024,958.0822847496682,1487.4048637289063,0.0015772532366500926,0.0016156277710566605,288.21633305450234,470.27443003988196,0.0004606799146692245,0.0004963062863169323
52573,2025,958.0822847496682,1487.4048637289063,0.001571024293516638,0.0016085786728245745,288.21633305450234,470.27443003988196,0.0004588739755054903,0.000494085850700071
52585,2021,740.1217717375844,1292.5051178221509,0.0013527694829063822,0.0012864762194377513,235.32854966703812,420.53352167916734,0.00042951371147468355,0.00042166254984134027
52585,2022,740.1217717375844,1292.5051178221509,0.001345464390069771,0.0012795366205490147,235.32854966703812,420.53352167916734,0.00042706058140737975,0.0004192868607820328
52585,2023,740.1217717375844,1292.5051178221509,0.0013390361356936762,0.001273399614197484,235.32854966703812,420.53352167916734,0.00042489673386360294,0.00041717869816138426
52585,2024,740.1217717375844,1292.5051178221509,0.0013324553366487351,0.0012671191448472266,235.32854966703812,420.53352167916734,0.0004226884196334894,0.0004150271078011746
52585,2025,740.1217717375844,1292.5051178221509,0.001326665012493579,0.001261607497520696,235.32854966703812,420.53352167916734,0.0004207316040994273,0.0004131312717431306
52612,2021,381.86906930929877,909.2802947054594,0.0007056889724497957,0.0006667890118619392,146.97751604730755,329.5371309982597,0.00034730597491896523,0.00033878930367126385
52612,2022,381.86906930929877,909.2802947054594,0.0006983104013969325,0.0006608929934188146,146.97751604730755,329.5371309982597,0.0003435836568721644,0.0003357241444352453
52612,2023,381.86906930929877,909.2802947054594,0.0006917214921606297,0.0006555852918686362,146.97751604730755,329.5371309982597,0.0003402533607775433,0.00033295622334732916
52612,2024,381.86906930929877,909.2802947054594,0.000685267349988235,0.0006503256389115031,146.97751604730755,329.5371309982597,0.00033700089319684874,0.0003302199358038401
52612,2025,381.86906930929877,909.2802947054594,0.0006792735314556415,0.0006455373668509191,146.97751604730755,329.5371309982597,0.0003339793598105847,0.0003277278555074175
52621,2021,138.86870127033177,275.0737732087181,0.00043109167497729057,0.0004167799063098698,79.48267041880074,153.4587995092609,0.00030748200161644096,0.0002883012603758983
52621,2022,138.86870127033177,275.0737732087181,0.00042672740181785764,0.00041276259385306417,79.48267041880074,153.4587995092609,0.0003043764426710417,0.0002855439385524123
52621,2023,138.86870127033177,275.0737732087181,0.00042261093049130946,0.000408991173358925,79.48267041880074,153.4587995092609,0.0003014379387772406,0.000282940519366436
52621,2024,138.86870127033177,275.0737732087181,0.0004185054467542079,0.0004051851735397698,79.48267041880074,153.4587995092609,0.0002985105172896113,0.0002803091393587193
52621,2025,138.86870127033177,275.0737732087181,0.0004147649447799056,0.00040172444539944395,79.48267041880074,153.4587995092609,0.0002958425906980079,0.0002779132935016336
52678,2021,578.9631344188389,1190.4028405501986,0.00073010202511818,0.0008453911476874749,216.12287327060926,435.89425918348644,0.00033614710232656087,0.00036727137226821036
52678,2022,578.9631344188389,1190.4028405501986,0.0007255937762999708,0.0008404814790667559,216.12287327060926,435.89425918348644,0.00033402249385850114,0.0003650074133304252
52678,2023,578.9631344188389,1190.4028405501986,0.0007215619572793333,0.0008360780950446136,216.12287327060926,435.89425918348644,0.0003321093326677787,0.0003629625841331926
52678,2024,578.9631344188389,1190.4028405501986,0.000717463702013375,0.0008315679148402858,216.12287327060926,435.89425918348644,0.0003301653751217203,0.00036087232955794103
52678,2025,578.9631344188389,1190.4028405501986,0.0007138654933588554,0.0008276098375530525,216.12287327060926,435.89425918348644,0.000328456087316307,0.0003590306565204748
52683,2021,885.091322881342,1436.2229865281604,0.0012324234939243093,0.0013201759603538967,299.6243400112246,492.42926665846454,0.0005027865730953602,0.0005184680088415908
52683,2022,885.091322881342,1436.2229865281604,0.001226720194775635,0.0013131732854156758,299.6243400112246,492.42926665846454,0.000500455339481524,0.000515655827555564
52683,2023,885.091322881342,1436.2229865281604,0.0012216483592687618,0.0013069330514935478,299.6243400112246,492.42926665846454,0.0004983652514977936,0.000513139829303568
52683,2024,885.091322881342,1436.2229865281604,0.001216387577049846,0.0013005227061937189,299.6243400112246,492.42926665846454,0.0004961878243353018,0.0005105544884934517
52683,2025,885.091322881342,1436.2229865281604,0.0012119210245408907,0.001294929223785194,299.6243400112246,492.42926665846454,0.0004943421641751846,0.0005082975517864118
52685,2021,757.2436219061507,1508.672774361568,0.0012444692060687443,0.0011563159051150129,270.8755648423019,524.4908834343651,0.0005209950154222595,0.00047097429484874577
52685,2022,757.2436219061507,1508.672774361568,0.0012378534726544233,0.0011500138404306219,270.8755648423019,524.4908834343651,0.0005181994823515846,0.00046835606975968735
52685,2023,757.2436219061507,1508.672774361568,0.0012319521205856675,0.0011443755072826573,270.8755648423019,524.4908834343651,0.0005156935582081133,0.0004660067478126828
52685,2024,757.2436219061507,1508.672774361568,0.0012258030488711453,0.0011385154958256961,270.8755648423019,524.4908834343651,0.0005130662433351935,0.00046355545270046255
52685,2025,757.2436219061507,1508.672774361568,0.001220372686966553,0.0011333390214193296,270.8755648423019,524.4908834343651,0.000510738128003268,0.0004613844139541857
52687,2021,720.9538173085315,1292.77151315362,0.0012443193968485237,0.0011913373108090547,263.6979454558561,462.84653058156493,0.0005281122184806171,0.0004928237838137641
52687,2022,720.9538173085315,1292.77151315362,0.0012383918282390112,0.0011851311547742948,263.6979454558561,462.84653058156493,0.0005255997756088642,0.0004902090002520277
52687,2023,720.9538173085315,1292.77151315362,0.001233069789508343,0.0011795627572991903,263.6979454558561,462.84653058156493,0.0005233246326195834,0.0004878523756242305
52687,2024,720.9538173085315,1292.77151315362,0.001227468492915193,0.0011737630410814438,263.6979454558561,462.84653058156493,0.0005209146750241619,0.00048538989690463896
52687,2025,720.9538173085315,1292.77151315362,0.0012226470428954317,0.001168700364984402,263.6979454558561,462.84653058156493,0.0005188414610288895,0.00048323712987821714
52693,2021,616.7033122744256,1322.2252689302052,0.0008494988747139287,0.0008942600825690838,231.82029683436605,477.8925498243359,0.00043126597428946195,0.00039783476629209614
52693,2022,616.7033122744256,1322.2252689302052,0.0008446410498292742,0.0008890755450096865,231.82029683436605,477.8925498243359,0.0004288697919995327,0.00039550739636171376
52693,2023,616.7033122744256,1322.2252689302052,0.0008402759300079314,0.0008844235863025541,231.82029683436605,477.8925498243359,0.0004267079173680093,0.00039341435729525564
52693,2024,616.7033122744256,1322.2252689302052,0.0008356504434106795,0.0008795524190364386,231.82029683436605,477.8925498243359,0.00042440634133705525,0.0003912135906471938
52693,2025,616.7033122744256,1322.2252689302052,0.0008314967081064892,0.0008752160770943883,231.82029683436605,477.8925498243359,0.00042234102929622036,0.00038925127440816824
52694,2021,779.8513927496236,1527.1345800052966,0.001344952931336078,0.0012506943507076369,281.13804808052953,536.4156229271617,0.0005773139185059305,0.0005174632143870965
52694,2022,779.8513927496236,1527.1345800052966,0.0013379270792310187,0.0012439245531135174,281.13804808052953,536.4156229271617,0.0005743090735479173,0.0005146214496295531
52694,2023,779.8513927496236,1527.1345800052966,0.001331631480068873,0.0012378533389583077,281.13804808052953,536.4156229271617,0.0005715985489000265,0.0005120632439348302
52694,2024,779.8513927496236,1527.1345800052966,0.0013250548871747028,0.0012315336581821522,281.13804808052953,536.4156229271617,0.0005687491731684435,0.0005093910140618221
52694,2025,779.8513927496236,1527.1345800052966,0.0013192908481584845,0.0012259725152785495,281.13804808052953,536.4156229271617,0.0005662518943007496,0.0005070357064186768
52696,2021,106.80514649845327,254.33550188979072,0.0006136231922549936,0.000501095882763141,69.32897937805576,151.71293131297705,0.00048356653270166907,0.0003925645027347009
52696,2022,106.80514649845327,254.33550188979072,0.000608771993016734,0.0004970714509749379,69.32897937805576,151.71293131297705,0.00047963499069152594,0.0003893765233121423
52696,2023,106.80514649845327,254.33550188979072,0.0006039084167283068,0.0004931078924295026,69.32897937805576,151.71293131297705,0.0004757000872142374,0.00038623168050221356
52696,2024,106.80514649845327,254.33550188979072,0.0005986873648333934,0.0004888897463198085,69.32897937805576,151.71293131297705,0.00047150045491854464,0.000382891786785247
52696,2025,106.80514649845327,254.33550188979072,0.0005940448619067198,0.0004851245312321689,69.32897937805576,151.71293131297705,0.00046776192132663247,0.00037990769897461996
52699,2021,604.2755784520887,1205.5784242355458,0.0007220976890653297,0.000924557445749567,219.63413822962434,429.5725095110895,0.0003570520184659486,0.00038977884159147367
52699,2022,604.2755784520887,1205.5784242355458,0.0007175190561428692,0.0009192499431965174,219.63413822962434,429.5725095110895,0.0003547349982519936,0.0003874190527362288
52699,2023,604.2755784520887,1205.5784242355458,0.0007134321930556159,0.0009145131567777046,219.63413822962434,429.5725095110895,0.0003526548558660052,0.00038530154956075904
52699,2024,604.2755784520887,1205.5784242355458,0.000709290001223257,0.0009096772849832565,219.63413822962434,429.5725095110895,0.00035054855048132156,0.00038314766536807126
52699,2025,604.2755784520887,1205.5784242355458,0.0007056264688697884,0.0009054217367639513,219.63413822962434,429.5725095110895,0.0003486810535501968,0.0003812468957332997
52720,2021,724.2892639597864,1313.0720817081242,0.0011920643573050122,0.00124571410935184,242.38697115655435,444.21323278329635,0.00044736148390698064,0.00045479949026288946
52720,2022,724.2892639597864,1313.0720817081242,0.0011855651381202687,0.0012389908709395591,242.38697115655435,444.21323278329635,0.0004447782754912373,0.00045223639687098606
52720,2023,724.2892639597864,1313.0720817081242,0.0011798335003579963,0.0012330373864295073,242.38697115655435,444.21323278329635,0.0004424910231781931,0.000449957065677453
52720,2024,724.2892639597864,1313.0720817081242,0.001173976451884821,0.0012269453153268101,242.38697115655435,444.21323278329635,0.0004401586287562538,0.0004476300645034941
52720,2025,724.2892639597864,1313.0720817081242,0.0011688428368892103,0.0012216104179983201,242.38697115655435,444.21323278329635,0.00043809562164458515,0.0004455819729161579
52786,2021,646.1197265577283,1222.7476532703342,0.00118319197265167,0.0011454224120635847,242.60855178284078,445.1722214135088,0.0005266813015685751,0.0005005891078962096
52786,2022,646.1197265577283,1222.7476532703342,0.0011776913971106421,0.001139321536354912,242.60855178284078,445.1722214135088,0.0005242595220440732,0.0004978377808632127
52786,2023,646.1197265577283,1222.7476532703342,0.0011727235720892743,0.0011338215197701368,242.60855178284078,445.1722214135088,0.0005220400847003359,0.0004953372428416025
52786,2024,646.1197265577283,1222.7476532703342,0.0011674878116389896,0.00112810816643906,242.60855178284078,445.1722214135088,0.0005196786616301793,0.0004927328122208357
52786,2025,646.1197265577283,1222.7476532703342,0.0011630256836458663,0.0011231351520748667,242.60855178284078,445.1722214135088,0.000517676219885721,0.0004904644181210731
52788,2021,1154.2474817386417,1620.091980566337,0.002027729116270331,0.0020359707393478154,352.34051283902954,521.6311720848479,0.00061686948641448,0.0006367154001935188
52788,2022,1154.2474817386417,1620.091980566337,0.0020181176260704375,0.002025684434568524,352.34051283902954,521.6311720848479,0.0006139185819852791,0.0006334126801456857
52788,2023,1154.2474817386417,1620.091980566337,0.0020096275727447097,0.0020165548201253533,352.34051283902954,521.6311720848479,0.0006113059432679962,0.0006304708865402546
52788,2024,1154.2474817386417,1620.091980566337,0.0020009232892640805,0.002007202411167952,352.34051283902954,521.6311720848479,0.0006086241316149707,0.0006274575163254272
52788,2025,1154.2474817386417,1620.091980566337,0.0019934295406496814,0.001999045390910285,352.34051283902954,521.6311720848479,0.0006063143595801394,0.0006248226305784492
52835,2021,191.74319243042683,295.3786727888316,0.0006343257906052553,0.0006564626849312667,97.00940389500728,154.03602225892425,0.0003182133047511376,0.00033642683169234387
52835,2022,191.74319243042683,295.3786727888316,0.000627453913321853,0.0006494284210788124,97.00940389500728,154.03602225892425,0.00031476483599945227,0.0003328358287562328
52835,2023,191.74319243042683,295.3786727888316,0.0006211799507241046,0.000642973011449632,97.00940389500728,154.03602225892425,0.00031161281646331965,0.00032953427622511925
52835,2024,191.74319243042683,295.3786727888316,0.0006148829796683461,0.0006365028655324869,97.00940389500728,154.03602225892425,0.0003084509779704438,0.00032622725771476577
52835,2025,191.74319243042683,295.3786727888316,0.0006091650762368254,0.000630617234993844,97.00940389500728,154.03602225892425,0.0003055765586885775,0.00032321720229001996
52838,2021,776.7392892168762,1366.2050178893667,0.001219186454752223,0.0012616604492566475,263.4945996930404,468.12234724600876,0.0004638827708534864,0.0004697058365516427
52838,2022,776.7392892168762,1366.2050178893667,0.0012126296360495566,0.0012548827167125126,263.4945996930404,468.12234724600876,0.0004612507003553797,0.000467077203843698
52838,2023,776.7392892168762,1366.2050178893667,0.0012068326608133803,0.001248868528266112,263.4945996930404,468.12234724600876,0.00045891544881907306,0.0004647346376350361
52838,2024,776.7392892168762,1366.2050178893667,0.0012009044160947637,0.0012427097784250532,263.4945996930404,468.12234724600876,0.0004565316428104736,0.00046234005634725384
52838,2025,776.7392892168762,1366.2050178893667,0.0011957288028212323,0.0012373224362512143,263.4945996930404,468.12234724600876,0.0004544319779502821,0.00046023585464628986
52885,2021,1033.0180654709561,1543.3919596731198,0.0018382500261242478,0.0019662565244621434,327.3244465788008,506.3254874893484,0.0005849347744372293,0.0006345728723961921
52885,2022,1033.0180654709561,1543.3919596731198,0.0018296778044404375,0.0019562696113188346,327.3244465788008,506.3254874893484,0.0005821801783288519,0.0006312383926868656
52885,2023,1033.0180654709561,1543.3919596731198,0.0018221024013299091,0.0019474038543075853,327.3244465788008,506.3254874893484,0.0005797412041432107,0.0006282683826400993
52885,2024,1033.0180654709561,1543.3919596731198,0.0018143424801506539,0.001938335574300315,327.3244465788008,506.3254874893484,0.0005772372816592135,0.0006252323809233369
52885,2025,1033.0180654709561,1543.3919596731198,0.0018077112753577401,0.0019304500280272754,327.3244465788008,506.3254874893484,0.000575095001750224,0.0006225843834681423
54001,2021,1402.561720860127,1636.1078207952678,0.0017213077436565006,0.0017053936213717576,327.58980442264215,401.0438314096589,0.0003916429833351452,0.00039519258324040074
54001,2022,1402.561720860127,1636.1078207952678,0.0017078284600845794,0.001691454529489625,327.58980442264215,401.0438314096589,0.0003885464609574834,0.00039187336727810663
54001,2023,1402.561720860127,1636.1078207952678,0.0016960028245198082,0.001679158834893531,327.58980442264215,401.0438314096589,0.00038582636527837106,0.0003889378905448908
54001,2024,1402.561720860127,1636.1078207952678,0.0016861469077282308,0.0016687628966600605,327.58980442264215,401.0438314096589,0.00038355391869014996,0.0003864406805416984
54001,2025,1402.561720860127,1636.1078207952678,0.0016790943196524147,0.0016611310328909844,327.58980442264215,401.0438314096589,0.0003819192955517844,0.00038458381870290715
54003,2021,817.7756029029944,1939.1244824760295,0.0005289550044343164,0.0006462880594839081,246.3227667210023,569.4766406353993,0.00023205884010448142,0.00023814868397603218
54003,2022,817.7756029029944,1939.1244824760295,0.0005193797674034271,0.0006370821086317356,246.3227667210023,569.4766406353993,0.00022793685589960445,0.00023458811932084963
54003,2023,817.7756029029944,1939.1244824760295,0.0005105182189218799,0.000628659031608638,246.3227667210023,569.4766406353993,0.00022412426010110322,0.00023132249003199367
54003,2024,817.7756029029944,1939.1244824760295,0.0005022318100198138,0.0006208853788552542,246.3227667210023,569.4766406353993,0.00022055492300084332,0.00022828915454775319
54003,2025,817.7756029029944,1939.1244824760295,0.0004948374038506695,0.0006141351776783215,246.3227667210023,569.4766406353993,0.00021737736046659816,0.00022563184172678914
54051,2021,1208.3322786428312,2504.456803218412,0.0005364291354154854,0.0007880042470609466,346.251714223239,721.8208118790408,0.00017939233282073569,0.0002395847411894053
54051,2022,1208.3322786428312,2504.456803218412,0.0005315486380014345,0.0007804049736060265,346.251714223239,721.8208118790408,0.0001777294897182881,0.00023721720798439638
54051,2023,1208.3322786428312,2504.456803218412,0.00052718842041054,0.000773619171151605,346.251714223239,721.8208118790408,0.00017624070388375337,0.00023509887845307286
54051,2024,1208.3322786428312,2504.456803218412,0.0005228847938682367,0.0007670981047420559,346.251714223239,721.8208118790408,0.00017477288072463337,0.00023305273417245173
54051,2025,1208.3322786428312,2504.456803218412,0.0005192683708595065,0.0007616444429357464,346.251714223239,721.8208118790408,0.00017353625176038856,0.00023132826583758883
54099,2021,1106.3742956235926,2261.6440848280913,0.0008454010443776745,0.000939512531404642,299.9989412741736,625.0059336367156,0.00022817811600471072,0.0002549683081187657
54099,2022,1106.3742956235926,2261.6440848280913,0.0008373865414362573,0.0009310158194205332,299.9989412741736,625.0059336367156,0.0002259657493762562,0.00025261367808655934
54099,2023,1106.3742956235926,2261.6440848280913,0.0008301793192874592,0.0009234353504598441,299.9989412741736,625.0059336367156,0.0002239693398795255,0.0002505091460495354
54099,2024,1106.3742956235926,2261.6440848280913,0.0008236771020193761,0.0009164170082584327,299.9989412741736,625.0059336367156,0.0002221472349264128,0.0002485421997906625
54099,2025,1106.3742956235926,2261.6440848280913,0.0008184827082089531,0.0009107685112111036,299.9989412741736,625.0059336367156,0.00022067383760052573,0.0002469418458170079
54109,2021,909.9366079625595,1936.3061018784992,0.000736468210750254,0.0007576324497839129,254.00171976740907,553.5577935466072,0.0002226919844991417,0.00023821017727101285
54109,2022,909.9366079625595,1936.3061018784992,0.00072751929783893,0.0007483988607304761,254.00171976740907,553.5577935466072,0.0002197984057241661,0.00023507778238912632
54109,2023,909.9366079625595,1936.3061018784992,0.000719381974292562,0.0007400152033206054,254.00171976740907,553.5577935466072,0.0002171535783895943,0.00023222107042413144
54109,2024,909.9366079625595,1936.3061018784992,0.0007120716308321431,0.0007324346399649877,254.00171976740907,553.5577935466072,0.0002147528834690098,0.00022961065356197555
54109,2025,909.9366079625595,1936.3061018784992,0.0007059818858711183,0.0007260711389959453,254.00171976740907,553.5577935466072,0.00021272421544904428,0.00022738193315286438
54125,2021,1180.6423210084633,2320.5517010525386,0.0008685717896710229,0.0007613233351946349,337.8095553082998,663.1747539900538,0.0002567331668978392,0.00022668571069555865
54125,2022,1180.6423210084633,2320.5517010525386,0.0008610391797391166,0.0007547980236630472,337.8095553082998,663.1747539900538,0.00025447560257131147,0.0002247388330714066
54125,2023,1180.6423210084633,2320.5517010525386,0.0008543552883319151,0.0007490190637859509,337.8095553082998,663.1747539900538,0.0002524670847352256,0.00022301357149967423
54125,2024,1180.6423210084633,2320.5517010525386,0.0008475968055109513,0.0007431836856966861,337.8095553082998,663.1747539900538,0.00025043985427739734,0.00022126898978090646
54125,2025,1180.6423210084633,2320.5517010525386,0.000841913960392458,0.0007382859525646645,337.8095553082998,663.1747539900538,0.00024873280172554136,0.00021980333426755452
54128,2021,1086.64032699189,2369.6674146832725,0.0005328689010633778,0.0008206378162256478,327.50411474100406,703.6815769088963,0.0002029761137203382,0.0002686710468363285
54128,2022,1086.64032699189,2369.6674146832725,0.0005277269466700386,0.0008122077968935619,327.50411474100406,703.6815769088963,0.00020084091712121925,0.000265747822361362
54128,2023,1086.64032699189,2369.6674146832725,0.0005231401142882567,0.0008046543087287733,327.50411474100406,703.6815769088963,0.00019892565235828344,0.0002631181213186509
54128,2024,1086.64032699189,2369.6674146832725,0.0005185712072742754,0.0007973962769325306,327.50411474100406,703.6815769088963,0.00019703930509875145,0.0002605852090762119
54128,2025,1086.64032699189,2369.6674146832725,0.000514677387184748,0.0007912507165327911,327.50411474100406,703.6815769088963,0.00019542003647037993,0.00025841616603955865
54172,2021,1057.8294456141666,2202.3318534669,0.000834745550470251,0.0009212563915652654,285.7449176320635,606.6226342765899,0.000221305191810166,0.00024378779289750425
54172,2022,1057.8294456141666,2202.3318534669,0.0008268268927833586,0.0009129611169069586,285.7449176320635,606.6226342765899,0.00021914827942715913,0.000241560787019172
54172,2023,1057.8294456141666,2202.3318534669,0.0008197054484347231,0.0009055612434286768,285.7449176320635,606.6226342765899,0.00021720037714532465,0.00023957114673839233
54172,2024,1057.8294456141666,2202.3318534669,0.0008132734785434165,0.000898713918755026,285.7449176320635,606.6226342765899,0.00021542209891079088,0.00023771454824414584
54172,2025,1057.8294456141666,2202.3318534669,0.0008081333091542899,0.0008932125811814246,285.7449176320635,606.6226342765899,0.0002139831708166207,0.00023620945710577373
54174,2021,914.2298885260975,2044.1523380003275,0.0004736650909537533,0.000624431338354486,265.95226631216264,590.3525084013785,0.0001693062632565211,0.00021382374693621647
54174,2022,914.2298885260975,2044.1523380003275,0.0004691163644595294,0.0006191273887779774,265.95226631216264,590.3525084013785,0.0001676462223928753,0.00021202831110813994
54174,2023,914.2298885260975,2044.1523380003275,0.00046500477868016465,0.0006144143458591731,265.95226631216264,590.3525084013785,0.00016613842776958283,0.00021043178232955914
54174,2024,914.2298885260975,2044.1523380003275,0.00046086121834589813,0.00060952629794793,265.95226631216264,590.3525084013785,0.0001646226559295662,0.000208764793965779
54174,2025,914.2298885260975,2044.1523380003275,0.0004573373696891632,0.0006054452766332112,265.95226631216264,590.3525084013785,0.00016333500444933093,0.00020738174318411763
54206,2021,265.4684147933626,747.533774342299,0.0003211701343074893,0.0003828511765709257,99.59796100735957,255.87606452589168,0.0002012298208111565,0.0002073023168470351
54206,2022,265.4684147933626,747.533774342299,0.0003148209525499947,0.00037597343307530027,99.59796100735957,255.87606452589168,0.00019725937723159693,0.0002035906011520384
54206,2023,265.4684147933626,747.533774342299,0.0003090100614994973,0.00036967489415511075,99.59796100735957,255.87606452589168,0.00019362937655847555,0.0002001959776091704
54206,2024,265.4684147933626,747.533774342299,0.00030348766158072447,0.00036377089410461816,99.59796100735957,255.87606452589168,0.0001901684842103591,0.0001970067491632769
54206,2025,265.4684147933626,747.533774342299,0.0002984933693231979,0.000358506570410289,99.59796100735957,255.87606452589168,0.00018703612204740432,0.00019416506695548296
54223,2021,1278.0745451430837,2567.0043920221683,0.0006825339104066673,0.0008325203446287438,366.9680546619477,741.76533946339,0.00020680610519244815,0.0002426582584767817
54223,2022,1278.0745451430837,2567.0043920221683,0.0006766888216250232,0.0008253948432275836,366.9680546619477,741.76533946339,0.00020504516655418743,0.00024055237684223217
54223,2023,1278.0745451430837,2567.0043920221683,0.0006715096666948577,0.0008190872379750395,366.9680546619477,741.76533946339,0.00020348463855440318,0.00023868582827230316
54223,2024,1278.0745451430837,2567.0043920221683,0.0006663047065717722,0.0008129385774217112,366.9680546619477,741.76533946339,0.00020191428615895428,0.0002368546522544638
54223,2025,1278.0745451430837,2567.0043920221683,0.0006619439956912359,0.0008078823190228918,366.9680546619477,741.76533946339,0.0002005980185055007,0.00023533762264280346
54239,2021,1132.0970828855127,2272.228332450398,0.0007290076161784492,0.0008847235300175318,301.88545410745763,625.6153446138627,0.00020090131498363427,0.00024718363038624694
54239,2022,1132.0970828855127,2272.228332450398,0.0007219235325317522,0.0008759439653465382,301.88545410745763,625.6153446138627,0.00019887589552092136,0.00024466714645119666
54239,2023,1132.0970828855127,2272.228332450398,0.0007155380805730717,0.000868061850832148,301.88545410745763,625.6153446138627,0.00019704226039499355,0.00024240316980361984
54239,2024,1132.0970828855127,2272.228332450398,0.0007098834823851587,0.0008608282156307203,301.88545410745763,625.6153446138627,0.00019539920830519229,0.00024030615047896197
54239,2025,1132.0970828855127,2272.228332450398,0.0007053934546749349,0.0008549214877293327,301.88545410745763,625.6153446138627,0.00019407454640286664,0.00023857513444682223
54245,2021,177.07455569155735,383.6579266176217,0.00032733635375840463,0.00040525896403880574,85.77274466693936,185.262103131949,0.00018721920503790289,0.00020921868276783245
54245,2022,177.07455569155735,383.6579266176217,0.00032194335188202806,0.00039817213781740915,85.77274466693936,185.262103131949,0.0001840344263613436,0.00020557554479325922
54245,2023,177.07455569155735,383.6579266176217,0.00031699982919324054,0.0003916838262518179,85.77274466693936,185.262103131949,0.00018112134867265636,0.00020224516273380995
54245,2024,177.07455569155735,383.6579266176217,0.0003123262342060412,0.00038561023966224886,85.77274466693936,185.262103131949,0.00017835271948337455,0.0001991206927889176
54245,2025,177.07455569155735,383.6579266176217,0.0003081387689688273,0.00038020252082697595,85.77274466693936,185.262103131949,0.0001758675374236705,0.00019634247246464782
54250,2021,372.5164304953904,910.6296460161313,0.0004613367538535873,0.0005653671714133385,118.95394270429678,280.76897356118826,0.0002268166706840583,0.00022542128963593883
54250,2022,372.5164304953904,910.6296460161313,0.00045098811819907145,0.000556696837382695,118.95394270429678,280.76897356118826,0.00022168878243357474,0.0002216986220407392
54250,2023,372.5164304953904,910.6296460161313,0.0004414831643075597,0.000548769364402366,118.95394270429678,280.76897356118826,0.0002169861440188328,0.00021828793247719312
54250,2024,372.5164304953904,910.6296460161313,0.0004325117733223928,0.0005414581110696136,118.95394270429678,280.76897356118826,0.00021253121358418117,0.00021511393586386566
54250,2025,372.5164304953904,910.6296460161313,0.0004243675402574974,0.0005350658109874214,118.95394270429678,280.76897356118826,0.00020848224951332739,0.00021230744784093676
54261,2021,1322.4742294449945,2124.5347172771317,0.0012732937743441504,0.001314713989793233,328.70409291847346,567.9335414056246,0.0003094371031010584,0.00032582916638811257
54261,2022,1322.4742294449945,2124.5347172771317,0.001262830460615928,0.001302908580177799,328.70409291847346,567.9335414056246,0.0003067716281286504,0.0003227419716163003
54261,2023,1322.4742294449945,2124.5347172771317,0.0012535934493672256,0.0012924101724987576,328.70409291847346,567.9335414056246,0.00030440590972991694,0.00031998399258152563
54261,2024,1322.4742294449945,2124.5347172771317,0.0012458009661016319,0.001283360217294644,328.70409291847346,567.9335414056246,0.000302388295700726,0.0003175800355590144
54261,2025,1322.4742294449945,2124.5347172771317,0.0012400844760414272,0.0012764359456089668,328.70409291847346,567.9335414056246,0.000300876223325602,0.0003157017886547793
54313,2021,1092.8685557434262,2215.123548579713,0.0006042571482923546,0.0007573228150756037,294.11674698100944,615.5059354230154,0.0001712210871473617,0.00022288672059804575
54313,2022,1092.8685557434262,2215.123548579713,0.00059871144376832,0.0007497266229795827,294.11674698100944,615.5059354230154,0.00016952546961438507,0.00022050167921972648
54313,2023,1092.8685557434262,2215.123548579713,0.0005937488988843095,0.0007429154288901923,294.11674698100944,615.5059354230154,0.00016799731862822086,0.0002183534090007819
54313,2024,1092.8685557434262,2215.123548579713,0.0005893935418169412,0.0007367059339380496,294.11674698100944,615.5059354230154,0.00016663482164059685,0.00021637318283135597
54313,2025,1092.8685557434262,2215.123548579713,0.0005860029741745493,0.0007316431973231456,294.11674698100944,615.5059354230154,0.00016554574931122287,0.0002147278174547349
54344,2021,540.5878244325388,1115.2673514178623,0.0004454642892888733,0.0005621923873049068,162.2814668304105,329.0672530286045,0.00019859094197329186,0.0002077477392831514
54344,2022,540.5878244325388,1115.2673514178623,0.00043655044581282927,0.0005537962956854874,162.2814668304105,329.0672530286045,0.0001945963062387581,0.00020444258632418996
54344,2023,540.5878244325388,1115.2673514178623,0.00042832452063361597,0.0005461100161993183,162.2814668304105,329.0672530286045,0.00019091357527599326,0.00020140952410188683
54344,2024,540.5878244325388,1115.2673514178623,0.00042061758649821016,0.0005390352015756345,162.2814668304105,329.0672530286045,0.0001874537601215696,0.0001985959482966445
54344,2025,540.5878244325388,1115.2673514178623,0.00041367212711298005,0.0005328629577511308,162.2814668304105,329.0672530286045,0.0001843356177208206,0.00019611554337929627
54347,2021,937.2217817038803,2038.3147403096095,0.00044995085614200274,0.0007141051096235714,255.30173339409075,563.7511661032672,0.00012869448680926025,0.00019161766968336176
54347,2022,937.2217817038803,2038.3147403096095,0.00044500373283973244,0.0007075051089683552,255.30173339409075,563.7511661032672,0.00012726966271551902,0.00018983842004589147
54347,2023,937.2217817038803,2038.3147403096095,0.00044048901533401755,0.0007016006023109275,255.30173339409075,563.7511661032672,0.00012596697484902969,0.00018824602866208447
54347,2024,937.2217817038803,2038.3147403096095,0.00043623774011904723,0.0006960163113062901,255.30173339409075,563.7511661032672,0.00012473402794587496,0.00018672972795097053
54347,2025,937.2217817038803,2038.3147403096095,0.0004326603372220863,0.0006914429819265224,255.30173339409075,563.7511661032672,0.00012369318432705419,0.00018548120173585505
54377,2021,961.9930087153083,2107.0136409449074,0.00042205017153300426,0.0005663552613156328,273.0474643013767,596.5340743229483,0.0001453414442840153,0.00018539346465648872
54377,2022,961.9930087153083,2107.0136409449074,0.000417583997220968,0.000561438248504464,273.0474643013767,596.5340743229483,0.00014377891920347796,0.00018379724898473713
54377,2023,961.9930087153083,2107.0136409449074,0.0004135087316335777,0.0005570592129076814,273.0474643013767,596.5340743229483,0.00014235055060124482,0.0001823753995832563
54377,2024,961.9930087153083,2107.0136409449074,0.0004095327463667279,0.0005526176628240482,273.0474643013767,596.5340743229483,0.00014095362579218663,0.0001809232124017719
54377,2025,961.9930087153083,2107.0136409449074,0.00040615818640557755,0.0005489347133279273,273.0474643013767,596.5340743229483,0.000139764673506288,0.0001797215025133204
54385,2021,929.085479357197,2175.1121436638828,0.000448403025169512,0.0006901430274738823,292.3701600627892,660.5348830448316,0.00019470064553465981,0.0002561565027366841
54385,2022,929.085479357197,2175.1121436638828,0.0004409134364503817,0.0006813205515809708,292.3701600627892,660.5348830448316,0.0001915364136418651,0.00025282847574682266
54385,2023,929.085479357197,2175.1121436638828,0.0004340415538060711,0.000673312820712523,292.3701600627892,660.5348830448316,0.00018863923609135517,0.0002498047491266086
54385,2024,929.085479357197,2175.1121436638828,0.0004275564579815085,0.0006655793239812895,292.3701600627892,660.5348830448316,0.0001858979801735935,0.0002468897299507789
54385,2025,929.085479357197,2175.1121436638828,0.0004217835358914142,0.000658773925521954,292.3701600627892,660.5348830448316,0.00018346489828186774,0.00024432202107331854
54398,2021,655.9987609429007,1505.5608474015103,0.0008532410992656513,0.0009139026334223987,204.27576121445327,456.8266254668996,0.0003284449514218937,0.000321796026365884
54398,2022,655.9987609429007,1505.5608474015103,0.0008367731721964066,0.0008990101269799186,204.27576121445327,456.8266254668996,0.00032216750843984567,0.00031644511599529534
54398,2023,655.9987609429007,1505.5608474015103,0.0008215527184445699,0.0008853317833795557,204.27576121445327,456.8266254668996,0.0003163676984254635,0.0003115263435520629
54398,2024,655.9987609429007,1505.5608474015103,0.0008073157689740631,0.000872653932691773,204.27576121445327,456.8266254668996,0.00031093371589749715,0.00030694798545369674
54398,2025,655.9987609429007,1505.5608474015103,0.000794516810769912,0.0008614447696289217,204.27576121445327,456.8266254668996,0.0003060544451205024,0.0003028847364498905
54405,2021,1102.9211131673515,2177.266968928061,0.0007152405479161522,0.0007885985698277553,285.4376618402653,587.278047914237,0.00017834237449908488,0.0002091553040113993
54405,2022,1102.9211131673515,2177.266968928061,0.0007082461116000252,0.0007812070187922757,285.4376618402653,587.278047914237,0.00017656201529660733,0.00020715431364945358
54405,2023,1102.9211131673515,2177.266968928061,0.0007019413077653218,0.0007745823177481572,285.4376618402653,587.278047914237,0.00017495267401812278,0.0002053578226332068
54405,2024,1102.9211131673515,2177.266968928061,0.000696382662814069,0.0007685768708539982,285.4376618402653,587.278047914237,0.00017352605349049732,0.00020371372422416743
54405,2025,1102.9211131673515,2177.266968928061,0.0006919769925752976,0.0007637738860209037,285.4376618402653,587.278047914237,0.00017238593771143462,0.00020238454171125773
54418,2021,1051.3104380497298,2165.337413554424,0.0005494423796041435,0.0006658455672658048,284.7800975815744,604.244436285404,0.0001573929293124909,0.00020174812047884773
54418,2022,1051.3104380497298,2165.337413554424,0.000544394315431214,0.0006584592357826371,284.7800975815744,604.244436285404,0.00015582794738973013,0.00019930998643522197
54418,2023,1051.3104380497298,2165.337413554424,0.0005398762450610424,0.0006517854582768884,284.7800975815744,604.244436285404,0.00015441707938678145,0.0001970954699616413
54418,2024,1051.3104380497298,2165.337413554424,0.0005359611238312096,0.0006458036494384162,284.7800975815744,604.244436285404,0.00015316971979928136,0.00019508325168542394
54418,2025,1051.3104380497298,2165.337413554424,0.0005329380798775065,0.0006408835152526503,284.7800975815744,604.244436285404,0.0001521771028625651,0.00019339041004322327
54480,2021,1407.1796752244513,2634.594863659665,0.000851842090907154,0.0007651505116139005,407.5406829562519,764.0601667735286,0.0002602784980800912,0.0002325900443208845
54480,2022,1407.1796752244513,2634.594863659665,0.0008445604181749842,0.0007585769944377597,407.5406829562519,764.0601667735286,0.00025803486508441743,0.00023057901509132577
54480,2023,1407.1796752244513,2634.594863659665,0.0008381199990299569,0.0007527581452642236,407.5406829562519,764.0601667735286,0.00025604657453113134,0.00022879742662890417
54480,2024,1407.1796752244513,2634.594863659665,0.0008315865283147951,0.0007468867129139506,407.5406829562519,764.0601667735286,0.0002540311553899675,0.0002269996226506893
54480,2025,1407.1796752244513,2634.594863659665,0.0008260961469893141,0.0007419562413097959,407.5406829562519,764.0601667735286,0.00025233530917232204,0.0002254871544124251
54498,2021,660.7034027912778,1475.3360362701335,0.0013007583934236554,0.00118270552628962,216.9668574243237,464.17730386591995,0.0004803777175096448,0.00044235414102774715
54498,2022,660.7034027912778,1475.3360362701335,0.0012753226456560993,0.0011608338766104186,216.9668574243237,464.17730386591995,0.00047104986846888505,0.0004342877423861076
54498,2023,660.7034027912778,1475.3360362701335,0.0012518140786945261,0.0011406476724869225,216.9668574243237,464.17730386591995,0.00046243001347976494,0.00042684544358162675
54498,2024,660.7034027912778,1475.3360362701335,0.0012298526960476052,0.0011217733368343885,216.9668574243237,464.17730386591995,0.0004543736157977386,0.00041988250763353113
54498,2025,660.7034027912778,1475.3360362701335,0.0012100526074429962,0.0011047846053221712,216.9668574243237,464.17730386591995,0.0004471143241756981,0.00041362175224168434
54518,2021,1208.3024509364952,2398.1724333684847,0.0008548072592735432,0.0009200032039082221,342.0297530811789,679.4294860645275,0.0002563047525232725,0.0002623295660586789
54518,2022,1208.3024509364952,2398.1724333684847,0.0008473897070142244,0.0009121717787175598,342.0297530811789,679.4294860645275,0.0002540544371687907,0.0002600771183665499
54518,2023,1208.3024509364952,2398.1724333684847,0.0008408140230053298,0.000905242544433259,342.0297530811789,679.4294860645275,0.0002520544716429487,0.00025808214703514315
54518,2024,1208.3024509364952,2398.1724333684847,0.0008341864615406465,0.0008984594091425966,342.0297530811789,679.4294860645275,0.00025004096198962705,0.00025611680956730504
54518,2025,1208.3024509364952,2398.1724333684847,0.000828621395030147,0.000892878316082473,342.0297530811789,679.4294860645275,0.00024834760799311283,0.000254489872006696
54520,2021,1118.0800502954444,2310.512398287739,0.00045116465232898493,0.0007145863089762745,311.13126663271737,649.1719242087443,0.0001378339041178636,0.00020022448401076266
54520,2022,1118.0800502954444,2310.512398287739,0.0004466252575722186,0.0007082791235697297,311.13126663271737,649.1719242087443,0.00013643203983027812,0.00019843636761369642
54520,2023,1118.0800502954444,2310.512398287739,0.00044251356472671245,0.0007026658453737477,311.13126663271737,649.1719242087443,0.00013515907860051432,0.00019684302413959414
54520,2024,1118.0800502954444,2310.512398287739,0.000438555226455591,0.0006972983113942706,311.13126663271737,649.1719242087443,0.00013393034458978445,0.00019530837806566937
54520,2025,1118.0800502954444,2310.512398287739,0.0004352327970879275,0.0006929145051881072,311.13126663271737,649.1719242087443,0.0001328956050159112,0.00019404568984245782
54553,2021,894.3629033218753,1300.7042428275495,0.0011654059897994455,0.0011498851928831288,210.3432044324981,317.86377794506564,0.00027819153734979216,0.00027170353797675433
54553,2022,894.3629033218753,1300.7042428275495,0.0011556264241807054,0.001140372572333405,210.3432044324981,317.86377794506564,0.0002755657243344658,0.00026934088667913503
54553,2023,894.3629033218753,1300.7042428275495,0.0011470233519901656,0.0011319765287429884,210.3432044324981,317.86377794506564,0.0002732386619459558,0.00026724667994427174
54553,2024,894.3629033218753,1300.7042428275495,0.0011397687262557365,0.0011248766052447926,210.3432044324981,317.86377794506564,0.0002712376218555025,0.00026545773272278737
54553,2025,894.3629033218753,1300.7042428275495,0.0011344314376354045,0.0011196456549322582,210.3432044324981,317.86377794506564,0.0002697004353609013,0.000264110646654086
54599,2021,999.672654689159,2127.38207957628,0.0008081373048914253,0.0009003081372276134,266.8861258942582,583.2867477665012,0.00020788274103677906,0.00023397066481325968
54599,2022,999.672654689159,2127.38207957628,0.0008004721632745249,0.0008922102562770379,266.8861258942582,583.2867477665012,0.00020585482107572328,0.00023183664149003827
54599,2023,999.672654689159,2127.38207957628,0.0007935830569224388,0.0008849881998582149,266.8861258942582,583.2867477665012,0.00020402492149015325,0.00022993077113669572
54599,2024,999.672654689159,2127.38207957628,0.0007873731621213751,0.0008783133418347076,266.8861258942582,583.2867477665012,0.00020235940114624992,0.00022815510060707826
54599,2025,999.672654689159,2127.38207957628,0.0007824206592874293,0.0008729574891184397,266.8861258942582,583.2867477665012,0.00020101553453295831,0.00022671807340580194
54660,2021,1085.1372098635372,2279.284392649583,0.000616295103563063,0.0008377722060289346,302.8076823812914,643.4673788459013,0.0001741270408302883,0.0002411417589272453
54660,2022,1085.1372098635372,2279.284392649583,0.0006106878202668958,0.0008296663056308388,302.8076823812914,643.4673788459013,0.0001724483318193671,0.00023869163991075112
54660,2023,1085.1372098635372,2279.284392649583,0.0006056685837891007,0.0008224193610727455,302.8076823812914,643.4673788459013,0.00017093668010984236,0.00023649268513668953
54660,2024,1085.1372098635372,2279.284392649583,0.000601247916563983,0.0008157195897394969,302.8076823812914,643.4673788459013,0.00016958450976809026,0.00023444049588810135
54660,2025,1085.1372098635372,2279.284392649583,0.0005977993344099209,0.0008102454752095468,302.8076823812914,643.4673788459013,0.00016850485741038478,0.00023273765138664436
54670,2021,470.27274339229433,1025.4806169431981,0.0004928142320368713,0.00058549384432839,150.42761362271068,319.5638284088672,0.00023041377164858084,0.00023024716390711235
54670,2022,470.27274339229433,1025.4806169431981,0.0004828221860327799,0.0005766056589260281,150.42761362271068,319.5638284088672,0.0002257615641085614,0.0002265412572844911
54670,2023,470.27274339229433,1025.4806169431981,0.00047360911728218076,0.0005684690505313009,150.42761362271068,319.5638284088672,0.0002214765085865857,0.00022314133057484646
54670,2024,470.27274339229433,1025.4806169431981,0.000464957421311933,0.0005609654493262962,150.42761362271068,319.5638284088672,0.00021744260763464235,0.00021998155531699682
54670,2025,470.27274339229433,1025.4806169431981,0.0004571465006294781,0.0005544011508563381,150.42761362271068,319.5638284088672,0.00021380151602326395,0.00021719006124251618
54673,2021,1193.2456162697279,2245.539549632504,0.0007294667281595437,0.0007518194003458258,307.01042127628824,607.0091817533271,0.00018187066197294097,0.00019691827911917477
54673,2022,1193.2456162697279,2245.539549632504,0.0007224291033447775,0.000743957599577509,307.01042127628824,607.0091817533271,0.0001800900918907901,0.00019479097037107432
54673,2023,1193.2456162697279,2245.539549632504,0.0007160928394629954,0.0007368593616280358,307.01042127628824,607.0091817533271,0.00017848354683998617,0.0001928659859117567
54673,2024,1193.2456162697279,2245.539549632504,0.0007105175838021826,0.0007305029497711561,307.01042127628824,607.0091817533271,0.00017706409016840312,0.00019112924417548087
54673,2025,1193.2456162697279,2245.539549632504,0.0007061131402608751,0.0007253426199393689,307.01042127628824,607.0091817533271,0.0001759353312448242,0.0001897037621527179
54680,2021,1160.364735204249,2247.8291757867123,0.0006951865894866107,0.0008466984540995178,304.82083254077475,616.4879166248385,0.00018413196677711816,0.00024154808286649336
54680,2022,1160.364735204249,2247.8291757867123,0.0006884767396523586,0.0008380299612548452,304.82083254077475,616.4879166248385,0.00018227240011527786,0.00023894373455613367
54680,2023,1160.364735204249,2247.8291757867123,0.0006824362116478979,0.0008302316194360813,304.82083254077475,616.4879166248385,0.00018058996489292174,0.00023659289438760994
54680,2024,1160.364735204249,2247.8291757867123,0.0006771155397246809,0.0008231208878168142,304.82083254077475,616.4879166248385,0.00017909599273060293,0.00023442859794188265
54680,2025,1160.364735204249,2247.8291757867123,0.0006729136225046401,0.0008173022581200347,304.82083254077475,616.4879166248385,0.0001778987775136291,0.00023262977809444357
54720,2021,781.9987344982883,1311.6629020528126,0.0006900917217354037,0.0007083151157589724,203.54383934300395,352.48738348370586,0.00021463052477756098,0.000226028143864058
54720,2022,781.9987344982883,1311.6629020528126,0.0006811687484518862,0.0006995710451928793,203.54383934300395,352.48738348370586,0.0002115281834166212,0.0002229929962400364
54720,2023,781.9987344982883,1311.6629020528126,0.0006730800035538103,0.0006916371731510908,203.54383934300395,352.48738348370586,0.00020870203662914244,0.00022022658785540752
54720,2024,781.9987344982883,1311.6629020528126,0.0006657951596001225,0.0006844807317348216,203.54383934300395,352.48738348370586,0.00020612521867313863,0.00021770092071053535
54720,2025,781.9987344982883,1311.6629020528126,0.0006596690944622534,0.0006784672156026864,203.54383934300395,352.48738348370586,0.00020391534340358296,0.00021553864522885945
54743,2021,1532.1228527833716,2657.8839712685026,0.0007426782374842915,0.0007276000220296745,447.12075750403983,778.7135711922502,0.00023121933008590708,0.0002253945145718026
54743,2022,1532.1228527833716,2657.8839712685026,0.0007365496627951191,0.0007213463569377173,447.12075750403983,778.7135711922502,0.00022928114218346996,0.0002234513454813766
54743,2023,1532.1228527833716,2657.8839712685026,0.0007311521886468686,0.0007158122939121409,447.12075750403983,778.7135711922502,0.00022756967211540413,0.00022173039391592004
54743,2024,1532.1228527833716,2657.8839712685026,0.000725592146742461,0.0007101755551974332,447.12075750403983,778.7135711922502,0.00022581044401386832,0.00021997546195126
54743,2025,1532.1228527833716,2657.8839712685026,0.0007209114222662653,0.0007054059904246794,447.12075750403983,778.7135711922502,0.00022432683411690877,0.00021848880467230708
54800,2021,311.2291136277931,812.3150106649649,0.0002775264395163,0.0003510822223012719,109.47440772520473,267.13966430100993,0.0001741003039419124,0.0001870517336294082
54800,2022,311.2291136277931,812.3150106649649,0.0002718639049480652,0.0003446600626008411,109.47440772520473,267.13966430100993,0.0001705457608589544,0.00018362978982003624
54800,2023,311.2291136277931,812.3150106649649,0.00026668338254440764,0.000338773745300524,109.47440772520473,267.13966430100993,0.00016729768202809327,0.00018049749780393103
54800,2024,311.2291136277931,812.3150106649649,0.0002617431216580045,0.0003332542711506237,109.47440772520473,267.13966430100993,0.00016418919150555552,0.00017755293522455655
54800,2025,311.2291136277931,812.3150106649649,0.000257253615133076,0.00032832260370177973,109.47440772520473,267.13966430100993,0.00016136168338647193,0.00017492294100522347
54810,2021,388.16195550285966,916.4037031785707,0.0002785103949378684,0.0004012901262128683,112.57822227803544,263.6980278854401,0.00015510063315655708,0.00015019012728747843
54810,2022,388.16195550285966,916.4037031785707,0.0002713495685141365,0.000395714229306655,112.57822227803544,263.6980278854401,0.0001511353837732077,0.0001478716571915359
54810,2023,388.16195550285966,916.4037031785707,0.00026478006982934125,0.0003906383137039877,112.57822227803544,263.6980278854401,0.00014749780929038876,0.00014575244984069388
54810,2024,388.16195550285966,916.4037031785707,0.00025857685138904504,0.0003860041000264539,112.57822227803544,263.6980278854401,0.00014406099202928337,0.00014379492739668862
54810,2025,388.16195550285966,916.4037031785707,0.00025292533054905154,0.000382022281000425,112.57822227803544,263.6980278854401,0.0001409295523773129,0.00014208222959505973
54820,2021,667.6718027909101,1760.0211714034203,0.00048064433499276423,0.0005595319411229593,191.41477832132662,499.8042200964097,0.00019808498505633794,0.00020348106007561374
54820,2022,667.6718027909101,1760.0211714034203,0.0004761714439089434,0.000554997046785881,191.41477832132662,499.8042200964097,0.0001962298296738481,0.000201854601229978
54820,2023,667.6718027909101,1760.0211714034203,0.000472108804568433,0.0005509738181528526,191.41477832132662,499.8042200964097,0.00019454406383046565,0.00020041104384908834
54820,2024,667.6718027909101,1760.0211714034203,0.00046788495451597864,0.00054673014059654,191.41477832132662,499.8042200964097,0.00019279084097505107,0.0001988743296588693
54820,2025,667.6718027909101,1760.0211714034203,0.00046442631404905655,0.0005432727845817728,191.41477832132662,499.8042200964097,0.00019135342637676696,0.00019763067739107253
54871,2021,949.370730029083,2107.871310320354,0.0008048006596863822,0.0008962063731183348,270.2114653023058,601.8739086742112,0.0002551728630394373,0.00028068452054059306
54871,2022,949.370730029083,2107.871310320354,0.0007946953180896359,0.0008858347218268371,270.2114653023058,601.8739086742112,0.00025170295786333625,0.00027720516713525435
54871,2023,949.370730029083,2107.871310320354,0.0007854969003456227,0.0008764534691622028,270.2114653023058,601.8739086742112,0.0002485300432380184,0.00027404485724591003
54871,2024,949.370730029083,2107.871310320354,0.0007771865740340609,0.0008678330439652965,270.2114653023058,601.8739086742112,0.0002456255850679637,0.0002711139394838708
54871,2025,949.370730029083,2107.871310320354,0.0007702086866928353,0.0008605849638461651,270.2114653023058,601.8739086742112,0.00024314543777922355,0.0002686105729567086
54874,2021,1086.5641741043712,2135.8054413844416,0.0007114721978088278,0.0006695098972703171,278.3828141208996,572.9397475884045,0.00017558064920153993,0.00017004469555498852
54874,2022,1086.5641741043712,2135.8054413844416,0.0007045163445012055,0.0006630455351808428,278.3828141208996,572.9397475884045,0.00017382821557695242,0.00016836051478425496
54874,2023,1086.5641741043712,2135.8054413844416,0.0006982464284825299,0.0006572288268807862,278.3828141208996,572.9397475884045,0.00017224406922766256,0.00016684138199115305
54874,2024,1086.5641741043712,2135.8054413844416,0.0006927204829571034,0.0006520713760805671,278.3828141208996,572.9397475884045,0.00017084118421627163,0.00016548505915143182
54874,2025,1086.5641741043712,2135.8054413844416,0.0006883423272155277,0.0006479832107739364,278.3828141208996,572.9397475884045,0.00016972106029865112,0.0001643989034828878
63001,2021,3119.617817516171,4804.341502400134,0.0019994659692127302,0.0019376363062290143,700.9264290120632,1132.5203936701112,0.0004419424315769835,0.0004322140279303011
63001,2022,3119.617817516171,4804.341502400134,0.001988859805457003,0.0019269338342365386,700.9264290120632,1132.5203936701112,0.0004395977566399454,0.0004298242091660039
63001,2023,3119.617817516171,4804.341502400134,0.0019828463120815953,0.0019206658339382102,700.9264290120632,1132.5203936701112,0.0004382353081249301,0.00042839683422314504
63001,2024,3119.617817516171,4804.341502400134,0.0019731028031037532,0.0019108248617488077,700.9264290120632,1132.5203936701112,0.00043607322838994946,0.0004261937327286506
63001,2025,3119.617817516171,4804.341502400134,0.0019657720762270674,0.0019033185090962196,700.9264290120632,1132.5203936701112,0.00043443350345574646,0.00042450313613447393
63111,2021,2611.934182761712,4434.607629836903,0.002147022622592589,0.0019797198225400517,610.8643796277923,1075.1955442700566,0.0004929253105806678,0.00045114505588931674
63111,2022,2611.934182761712,4434.607629836903,0.0021356790747012956,0.0019688887399941196,610.8643796277923,1075.1955442700566,0.0004903167879964654,0.000448678940557703
63111,2023,2611.934182761712,4434.607629836903,0.0021291998415833863,0.001962556131689938,610.8643796277923,1075.1955442700566,0.0004887877114404662,0.00044720939508271725
63111,2024,2611.934182761712,4434.607629836903,0.002118832551219116,0.0019526163270104028,610.8643796277923,1075.1955442700566,0.00048639932712706143,0.0004449424472244774
63111,2025,2611.934182761712,4434.607629836903,0.0021110375988974894,0.0019450564902605842,610.8643796277923,1075.1955442700566,0.0004845888505586755,0.00044320928088144995
63130,2021,3006.434359328476,4742.103892912494,0.0019742505872632978,0.0019228564272689888,687.056865004464,1130.9740629838034,0.0004377332685747264,0.0004301437351733133
63130,2022,3006.434359328476,4742.103892912494,0.001963778728203649,0.0019122098624030843,687.056865004464,1130.9740629838034,0.0004354090916227843,0.00042775803312374255
63130,2023,3006.434359328476,4742.103892912494,0.001957832004647974,0.0019059473572443995,687.056865004464,1130.9740629838034,0.00043405420032317766,0.00042632532141481894
63130,2024,3006.434359328476,4742.103892912494,0.0019482087567059788,0.0018961565005765641,687.056865004464,1130.9740629838034,0.0004319096971173103,0.00042412560843874787
63130,2025,3006.434359328476,4742.103892912494,0.0019409650341853594,0.0018886801560577715,687.056865004464,1130.9740629838034,0.00043028137846392504,0.00042243524935119527
63190,2021,3260.9735096803624,4867.032703641173,0.002933779029551552,0.002652134687533639,722.7344474739976,1125.1465283585705,0.0006243039325637803,0.0005698544016698451
63190,2022,3260.9735096803624,4867.032703641173,0.0029166566698743002,0.002636663650820432,722.7344474739976,1125.1465283585705,0.0006206776126372384,0.0005665382887070631
63190,2023,3260.9735096803624,4867.032703641173,0.002906590153753646,0.002627455477529625,722.7344474739976,1125.1465283585705,0.0006185170781440124,0.0005645409938768175
63190,2024,3260.9735096803624,4867.032703641173,0.0028908373938092515,0.002613200040212967,722.7344474739976,1125.1465283585705,0.000615172210853423,0.0005614794422312414
63190,2025,3260.9735096803624,4867.032703641173,0.002878734877083914,0.0026022147296228485,722.7344474739976,1125.1465283585705,0.0006125922784056096,0.0005591121365126941
63212,2021,2724.939061837923,4525.105427778862,0.0020963308888114368,0.0019562789925906886,636.3301517476184,1093.824303985365,0.00047683757735644605,0.0004425350837282023
63212,2022,2724.939061837923,4525.105427778862,0.0020852144960215916,0.0019455247515804042,636.3301517476184,1093.824303985365,0.000474301058434549,0.00044009893623972994
63212,2023,2724.939061837923,4525.105427778862,0.002078848670502992,0.0019392049125260878,636.3301517476184,1093.824303985365,0.00047280781676888647,0.00043863630180999004
63212,2024,2724.939061837923,4525.105427778862,0.002068680175043665,0.0019293258882454737,636.3301517476184,1093.824303985365,0.0004704814063257581,0.0004363930090257454
63212,2025,2724.939061837923,4525.105427778862,0.0020610223715256427,0.001921794468430169,636.3301517476184,1093.824303985365,0.0004687137302871515,0.00043467173041081964
63272,2021,3355.98896290662,4920.007324107957,0.0029674079143569548,0.0026979317318254464,735.9469954970785,1124.833672426821,0.0006335808031606575,0.000581522602550107
63272,2022,3355.98896290662,4920.007324107957,0.0029494194561910875,0.0026817002578318904,735.9469954970785,1124.833672426821,0.0006297703116240226,0.0005780418511573612
63272,2023,3355.98896290662,4920.007324107957,0.002938652264731643,0.002671888899104705,735.9469954970785,1124.833672426821,0.0006274653320610022,0.000575917865626635
63272,2024,3355.98896290662,4920.007324107957,0.0029220737401675656,0.002656906378653699,735.9469954970785,1124.833672426821,0.0006239455975063097,0.0005726994771243854
63272,2025,3355.98896290662,4920.007324107957,0.0029092257542381924,0.002645277528840875,735.9469954970785,1124.833672426821,0.0006212102216245312,0.0005701953956017098
63302,2021,1989.1453617830873,3894.8368158378476,0.0007946960570722859,0.0008994942816971488,494.32443975913947,976.8898688180952,0.00020732727627199968,0.00023806195620073342
63302,2022,1989.1453617830873,3894.8368158378476,0.00079060197182963,0.0008945856930318061,494.32443975913947,976.8898688180952,0.00020625838993532024,0.00023676229921100862
63302,2023,1989.1453617830873,3894.8368158378476,0.0007882565855428231,0.0008916086134277951,494.32443975913947,976.8898688180952,0.0002056327227728617,0.00023595568080866033
63302,2024,1989.1453617830873,3894.8368158378476,0.0007846019410363497,0.0008871315924406593,494.32443975913947,976.8898688180952,0.00020467802162770174,0.00023476852051354196
63302,2025,1989.1453617830873,3894.8368158378476,0.0007818778466986072,0.0008837090396856513,494.32443975913947,976.8898688180952,0.00020396111290881227,0.00023385462277071637
63401,2021,2745.9245656409,4532.678488772224,0.0018870993069194705,0.0018766649469490924,630.591973017801,1088.15996621548,0.0004195660853224383,0.00042070145698417657
63401,2022,2745.9245656409,4532.678488772224,0.0018773036015903976,0.0018664671238031374,630.591973017801,1088.15996621548,0.0004174079674843313,0.0004184259986131151
63401,2023,2745.9245656409,4532.678488772224,0.0018720511356517915,0.0018606280117221853,630.591973017801,1088.15996621548,0.0004162461484468761,0.00041710774124152373
63401,2024,2745.9245656409,4532.678488772224,0.0018632083984564736,0.001851311024834683,630.591973017801,1088.15996621548,0.0004143052136315014,0.0004150291812507726
63401,2025,2745.9245656409,4532.678488772224,0.0018567150151048363,0.0018442794730491173,630.591973017801,1088.15996621548,0.0004128825488285782,0.00041345720079447983
63470,2021,2970.627743034523,4701.3379115025,0.0019301177655407177,0.0019325926263427035,666.675614929506,1107.2852960057783,0.0004131494607221675,0.0004242819638700028
63470,2022,2970.627743034523,4701.3379115025,0.0019199548236442446,0.0019220408801996615,666.675614929506,1107.2852960057783,0.0004109815361911125,0.0004219710389137934
63470,2023,2970.627743034523,4701.3379115025,0.0019144918073698532,0.0019160120562834292,666.675614929506,1107.2852960057783,0.00040980986303076574,0.00042063425586657974
63470,2024,2970.627743034523,4701.3379115025,0.0019053039080959477,0.0019063675373541876,666.675614929506,1107.2852960057783,0.00040785550838176734,0.0004185210275503067
63470,2025,2970.627743034523,4701.3379115025,0.0018985341287061474,0.0018990850326789698,666.675614929506,1107.2852960057783,0.0004064156697109277,0.00041692090719634386
63548,2021,2386.4536814577937,4264.311126282334,0.0017545011256292254,0.0016391249533958992,571.1936267754086,1046.1109913633263,0.0004209700250187633,0.00038816569515906946
63548,2022,2386.4536814577937,4264.311126282334,0.0017450810604436838,0.0016299914951221804,571.1936267754086,1046.1109913633263,0.0004187098175456631,0.00038600786474586173
63548,2023,2386.4536814577937,4264.311126282334,0.0017395619431231516,0.001624523015487366,571.1936267754086,1046.1109913633263,0.0004173470315774537,0.00038468884802910614
63548,2024,2386.4536814577937,4264.311126282334,0.0017309327734735414,0.0016161221470206433,571.1936267754086,1046.1109913633263,0.00041526981892949975,0.0003826998177660891
63548,2025,2386.4536814577937,4264.311126282334,0.0017243832518020882,0.001609676592421094,571.1936267754086,1046.1109913633263,0.00041367842188888034,0.00038116491135198446
63594,2021,3144.715092852423,4748.458709874094,0.0025934498375740265,0.0025105451951927056,692.4068830551392,1093.8177318046792,0.0005270751888677688,0.0005333497901307062
63594,2022,3144.715092852423,4748.458709874094,0.0025783164163923037,0.0024959811064252367,692.4068830551392,1093.8177318046792,0.000524010610191202,0.0005302608657073607
63594,2023,3144.715092852423,4748.458709874094,0.002569732330213098,0.002487438825034345,692.4068830551392,1093.8177318046792,0.0005222757348306882,0.0005284351832656621
63594,2024,3144.715092852423,4748.458709874094,0.0025559011520625012,0.0024740638582421634,692.4068830551392,1093.8177318046792,0.0005194762369313453,0.0005255968724361101
63594,2025,3144.715092852423,4748.458709874094,0.0025454006590436944,0.0024638183450207255,692.4068830551392,1093.8177318046792,0.000517353595701105,0.0005234187283558849
63690,2021,3016.874441288697,4760.292663771498,0.002378956891283741,0.002206691237709099,688.8688788857029,1117.0015550188782,0.0005129968280994678,0.0004815149911249945
63690,2022,3016.874441288697,4760.292663771498,0.002364559611864238,0.002193411958689879,688.8688788857029,1117.0015550188782,0.0005099055464492919,0.0004786193954646088
63690,2023,3016.874441288697,4760.292663771498,0.0023558459442899146,0.0021852907934465393,688.8688788857029,1117.0015550188782,0.0005080029431168228,0.00047681942714197545
63690,2024,3016.874441288697,4760.292663771498,0.0023425454122458548,0.002173021469226083,688.8688788857029,1117.0015550188782,0.0005051371583094711,0.00047413834477624724
63690,2025,3016.874441288697,4760.292663771498,0.0023321968333137547,0.002163466849960445,688.8688788857029,1117.0015550188782,0.0005028955951601914,0.00047204074779412676
66001,2021,3465.8209312160234,4971.866835003167,0.0021515109100215765,0.002153671807678895,748.214426375038,1119.763707431607,0.00044329485628154995,0.000466343742266572
66001,2022,3465.8209312160234,4971.866835003167,0.0021375799632433884,0.0021401619645139863,748.214426375038,1119.763707431607,0.0004404420626362886,0.0004634420716828747
66001,2023,3465.8209312160234,4971.866835003167,0.0021292389890026366,0.0021318851040245308,748.214426375038,1119.763707431607,0.0004387405544088321,0.00046165857500099397
66001,2024,3465.8209312160234,4971.866835003167,0.002116434814052875,0.0021194092413964415,748.214426375038,1119.763707431607,0.0004361197567710356,0.0004589773990357932
66001,2025,3465.8209312160234,4971.866835003167,0.002106459880015886,0.002109656416205611,748.214426375038,1119.763707431607,0.0004340818986700256,0.0004568813821615258
66045,2021,1996.7403981287632,4279.115495846382,0.0009910127070389138,0.0009627587468881097,412.1619649404984,887.5133147985267,0.00023623205586228941,0.00022137285362620453
66045,2022,1996.7403981287632,4279.115495846382,0.0009847478208428505,0.0009565878759703706,412.1619649404984,887.5133147985267,0.00023479395057213212,0.00021994803058436718
66045,2023,1996.7403981287632,4279.115495846382,0.0009808798576085194,0.0009526914755059185,412.1619649404984,887.5133147985267,0.00023388742153142446,0.00021902714443760354
66045,2024,1996.7403981287632,4279.115495846382,0.0009750103910425138,0.0009469636340017979,412.1619649404984,887.5133147985267,0.00023252461837296043,0.00021769509572729844
66045,2025,1996.7403981287632,4279.115495846382,0.0009704646456103863,0.0009424494607264662,412.1619649404984,887.5133147985267,0.00023147022398007614,0.0002166403705975017
66075,2021,2335.629370087101,4058.784338432817,0.001756480964816679,0.0017223932557659054,504.90925630103413,904.2952849324481,0.0003825931079436385,0.00039060118482520855
66075,2022,2335.629370087101,4058.784338432817,0.0017454326515141587,0.0017116711696851265,504.90925630103413,904.2952849324481,0.0003802286168330871,0.00038817320949015614
66075,2023,2335.629370087101,4058.784338432817,0.001738857294776179,0.0017050724743507954,504.90925630103413,904.2952849324481,0.0003788116604279043,0.00038665456080134097
66075,2024,2335.629370087101,4058.784338432817,0.0017286842320007301,0.0016951499363468516,504.90925630103413,904.2952849324481,0.0003766235567635799,0.00038439887233161454
66075,2025,2335.629370087101,4058.784338432817,0.0017208022672938724,0.0016873901774263208,504.90925630103413,904.2952849324481,0.00037493223304187466,0.0003826283575158558
66088,2021,2827.847388202418,7184.31477967241,0.001055446267722852,0.0009920055658293975,507.93087379459257,1223.3208682881166,0.00023699360214658507,0.00022076374608322096
66088,2022,2827.847388202418,7184.31477967241,0.0010488972747176406,0.000985645026191405,507.93087379459257,1223.3208682881166,0.0002355681183810346,0.00021933727559126195
66088,2023,2827.847388202418,7184.31477967241,0.0010448959714007132,0.000981609030570552,507.93087379459257,1223.3208682881166,0.00023468699913661097,0.000218412103153281
66088,2024,2827.847388202418,7184.31477967241,0.0010387636648093417,0.0009757022439559791,507.93087379459257,1223.3208682881166,0.00023334166557374355,0.00021707832354271115
66088,2025,2827.847388202418,7184.31477967241,0.001034046139135056,0.0009710417385724403,507.93087379459257,1223.3208682881166,0.00023230986569811125,0.00021602094091188008
66170,2021,3374.2276714340464,4931.20375196079,0.0020302293550850696,0.002034209953235264,725.0894519264749,1104.267505779779,0.0004084455299056572,0.00042688195073759054
66170,2022,3374.2276714340464,4931.20375196079,0.00201684571796708,0.0020212033535752997,725.0894519264749,1104.267505779779,0.0004057583543507831,0.00042417043454674567
66170,2023,3374.2276714340464,4931.20375196079,0.0020087414925664252,0.0020131420539939104,725.0894519264749,1104.267505779779,0.00040413375203566675,0.0004224847331302198
66170,2024,3374.2276714340464,4931.20375196079,0.0019964213721656546,0.002001100809973496,725.0894519264749,1104.267505779779,0.000401660001684645,0.00041997101278295394
66170,2025,3374.2276714340464,4931.20375196079,0.0019867756423962916,0.001991637367016726,725.0894519264749,1104.267505779779,0.0003997246773030766,0.0004179946259564802
66318,2021,3114.5409884527935,7943.187033596709,0.001156582191845114,0.0010246346559348101,519.3539077461515,1286.544805762673,0.0002327576979847598,0.000209938719914545
66318,2022,3114.5409884527935,7943.187033596709,0.0011496458124291798,0.0010179324913443385,519.3539077461515,1286.544805762673,0.00023136781675773047,0.00020857277494152756
66318,2023,3114.5409884527935,7943.187033596709,0.001145416119557973,0.0010135643893774899,519.3539077461515,1286.544805762673,0.0002305041319917583,0.00020768012937183057
66318,2024,3114.5409884527935,7943.187033596709,0.0011388885585092929,0.0010073345884097187,519.3539077461515,1286.544805762673,0.00022918881733964718,0.00020640325698544458
66318,2025,3114.5409884527935,7943.187033596709,0.0011339241120839208,0.0010023808809966124,519.3539077461515,1286.544805762673,0.00022818188406345172,0.0002053884326931127
66383,2021,1949.6290822343847,3677.192192482877,0.000867258511989066,0.0009106688359376602,421.9168531902084,814.8975793732478,0.00021913566723842675,0.0002192370233920619
66383,2022,1949.6290822343847,3677.192192482877,0.0008614780122621637,0.0009048319863680116,421.9168531902084,814.8975793732478,0.0002177328627106445,0.0002178111756376829
66383,2023,1949.6290822343847,3677.192192482877,0.0008578301134672111,0.0009011660256149548,421.9168531902084,814.8975793732478,0.00021682273666146214,0.00021688691009447256
66383,2024,1949.6290822343847,3677.192192482877,0.0008524514708149458,0.0008957568754312783,421.9168531902084,814.8975793732478,0.00021549754790532637,0.00021555753511726214
66383,2025,1949.6290822343847,3677.192192482877,0.0008481930023230009,0.0008914955498941871,421.9168531902084,814.8975793732478,0.0002144511710869384,0.00021450117912966954
66400,2021,2712.2325922964774,4363.811362302818,0.001750050599779587,0.0017589097468745298,581.360736775879,967.8990953479288,0.00036637134668380216,0.0003917065247342007
66400,2022,2712.2325922964774,4363.811362302818,0.0017389092448202147,0.0017479212953394507,581.360736775879,967.8990953479288,0.00036406834288124743,0.00038926903247618757
66400,2023,2712.2325922964774,4363.811362302818,0.0017322949708598971,0.001741164440433806,581.360736775879,967.8990953479288,0.0003627112380563429,0.0003877573798183463
66400,2024,2712.2325922964774,4363.811362302818,0.0017220518272642884,0.0017309993184857892,581.360736775879,967.8990953479288,0.00036059347312067467,0.0003854978499491949
66400,2025,2712.2325922964774,4363.811362302818,0.001714104801161859,0.0017230456928668011,581.360736775879,967.8990953479288,0.0003589574306836507,0.00038372672007366343
66440,2021,2907.4368160423414,4535.665106550296,0.0017316957352071854,0.0017331361544456678,614.1926432416549,986.8042644753172,0.000356035451999391,0.00037348700269892744
66440,2022,2907.4368160423414,4535.665106550296,0.0017205569102216982,0.0017221746724356696,614.1926432416549,986.8042644753172,0.00035376686257580537,0.0003711372724887841
66440,2023,2907.4368160423414,4535.665106550296,0.0017138905363264997,0.0017153737353329066,614.1926432416549,986.8042644753172,0.0003524163316930822,0.0003696710742096475
66440,2024,2907.4368160423414,4535.665106550296,0.001703636261673581,0.0017052181177666193,614.1926432416549,986.8042644753172,0.00035032722423014606,0.0003674893954545458
66440,2025,2907.4368160423414,4535.665106550296,0.0016956555800713752,0.0016972411465565021,614.1926432416549,986.8042644753172,0.00034870665330130553,0.00036577399839549037
66456,2021,2774.3434798831677,7440.703157535813,0.0006528970972635185,0.0006462720613398159,438.54056737112006,1135.0269085403677,0.00016185837425424713,0.00015690857752630167
66456,2022,2774.3434798831677,7440.703157535813,0.0006496289008044703,0.0006418342937811071,438.54056737112006,1135.0269085403677,0.0001610350147069612,0.00015583042706405296
66456,2023,2774.3434798831677,7440.703157535813,0.0006475828978300503,0.0006387376117582501,438.54056737112006,1135.0269085403677,0.00016049165420386712,0.0001550664259462093
66456,2024,2774.3434798831677,7440.703157535813,0.000644319554205984,0.0006345754854766906,438.54056737112006,1135.0269085403677,0.00015966333398258407,0.0001540425938695622
66456,2025,2774.3434798831677,7440.703157535813,0.0006420303538606931,0.0006312137853231031,438.54056737112006,1135.0269085403677,0.00015906447558915754,0.00015321415655413957
66572,2021,2187.0372693862437,6306.971517506289,0.0004349599093885925,0.0005327013604512525,380.46572026868944,1021.770768920025,0.0001918683252158699,0.0001657700266585075
66572,2022,2187.0372693862437,6306.971517506289,0.00043255815375033363,0.0005291167292924969,380.46572026868944,1021.770768920025,0.00019074006442340293,0.00016463629982627702
66572,2023,2187.0372693862437,6306.971517506289,0.00043088568387146395,0.000526691668380834,380.46572026868944,1021.770768920025,0.00018988288084771562,0.0001638325539107573
66572,2024,2187.0372693862437,6306.971517506289,0.0004284856973762091,0.0005233238872023771,380.46572026868944,1021.770768920025,0.00018874301490941586,0.00016275104894676853
66572,2025,2187.0372693862437,6306.971517506289,0.0004266636971663522,0.0005206217475742878,380.46572026868944,1021.770768920025,0.0001878389091245761,0.00016187385107589911
66594,2021,3289.543410339983,8119.912928824063,0.0011533919259328897,0.0010617113088461948,537.4081004275105,1280.730940110672,0.00021191621373917437,0.0002060209760227598
66594,2022,3289.543410339983,8119.912928824063,0.001146432056175825,0.0010546911140346643,537.4081004275105,1280.730940110672,0.0002106333024025096,0.000204674167035454
66594,2023,3289.543410339983,8119.912928824063,0.0011422099116835684,0.001050064374437643,537.4081004275105,1280.730940110672,0.0002098569861969448,0.00020379431531417566
66594,2024,3289.543410339983,8119.912928824063,0.001135682048069198,0.0010435426863039466,537.4081004275105,1280.730940110672,0.00020865536241800094,0.00020253790569681483
66594,2025,3289.543410339983,8119.912928824063,0.001130711765140686,0.0010383319896708984,537.4081004275105,1280.730940110672,0.00020773796553251735,0.00020153794125264048
66682,2021,3140.1636884918566,4831.386772848028,0.0024881506282834424,0.002266742025874462,682.2434564946939,1093.9762730838313,0.0005329137769571066,0.00048281038923840764
66682,2022,3140.1636884918566,4831.386772848028,0.002471378947555986,0.0022518761509748484,682.2434564946939,1093.9762730838313,0.0005293739637101927,0.00047967778272388296
66682,2023,3140.1636884918566,4831.386772848028,0.0024606766390175634,0.002242385465602694,682.2434564946939,1093.9762730838313,0.000527096426818903,0.00047766792632661094
66682,2024,3140.1636884918566,4831.386772848028,0.002445133833611815,0.002228568572057771,682.2434564946939,1093.9762730838313,0.0005238072662042249,0.0004747511634646122
66682,2025,3140.1636884918566,4831.386772848028,0.002432700486621165,0.00221756487123847,682.2434564946939,1093.9762730838313,0.0005211718748144281,0.0004724261812322045
66687,2021,1952.6880399842116,3784.688273986517,0.0009575182399812978,0.000951901771821448,415.6340215644701,819.4267762329096,0.00022791515647753417,0.00022155291677535663
66687,2022,1952.6880399842116,3784.688273986517,0.0009512847081323296,0.0009458246019347336,415.6340215644701,819.4267762329096,0.00022646477072668333,0.0002201353276951519
66687,2023,1952.6880399842116,3784.688273986517,0.0009473876539051361,0.000942009730332384,415.6340215644701,819.4267762329096,0.0002255271940411005,0.00021922393831294156
66687,2024,1952.6880399842116,3784.688273986517,0.0009415781984693549,0.0009363728733318299,415.6340215644701,819.4267762329096,0.00022415831582554244,0.0002179000726610432
66687,2025,1952.6880399842116,3784.688273986517,0.0009370144641976902,0.0009319374329137914,415.6340215644701,819.4267762329096,0.0002230783300699596,0.00021685345631126525
68001,2021,2335.5209393117293,2888.1103699366804,0.002012915229082347,0.0020643478290659854,702.8232967849852,884.8295691118458,0.0005975486804724309,0.0006241810942823199
68001,2022,2335.5209393117293,2888.1103699366804,0.0019979221752444154,0.0020476844279604875,702.8232967849852,884.8295691118458,0.0005930922294255768,0.0006190959573752492
68001,2023,2335.5209393117293,2888.1103699366804,0.0019849620129157794,0.002033100807452814,702.8232967849852,884.8295691118458,0.0005892381509102799,0.0006146394257630092
68001,2024,2335.5209393117293,2888.1103699366804,0.0019711852505234244,0.002017883752583296,702.8232967849852,884.8295691118458,0.0005851438695888315,0.0006099982191986485
68001,2025,2335.5209393117293,2888.1103699366804,0.0019596042810246404,0.0020049798140596028,702.8232967849852,884.8295691118458,0.000581701347376255,0.0006060573962463948
68013,2021,792.8620642246863,2000.1397016960789,0.0008654808150525827,0.0009256656565078787,241.0805586002706,596.8256673530315,0.0003198533924039079,0.0003079865670987876
68013,2022,792.8620642246863,2000.1397016960789,0.0008569419775653611,0.0009171754585272341,241.0805586002706,596.8256673530315,0.00031674477589306186,0.00030516826624873923
68013,2023,792.8620642246863,2000.1397016960789,0.0008494299822240907,0.0009096661489223554,241.0805586002706,596.8256673530315,0.00031401693222016144,0.0003026777902302911
68013,2024,792.8620642246863,2000.1397016960789,0.0008416230596330704,0.0009017893216516049,241.0805586002706,596.8256673530315,0.0003111884327476304,0.000300071671513357
68013,2025,792.8620642246863,2000.1397016960789,0.0008345854295965404,0.0008946680655827949,241.0805586002706,596.8256673530315,0.0003086481316229077,0.0002977252337256745
68020,2021,843.4428655510382,1902.7405256100983,0.0010535741808655884,0.001010196346598894,229.73456561656454,500.62921148159137,0.00034582536652758727,0.0003148084918782598
68020,2022,843.4428655510382,1902.7405256100983,0.0010453908139266125,0.0010010182978686902,229.73456561656454,500.62921148159137,0.00034324493522316235,0.0003120198074139031
68020,2023,843.4428655510382,1902.7405256100983,0.0010381944964220598,0.0009928327166807752,229.73456561656454,500.62921148159137,0.00034099575827156226,0.00030954147116558976
68020,2024,843.4428655510382,1902.7405256100983,0.0010304005884498564,0.0009841315262413201,229.73456561656454,500.62921148159137,0.0003385411167797788,0.00030689750259778813
68020,2025,843.4428655510382,1902.7405256100983,0.0010234832224338254,0.0009762919471458384,229.73456561656454,500.62921148159137,0.0003363815428674962,0.00030452441570353163
68051,2021,1312.3063419091118,2314.021100050028,0.001152308898999585,0.0011532272878855604,389.1913382916455,694.4896025447762,0.0003514895448170821,0.0003521510211451338
68051,2022,1312.3063419091118,2314.021100050028,0.0011411045434923744,0.0011425494040227533,389.1913382916455,694.4896025447762,0.0003480024065257874,0.0003488504422718747
68051,2023,1312.3063419091118,2314.021100050028,0.0011310101768413994,0.0011330346363034982,389.1913382916455,694.4896025447762,0.00034484994933271014,0.0003459028252288497
68051,2024,1312.3063419091118,2314.021100050028,0.001120758972723338,0.0011232884702110158,389.1913382916455,694.4896025447762,0.00034166271875745813,0.0003428916977940316
68051,2025,1312.3063419091118,2314.021100050028,0.0011118459551294796,0.0011148077906597267,389.1913382916455,694.4896025447762,0.0003388825657552217,0.0003402701518739384
68077,2021,768.617208766808,1606.6996734238537,0.0012633056408283062,0.001223454197662442,221.5194541560112,452.73283000172984,0.0004012080321852496,0.0003767742702666396
68077,2022,768.617208766808,1606.6996734238537,0.0012528571291316227,0.0012126837292000248,221.5194541560112,452.73283000172984,0.0003979273690202378,0.0003734641701032592
68077,2023,768.617208766808,1606.6996734238537,0.0012437625810145796,0.0012031710878958033,221.5194541560112,452.73283000172984,0.00039508717399453294,0.0003705447302734373
68077,2024,768.617208766808,1606.6996734238537,0.001233972666409662,0.0011930630229334282,221.5194541560112,452.73283000172984,0.0003920288960202826,0.0003674464757311873
68077,2025,768.617208766808,1606.6996734238537,0.0012252280945781319,0.0011839572218322535,221.5194541560112,452.73283000172984,0.0003893078567563055,0.00036466260637322987
68079,2021,1186.9761000669387,2237.4880922766283,0.001142385812783005,0.0011272878955151627,360.5642342337308,679.9115166178696,0.0003660608801746591,0.00035997321827611276
68079,2022,1186.9761000669387,2237.4880922766283,0.0011298516051191049,0.0011162394113231288,360.5642342337308,679.9115166178696,0.00036201970652561914,0.0003564304059896087
68079,2023,1186.9761000669387,2237.4880922766283,0.0011184849045299068,0.001106351323940468,360.5642342337308,679.9115166178696,0.0003583491624598846,0.0003532555113423471
68079,2024,1186.9761000669387,2237.4880922766283,0.0011071049603388432,0.0010962736402772143,360.5642342337308,679.9115166178696,0.00035468140518743073,0.0003500261887867031
68079,2025,1186.9761000669387,2237.4880922766283,0.0010970149382792762,0.0010874038542797006,360.5642342337308,679.9115166178696,0.0003514231025596541,0.0003471844669712018
68081,2021,868.8080106660774,1698.8612838217302,0.0011649133157582865,0.001082378361161029,289.0307216508125,542.4880451378756,0.0004467002378874761,0.0003928547844783968
68081,2022,868.8080106660774,1698.8612838217302,0.0011505492605032427,0.0010710347095758423,289.0307216508125,542.4880451378756,0.0004411995280340224,0.0003887008601649329
68081,2023,868.8080106660774,1698.8612838217302,0.0011374603098822434,0.0010608232503350671,289.0307216508125,542.4880451378756,0.0004361860010610523,0.0003849587289463474
68081,2024,868.8080106660774,1698.8612838217302,0.001124885447401814,0.001050713680029894,289.0307216508125,542.4880451378756,0.0004313703729249046,0.00038126034289925355
68081,2025,868.8080106660774,1698.8612838217302,0.0011137906057785661,0.001041855685913285,289.0307216508125,542.4880451378756,0.000427118492305328,0.0003780183421710928
68092,2021,1451.1842655525654,2282.072208494594,0.0009063980857834961,0.0008543928527998861,453.74897523616715,718.2836654176807,0.0003169057114130023,0.00029640042447169005
68092,2022,1451.1842655525654,2282.072208494594,0.0008977214154959899,0.0008465725211900071,453.74897523616715,718.2836654176807,0.00031379290215253987,0.00029363688648211835
68092,2023,1451.1842655525654,2282.072208494594,0.0008899776667559196,0.0008396226518243676,453.74897523616715,718.2836654176807,0.00031100494559918357,0.00029117531956598567
68092,2024,1451.1842655525654,2282.072208494594,0.0008821541751396641,0.0008325414204613382,453.74897523616715,718.2836654176807,0.0003082043515423667,0.0002886769137584393
68092,2025,1451.1842655525654,2282.072208494594,0.0008753690554386484,0.0008264274589959513,453.74897523616715,718.2836654176807,0.0003057672591939916,0.00028651408880204333
68101,2021,390.27760672592984,1080.0746595030635,0.00036799519380768976,0.00041417722424066244,118.25442373854708,315.01575841444895,0.00013732800815367713,0.0001441640206015377
68101,2022,390.27760672592984,1080.0746595030635,0.00036629943553955315,0.00041130064832841127,118.25442373854708,315.01575841444895,0.0001366631005186671,0.0001431385765422728
68101,2023,390.27760672592984,1080.0746595030635,0.0003649148026264507,0.00040885340031860556,118.25442373854708,315.01575841444895,0.00013612061545560552,0.00014226446042609375
68101,2024,390.27760672592984,1080.0746595030635,0.00036325694963348004,0.0004061171134961275,118.25442373854708,315.01575841444895,0.00013548279410500045,0.00014129123446313853
68101,2025,390.27760672592984,1080.0746595030635,0.00036196352364418935,0.0004037670741730323,118.25442373854708,315.01575841444895,0.00013497348466914389,0.00014045494831267018
68121,2021,1111.5235992881233,2326.1085581470006,0.0009440359813638168,0.0010304761244589848,337.4702559692013,700.7007916252445,0.0003098588319329999,0.0003324398991222762
68121,2022,1111.5235992881233,2326.1085581470006,0.0009323928131997649,0.00102001146577955,337.4702559692013,700.7007916252445,0.00030604455000224665,0.0003290564490309718
68121,2023,1111.5235992881233,2326.1085581470006,0.0009217343953825352,0.0010106126749720786,337.4702559692013,700.7007916252445,0.0003025502256754869,0.0003260140695138781
68121,2024,1111.5235992881233,2326.1085581470006,0.0009112073213111724,0.0010010725894896877,337.4702559692013,700.7007916252445,0.0002991018350286736,0.0003229313794993906
68121,2025,1111.5235992881233,2326.1085581470006,0.0009017616276961505,0.0009926299427325978,337.4702559692013,700.7007916252445,0.0002960021048833189,0.00032020369546844815
68132,2021,1620.084670028476,2786.7033535676237,0.0012848075293116121,0.001248760672389512,476.1686173211491,813.0723065701014,0.0003898920966497325,0.00038466068715845486
68132,2022,1620.084670028476,2786.7033535676237,0.0012748496678377105,0.0012385167288678702,476.1686173211491,813.0723065701014,0.00038687931667714134,0.00038148756698917595
68132,2023,1620.084670028476,2786.7033535676237,0.00126617093016328,0.0012295155118767405,476.1686173211491,813.0723065701014,0.00038425498642375035,0.0003786979313212503
68132,2024,1620.084670028476,2786.7033535676237,0.001257119958658317,0.0012202412560313948,476.1686173211491,813.0723065701014,0.0003815149675093878,0.00037582463877377826
68132,2025,1620.084670028476,2786.7033535676237,0.0012495320387958767,0.0012124163347206076,476.1686173211491,813.0723065701014,0.00037921691728116594,0.0003733973547796251
68147,2021,731.963820031046,1719.5136070806934,0.0005633500552505035,0.0006719662337738586,221.31121415537433,517.8780936217092,0.00023049413160148728,0.00023036729737387822
68147,2022,731.963820031046,1719.5136070806934,0.0005582614983330227,0.0006659042176135222,221.31121415537433,517.8780936217092,0.00022849539650911848,0.00022830670683611124
68147,2023,731.963820031046,1719.5136070806934,0.0005535559336548221,0.000660480339319285,221.31121415537433,517.8780936217092,0.00022664840678664742,0.00022645925699648606
68147,2024,731.963820031046,1719.5136070806934,0.0005487182824439011,0.0006548665514159916,221.31121415537433,517.8780936217092,0.00022473987202537154,0.0002245442133461324
68147,2025,731.963820031046,1719.5136070806934,0.0005446834349195152,0.0006499942618285805,221.31121415537433,517.8780936217092,0.00022316082855910045,0.00022289065295128002
68152,2021,720.6572587890755,1698.9231763480677,0.00047975572725213276,0.000748309728835478,218.05070095612888,510.4533533020246,0.00020254366455983892,0.0002835976255386923
68152,2022,720.6572587890755,1698.9231763480677,0.0004752090155576804,0.0007421812368417955,218.05070095612888,510.4533533020246,0.00020076026108416806,0.0002813193646501612
68152,2023,720.6572587890755,1698.9231763480677,0.0004710139304688071,0.0007366987283779219,218.05070095612888,510.4533533020246,0.00019911196238087716,0.00027927807268554713
68152,2024,720.6572587890755,1698.9231763480677,0.00046675738280826256,0.0007308578522220742,218.05070095612888,510.4533533020246,0.00019742626425832847,0.0002770861642786306
68152,2025,720.6572587890755,1698.9231763480677,0.0004631579372259269,0.000726017083980072,218.05070095612888,510.4533533020246,0.0001960238933497429,0.0002752829030532056
68160,2021,1320.7816147271992,2347.326443663438,0.0011429873149190488,0.0010143719568055088,389.81265111778845,704.3074400927842,0.00034756643609540615,0.000309790205532801
68160,2022,1320.7816147271992,2347.326443663438,0.001131986203748574,0.0010051586910202782,389.81265111778845,704.3074400927842,0.00034420734073699745,0.0003069582463735624
68160,2023,1320.7816147271992,2347.326443663438,0.001122078434141987,0.0009969533067362881,389.81265111778845,704.3074400927842,0.0003411715821444918,0.00030443199980390777
68160,2024,1320.7816147271992,2347.326443663438,0.001112003825495127,0.0009885313673542399,389.81265111778845,704.3074400927842,0.0003380917588754506,0.0003018403149570964
68160,2025,1320.7816147271992,2347.326443663438,0.0011032653404578075,0.0009812540415674548,389.81265111778845,704.3074400927842,0.0003354207057747701,0.0002995998870259638
68162,2021,981.8859650469584,1893.9127829113327,0.0007363491555126682,0.000780924019988036,291.6866499102552,570.3886581487084,0.0002454799696674929,0.00026453004289932614
68162,2022,981.8859650469584,1893.9127829113327,0.0007300947128432957,0.0007744509645269085,291.6866499102552,570.3886581487084,0.00024338993425865893,0.0002623538384096519
68162,2023,981.8859650469584,1893.9127829113327,0.0007245236589623087,0.0007687181646973896,291.6866499102552,570.3886581487084,0.000241518970585216,0.0002604241059226441
68162,2024,981.8859650469584,1893.9127829113327,0.0007187928023891972,0.0007627305365811274,291.6866499102552,570.3886581487084,0.00023959780624950716,0.00025839787257656623
68162,2025,981.8859650469584,1893.9127829113327,0.0007139501236198181,0.0007577105009601469,291.6866499102552,570.3886581487084,0.00023797934325196966,0.0002567077717166226
68167,2021,917.9264895296186,2120.6650711190723,0.000714502766536307,0.000828136231921324,267.269565659427,624.9017202274549,0.00023233149417252333,0.0002566261052303157
68167,2022,917.9264895296186,2120.6650711190723,0.0007070785583807101,0.0008203969278874671,267.269565659427,624.9017202274549,0.0002299127599233263,0.0002542293537689498
68167,2023,917.9264895296186,2120.6650711190723,0.0007004461931514122,0.0008135189170585848,267.269565659427,624.9017202274549,0.00022774849948246087,0.0002520965301204783
68167,2024,917.9264895296186,2120.6650711190723,0.0006936039929779886,0.0008063375439133994,267.269565659427,624.9017202274549,0.00022552408339738015,0.0002498735569194004
68167,2025,917.9264895296186,2120.6650711190723,0.0006874332032515595,0.0007998563919503181,267.269565659427,624.9017202274549,0.0002235211248197757,0.00024787546970467397
68169,2021,1952.8769447590835,2989.5080477546917,0.001316594811376209,0.0014043012794072336,577.8228141200461,879.7468874062929,0.0004018056883395595,0.0004389274269087989
68169,2022,1952.8769447590835,2989.5080477546917,0.0013067253922084783,0.0013926877618533394,577.8228141200461,879.7468874062929,0.0003987843938363603,0.0004352504180132013
68169,2023,1952.8769447590835,2989.5080477546917,0.0012981797589904501,0.0013824881727225358,577.8228141200461,879.7468874062929,0.00039616651326228493,0.00043201563554721246
68169,2024,1952.8769447590835,2989.5080477546917,0.0012891376274347898,0.0013719262155542534,577.8228141200461,879.7468874062929,0.0003934002695109393,0.0004286758947509151
68169,2025,1952.8769447590835,2989.5080477546917,0.0012815492514056325,0.0013629631438226806,577.8228141200461,879.7468874062929,0.0003910780819185327,0.0004258376974306103
68176,2021,868.5201592893212,2103.9011483528443,0.0005344785354844598,0.000664785312258141,266.3314512656201,633.1675457377739,0.00021907084813214825,0.0002348036107390577
68176,2022,868.5201592893212,2103.9011483528443,0.0005281283831254801,0.0006582333654063469,266.3314512656201,633.1675457377739,0.00021655023713494659,0.0002324866186656354
68176,2023,868.5201592893212,2103.9011483528443,0.0005223916045394241,0.0006523782504638617,266.3314512656201,633.1675457377739,0.00021427997244778752,0.000230415366438256
68176,2024,868.5201592893212,2103.9011483528443,0.0005166638231799816,0.000646387704384039,266.3314512656201,633.1675457377739,0.00021200813543066115,0.00022830128341919088
68176,2025,868.5201592893212,2103.9011483528443,0.0005114916180398127,0.0006410555484295494,266.3314512656201,633.1675457377739,0.00020995478913124252,0.00022641972475608065
68179,2021,677.0929856605031,1520.7000121245658,0.0007608367492574837,0.0008765012372952762,202.57865039210165,442.8948845730253,0.00027774236768319957,0.0002916656944944479
68179,2022,677.0929856605031,1520.7000121245658,0.0007544624138379912,0.0008687187775514242,202.57865039210165,442.8948845730253,0.0002754314613021822,0.0002890830489573039
68179,2023,677.0929856605031,1520.7000121245658,0.0007489538687285858,0.0008618457221867386,202.57865039210165,442.8948845730253,0.00027344697758782417,0.000286807384386216
68179,2024,677.0929856605031,1520.7000121245658,0.0007430573113875866,0.0008545617002864047,202.57865039210165,442.8948845730253,0.00027132249044856577,0.00028440056045009223
68179,2025,677.0929856605031,1520.7000121245658,0.0007378595389923037,0.0008480387779948171,202.57865039210165,442.8948845730253,0.0002694501677564832,0.0002822487826651439
68190,2021,248.98951934553946,640.2690026493719,0.0005362492260536857,0.00048530240259174717,80.54881230352646,202.36406602756662,0.00018012174715287312,0.00016130858260001728
68190,2022,248.98951934553946,640.2690026493719,0.0005338003847664868,0.0004815039103123339,80.54881230352646,202.36406602756662,0.00017927248975693858,0.00016003090639346728
68190,2023,248.98951934553946,640.2690026493719,0.0005316617011535356,0.00047814642542090395,80.54881230352646,202.36406602756662,0.0001785265385648646,0.00015890167416562263
68190,2024,248.98951934553946,640.2690026493719,0.0005295282306913147,0.0004746567326758203,80.54881230352646,202.36406602756662,0.00017778241505767868,0.00015772843085937175
68190,2025,248.98951934553946,640.2690026493719,0.0005275397557290532,0.0004715945545494902,80.54881230352646,202.36406602756662,0.00017709169488663238,0.0001567029389631255
68207,2021,834.7480339305022,1763.166346604412,0.0005039399899296265,0.0006590110240440259,250.49831151625435,532.3336193373324,0.00018864419429534982,0.00023295682769049824
68207,2022,834.7480339305022,1763.166346604412,0.000499429082567136,0.0006534511197038184,250.49831151625435,532.3336193373324,0.00018694936168209367,0.00023101246346382537
68207,2023,834.7480339305022,1763.166346604412,0.0004953199792489763,0.0006485034401830102,250.49831151625435,532.3336193373324,0.0001853979519077042,0.00022928017814953037
68207,2024,834.7480339305022,1763.166346604412,0.0004911187020578717,0.0006433304689302671,250.49831151625435,532.3336193373324,0.00018381895935243463,0.0002274580239962304
68207,2025,834.7480339305022,1763.166346604412,0.0004875972480867139,0.000638990105930944,250.49831151625435,532.3336193373324,0.00018249793401302008,0.0002259389063429794
68209,2021,943.3413464928703,2160.276661646146,0.0010339956310841392,0.001062946384182034,283.0040673839229,645.5367454922188,0.00033158679386279335,0.00032771071364172844
68209,2022,943.3413464928703,2160.276661646146,0.0010217635336655553,0.0010525667381401488,283.0040673839229,645.5367454922188,0.0003276745575543573,0.00032451500868995755
68209,2023,943.3413464928703,2160.276661646146,0.0010106714741792127,0.0010433065922468073,283.0040673839229,645.5367454922188,0.00032412481979916824,0.00032166079413077105
68209,2024,943.3413464928703,2160.276661646146,0.0009995309577784009,0.0010337797091904228,283.0040673839229,645.5367454922188,0.00032056979452868334,0.0003187294625229132
68209,2025,943.3413464928703,2160.276661646146,0.0009894500373067896,0.0010252605477027476,283.0040673839229,645.5367454922188,0.00031735367491256847,0.0003161146475918945
68211,2021,803.7670365889861,2038.1626871725848,0.0005097922334017375,0.000749247881238553,247.43103855416467,612.4807031246313,0.00022861225567788509,0.0002672341969120751
68211,2022,803.7670365889861,2038.1626871725848,0.000504439726924516,0.0007421210241740362,247.43103855416467,612.4807031246313,0.0002262745997235798,0.00026468912942764875
68211,2023,803.7670365889861,2038.1626871725848,0.0004996824069115721,0.0007357662053559768,247.43103855416467,612.4807031246313,0.00022420395920475414,0.0002624219002573749
68211,2024,803.7670365889861,2038.1626871725848,0.0004948397391070976,0.0007291923448621368,247.43103855416467,612.4807031246313,0.00022209266965092186,0.0002600834436270107
68211,2025,803.7670365889861,2038.1626871725848,0.0004904940918882517,0.0007233075926605608,247.43103855416467,612.4807031246313,0.00022019900055169852,0.0002579938842503364
68217,2021,844.3431994402306,1954.783949367425,0.0006416112112207191,0.000775960754987922,244.83988329264568,570.5244342206005,0.00022246729914541223,0.0002477626909220083
68217,2022,844.3431994402306,1954.783949367425,0.0006349741265480929,0.0007687236304459082,244.83988329264568,570.5244342206005,0.00022019447707206252,0.0002454520638347898
68217,2023,844.3431994402306,1954.783949367425,0.0006289749468209682,0.0007622759578456049,244.83988329264568,570.5244342206005,0.00021812955374842384,0.00024338806671440154
68217,2024,844.3431994402306,1954.783949367425,0.0006228078893058305,0.0007555460625217544,244.83988329264568,570.5244342206005,0.00021601280384462136,0.00024123745489602408
68217,2025,844.3431994402306,1954.783949367425,0.0006172916679239615,0.0007494829498131366,244.83988329264568,570.5244342206005,0.00021412986933573317,0.00023931130586989931
68229,2021,1150.9712555609835,2190.1191144550307,0.0011779420728340762,0.001071065663001209,343.17576976458014,657.095977358196,0.00037429746956333683,0.0003364615183414653
68229,2022,1150.9712555609835,2190.1191144550307,0.0011652287552286025,0.0010607050716550958,343.17576976458014,657.095977358196,0.00037027700619615326,0.00033321437887650935
68229,2023,1150.9712555609835,2190.1191144550307,0.0011536755147208433,0.0010514363464658194,343.17576976458014,657.095977358196,0.000366615620195751,0.0003303071113985343
68229,2024,1150.9712555609835,2190.1191144550307,0.001142077488129282,0.0010419604671982523,343.17576976458014,657.095977358196,0.0003629450096166062,0.0003273347517580837
68229,2025,1150.9712555609835,2190.1191144550307,0.0011318524701581947,0.0010336408439552188,343.17576976458014,657.095977358196,0.00035971022251368435,0.000324729347178798
68235,2021,848.4491866412179,1855.2740874171925,0.0005770777063467575,0.0006527526005679471,273.1300292860162,579.7150907761078,0.0002568770102454574,0.00025141905327370913
68235,2022,848.4491866412179,1855.2740874171925,0.0005699904699130963,0.0006464342781340759,273.1300292860162,579.7150907761078,0.0002537693525151187,0.0002489541206580392
68235,2023,848.4491866412179,1855.2740874171925,0.0005635101128934047,0.0006407805795464328,273.1300292860162,579.7150907761078,0.00025092486102541955,0.0002467436420762682
68235,2024,848.4491866412179,1855.2740874171925,0.0005572114635229735,0.0006350631045223276,273.1300292860162,579.7150907761078,0.00024816347049149605,0.00024451629581790637
68235,2025,848.4491866412179,1855.2740874171925,0.0005515761983923416,0.000630060912560599,273.1300292860162,579.7150907761078,0.00024568725916596177,0.00024256136797601424
68245,2021,779.2469621205702,1992.9109157263294,0.000512766843315243,0.0007164200370025508,239.63295746608406,598.1966567662166,0.00023023593246536718,0.00026246507870219523
68245,2022,779.2469621205702,1992.9109157263294,0.000507435423874504,0.0007095712092418631,239.63295746608406,598.1966567662166,0.00022792543268457979,0.0002599692332675759
68245,2023,779.2469621205702,1992.9109157263294,0.0005027052869718365,0.0007034658386750734,239.63295746608406,598.1966567662166,0.00022588554424528198,0.00025774825593514214
68245,2024,779.2469621205702,1992.9109157263294,0.0004978805006616841,0.0006971479478191608,239.63295746608406,598.1966567662166,0.00022379763102581144,0.00025545434432265796
68245,2025,779.2469621205702,1992.9109157263294,0.0004935531055068653,0.000691477903531338,239.63295746608406,598.1966567662166,0.00022192697652520516,0.00025340185995109134
68250,2021,454.2083220547996,1148.9489857922586,0.0005605725747674185,0.0006151152271171919,141.39890024016512,345.20820694724966,0.00022713401163765366,0.0002172195276637827
68250,2022,454.2083220547996,1148.9489857922586,0.0005573784835844357,0.0006101516458866028,141.39890024016512,345.20820694724966,0.00022579186217937272,0.00021547287775881949
68250,2023,454.2083220547996,1148.9489857922586,0.0005546990080370798,0.0006057805739746702,141.39890024016512,345.20820694724966,0.00022466741433258737,0.00021393835256412804
68250,2024,454.2083220547996,1148.9489857922586,0.0005516587880658515,0.0006010971349282344,141.39890024016512,345.20820694724966,0.0002234046901439348,0.00021229409346503297
68250,2025,454.2083220547996,1148.9489857922586,0.0005491342109028977,0.0005969477840687615,141.39890024016512,345.20820694724966,0.00022234823509149567,0.00021084324549865136
68255,2021,1315.3210211759167,2599.0950353491457,0.0006104405304452026,0.0007368965728770775,400.0662192833521,776.4379921397287,0.00023072777552396876,0.00025858264583146105
68255,2022,1315.3210211759167,2599.0950353491457,0.0006048110309796256,0.0007294256615134176,400.0662192833521,776.4379921397287,0.00022840963890501453,0.00025588146121576785
68255,2023,1315.3210211759167,2599.0950353491457,0.0005998242898858562,0.0007227442728373962,400.0662192833521,776.4379921397287,0.00022634240526620564,0.0002534599232701755
68255,2024,1315.3210211759167,2599.0950353491457,0.0005947725265357349,0.0007161048375073094,400.0662192833521,776.4379921397287,0.0002242776402408879,0.0002510655193778701
68255,2025,1315.3210211759167,2599.0950353491457,0.000590467731218622,0.0007103836426144621,400.0662192833521,776.4379921397287,0.0002225065069552341,0.0002489970262068182
68264,2021,922.846710401932,2014.5908580397172,0.0012863466780728653,0.0012537568445168531,259.9093462239793,581.279622908314,0.0003445405514355622,0.00034441488627578304
68264,2022,922.846710401932,2014.5908580397172,0.0012739620906420815,0.0012420664710820163,259.9093462239793,581.279622908314,0.00034121196970708433,0.00034121123038208506
68264,2023,922.846710401932,2014.5908580397172,0.0012630088735915011,0.0012317154902968966,259.9093462239793,581.279622908314,0.00033825918191575567,0.0003383698240211088
68264,2024,922.846710401932,2014.5908580397172,0.0012515361180953438,0.0012208483394298964,259.9093462239793,581.279622908314,0.0003351741706515192,0.0003353910281452499
68264,2025,922.846710401932,2014.5908580397172,0.0012410367743027955,0.0012109265372364194,259.9093462239793,581.279622908314,0.00033236125897454226,0.00033268312351063603
68266,2021,852.5078909027995,1848.196683685184,0.0005434346508300009,0.0005889521353420666,255.4125033346654,554.5721257284171,0.00021773004201224702,0.00020713962216093972
68266,2022,852.5078909027995,1848.196683685184,0.0005381238761663981,0.0005836415596508249,255.4125033346654,554.5721257284171,0.00021569134214490202,0.00020528242934590672
68266,2023,852.5078909027995,1848.196683685184,0.0005332155809987363,0.0005788841620237696,255.4125033346654,554.5721257284171,0.00021379977988253594,0.00020361493629672957
68266,2024,852.5078909027995,1848.196683685184,0.0005282749725024104,0.000574007841147622,255.4125033346654,554.5721257284171,0.00021189175762397188,0.00020190104167823323
68266,2025,852.5078909027995,1848.196683685184,0.0005240699359955731,0.0005698231700108827,255.4125033346654,554.5721257284171,0.00021027954947647047,0.000200433422673351
68271,2021,732.0252121838927,1791.1884908799127,0.0006952843481756909,0.0007607593316581512,199.2500318651473,465.5472000948581,0.0002502619003523734,0.00025170532961718626
68271,2022,732.0252121838927,1791.1884908799127,0.000690633698309194,0.000754233057498451,199.2500318651473,465.5472000948581,0.000248681801899163,0.0002495983960688741
68271,2023,732.0252121838927,1791.1884908799127,0.0006866329817869153,0.0007484789540753456,199.2500318651473,465.5472000948581,0.00024734293602236466,0.0002477492725253705
68271,2024,732.0252121838927,1791.1884908799127,0.0006821318599657133,0.0007422467325098805,199.2500318651473,465.5472000948581,0.0002458178879564756,0.00024573790732755857
68271,2025,732.0252121838927,1791.1884908799127,0.0006782817014836247,0.000736717697401695,199.2500318651473,465.5472000948581,0.0002445289710660692,0.0002439598941529105
68276,2021,2288.4546449856534,2815.598859910233,0.002222752690749382,0.002190283458824179,680.553028582022,857.8793782832577,0.0006500061292802696,0.0006543013786371939
68276,2022,2288.4546449856534,2815.598859910233,0.0022055687438572264,0.0021725232813695552,680.553028582022,857.8793782832577,0.0006449766071142468,0.0006489437827535381
68276,2023,2288.4546449856534,2815.598859910233,0.0021906250356452297,0.0021569695374020668,680.553028582022,857.8793782832577,0.0006406009671384179,0.0006442446263671774
68276,2024,2288.4546449856534,2815.598859910233,0.0021748514824925674,0.0021407362953078535,680.553028582022,857.8793782832577,0.0006359844111078794,0.0006393507773421804
68276,2025,2288.4546449856534,2815.598859910233,0.002161514820955141,0.0021269484030921443,680.553028582022,857.8793782832577,0.0006320806613223182,0.0006351892758270415
68296,2021,1126.9072229501382,2186.853420645708,0.0010000989822898255,0.0010135634203674855,347.3480123237631,668.7616683802412,0.00033317782539511823,0.00033225115864296654
68296,2022,1126.9072229501382,2186.853420645708,0.0009894119304356167,0.001003824787094003,347.3480123237631,668.7616683802412,0.00032956847976074033,0.0003290325374729007
68296,2023,1126.9072229501382,2186.853420645708,0.0009797574998021458,0.0009951294144792263,347.3480123237631,668.7616683802412,0.00032629874080700465,0.00032615341204538813
68296,2024,1126.9072229501382,2186.853420645708,0.0009700618017704439,0.0009862498213803993,347.3480123237631,668.7616683802412,0.00032302952828044317,0.00032322251496379206
68296,2025,1126.9072229501382,2186.853420645708,0.0009614772500375062,0.0009784546625119753,347.3480123237631,668.7616683802412,0.0003201246339996776,0.000320647636511463
68298,2021,883.4583632984262,1596.2676460102277,0.0015652960417405347,0.001459011065183463,247.89774430998202,455.702484547693,0.0004289526414213581,0.00040430165656399754
68298,2022,883.4583632984262,1596.2676460102277,0.0015510888286036605,0.0014456237877245775,247.89774430998202,455.702484547693,0.0004250768658840636,0.0004006131319930717
68298,2023,883.4583632984262,1596.2676460102277,0.001538610986658897,0.0014337692125891259,247.89774430998202,455.702484547693,0.0004216762709689735,0.00039734721079294
68298,2024,883.4583632984262,1596.2676460102277,0.001525406028628506,0.001421253609710534,247.89774430998202,455.702484547693,0.00041808008807649324,0.00039390154334992744
68298,2025,883.4583632984262,1596.2676460102277,0.0015133018563437918,0.0014098264003289793,247.89774430998202,455.702484547693,0.00041479340446054876,0.00039076519042213184
68307,2021,1869.0986153662589,2580.2677143609203,0.0017895451376040916,0.0016915231537507364,571.064185584829,800.4205257759195,0.0005618880820176692,0.0005292856021349007
68307,2022,1869.0986153662589,2580.2677143609203,0.0017744121687107547,0.001677280379745799,571.064185584829,800.4205257759195,0.0005570130328830781,0.0005247474914573122
68307,2023,1869.0986153662589,2580.2677143609203,0.0017611106500931462,0.0016647520588990907,571.064185584829,800.4205257759195,0.0005527127423819467,0.0005207457431128233
68307,2024,1869.0986153662589,2580.2677143609203,0.0017473414803966067,0.0016517718853234285,571.064185584829,800.4205257759195,0.0005482872638233898,0.0005166158931162906
68307,2025,1869.0986153662589,2580.2677143609203,0.0017355676916450782,0.001640684969643203,571.064185584829,800.4205257759195,0.0005444912773092427,0.0005130804446932642
68318,2021,1431.196945359073,2321.9562367376802,0.0009141755695383788,0.0008651362448997827,420.27876617924323,699.8734201230641,0.0002714005127162294,0.0002588996544658708
68318,2022,1431.196945359073,2321.9562367376802,0.0009062949507909651,0.0008577259325751953,420.27876617924323,699.8734201230641,0.0002690398439873151,0.00025666439812283215
68318,2023,1431.196945359073,2321.9562367376802,0.0008993047364909355,0.0008511695114115287,420.27876617924323,699.8734201230641,0.000266937871275617,0.00025468251105741947
68318,2024,1431.196945359073,2321.9562367376802,0.000892111474967247,0.0008444089956145247,420.27876617924323,699.8734201230641,0.0002647811991372321,0.00025264157063022944
68318,2025,1431.196945359073,2321.9562367376802,0.0008859682429401769,0.0008386357938279027,420.27876617924323,699.8734201230641,0.00026293908326657534,0.00025089739085970266
68320,2021,849.1627762416346,2071.091898328957,0.0007247129912968808,0.0008852473590312864,256.10550324644123,618.0546168035187,0.00026649869046066786,0.00028697645142485863
68320,2022,849.1627762416346,2071.091898328957,0.0007170731784448491,0.0008770438134736533,256.10550324644123,618.0546168035187,0.00026370589266859446,0.0002843118932775714
68320,2023,849.1627762416346,2071.091898328957,0.000710285749847291,0.0008697624536030209,256.10550324644123,618.0546168035187,0.00026122573800634806,0.00028194669962050887
68320,2024,849.1627762416346,2071.091898328957,0.0007033150452661511,0.0008621584153569445,256.10550324644123,618.0546168035187,0.00025868853388849095,0.0002794836982555133
68320,2025,849.1627762416346,2071.091898328957,0.000696986312712736,0.0008552931817026812,256.10550324644123,618.0546168035187,0.00025639112954011704,0.00027726684134558453
68322,2021,898.2176994387332,2132.6554654377496,0.0007930719382906826,0.0009160471145739023,271.0717970011553,637.8693000114023,0.00027489719532718446,0.0002863920823842105
68322,2022,898.2176994387332,2132.6554654377496,0.0007841402825320211,0.0009073833312811005,271.0717970011553,637.8693000114023,0.0002718057114417838,0.0002836667470534222
68322,2023,898.2176994387332,2132.6554654377496,0.0007761275396452082,0.0008996767860447114,271.0717970011553,637.8693000114023,0.00026902738628096,0.0002812385045811735
68322,2024,898.2176994387332,2132.6554654377496,0.0007680016147914944,0.00089166987665468,271.0717970011553,637.8693000114023,0.0002662215860359696,0.00027872467735375983
68322,2025,898.2176994387332,2132.6554654377496,0.0007606204651442329,0.0008844601403468733,271.0717970011553,637.8693000114023,0.0002636778596055768,0.000276467064830954
68324,2021,723.7531614608196,1600.2803676009282,0.001022045139531094,0.0009944749517635837,208.681327632465,448.9101389007664,0.0003526286753085592,0.0003235328742959178
68324,2022,723.7531614608196,1600.2803676009282,0.001014069549351204,0.0009858402185228179,208.681327632465,448.9101389007664,0.0003499425137405601,0.00032074835506665017
68324,2023,723.7531614608196,1600.2803676009282,0.0010071531166891132,0.000978208041645098,208.681327632465,448.9101389007664,0.0003476303327725355,0.00031829234535450624
68324,2024,723.7531614608196,1600.2803676009282,0.0009996529720052937,0.0009700687888151684,208.681327632465,448.9101389007664,0.0003451144580936172,0.00031567437814406185
68324,2025,723.7531614608196,1600.2803676009282,0.000993034569241666,0.0009627759867058928,208.681327632465,448.9101389007664,0.00034290853657803076,0.00031333568284916966
68327,2021,730.9753968524448,1576.9157043471807,0.0012435708786427378,0.0011714211259913677,216.27235061257466,458.3438466046665,0.0003996690666903808,0.0003647729261837222
68327,2022,730.9753968524448,1576.9157043471807,0.0012329215260215788,0.0011609437888955615,216.27235061257466,458.3438466046665,0.0003962878050453843,0.00036152488966343293
68327,2023,730.9753968524448,1576.9157043471807,0.0012236213382953553,0.0011516733610522935,216.27235061257466,458.3438466046665,0.00039335200969375196,0.0003586563494220188
68327,2024,730.9753968524448,1576.9157043471807,0.0012136906452158052,0.0011418663298421725,216.27235061257466,458.3438466046665,0.0003902144134609532,0.0003556248029914979
68327,2025,730.9753968524448,1576.9157043471807,0.0012048007347819289,0.0011330087703814737,216.27235061257466,458.3438466046665,0.0003874161113391087,0.00035289509703201127
68344,2021,1023.5372498744048,2256.2397391551026,0.0006849243268208027,0.0008773806676820004,315.33008592841844,683.897395666273,0.00025466054847391204,0.00029725237656425115
68344,2022,1023.5372498744048,2256.2397391551026,0.0006764509195957343,0.0008686676342271391,315.33008592841844,683.897395666273,0.0002515452700512997,0.00029428877703091777
68344,2023,1023.5372498744048,2256.2397391551026,0.0006686993421785237,0.00086085890148716,315.33008592841844,683.897395666273,0.0002486944991545356,0.000291628644183703
68344,2024,1023.5372498744048,2256.2397391551026,0.0006610522376815661,0.000852912424306521,315.33008592841844,683.897395666273,0.0002458869912552262,0.0002889295481968197
68344,2025,1023.5372498744048,2256.2397391551026,0.0006541647701105621,0.0008458832499235644,315.33008592841844,683.897395666273,0.0002433532175250977,0.0002865418763712446
68368,2021,750.0180951853594,1711.9416687759497,0.0010667274567026088,0.00102217737311206,208.36907919599741,457.18149627565157,0.00035110830036156455,0.000318900805365819
68368,2022,750.0180951853594,1711.9416687759497,0.0010584539412377867,0.0010129971790886684,208.36907919599741,457.18149627565157,0.00034848864356857624,0.0003161016959004685
68368,2023,750.0180951853594,1711.9416687759497,0.001051188439740686,0.0010048191132404373,208.36907919599741,457.18149627565157,0.0003462080545785024,0.000313616133679827
68368,2024,750.0180951853594,1711.9416687759497,0.0010433180497448195,0.000996122493801264,208.36907919599741,457.18149627565157,0.00034372049432696933,0.0003109649008673215
68368,2025,750.0180951853594,1711.9416687759497,0.0010363419245610678,0.0009882982895042427,208.36907919599741,457.18149627565157,0.0003415343713690068,0.00030858842098230137
68370,2021,1336.0409858887958,2346.964042066483,0.001074208351926339,0.0011240592236790637,399.257175219178,707.6915112740617,0.000333187772657939,0.00034971847188770095
68370,2022,1336.0409858887958,2346.964042066483,0.0010636465240216962,0.0011136278158780887,399.257175219178,707.6915112740617,0.0003298344076567782,0.00034642705252598086
68370,2023,1336.0409858887958,2346.964042066483,0.0010541656047897727,0.0011043440740954205,399.257175219178,707.6915112740617,0.0003268105035370069,0.00034349017081536186
68370,2024,1336.0409858887958,2346.964042066483,0.0010445386468462359,0.0010948300806928732,399.257175219178,707.6915112740617,0.00032375480829191614,0.00034048998431461747
68370,2025,1336.0409858887958,2346.964042066483,0.001036116020127207,0.001086535250862438,399.257175219178,707.6915112740617,0.00032107434788487084,0.00033787128866740606
68377,2021,553.6165573175685,1454.2854277328959,0.0005119234380252806,0.0006131960796059606,155.0370886472621,385.51885009389815,0.00020375687444192954,0.0002133342317633333
68377,2022,553.6165573175685,1454.2854277328959,0.0005092751467355111,0.0006084815794099761,155.0370886472621,385.51885009389815,0.0002027229760913945,0.0002117082583868087
68377,2023,553.6165573175685,1454.2854277328959,0.0005070765298748343,0.0006043843671050467,155.0370886472621,385.51885009389815,0.00020187601434526483,0.00021029959463325046
68377,2024,553.6165573175685,1454.2854277328959,0.0005045090668304897,0.0005998957746992133,155.0370886472621,385.51885009389815,0.0002008816512616078,0.0002087510881517813
68377,2025,553.6165573175685,1454.2854277328959,0.000502419041177047,0.0005959539946658632,155.0370886472621,385.51885009389815,0.00020007506725919146,0.0002073973887189395
68385,2021,569.8648071516409,1657.7760429034133,0.0003865592104761125,0.00045629677710541064,181.05510576717407,504.9342220960624,0.00017505568029221698,0.0001744841785519996
68385,2022,569.8648071516409,1657.7760429034133,0.0003837017543574537,0.0004522297288394242,181.05510576717407,504.9342220960624,0.00017370573503382305,0.0001729142150430982
68385,2023,569.8648071516409,1657.7760429034133,0.00038121647124525037,0.0004486174563631478,181.05510576717407,504.9342220960624,0.00017252818191218415,0.00017152003808118074
68385,2024,569.8648071516409,1657.7760429034133,0.0003786148918143564,0.00044489914320733234,181.05510576717407,504.9342220960624,0.00017130456522694966,0.00017008601269723642
68385,2025,569.8648071516409,1657.7760429034133,0.00037631759084397117,0.000441599358875749,181.05510576717407,504.9342220960624,0.00017022225415029953,0.00016881636605144867
68397,2021,724.8711433347909,1914.2241246403464,0.0005508130066659656,0.0006894694062855614,224.0544038268414,574.4569220895079,0.00024667610263246295,0.0002507003676688283
68397,2022,724.8711433347909,1914.2241246403464,0.0005459460707048731,0.0006832443961713184,224.0544038268414,574.4569220895079,0.00024447851692305196,0.00024843416009724033
68397,2023,724.8711433347909,1914.2241246403464,0.0005417281267919543,0.0006777366352241034,224.0544038268414,574.4569220895079,0.00024257303671914175,0.00024643174464562503
68397,2024,724.8711433347909,1914.2241246403464,0.0005372912354793819,0.0006719519931165498,224.0544038268414,574.4569220895079,0.00024057887922619229,0.0002443359821082574
68397,2025,724.8711433347909,1914.2241246403464,0.00053338335639756,0.0006667616789249443,224.0544038268414,574.4569220895079,0.00023881572014441263,0.00024246035789456834
68406,2021,1751.9726193522094,2572.9208989007975,0.0015122357289084768,0.0014898773028664478,540.4035653743244,803.8525281867755,0.00048184017080560515,0.0004772894632381261
68406,2022,1751.9726193522094,2572.9208989007975,0.0014998616223797741,0.0014773163813480913,540.4035653743244,803.8525281867755,0.00047780219748966285,0.00047316527195802083
68406,2023,1751.9726193522094,2572.9208989007975,0.001489037649097056,0.0014662675824620164,540.4035653743244,803.8525281867755,0.0004742595713397101,0.0004695272826355498
68406,2024,1751.9726193522094,2572.9208989007975,0.0014777813539252566,0.001454838109616251,540.4035653743244,803.8525281867755,0.00047059612637816514,0.00046578362674453577
68406,2025,1751.9726193522094,2572.9208989007975,0.0014682180160214941,0.0014450907464378,540.4035653743244,803.8525281867755,0.00046747642017266346,0.0004625818789001088
68418,2021,1540.5983123809879,2443.6824180321264,0.0012460820142979855,0.0012293242897389507,458.8228411328771,740.1713645525375,0.0003768268573982659,0.000379518443515383
68418,2022,1540.5983123809879,2443.6824180321264,0.0012343633641539197,0.0012182408703335188,458.8228411328771,740.1713645525375,0.00037321252604078254,0.0003760468128968831
68418,2023,1540.5983123809879,2443.6824180321264,0.00122390491545105,0.0012084051700439846,458.8228411328771,740.1713645525375,0.0003699765323676939,0.00037295901279120247
68418,2024,1540.5983123809879,2443.6824180321264,0.001213212583757996,0.0011983012768791833,458.8228411328771,740.1713645525375,0.00036668169311099573,0.00036979628379874246
68418,2025,1540.5983123809879,2443.6824180321264,0.0012039132074568102,0.0011895703431133373,458.8228411328771,740.1713645525375,0.0003638087513812425,0.00036705733329552205
68425,2021,640.8253793509585,1590.2320293847508,0.0005495973987401752,0.0008415509253119607,195.32993912695963,479.06309930901807,0.00023850462710706406,0.00031342510739321096
68425,2022,640.8253793509585,1590.2320293847508,0.0005447658062929324,0.0008345320542671114,195.32993912695963,479.06309930901807,0.0002365512110259598,0.00031087412670400194
68425,2023,640.8253793509585,1590.2320293847508,0.0005402633563989957,0.0008282422968945333,195.32993912695963,479.06309930901807,0.0002347394550200529,0.0003085859703163693
68425,2024,640.8253793509585,1590.2320293847508,0.0005356033713004478,0.0008215316050490019,195.32993912695963,479.06309930901807,0.00023284955181384216,0.0003061271450381908
68425,2025,640.8253793509585,1590.2320293847508,0.0005317716207150551,0.0008158979276679579,195.32993912695963,479.06309930901807,0.00023131170499807182,0.0003040833356104785
68432,2021,1013.1077856220135,2068.9142006515817,0.0005681311629994728,0.0006169202538503522,302.1325809273017,624.6283925912776,0.000201367078108511,0.00020696539436476112
68432,2022,1013.1077856220135,2068.9142006515817,0.0005627515583735616,0.0006114031327530136,302.1325809273017,624.6283925912776,0.00019945800861314496,0.00020510917734086102
68432,2023,1013.1077856220135,2068.9142006515817,0.0005578441422430093,0.0006064765748358843,302.1325809273017,624.6283925912776,0.00019770799822093176,0.00020344866314571267
68432,2024,1013.1077856220135,2068.9142006515817,0.0005528711309073945,0.0006014222319131254,302.1325809273017,624.6283925912776,0.00019593896866384032,0.00020174357982942048
68432,2025,1013.1077856220135,2068.9142006515817,0.0005486355091350608,0.0005970870479394074,302.1325809273017,624.6283925912776,0.00019443487912611983,0.0002002823610882617
68444,2021,1784.6331422827257,2927.303002167553,0.0013335473494839993,0.0014132417178227916,533.4143183647021,869.7669715819471,0.00041194759549125745,0.0004458729131518692
68444,2022,1784.6331422827257,2927.303002167553,0.0013235398040105822,0.0014015060014754175,533.4143183647021,869.7669715819471,0.0004088361248700273,0.0004420907056433995
68444,2023,1784.6331422827257,2927.303002167553,0.0013148750575703847,0.0013911984049171447,533.4143183647021,869.7669715819471,0.0004061396563721338,0.0004387612150876394
68444,2024,1784.6331422827257,2927.303002167553,0.0013057101990614237,0.0013805356536119573,533.4143183647021,869.7669715819471,0.0004032943862602032,0.0004353326526894286
68444,2025,1784.6331422827257,2927.303002167553,0.0012980188473295804,0.0013714861677628525,533.4143183647021,869.7669715819471,0.00040090603725852187,0.00043241661447118116
68464,2021,997.8604402758978,2183.5356144601647,0.000621341267330164,0.0008022319895968948,296.92078841300713,650.7210892368139,0.00022387831322641694,0.00026193180214136567
68464,2022,997.8604402758978,2183.5356144601647,0.0006143146289659556,0.0007945887812491043,296.92078841300713,650.7210892368139,0.00022140427865552983,0.00025943179345884666
68464,2023,997.8604402758978,2183.5356144601647,0.0006078482424073878,0.0007877641045875381,296.92078841300713,650.7210892368139,0.00021912137443883065,0.00025719412688519677
68464,2024,997.8604402758978,2183.5356144601647,0.0006013849400676261,0.0007807461984368787,296.92078841300713,650.7210892368139,0.00021683760886042174,0.0002548951028191384
68464,2025,997.8604402758978,2183.5356144601647,0.0005956858945442551,0.0007745334120660254,296.92078841300713,650.7210892368139,0.00021483026351756476,0.00025286758703535917
68468,2021,1019.9827183313578,2083.704151948537,0.000633431329994282,0.0007157612322796433,305.2240660330824,631.6769362548374,0.00022236000164260248,0.00023283678312152362
68468,2022,1019.9827183313578,2083.704151948537,0.0006271391986318389,0.0007092515416070216,305.2240660330824,631.6769362548374,0.00022015830426361645,0.00023071509349791104
68468,2023,1019.9827183313578,2083.704151948537,0.0006213835905634559,0.0007034406915149766,305.2240660330824,631.6769362548374,0.0002181338437989982,0.0002288167126112248
68468,2024,1019.9827183313578,2083.704151948537,0.0006155827949198565,0.0006974659523088018,305.2240660330824,631.6769362548374,0.00021609807356075665,0.00022686529609023252
68468,2025,1019.9827183313578,2083.704151948537,0.0006105998547958616,0.000692283973113803,305.2240660330824,631.6769362548374,0.00021435161388109618,0.00022517644780351337
68498,2021,957.5334529256388,2183.311300274719,0.0008997856367274907,0.000985886545113371,284.2012598433322,647.7439115131575,0.0002849189843413552,0.00030255022068050437
68498,2022,957.5334529256388,2183.311300274719,0.0008891027495972314,0.0009763034160845455,284.2012598433322,647.7439115131575,0.0002815278158520364,0.0002996078873212352
68498,2023,957.5334529256388,2183.311300274719,0.000879364455308053,0.0009677500402700518,284.2012598433322,647.7439115131575,0.00027842906387226616,0.000296977567863882
68498,2024,957.5334529256388,2183.311300274719,0.000869603009074737,0.0009589456404295531,284.2012598433322,647.7439115131575,0.00027533356721834386,0.0002942744983618866
68498,2025,957.5334529256388,2183.311300274719,0.000860791353475333,0.000951082499133492,284.2012598433322,647.7439115131575,0.0002725425760813495,0.00029186837684646043
68500,2021,901.112553359655,2119.1049793364928,0.0008015913874243584,0.0009146992254913453,266.7420475287417,628.6778411442862,0.00027082288408582705,0.00028583545904296956
68500,2022,901.112553359655,2119.1049793364928,0.0007926668871445351,0.0009060022372690444,266.7420475287417,628.6778411442862,0.0002678473754167432,0.0002831232501644774
68500,2023,901.112553359655,2119.1049793364928,0.0007846738975447953,0.0008982583659275389,266.7420475287417,628.6778411442862,0.000265183167985642,0.00028070709134775216
68500,2024,901.112553359655,2119.1049793364928,0.0007765435450404947,0.0008902077287002785,266.7420475287417,628.6778411442862,0.00026247573221062695,0.00027819965580548053
68500,2025,901.112553359655,2119.1049793364928,0.0007691641277045744,0.0008829397153155331,266.7420475287417,628.6778411442862,0.0002600250534515399,0.0002759432036025573
68502,2021,780.3303291194734,1915.5882544026374,0.0007366253849547708,0.0007074976077903025,230.77258550994836,566.5194192935811,0.0002483013492441469,0.00022445307667917945
68502,2022,780.3303291194734,1915.5882544026374,0.0007297520224570651,0.0007009256429837198,230.77258550994836,566.5194192935811,0.0002460477754829125,0.00022237957157353005
68502,2023,780.3303291194734,1915.5882544026374,0.0007234746702920394,0.0006950502073139671,230.77258550994836,566.5194192935811,0.00024398915267617895,0.00022052221413120735
68502,2024,780.3303291194734,1915.5882544026374,0.0007169061571712177,0.0006889361547211035,230.77258550994836,566.5194192935811,0.00024183144139423482,0.0002185891564395717
68502,2025,780.3303291194734,1915.5882544026374,0.0007112599072727515,0.0006835038184025877,230.77258550994836,566.5194192935811,0.0002399930318501823,0.00021688134678127791
68522,2021,1050.8817632906823,2278.8507797497846,0.0007262209934544479,0.0008934938238977884,320.2073050913817,687.272758716611,0.0002533536536400196,0.0002931989455933361
68522,2022,1050.8817632906823,2278.8507797497846,0.0007170373941360597,0.0008845049133132244,320.2073050913817,687.272758716611,0.00025019978937842243,0.0002902419311776188
68522,2023,1050.8817632906823,2278.8507797497846,0.000708634006759948,0.0008764432964595199,320.2073050913817,687.272758716611,0.0002473151835127885,0.0002875867899373167
68522,2024,1050.8817632906823,2278.8507797497846,0.0007003484474937164,0.0008682446048455697,320.2073050913817,687.272758716611,0.0002444696394296066,0.0002848919247378446
68522,2025,1050.8817632906823,2278.8507797497846,0.0006928835302178128,0.0008609861561272877,320.2073050913817,687.272758716611,0.00024190314242527483,0.00028250655327014093
68524,2021,949.6370819364408,2171.5918750852315,0.0009432101635809503,0.001089130882676656,286.984512728597,651.0707440473113,0.00031688217855250616,0.00034616100489669004
68524,2022,949.6370819364408,2171.5918750852315,0.00093180362051603,0.001078369759859761,286.984512728597,651.0707440473113,0.00031309948398913496,0.00034273510433011425
68524,2023,949.6370819364408,2171.5918750852315,0.0009214585259310447,0.001068757952150137,286.984512728597,651.0707440473113,0.000309667872604105,0.0003396708635950182
68524,2024,949.6370819364408,2171.5918750852315,0.0009111117039745414,0.001058914203403528,286.984512728597,651.0707440473113,0.00030624016064309713,0.00033654025480569263
68524,2025,949.6370819364408,2171.5918750852315,0.0009017211628317721,0.0010501234245296437,286.984512728597,651.0707440473113,0.00030313383448472473,0.0003337510387948641
68533,2021,1006.331768147229,2239.3927146836077,0.0009417728313904703,0.0010202731821481448,301.36602035394066,668.747851499886,0.00030006769852123125,0.0003145939340119621
68533,2022,1006.331768147229,2239.3927146836077,0.0009302820668976649,0.0010102446943328397,301.36602035394066,668.747851499886,0.0002964030268635048,0.0003114956138050134
68533,2023,1006.331768147229,2239.3927146836077,0.0009197853484370486,0.0010012800013984916,301.36602035394066,668.747851499886,0.000293049220485859,0.00030872119903572
68533,2024,1006.331768147229,2239.3927146836077,0.0009093144010202717,0.0009920772048254201,301.36602035394066,668.747851499886,0.0002897131435310637,0.0003058787549298618
68533,2025,1006.331768147229,2239.3927146836077,0.0008998611344547595,0.0009838597218845442,301.36602035394066,668.747851499886,0.00028670248194043234,0.0003033473349638602
68547,2021,1932.4371870145296,2667.2426292502205,0.0018890658401086976,0.0018617252688059624,564.6776547164342,802.6607652310164,0.0005459726060014897,0.0005515124783381238
68547,2022,1932.4371870145296,2667.2426292502205,0.001873804453879989,0.0018463520938542053,564.6776547164342,802.6607652310164,0.0005415383520443696,0.0005469120404268263
68547,2023,1932.4371870145296,2667.2426292502205,0.0018604546307975523,0.0018328538777407637,564.6776547164342,802.6607652310164,0.0005376541693671473,0.000542865559557591
68547,2024,1932.4371870145296,2667.2426292502205,0.0018464755738684618,0.0018188089182924012,564.6776547164342,802.6607652310164,0.0005335920366203547,0.0005386644094744011
68547,2025,1932.4371870145296,2667.2426292502205,0.001834588135740138,0.0018068498468849156,564.6776547164342,802.6607652310164,0.0005301355101766733,0.0005350819068112486
68549,2021,1100.7508671793262,2315.8083390677903,0.000911625505187117,0.0010071964837300234,331.05955010431927,694.0510035063485,0.0003026238419496795,0.00032680039452897457
68549,2022,1100.7508671793262,2315.8083390677903,0.000900151478677133,0.000996879583201206,331.05955010431927,694.0510035063485,0.00029883408684051865,0.00032345183842140597
68549,2023,1100.7508671793262,2315.8083390677903,0.0008895953867458009,0.000987599789877317,331.05955010431927,694.0510035063485,0.00029534770996276534,0.00032043732250250666
68549,2024,1100.7508671793262,2315.8083390677903,0.0008791862853895773,0.0009781881739100017,331.05955010431927,694.0510035063485,0.0002919126676264422,0.000317384337345518
68549,2025,1100.7508671793262,2315.8083390677903,0.0008698562876241479,0.000969850330606496,331.05955010431927,694.0510035063485,0.0002888267924136154,0.00031468047914451304
68572,2021,871.2502574526316,1811.1151398137529,0.0012659406343050487,0.0012502703497183592,240.19887374513223,485.5146790477573,0.000384341898340319,0.0003662681003034389
68572,2022,871.2502574526316,1811.1151398137529,0.0012558289989027835,0.001239186340214553,240.19887374513223,485.5146790477573,0.0003813286494788708,0.00036304028689774376
68572,2023,871.2502574526316,1811.1151398137529,0.0012469497086669162,0.0012293440518966624,240.19887374513223,485.5146790477573,0.00037869900362129107,0.000360178301554647
68572,2024,871.2502574526316,1811.1151398137529,0.0012373595569195688,0.001218864484875501,240.19887374513223,485.5146790477573,0.0003758507915374817,0.00035713104409453196
68572,2025,871.2502574526316,1811.1151398137529,0.0012288245824561169,0.0012094144688212995,240.19887374513223,485.5146790477573,0.0003733264782938267,0.0003543890993059132
68573,2021,496.4781902065958,1338.3822057883622,0.0004053222411800651,0.0003970921275521723,162.09386903893298,417.525143988518,0.0001656272488988701,0.00014474385421354348
68573,2022,496.4781902065958,1338.3822057883622,0.0004009666050797083,0.00039315192018628123,162.09386903893298,417.525143988518,0.0001638395732676397,0.00014330348675429204
68573,2023,496.4781902065958,1338.3822057883622,0.0003969924178222739,0.00038960187561909405,162.09386903893298,417.525143988518,0.00016220724705285836,0.0001420076221068494
68573,2024,496.4781902065958,1338.3822057883622,0.0003931617344062782,0.00038606715420108086,162.09386903893298,417.525143988518,0.0001606344570154674,0.00014071722429115797
68573,2025,496.4781902065958,1338.3822057883622,0.0003897415291181387,0.0003829247630996615,162.09386903893298,417.525143988518,0.00015922770516503833,0.0001395733949048279
68575,2021,576.3208082098839,1436.9993751456054,0.0006575021376427105,0.000673258630112971,193.89191763559418,470.5219721569651,0.0002435876195164549,0.0002477393966767527
68575,2022,576.3208082098839,1436.9993751456054,0.0006505701809118635,0.0006652540271677207,193.89191763559418,470.5219721569651,0.0002407974323614504,0.0002447238239631377
68575,2023,576.3208082098839,1436.9993751456054,0.0006443211162835691,0.0006579964832487593,193.89191763559418,470.5219721569651,0.00023827434078287104,0.00024198811649101158
68575,2024,576.3208082098839,1436.9993751456054,0.0006384410236714456,0.0006510033769555827,193.89191763559418,470.5219721569651,0.00023589053099624726,0.0002393532012158879
68575,2025,576.3208082098839,1436.9993751456054,0.0006332766018585565,0.0006448047606658093,193.89191763559418,470.5219721569651,0.00023378892384353105,0.0002370174522107137
68615,2021,1201.063815076669,2458.449022961128,0.0005615741254561395,0.0007624511479299584,372.6522122331916,745.1061730594481,0.00020921398333978038,0.0002703539468378098
68615,2022,1201.063815076669,2458.449022961128,0.0005565239639251395,0.0007543625111374927,372.6522122331916,745.1061730594481,0.00020715601624911258,0.0002673749222277554
68615,2023,1201.063815076669,2458.449022961128,0.0005520763294062071,0.0007471109263079136,372.6522122331916,745.1061730594481,0.00020533068306295232,0.00026469595099989836
68615,2024,1201.063815076669,2458.449022961128,0.0005475321593861238,0.0007399178790499677,372.6522122331916,745.1061730594481,0.00020349503672449466,0.0002620548842434198
68615,2025,1201.063815076669,2458.449022961128,0.0005436488345984697,0.0007336622931301576,372.6522122331916,745.1061730594481,0.00020191603975154012,0.0002597508702884258
68655,2021,940.87290852064,1926.5980583056798,0.0006999873007926365,0.0007136819069062961,303.2067464786081,613.4064966649039,0.0002628513352265813,0.00025165686833177384
68655,2022,940.87290852064,1926.5980583056798,0.000692754378667665,0.0007068901291899727,303.2067464786081,613.4064966649039,0.0002599789707806468,0.00024914754766751005
68655,2023,940.87290852064,1926.5980583056798,0.0006862824717950692,0.0007008343179525338,303.2067464786081,613.4064966649039,0.0002573989705788209,0.0002469021220728607
68655,2024,940.87290852064,1926.5980583056798,0.0006798555917067971,0.0006947647531530743,303.2067464786081,613.4064966649039,0.00025485739124847767,0.00024466595948319675
68655,2025,940.87290852064,1926.5980583056798,0.0006742807110733137,0.0006895018141006256,303.2067464786081,613.4064966649039,0.00025264247562180634,0.00024272010182032426
68669,2021,1213.6140005483328,2188.392864394654,0.0010045263533248262,0.0009075885444515019,359.7111740173277,664.6414601210025,0.0003062692797616009,0.00027660160858147804
68669,2022,1213.6140005483328,2188.392864394654,0.0009955535002892956,0.000899738898530412,359.7111740173277,664.6414601210025,0.00030352537980699105,0.0002741918797630039
68669,2023,1213.6140005483328,2188.392864394654,0.0009875247317897734,0.0008927769573820683,359.7111740173277,664.6414601210025,0.00030106034668339,0.00027205047374479873
68669,2024,1213.6140005483328,2188.392864394654,0.0009792940855309251,0.000885597519038402,359.7111740173277,664.6414601210025,0.0002985408271939548,0.0002698433695464502
68669,2025,1213.6140005483328,2188.392864394654,0.0009722507894726982,0.000879454426105204,359.7111740173277,664.6414601210025,0.00029638624832286015,0.00026795427555156934
68673,2021,724.5659759361643,1626.1296236675084,0.0008706563923472671,0.0009530237262848646,216.3689664435847,476.93014223645724,0.0003035308249119435,0.000309641023351665
68673,2022,724.5659759361643,1626.1296236675084,0.0008628169885392673,0.0009444494595774207,216.3689664435847,476.93014223645724,0.0003008556530400411,0.0003068719639077071
68673,2023,724.5659759361643,1626.1296236675084,0.0008559924468582779,0.0009368760064111494,216.3689664435847,476.93014223645724,0.00029854032423910163,0.0003044303237233151
68673,2024,724.5659759361643,1626.1296236675084,0.0008487638677338618,0.000928890679721785,216.3689664435847,476.93014223645724,0.0002960844394189153,0.000301858511061045
68673,2025,724.5659759361643,1626.1296236675084,0.0008422768074391576,0.0009216738714611379,216.3689664435847,476.93014223645724,0.00029389198657238526,0.00029954357907067394
68679,2021,1140.4562346942103,2324.966364328054,0.00092841900075381,0.001017184177077713,341.77835245902884,696.2650270923575,0.0003057656118475631,0.00033018337363017964
68679,2022,1140.4562346942103,2324.966364328054,0.0009173382467225111,0.0010069423749671893,341.77835245902884,696.2650270923575,0.00030209925460529036,0.00032684932390881306
68679,2023,1140.4562346942103,2324.966364328054,0.0009071785090402087,0.0009977472369827665,341.77835245902884,696.2650270923575,0.00029873333713144855,0.0003238524346043052
68679,2024,1140.4562346942103,2324.966364328054,0.0008970969865944433,0.0009883980178517768,341.77835245902884,696.2650270923575,0.00029539929441802567,0.00032081013522286924
68679,2025,1140.4562346942103,2324.966364328054,0.0008881100882307053,0.0009801363511216998,341.77835245902884,696.2650270923575,0.0002924204009498307,0.00031812286772502167
68682,2021,900.5284549091929,2104.775711483608,0.0007182395778711103,0.0008501422986308592,269.5149363960744,632.5285323188926,0.00025147570360777895,0.00027118947104275804
68682,2022,900.5284549091929,2104.775711483608,0.0007105650198945114,0.0008420888957127012,269.5149363960744,632.5285323188926,0.00024884085343862246,0.00026862399527055294
68682,2023,900.5284549091929,2104.775711483608,0.0007034829531605896,0.0008348825570208493,269.5149363960744,632.5285323188926,0.00024640690429432064,0.0002663243307761121
68682,2024,900.5284549091929,2104.775711483608,0.0006963285738842667,0.0008274605017915754,269.5149363960744,632.5285323188926,0.00024394664783742226,0.0002639561918271996
68682,2025,900.5284549091929,2104.775711483608,0.0006901132937643784,0.0008209117782399068,269.5149363960744,632.5285323188926,0.0002418159976625011,0.0002618746497495345
68684,2021,890.9636923673042,1882.936567760219,0.0006325478411883963,0.0007169493486575497,266.6437438503617,566.2704219873981,0.00022326014901894703,0.000234415714640111
68684,2022,890.9636923673042,1882.936567760219,0.000626285719973956,0.000710443346618285,266.6437438503617,566.2704219873981,0.00022107036447834838,0.00023229060286103972
68684,2023,890.9636923673042,1882.936567760219,0.0006205532962342533,0.0007046351868796837,266.6437438503617,566.2704219873981,0.0002190556676273688,0.00023038915538646214
68684,2024,890.9636923673042,1882.936567760219,0.000614774790200528,0.0006986601941507608,266.6437438503617,566.2704219873981,0.00021702642607826123,0.00022843164860259142
68684,2025,890.9636923673042,1882.936567760219,0.0006098228240760678,0.000693482496348954,266.6437438503617,566.2704219873981,0.00021529366816430738,0.0002267409591049976
68686,2021,731.4501996262595,1701.4104522346672,0.0005874803224980836,0.000702576671010816,221.53071709000525,513.2324303710869,0.0002388692880103751,0.00024562200292429305
68686,2022,731.4501996262595,1701.4104522346672,0.0005820799148263134,0.000696291801205526,221.53071709000525,513.2324303710869,0.00023678104947409697,0.00024345909759215098
68686,2023,731.4501996262595,1701.4104522346672,0.0005770786988093374,0.0006906685306548059,221.53071709000525,513.2324303710869,0.0002348507021225187,0.0002415213249258253
68686,2024,731.4501996262595,1701.4104522346672,0.000571948661027667,0.0006848414957281635,221.53071709000525,513.2324303710869,0.00023285915811810468,0.00023950368956474354
68686,2025,731.4501996262595,1701.4104522346672,0.0005676596619178094,0.0006798197579374244,221.53071709000525,513.2324303710869,0.00023121038930749694,0.00023777757406679017
68689,2021,1083.7355084244264,2051.666569083155,0.000916998350505612,0.000830200274591245,346.6406484379867,644.3257586030769,0.0003196701736653711,0.0002882553572330162
68689,2022,1083.7355084244264,2051.666569083155,0.00090776183876053,0.0008225405129439746,346.6406484379867,644.3257586030769,0.00031634862154516585,0.00028554513056430574
68689,2023,1083.7355084244264,2051.666569083155,0.000899470842693798,0.0008157242650888175,346.6406484379867,644.3257586030769,0.0003133530998879994,0.000283127196748125
68689,2024,1083.7355084244264,2051.666569083155,0.0008911645178022113,0.0008087884093132913,346.6406484379867,644.3257586030769,0.00031037437599084553,0.00028067813086627043
68689,2025,1083.7355084244264,2051.666569083155,0.0008839102154007905,0.0008027736049773855,346.6406484379867,644.3257586030769,0.00030776047251956413,0.00027854771365971637
68705,2021,1702.4122554545022,2528.452590485659,0.0016852928946251827,0.0016256548995250773,498.1294853462241,762.8504110309453,0.0004895800839238535,0.0004767735959812401
68705,2022,1702.4122554545022,2528.452590485659,0.001671947139108759,0.001612459206160248,498.1294853462241,762.8504110309453,0.00048567352698929443,0.0004728812491761138
68705,2023,1702.4122554545022,2528.452590485659,0.0016602956441183515,0.0016008926662107305,498.1294853462241,762.8504110309453,0.00048225607347834355,0.00046946463993721737
68705,2024,1702.4122554545022,2528.452590485659,0.001648062121025918,0.001588817828954065,498.1294853462241,762.8504110309453,0.00047867546925406764,0.00046590228875846037
68705,2025,1702.4122554545022,2528.452590485659,0.0016376917831110037,0.0015785613336462326,498.1294853462241,762.8504110309453,0.0004756383841146104,0.0004628747967133144
68720,2021,759.381139994992,1966.0060383663424,0.0005030223958938062,0.0005984245861499555,238.40084603262937,596.8961136165424,0.00023847898647400622,0.00022976316621395955
68720,2022,759.381139994992,1966.0060383663424,0.0004976254728393324,0.0005925775153674577,238.40084603262937,596.8961136165424,0.00023595188317188635,0.0002275142335876819
68720,2023,759.381139994992,1966.0060383663424,0.0004927852909252295,0.0005873565467297528,238.40084603262937,596.8961136165424,0.00023368644657270092,0.00022550499539325612
68720,2024,759.381139994992,1966.0060383663424,0.00048791418055979833,0.0005820099723569126,238.40084603262937,596.8961136165424,0.00023141232049897915,0.00022345582674004904
68720,2025,759.381139994992,1966.0060383663424,0.000483539745886659,0.0005772358348849818,238.40084603262937,596.8961136165424,0.00022936641510330313,0.0002216289255359954
68745,2021,721.0702712730664,1722.2286100338765,0.0005325060556839891,0.0006145727723106295,234.06040440668673,535.8759085426332,0.00024081094618086951,0.00023467935649022217
68745,2022,721.0702712730664,1722.2286100338765,0.0005264833056302205,0.0006087470877098658,234.06040440668673,535.8759085426332,0.00023807670084714027,0.00023241661941651577
68745,2023,721.0702712730664,1722.2286100338765,0.0005209743984818163,0.0006035413297117491,234.06040440668673,535.8759085426332,0.00023557319666767454,0.0002303897250192938
68745,2024,721.0702712730664,1722.2286100338765,0.0005156560236245509,0.0005982656276443145,234.06040440668673,535.8759085426332,0.00023315672056694258,0.00022834443729571405
68745,2025,721.0702712730664,1722.2286100338765,0.0005108823532935863,0.0005936560045338092,234.06040440668673,535.8759085426332,0.0002309815370281139,0.00022655074872704703
68755,2021,1023.7331481276553,2254.8516717552434,0.0007535463356021075,0.0009155345859923417,309.26978762111963,676.3195430058715,0.000259824357682577,0.0002991708932057179
68755,2022,1023.7331481276553,2254.8516717552434,0.0007440115035264394,0.000906314761595806,309.26978762111963,676.3195430058715,0.00025658918403116747,0.0002961548178380571
68755,2023,1023.7331481276553,2254.8516717552434,0.0007352920630972966,0.0008980474903757061,309.26978762111963,676.3195430058715,0.00025363056848794473,0.0002934470708459462
68755,2024,1023.7331481276553,2254.8516717552434,0.0007266899522514081,0.0008896370780169202,309.26978762111963,676.3195430058715,0.0002507101834103019,0.0002906969247331988
68755,2025,1023.7331481276553,2254.8516717552434,0.0007189323420558564,0.0008821854487423372,309.26978762111963,676.3195430058715,0.00024807490475763853,0.00028826116184338055
68770,2021,889.6592535314751,2090.985346753747,0.0007121724606397375,0.0008319899688389543,261.79733354331097,617.8349042269647,0.00024249091261814625,0.0002637729958573781
68770,2022,889.6592535314751,2090.985346753747,0.0007048564669173597,0.0008242441179324636,261.79733354331097,617.8349042269647,0.00024003206361298117,0.00026132419335166666
68770,2023,889.6592535314751,2090.985346753747,0.0006983710817299989,0.0008173683697152468,261.79733354331097,617.8349042269647,0.00023785883933847757,0.00025915216414613854
68770,2024,889.6592535314751,2090.985346753747,0.0006916646586702086,0.0008101664942839823,261.79733354331097,617.8349042269647,0.0002356124255299482,0.0002568812915193749
68770,2025,889.6592535314751,2090.985346753747,0.0006855817972338271,0.0008036406431526913,261.79733354331097,617.8349042269647,0.000233581942846955,0.00025483109644024556
68773,2021,552.8481472497708,1441.4997459623964,0.0005290028640571387,0.0005855232239610883,161.15523547242464,400.65023383176396,0.00020405256232212536,0.00020237455972136774
68773,2022,552.8481472497708,1441.4997459623964,0.0005260700733064355,0.0005808514266556938,161.15523547242464,400.65023383176396,0.0002029241684514628,0.00020077156894764635
68773,2023,552.8481472497708,1441.4997459623964,0.0005236039404340653,0.000576738376939702,161.15523547242464,400.65023383176396,0.00020198319722673975,0.00019936418870244418
68773,2024,552.8481472497708,1441.4997459623964,0.0005207777790710674,0.000572305391103431,161.15523547242464,400.65023383176396,0.00020090650657793882,0.0001978447410413796
68773,2025,552.8481472497708,1441.4997459623964,0.0005184374125500559,0.0005683764508365994,161.15523547242464,400.65023383176396,0.00020001566845682998,0.00019650482103163703
68780,2021,1439.358063234568,2701.4295802859156,0.0006327418251443087,0.000795225396885873,425.94262650577485,793.4656855273792,0.00020295612895292214,0.0002457308846271635
68780,2022,1439.358063234568,2701.4295802859156,0.0006275980524189433,0.0007884335469665905,425.94262650577485,793.4656855273792,0.00020130211398931402,0.00024355891080186202
68780,2023,1439.358063234568,2701.4295802859156,0.0006230819874904318,0.0007824339876994553,425.94262650577485,793.4656855273792,0.00019984927124838906,0.00024163462301014012
68780,2024,1439.358063234568,2701.4295802859156,0.0006184501656321725,0.0007765453005720918,425.94262650577485,793.4656855273792,0.00019836065442100037,0.00023973722715123991
68780,2025,1439.358063234568,2701.4295802859156,0.0006145578876916735,0.0007716773172837722,425.94262650577485,793.4656855273792,0.00019710934276915009,0.0002381521431811773
68820,2021,1970.4923484191088,2947.667943071102,0.001497849883985118,0.0014931322054146461,579.3078961453949,867.6955116385764,0.0004410187995038955,0.0004450175779408516
68820,2022,1970.4923484191088,2947.667943071102,0.0014864830117422958,0.0014810272916732507,579.3078961453949,867.6955116385764,0.00043766708382382617,0.00044138421349271956
68820,2023,1970.4923484191088,2947.667943071102,0.001476620111774531,0.0014704202437642044,579.3078961453949,867.6955116385764,0.00043475713280806877,0.0004381967463142574
68820,2024,1970.4923484191088,2947.667943071102,0.0014662036988519881,0.0014593789347302198,579.3078961453949,867.6955116385764,0.00043168699793782035,0.0004348842409978703
68820,2025,1970.4923484191088,2947.667943071102,0.0014574434405126987,0.0014500250508127242,579.3078961453949,867.6955116385764,0.0004291052075236655,0.0004320755936952819
68855,2021,1019.0567130591954,2243.518382670462,0.0011325556481177077,0.001132033477021323,304.4266303520279,669.797202871459,0.0003480501677305202,0.0003439145989890622
68855,2022,1019.0567130591954,2243.518382670462,0.0011189353899376372,0.0011207780606468452,304.4266303520279,669.797202871459,0.00034385602033708154,0.0003404928016426237
68855,2023,1019.0567130591954,2243.518382670462,0.0011064951276301318,0.0011107029770427422,304.4266303520279,669.797202871459,0.0003400144800692017,0.0003374251118629672
68855,2024,1019.0567130591954,2243.518382670462,0.0010940815519207042,0.001100386920456041,304.4266303520279,669.797202871459,0.00033619107517266373,0.0003342875823774119
68855,2025,1019.0567130591954,2243.518382670462,0.001082903023272676,0.0010911835166918164,304.4266303520279,669.797202871459,0.0003327505993842197,0.00033149539534273415
68861,2021,675.4148910628815,1844.3124445625904,0.0006160904735702016,0.0007932945597734404,210.4953916250449,555.968771783301,0.00026608936310512003,0.00028418491378282647
68861,2022,675.4148910628815,1844.3124445625904,0.0006109930032992001,0.0007861415842232109,210.4953916250449,555.968771783301,0.00026388134516213405,0.00028161723763370526
68861,2023,675.4148910628815,1844.3124445625904,0.0006065631032566275,0.0007798101111729276,210.4953916250449,555.968771783301,0.00026196532142273816,0.0002793461202378947
68861,2024,675.4148910628815,1844.3124445625904,0.0006019322752870517,0.0007731835594054001,210.4953916250449,555.968771783301,0.00025996561265998836,0.0002769777724108112
68861,2025,675.4148910628815,1844.3124445625904,0.0005978293151008749,0.0007672753656148843,210.4953916250449,555.968771783301,0.00025819219914018543,0.00027487002792670785
68867,2021,1606.4176305824894,2788.63897583244,0.000718357968629341,0.0007263214092988088,470.8512424634282,814.5527673146917,0.00021365725136175814,0.0002233692042541405
68867,2022,1606.4176305824894,2788.63897583244,0.0007124797955508697,0.0007200159020605238,470.8512424634282,814.5527673146917,0.0002119282600478727,0.00022141551249807114
68867,2023,1606.4176305824894,2788.63897583244,0.0007073163933658564,0.0007144330228382708,470.8512424634282,814.5527673146917,0.00021041124167697507,0.00021968459535182073
68867,2024,1606.4176305824894,2788.63897583244,0.000702021823072282,0.0007087755111559239,470.8512424634282,814.5527673146917,0.00020885108662872947,0.00021793083183612206
68867,2025,1606.4176305824894,2788.63897583244,0.0006975774236921544,0.000703994091988942,470.8512424634282,814.5527673146917,0.00020754137014842197,0.0002164458575613228
68872,2021,1275.116733217675,2312.0566645548834,0.0010281636425333368,0.0010178359031488649,384.12321382874296,699.1193067604878,0.0003310408905626883,0.0003290498856502945
68872,2022,1275.116733217675,2312.0566645548834,0.0010172292406865537,0.0010080460816236701,384.12321382874296,699.1193067604878,0.0003274964869659909,0.00032586902740424034
68872,2023,1275.116733217675,2312.0566645548834,0.001007343303418382,0.000999298419912978,384.12321382874296,699.1193067604878,0.0003242844600251312,0.00032302250412896406
68872,2024,1275.116733217675,2312.0566645548834,0.0009974102471373312,0.0009903679100248578,384.12321382874296,699.1193067604878,0.00032106493244131397,0.000320122584204471
68872,2025,1275.116733217675,2312.0566645548834,0.0009886395100681161,0.0009825349896037648,384.12321382874296,699.1193067604878,0.0003182170696405165,0.00031757927165626667
68895,2021,1428.4917004765625,2367.7820207998493,0.0009624185837241067,0.0008645216412453526,436.91451284266924,727.9932079209414,0.0003308922315003468,0.00029679541293775623
68895,2022,1428.4917004765625,2367.7820207998493,0.0009527969109563297,0.0008565750844986793,436.91451284266924,727.9932079209414,0.00032750216820736646,0.00029402066881519825
68895,2023,1428.4917004765625,2367.7820207998493,0.0009441649492730776,0.0008495035493571988,436.91451284266924,727.9932079209414,0.00032445105832926987,0.00029154605664274833
68895,2024,1428.4917004765625,2367.7820207998493,0.0009354959550453013,0.0008422946916347584,436.91451284266924,727.9932079209414,0.0003214024050026518,0.00028903160322490105
68895,2025,1428.4917004765625,2367.7820207998493,0.0009279410422665859,0.0008360629560935241,436.91451284266924,727.9932079209414,0.0003187354853874172,0.00028685129765202436
70001,2021,909.5989401913611,1418.5182228650976,0.0011265906303767025,0.0010731943097455417,506.30765405925484,800.6384600817588,0.0006249245489968824,0.0006005133076722192
70001,2022,909.5989401913611,1418.5182228650976,0.0011083382959070185,0.0010561756962579375,506.30765405925484,800.6384600817588,0.0006148474103308095,0.0005910432435665632
70001,2023,909.5989401913611,1418.5182228650976,0.0010914405231370937,0.001040425038972316,506.30765405925484,800.6384600817588,0.0006055213040068719,0.0005822810019546771
70001,2024,909.5989401913611,1418.5182228650976,0.001075027573449174,0.00102512736529953,506.30765405925484,800.6384600817588,0.0005964626095670722,0.0005737712754506358
70001,2025,909.5989401913611,1418.5182228650976,0.001059983792091968,0.0010111188693835908,506.30765405925484,800.6384600817588,0.0005881626626420272,0.0005659813565727146
70110,2021,516.5687148690015,974.115576162096,0.0007625770228265637,0.0006928158201930031,308.7751543348901,589.3132466256212,0.00045671834930330324,0.0004242102260349657
70110,2022,516.5687148690015,974.115576162096,0.000751135254350308,0.0006825085133436152,308.7751543348901,589.3132466256212,0.0004498935255341514,0.0004179363193106333
70110,2023,516.5687148690015,974.115576162096,0.0007406650477588583,0.0006730584207387997,308.7751543348901,589.3132466256212,0.0004436518244031214,0.0004121896458905094
70110,2024,516.5687148690015,974.115576162096,0.000730383838909875,0.0006638334921904868,308.7751543348901,589.3132466256212,0.00043751969806388023,0.00040657916081568164
70110,2025,516.5687148690015,974.115576162096,0.0007210096650807742,0.0006554344555250233,308.7751543348901,589.3132466256212,0.00043193062711827,0.0004014750587560711
70124,2021,543.1477364090094,1182.2042619237454,0.0004528252664931546,0.0005666432728083529,307.2133626038237,661.8141054016471,0.000294965462103617,0.0003433845732088334
70124,2022,543.1477364090094,1182.2042619237454,0.00044651319782472595,0.0005580102373261924,307.2133626038237,661.8141054016471,0.00029089337106489156,0.0003382305747513275
70124,2023,543.1477364090094,1182.2042619237454,0.0004406901180721857,0.000549975729556177,307.2133626038237,661.8141054016471,0.0002871372684315302,0.00033344054647400153
70124,2024,543.1477364090094,1182.2042619237454,0.0004350710051185053,0.0005422353447706414,307.2133626038237,661.8141054016471,0.0002835157860061175,0.00032882662859312
70124,2025,543.1477364090094,1182.2042619237454,0.0004299517191873377,0.0005351363503961152,307.2133626038237,661.8141054016471,0.000280217180094697,0.000324599649810403
70204,2021,834.8796029507638,1719.3407231327296,0.0008336536679352826,0.0008255029129973255,447.0550642039209,891.0702788940874,0.0004791892308025144,0.000478317674312009
70204,2022,834.8796029507638,1719.3407231327296,0.0008203833352030607,0.0008127326317190392,447.0550642039209,891.0702788940874,0.0004716309671961018,0.00047097463260562536
70204,2023,834.8796029507638,1719.3407231327296,0.0008081279597287236,0.0008009467046973605,447.0550642039209,891.0702788940874,0.0004646551035032849,0.0004642022602006457
70204,2024,834.8796029507638,1719.3407231327296,0.0007961811912446966,0.0007894653610754145,447.0550642039209,891.0702788940874,0.0004578519983326572,0.00045760213733277535
70204,2025,834.8796029507638,1719.3407231327296,0.0007852368876729609,0.0007789697981292462,447.0550642039209,891.0702788940874,0.0004516233235626559,0.00045157235966119446
70215,2021,777.9353187161935,1339.208244211406,0.0009868092042175883,0.0009226531027054479,439.28086770805777,766.0018184691728,0.0005507323111476905,0.0005194580185570783
70215,2022,777.9353187161935,1339.208244211406,0.0009710304174953944,0.0009082160125524778,439.28086770805777,766.0018184691728,0.0005419722382581373,0.0005113785816836337
70215,2023,777.9353187161935,1339.208244211406,0.0009564449214219395,0.0008948703718181173,439.28086770805777,766.0018184691728,0.0005338783934520576,0.0005039125868924837
70215,2024,777.9353187161935,1339.208244211406,0.0009422479630359638,0.0008818982935182964,439.28086770805777,766.0018184691728,0.000525997637958813,0.000496655296323131
70215,2025,777.9353187161935,1339.208244211406,0.0009292490378528225,0.0008700333151482118,439.28086770805777,766.0018184691728,0.0005187846166415592,0.0004900198287474101
70221,2021,799.3443379113821,1662.8012729254294,0.0007784738124222652,0.0007454676863930538,430.6435331091322,858.9229129975012,0.00044428484259368794,0.0004234697742713621
70221,2022,799.3443379113821,1662.8012729254294,0.0007659335230976955,0.00073369592912984,430.6435331091322,858.9229129975012,0.00043717823765918653,0.0004168227743182294
70221,2023,799.3443379113821,1662.8012729254294,0.0007543305459401502,0.0007228018742920434,430.6435331091322,858.9229129975012,0.0004306049792285048,0.0004106726720755646
70221,2024,799.3443379113821,1662.8012729254294,0.0007430794083304138,0.0007122320237712649,430.6435331091322,858.9229129975012,0.0004242339658962605,0.0004047076111669612
70221,2025,799.3443379113821,1662.8012729254294,0.0007327752226203069,0.0007025576283994755,430.6435331091322,858.9229129975012,0.00041840252496253217,0.00039925018146748684
70230,2021,763.0182903516056,1532.6821903396701,0.0008346169040439514,0.0008159427267820996,410.3003599754086,800.362054766046,0.00048071891111364036,0.0004726441746680456
70230,2022,763.0182903516056,1532.6821903396701,0.0008213599664909439,0.0008033395243318277,410.3003599754086,800.362054766046,0.00047315995953266373,0.00046540494764003984
70230,2023,763.0182903516056,1532.6821903396701,0.0008091180612205063,0.0007917120138812085,410.3003599754086,800.362054766046,0.00046618432388132873,0.0004587314025735989
70230,2024,763.0182903516056,1532.6821903396701,0.0007971829567103429,0.000780379807527673,410.3003599754086,800.362054766046,0.0004593802194227819,0.0004522237900935399
70230,2025,763.0182903516056,1532.6821903396701,0.000786251456435512,0.0007700226307057259,410.3003599754086,800.362054766046,0.00045315236541628747,0.00044628022288432543
70233,2021,642.4668930294604,1229.9243550439983,0.0006220750549959624,0.0006009995322152345,368.13738746045254,708.2767404034131,0.00036697381025692263,0.00036146887910389216
70233,2022,642.4668930294604,1229.9243550439983,0.0006124957973719185,0.0005919053111211823,368.13738746045254,708.2767404034131,0.00036136213743737637,0.0003560480976453858
70233,2023,642.4668930294604,1229.9243550439983,0.000603654920894054,0.000583510858010657,368.13738746045254,708.2767404034131,0.00035618582379610253,0.00035104711343486377
70233,2024,642.4668930294604,1229.9243550439983,0.0005950547381641723,0.0005753638563073451,368.13738746045254,708.2767404034131,0.00035114935108672434,0.0003461952668777785
70233,2025,642.4668930294604,1229.9243550439983,0.0005871995815846553,0.0005679284888484561,368.13738746045254,708.2767404034131,0.0003465513739382754,0.00034176971840125153
70235,2021,565.1259587676564,1160.4783552811064,0.0007712360423847065,0.0007086585165234185,330.58811093564066,676.9473305225539,0.00045145885593045565,0.0004253746960072094
70235,2022,565.1259587676564,1160.4783552811064,0.0007595211886560503,0.0006980121664405933,330.58811093564066,676.9473305225539,0.00044463463107472455,0.0004190234731744867
70235,2023,565.1259587676564,1160.4783552811064,0.0007487691526370557,0.0006882300393176845,330.58811093564066,676.9473305225539,0.00043837554719359584,0.00041319269579678
70235,2024,565.1259587676564,1160.4783552811064,0.0007382440535079383,0.0006786962165829111,330.58811093564066,676.9473305225539,0.00043224510027257864,0.00040750992204573476
70235,2025,565.1259587676564,1160.4783552811064,0.000728640469358807,0.0006700065730492094,330.58811093564066,676.9473305225539,0.0004266536918012057,0.0004023337192024256
70265,2021,190.7423786868062,477.02026973356516,0.0002762131569734977,0.00036832953194403865,102.83886966960746,250.07144772096174,0.00020313528300156723,0.00020697786468845398
70265,2022,190.7423786868062,477.02026973356516,0.00027305060699006075,0.0003642945036495808,102.83886966960746,250.07144772096174,0.0002008071267764342,0.0002045699635853497
70265,2023,190.7423786868062,477.02026973356516,0.0002701604039254206,0.0003606173412930676,102.83886966960746,250.07144772096174,0.0001986786801228916,0.0002023755376410434
70265,2024,190.7423786868062,477.02026973356516,0.0002674189213063508,0.0003571494463225125,102.83886966960746,250.07144772096174,0.00019666052727278436,0.00020029121393665245
70265,2025,190.7423786868062,477.02026973356516,0.00026494968513758827,0.000354009238553884,102.83886966960746,250.07144772096174,0.00019484152478362423,0.00019840848766050978
70400,2021,638.8700848268857,1266.2256398859042,0.0005893557110988623,0.000701659727284385,356.138947168899,701.6146996504217,0.0003434076892879076,0.0004028032417976467
70400,2022,638.8700848268857,1266.2256398859042,0.0005804589306131318,0.0006907983057590763,356.138947168899,701.6146996504217,0.0003382773485500517,0.00039662897751569366
70400,2023,638.8700848268857,1266.2256398859042,0.0005721883214934067,0.0006806748730567764,356.138947168899,701.6146996504217,0.0003335090311261886,0.00039087873760747347
70400,2024,638.8700848268857,1266.2256398859042,0.0005642336921576532,0.0006709298735049745,356.138947168899,701.6146996504217,0.0003289254786701047,0.0003853443818560809
70400,2025,638.8700848268857,1266.2256398859042,0.0005569557502124204,0.000661988652006162,356.138947168899,701.6146996504217,0.0003247334314036864,0.0003802695458354719
70418,2021,807.8737214717481,1674.5770467475822,0.0009331485594712826,0.0009064834146210194,441.67459199407057,884.7061836083212,0.0005320115573346746,0.0005218126064281899
70418,2022,807.8737214717481,1674.5770467475822,0.000918295077690968,0.0008923945299946423,441.67459199407057,884.7061836083212,0.000523598996933224,0.0005137544503767643
70418,2023,807.8737214717481,1674.5770467475822,0.0009045900767581693,0.0008793921076922453,441.67459199407057,884.7061836083212,0.0005158410535550765,0.0005063219350651922
70418,2024,807.8737214717481,1674.5770467475822,0.0008912181722029661,0.0008667309859171247,441.67459199407057,884.7061836083212,0.0005082687621437704,0.000499082464212489
70418,2025,807.8737214717481,1674.5770467475822,0.0008789788091519036,0.0008551581336108096,441.67459199407057,884.7061836083212,0.000501341130587298,0.0004924686311017969
70429,2021,249.99530080793704,653.6140757401475,0.0002990519116178448,0.00036042753954423234,141.7633082785955,354.7122534823833,0.00022959563738592282,0.00022889496858444612
70429,2022,249.99530080793704,653.6140757401475,0.00029540681548968133,0.00035613104142113425,141.7633082785955,354.7122534823833,0.00022682043362459213,0.00022606554823780288
70429,2023,249.99530080793704,653.6140757401475,0.0002920660276126028,0.0003522035820579118,141.7633082785955,354.7122534823833,0.00022427826242908813,0.00022348109446355605
70429,2024,249.99530080793704,653.6140757401475,0.0002888968235314131,0.00034846962963959194,141.7633082785955,354.7122534823833,0.00022187028208319148,0.0002210162135973016
70429,2025,249.99530080793704,653.6140757401475,0.0002860369466967334,0.00034509424363419127,141.7633082785955,354.7122534823833,0.00021969740655440368,0.00021879189871204136
70473,2021,909.053565494722,1742.4020728743462,0.0010490602475548823,0.0010675607710722214,492.44094381567294,915.5277748050308,0.0005818064997557562,0.0006005968580454661
70473,2022,909.053565494722,1742.4020728743462,0.0010319890022268633,0.0010507053042242479,492.44094381567294,915.5277748050308,0.0005723873157332282,0.0005911672786418547
70473,2023,909.053565494722,1742.4020728743462,0.001016194727844399,0.0010351249890302814,492.44094381567294,915.5277748050308,0.0005636759351922843,0.0005824551443902969
70473,2024,909.053565494722,1742.4020728743462,0.0010008222024615067,0.0010199695823994142,492.44094381567294,915.5277748050308,0.0005551954858021598,0.000573979218929198
70473,2025,909.053565494722,1742.4020728743462,0.000986731529040318,0.001006100167922173,492.44094381567294,915.5277748050308,0.0005474254637452857,0.0005662259228889257
70508,2021,721.3949679976836,1501.3274533485983,0.0005302078657402628,0.000543302713397046,394.76415848574555,795.8703632680108,0.0003282568778504386,0.0003350926872821594
70508,2022,721.3949679976836,1501.3274533485983,0.0005220508887993293,0.0005352389202005687,394.76415848574555,795.8703632680108,0.0003232536999474535,0.0003301469844230738
70508,2023,721.3949679976836,1501.3274533485983,0.0005145399663758972,0.0005278255201462491,394.76415848574555,795.8703632680108,0.0003186498704806255,0.0003256034269931912
70508,2024,721.3949679976836,1501.3274533485983,0.0005071964451397235,0.0005205825348029348,394.76415848574555,795.8703632680108,0.0003141465213147693,0.0003211616948349266
70508,2025,721.3949679976836,1501.3274533485983,0.0005004856841467751,0.0005139839438693168,394.76415848574555,795.8703632680108,0.00031003388224913657,0.00031711750005721743
70523,2021,813.6155114481246,1357.1053861595599,0.001116366872770572,0.0010361460467253117,456.2095627581674,764.2294379441645,0.0006296391393017472,0.0005843339710154008
70523,2022,813.6155114481246,1357.1053861595599,0.0010983283035557179,0.0010197087145704417,456.2095627581674,764.2294379441645,0.0006195210196975843,0.0005751170466659352
70523,2023,813.6155114481246,1357.1053861595599,0.001081623946284591,0.0010044940107684518,456.2095627581674,764.2294379441645,0.0006101537146513614,0.0005665877158760724
70523,2024,813.6155114481246,1357.1053861595599,0.0010654195434674964,0.000989726788080287,456.2095627581674,764.2294379441645,0.0006010690380479633,0.0005583106141633374
70523,2025,813.6155114481246,1357.1053861595599,0.001050567032023928,0.0009762036665880469,456.2095627581674,764.2294379441645,0.0005927458648649004,0.0005507337987811776
70670,2021,832.7853116480073,1384.066526090998,0.0009385076154801857,0.0010199171996937311,466.96883589184506,784.3697478991896,0.0005222983046796764,0.0005696987770523218
70670,2022,832.7853116480073,1384.066526090998,0.0009233933343060557,0.0010036650951395873,466.96883589184506,784.3697478991896,0.0005139184600430854,0.0005606769060638304
70670,2023,832.7853116480073,1384.066526090998,0.0009093894827056487,0.0009885764133289484,466.96883589184506,784.3697478991896,0.0005061549399390305,0.000552305048795588
70670,2024,832.7853116480073,1384.066526090998,0.0008958064543985783,0.0009739603559235367,466.96883589184506,784.3697478991896,0.0004986264942393721,0.0005441951054509307
70670,2025,832.7853116480073,1384.066526090998,0.0008833719237757325,0.00096056185535321,466.96883589184506,784.3697478991896,0.0004917367805394203,0.0005367643719481733
70678,2021,469.17896477032747,1086.7789190385336,0.0004243583620466615,0.00042736864900234066,270.8494550827548,616.5460782597991,0.00027091198647420027,0.00026990329264587064
70678,2022,469.17896477032747,1086.7789190385336,0.0004183671626185861,0.0004211658314792325,270.8494550827548,616.5460782597991,0.00026712146459363087,0.00026603347395708505
70678,2023,469.17896477032747,1086.7789190385336,0.00041285643721502646,0.00041545304296512314,270.8494550827548,616.5460782597991,0.0002636360830051881,0.0002624718599706952
70678,2024,469.17896477032747,1086.7789190385336,0.0004075217604877688,0.00040992441714560754,270.8494550827548,616.5460782597991,0.0002602654555823881,0.0002590279188641929
70678,2025,469.17896477032747,1086.7789190385336,0.00040266785282761744,0.0004048922804941015,270.8494550827548,616.5460782597991,0.0002571998983614418,0.0002558958030615195
70702,2021,752.5659858797504,1326.7252372468374,0.0010195640619491979,0.0009638108298987199,427.56369494038375,762.4926244348304,0.000573627260262494,0.0005512129189089709
70702,2022,752.5659858797504,1326.7252372468374,0.0010033312016612878,0.0009487752308797362,427.56369494038375,762.4926244348304,0.0005645469055978903,0.0005426660678649074
70702,2023,752.5659858797504,1326.7252372468374,0.000988335339086804,0.0009348882002851589,427.56369494038375,762.4926244348304,0.000556162565899073,0.0005347762344173313
70702,2024,752.5659858797504,1326.7252372468374,0.0009737226799270127,0.0009213775142672951,427.56369494038375,762.4926244348304,0.0005479895967622215,0.000527098709004211
70702,2025,752.5659858797504,1326.7252372468374,0.0009603479252255435,0.0009090245946941632,427.56369494038375,762.4926244348304,0.0005405123546513408,0.0005200822430137344
70708,2021,487.9607811906787,1110.3835001343148,0.00042399889098409355,0.0006062860240654953,271.267880676032,609.4871892465948,0.0002773188587750496,0.00034256193242238384
70708,2022,487.9607811906787,1110.3835001343148,0.0004184456746754277,0.0005976321077749924,271.267880676032,609.4871892465948,0.00027371987150095356,0.00033758765868043
70708,2023,487.9607811906787,1110.3835001343148,0.0004132910983040567,0.0005895633834850045,271.267880676032,609.4871892465948,0.00027038245061501156,0.0003329524437874555
70708,2024,487.9607811906787,1110.3835001343148,0.00040837485144081724,0.0005818441457580015,271.267880676032,609.4871892465948,0.0002672003351117869,0.00032851014365940193
70708,2025,487.9607811906787,1110.3835001343148,0.0004038909092727167,0.0005747543408283412,271.267880676032,609.4871892465948,0.00026429919707003245,0.0003244334469203492
70713,2021,724.8417953196952,1527.9604215937857,0.0003894432815194832,0.00046766332261440237,361.58528509093037,759.0954376215378,0.00023999587914966974,0.00026248252594739
70713,2022,724.8417953196952,1527.9604215937857,0.00038379563917783797,0.0004616940375293951,361.58528509093037,759.0954376215378,0.00023657386081429329,0.0002590592382596066
70713,2023,724.8417953196952,1527.9604215937857,0.0003786156209905082,0.00045625579666305646,361.58528509093037,759.0954376215378,0.00023343851276281253,0.00025593691512486283
70713,2024,724.8417953196952,1527.9604215937857,0.0003735442008364259,0.0004509027069562812,361.58528509093037,759.0954376215378,0.0002303678074599145,0.0002528662400749236
70713,2025,724.8417953196952,1527.9604215937857,0.00036892792530009166,0.0004460829505994457,361.58528509093037,759.0954376215378,0.0002275757345192447,0.0002500961501746885
70717,2021,552.5810902424795,1012.1833397569043,0.0005796280572508283,0.0005689924651017787,327.6727533989448,610.0907540573774,0.0003491243169026723,0.00034942111612046414
70717,2022,552.5810902424795,1012.1833397569043,0.0005707659168539258,0.000560474124174614,327.6727533989448,610.0907540573774,0.00034381249443167896,0.0003442200502619668
70717,2023,552.5810902424795,1012.1833397569043,0.0005626324394697916,0.0005526517542892285,327.6727533989448,610.0907540573774,0.0003389407296286668,0.0003394486023082448
70717,2024,552.5810902424795,1012.1833397569043,0.000554662753699095,0.0005450188514698117,327.6727533989448,610.0907540573774,0.00033416402033887,0.0003347910212005069
70717,2025,552.5810902424795,1012.1833397569043,0.0005473935453144226,0.0005380690770724122,327.6727533989448,610.0907540573774,0.0003298095774630754,0.00033055379296807914
70742,2021,653.9240840512351,1242.844158668234,0.0006267113403659034,0.000626919035124498,377.47638321965013,721.5789175119655,0.0003719810883018543,0.00037948924866535317
70742,2022,653.9240840512351,1242.844158668234,0.0006170099698842065,0.000617426411640714,377.47638321965013,721.5789175119655,0.00036624795802116727,0.00037377638481445497
70742,2023,653.9240840512351,1242.844158668234,0.0006080862296186814,0.0006086870210099238,377.47638321965013,721.5789175119655,0.00036097680196061103,0.0003685202410300522
70742,2024,653.9240840512351,1242.844158668234,0.0005993615165407203,0.00060017579831378,377.47638321965013,721.5789175119655,0.0003558215012598723,0.0003634007527604593
70742,2025,653.9240840512351,1242.844158668234,0.0005913947321581498,0.0005924146203398248,377.47638321965013,721.5789175119655,0.0003511156321224182,0.0003587348354481578
70771,2021,323.6246869423175,751.5540213359244,0.00038135194826094274,0.00037788672820846734,193.59061522739452,438.41280445479657,0.0002601575463278897,0.00025383460867654405
70771,2022,323.6246869423175,751.5540213359244,0.00037626829685347444,0.0003727450373102269,193.59061522739452,438.41280445479657,0.0002567102591223247,0.00025040474863559836
70771,2023,323.6246869423175,751.5540213359244,0.00037162136614559446,0.00036804437608714416,193.59061522739452,438.41280445479657,0.00025355767342953437,0.00024727094068006407
70771,2024,323.6246869423175,751.5540213359244,0.00036713180942536515,0.00036351613868138125,193.59061522739452,438.41280445479657,0.00025051779294734376,0.0002442546584478262
70771,2025,323.6246869423175,751.5540213359244,0.0003630673907426179,0.00035943137520352386,193.59061522739452,438.41280445479657,0.000247766592128708,0.0002415359296832848
70820,2021,806.5994936283308,1694.4340263523136,0.0007734191395932653,0.0007336085216504897,427.78100537528826,870.46044133563,0.0004328888959880901,0.0004099009376866647
70820,2022,806.5994936283308,1694.4340263523136,0.0007610335723498187,0.0007221000187545117,427.78100537528826,870.46044133563,0.0004260136444756645,0.00040351313171540614
70820,2023,806.5994936283308,1694.4340263523136,0.0007495856294875138,0.0007114579734562888,427.78100537528826,870.46044133563,0.00041966226827719203,0.0003976082169966594
70820,2024,806.5994936283308,1694.4340263523136,0.0007384520427821756,0.0007011146167898135,427.78100537528826,870.46044133563,0.00041348437874469363,0.0003918687526501954
70820,2025,806.5994936283308,1694.4340263523136,0.0007282553428936335,0.0006916507701646846,427.78100537528826,870.46044133563,0.00040782949954227437,0.0003866196071004909
70823,2021,867.1639477461895,1735.6101593511341,0.0007807772864924029,0.0007828604438704894,463.98094486594164,899.364833458617,0.0004451648661519859,0.0004464817137868194
70823,2022,867.1639477461895,1735.6101593511341,0.000768223660952279,0.0007705893775128789,463.98094486594164,899.364833458617,0.0004380747768585228,0.0004395354587153079
70823,2023,867.1639477461895,1735.6101593511341,0.0007566205759504515,0.0007592497850836765,463.98094486594164,899.364833458617,0.00043152594914331514,0.00043311964355885935
70823,2024,867.1639477461895,1735.6101593511341,0.0007453254173955501,0.0007482203490867236,463.98094486594164,899.364833458617,0.00042514858625582294,0.0004268781057971332
70823,2025,867.1639477461895,1735.6101593511341,0.0007349777057541096,0.0007381299407772608,463.98094486594164,899.364833458617,0.0004193103343143663,0.00042117113460177636
73001,2021,3691.0023057346857,8776.60460767677,0.0018823821143669752,0.0017375716517420445,863.8668885014624,1851.846298254398,0.0005671139998055086,0.0004916635846025195
73001,2022,3691.0023057346857,8776.60460767677,0.0018717872548955014,0.0017270344977307667,863.8668885014624,1851.846298254398,0.0005639026458504773,0.0004886744452347251
73001,2023,3691.0023057346857,8776.60460767677,0.0018640638181026462,0.001719676865424125,863.8668885014624,1851.846298254398,0.0005615205650557615,0.00048654536635274064
73001,2024,3691.0023057346857,8776.60460767677,0.001853846542947286,0.0017096855118593234,863.8668885014624,1851.846298254398,0.000558411019387072,0.00048370145083640966
73001,2025,3691.0023057346857,8776.60460767677,0.0018454007907851564,0.0017015335359807445,863.8668885014624,1851.846298254398,0.0005558228045419347,0.0004813663409027353
73024,2021,413.93317266224847,1025.8116098327268,0.0006449481485618106,0.000536307636131133,124.6994857077091,313.52804963076267,0.00022150473050128316,0.00017251037777172903
73024,2022,413.93317266224847,1025.8116098327268,0.0006378735020488132,0.0005295975290760142,124.6994857077091,313.52804963076267,0.00021933416750486654,0.0001705070164936801
73024,2023,413.93317266224847,1025.8116098327268,0.0006315157671484557,0.000523464112055297,124.6994857077091,313.52804963076267,0.00021741324578451903,0.0001686857882934597
73024,2024,413.93317266224847,1025.8116098327268,0.0006246120016861272,0.0005169720820349479,124.6994857077091,313.52804963076267,0.0002152829833718163,0.00016674213294166177
73024,2025,413.93317266224847,1025.8116098327268,0.0006182590081396869,0.0005109616836566174,124.6994857077091,313.52804963076267,0.00021333147444006287,0.00016494817883462787
73026,2021,3923.502124968298,9895.740267223333,0.0005455061764343664,0.0007491061413476139,840.6190291439951,1995.569275360419,0.0001891515246713782,0.00019930779645227937
73026,2022,3923.502124968298,9895.740267223333,0.0005421802768993609,0.0007439007968666608,840.6190291439951,1995.569275360419,0.00018792690796902239,0.0001979028943227774
73026,2023,3923.502124968298,9895.740267223333,0.000539562808381025,0.0007401463650428218,840.6190291439951,1995.569275360419,0.00018694860382255515,0.0001968603932957832
73026,2024,3923.502124968298,9895.740267223333,0.0005363154229442673,0.0007352858379641423,840.6190291439951,1995.569275360419,0.00018575588027080743,0.00019554528395959308
73026,2025,3923.502124968298,9895.740267223333,0.0005335421999259828,0.0007312810949002208,840.6190291439951,1995.569275360419,0.00018472947747854817,0.00019445258696754725
73030,2021,3867.669178208484,9969.9836985448,0.0004001181584148887,0.0007765516256929145,787.8964373551422,1967.5408500279868,0.00012590284338251948,0.00019321121011563834
73030,2022,3867.669178208484,9969.9836985448,0.0003970758470665872,0.0007697595326476081,787.8964373551422,1967.5408500279868,0.00012475259609066392,0.0001915357549843236
73030,2023,3867.669178208484,9969.9836985448,0.0003945833384109668,0.000764206056576598,787.8964373551422,1967.5408500279868,0.00012377067298873932,0.00019016234011802745
73030,2024,3867.669178208484,9969.9836985448,0.0003916706969219927,0.0007579946575276784,787.8964373551422,1967.5408500279868,0.00012267442648646322,0.00018861847360011845
73030,2025,3867.669178208484,9969.9836985448,0.00038915090089843284,0.0007527074745019824,787.8964373551422,1967.5408500279868,0.00012170583503739657,0.0001873003155292183
73043,2021,3526.5759908152804,8833.910691746654,0.0019408956015792955,0.00164766872355408,790.9962862184536,1833.286700459712,0.0005281239184527261,0.00043250812931297234
73043,2022,3526.5759908152804,8833.910691746654,0.0019290759671931545,0.0016373047233000555,790.9962862184536,1833.286700459712,0.0005249199530876644,0.00042977472623844916
73043,2023,3526.5759908152804,8833.910691746654,0.0019208544485178746,0.001630217077354133,790.9962862184536,1833.286700459712,0.0005226226427197045,0.00042785536635561624
73043,2024,3526.5759908152804,8833.910691746654,0.0019096299563030818,0.0016204580868369868,790.9962862184536,1833.286700459712,0.0005195592549134954,0.0004252718559495127
73043,2025,3526.5759908152804,8833.910691746654,0.0019004460675329468,0.0016125404579560587,790.9962862184536,1833.286700459712,0.0005170271798007187,0.00042315869690544614
73055,2021,3079.8412424216235,8887.451368383143,0.0006715644397558737,0.0007587386154455449,630.8373837167387,1751.7532815100017,0.0001866849690258074,0.00020011988911195787
73055,2022,3079.8412424216235,8887.451368383143,0.0006685626556731498,0.0007524527878451984,630.8373837167387,1751.7532815100017,0.00018572362361725573,0.0001984781812614537
73055,2023,3079.8412424216235,8887.451368383143,0.0006666193853583005,0.0007474701860343513,630.8373837167387,1751.7532815100017,0.00018505526989612552,0.00019716898916152928
73055,2024,3079.8412424216235,8887.451368383143,0.0006636898512837613,0.0007415567032760599,630.8373837167387,1751.7532815100017,0.00018412323609763316,0.0001956196322820366
73055,2025,3079.8412424216235,8887.451368383143,0.0006614766521519182,0.0007365132393585199,630.8373837167387,1751.7532815100017,0.00018339504635751813,0.0001942982118447412
73067,2021,1064.5692559872687,3192.1100141140964,0.0005560359217240966,0.0006177568220772783,283.14649678268233,816.5340357377656,0.00018822124467731283,0.00018966579785975702
73067,2022,1064.5692559872687,3192.1100141140964,0.0005489147576155964,0.0006106729604206311,283.14649678268233,816.5340357377656,0.00018598819658144884,0.00018761982699275415
73067,2023,1064.5692559872687,3192.1100141140964,0.0005424148077162792,0.0006043653494398255,283.14649678268233,816.5340357377656,0.0001839652655766634,0.00018581565228053133
73067,2024,1064.5692559872687,3192.1100141140964,0.0005355446809046232,0.000597591971459448,283.14649678268233,816.5340357377656,0.00018180555738262096,0.00018385932306244052
73067,2025,1064.5692559872687,3192.1100141140964,0.0005291571913574505,0.000591408487586184,283.14649678268233,816.5340357377656,0.00017979628040205387,0.00018208014088522817
73124,2021,2573.5394961486154,4400.421643920602,0.0021621106473384815,0.00206272803655046,624.3673252808928,1078.2426895981198,0.0005516809133407762,0.0005189395026020162
73124,2022,2573.5394961486154,4400.421643920602,0.0021501890970228726,0.002050864456469362,624.3673252808928,1078.2426895981198,0.0005486263573105348,0.0005159362767752652
73124,2023,2573.5394961486154,4400.421643920602,0.002142568335389157,0.00204328045494185,624.3673252808928,1078.2426895981198,0.0005466000135554938,0.0005139587736933312
73124,2024,2573.5394961486154,4400.421643920602,0.002131383484193819,0.002032207279256982,624.3673252808928,1078.2426895981198,0.0005437121397033807,0.0005111414782548948
73124,2025,2573.5394961486154,4400.421643920602,0.002122586547795717,0.002023478955811629,624.3673252808928,1078.2426895981198,0.0005414105336165409,0.0005088979193018006
73148,2021,4733.531372204067,10075.299638050015,0.0005648835596034286,0.0005573418737418515,935.21699424367,1957.9124722191277,0.0002127494352971751,0.0001616612562001451
73148,2022,4733.531372204067,10075.299638050015,0.0005615519310958891,0.0005528912616772252,935.21699424367,1957.9124722191277,0.00021148734598382227,0.00016038990297878833
73148,2023,4733.531372204067,10075.299638050015,0.0005588030663600411,0.0005491595856023,935.21699424367,1957.9124722191277,0.0002104448730453045,0.00015932653351589856
73148,2024,4733.531372204067,10075.299638050015,0.0005554655526367381,0.0005451577175083681,935.21699424367,1957.9124722191277,0.00020918041925182415,0.00015816885897860982
73148,2025,4733.531372204067,10075.299638050015,0.0005525432669121666,0.0005417848866265269,935.21699424367,1957.9124722191277,0.00020807087368384923,0.0001571866670419417
73152,2021,2051.3546398149183,4281.961941665515,0.0006403413051965215,0.0009353990517167333,456.23034792222904,956.3753586834051,0.00013830479081084553,0.00021460013381621563
73152,2022,2051.3546398149183,4281.961941665515,0.0006362861017437274,0.0009292979906679579,456.23034792222904,956.3753586834051,0.00013738977337225526,0.0002131794649942946
73152,2023,2051.3546398149183,4281.961941665515,0.0006336319852039678,0.0009251990974885112,456.23034792222904,956.3753586834051,0.00013677214159432026,0.00021220176434982998
73152,2024,2051.3546398149183,4281.961941665515,0.0006298221045591727,0.0009194877824276453,456.23034792222904,956.3753586834051,0.00013590994991860762,0.00021086764484859604
73152,2025,2051.3546398149183,4281.961941665515,0.0006267403435617277,0.0009148707263298528,456.23034792222904,956.3753586834051,0.00013520589153608324,0.00020978255010156005
73168,2021,1463.8967391235951,4194.667665235267,0.0004990649281169276,0.0007466119039731589,382.47676105050977,1053.6028029297163,0.0001694916437278605,0.00022135381902471026
73168,2022,1463.8967391235951,4194.667665235267,0.0004961761839866947,0.0007409154154126221,382.47676105050977,1053.6028029297163,0.00016847749783524391,0.0002197057992420548
73168,2023,1463.8967391235951,4194.667665235267,0.0004941468556822765,0.0007364511606927668,382.47676105050977,1053.6028029297163,0.00016774418059630183,0.00021841582567789697
73168,2024,1463.8967391235951,4194.667665235267,0.0004915112286437796,0.0007311023649450378,382.47676105050977,1053.6028029297163,0.00016680728984281085,0.00021686693249483842
73168,2025,1463.8967391235951,4194.667665235267,0.000489331214898121,0.0007265212767306308,382.47676105050977,1053.6028029297163,0.00016602110327541483,0.0002155415118088751
73200,2021,4329.852292156229,10275.383442120168,0.0009330333207281874,0.0008196097720705138,911.8741830434965,2051.895329278381,0.00033582308809558114,0.00023459638704526902
73200,2022,4329.852292156229,10275.383442120168,0.0009273674722082096,0.0008135539760773075,911.8741830434965,2051.895329278381,0.0003337359315418534,0.00023285875963481248
73200,2023,4329.852292156229,10275.383442120168,0.0009227810167876331,0.0008087223575537835,911.8741830434965,2051.895329278381,0.0003320318543817457,0.0002314613571356535
73200,2024,4329.852292156229,10275.383442120168,0.000917187355668451,0.0008032143021508609,911.8741830434965,2051.895329278381,0.0003299715141358265,0.00022986629782841515
73200,2025,4329.852292156229,10275.383442120168,0.0009123304545955277,0.0007986255986501698,911.8741830434965,2051.895329278381,0.00032817464253908485,0.00022852669864156054
73217,2021,727.3867851800484,1966.8582770623875,0.00033318534960916275,0.00045945434563787697,217.81577210934904,570.1614695961425,0.0001416853190181028,0.00015684630094160614
73217,2022,727.3867851800484,1966.8582770623875,0.0003314881874503663,0.00045510062998451936,217.81577210934904,570.1614695961425,0.00014093993723824104,0.0001554622534762613
73217,2023,727.3867851800484,1966.8582770623875,0.00033015255929341053,0.0004513145563134849,217.81577210934904,570.1614695961425,0.00014034548686759686,0.00015427286324595717
73217,2024,727.3867851800484,1966.8582770623875,0.000328399710845331,0.0004471074225258535,217.81577210934904,570.1614695961425,0.0001395750073372246,0.00015293293433639316
73217,2025,727.3867851800484,1966.8582770623875,0.0003268707898264528,0.00044331578399997004,217.81577210934904,570.1614695961425,0.00013889801670919965,0.00015173225021913802
73226,2021,4324.011163646991,9307.70753900426,0.00040942956158888385,0.0004715395223880544,839.2111177092584,1800.306581202128,0.0001633583569540307,0.0001339395845808357
73226,2022,4324.011163646991,9307.70753900426,0.0004071560123191181,0.00046791124640234086,839.2111177092584,1800.306581202128,0.00016245349334155357,0.00013293148345758333
73226,2023,4324.011163646991,9307.70753900426,0.0004053121510695579,0.00046489501267022224,839.2111177092584,1800.306581202128,0.00016172043473913222,0.0001320970034551089
73226,2024,4324.011163646991,9307.70753900426,0.00040300109182943387,0.00046163595609921093,839.2111177092584,1800.306581202128,0.00016079901030971924,0.00013117709038084005
73226,2025,4324.011163646991,9307.70753900426,0.0004010005734790477,0.00045890823250174545,839.2111177092584,1800.306581202128,0.00016000035008195722,0.0001304012884110861
73236,2021,1964.652636406249,6174.371222637136,0.0003115443031374194,0.0003422589481199951,397.95950818622316,1217.089166926881,0.00014059380511402412,0.00012446513838187728
73236,2022,1964.652636406249,6174.371222637136,0.0003102106527594942,0.00033850536247774423,397.95950818622316,1217.089166926881,0.00013996207932205425,0.00012321984506674975
73236,2023,1964.652636406249,6174.371222637136,0.0003092476861191232,0.00033512341572180024,397.95950818622316,1217.089166926881,0.00013949920268043728,0.00012210615295199875
73236,2024,1964.652636406249,6174.371222637136,0.00030783624504774715,0.00033149829890821367,397.95950818622316,1217.089166926881,0.00013883547326367266,0.00012090158421671321
73236,2025,1964.652636406249,6174.371222637136,0.0003066549292116755,0.00032817572043482925,397.95950818622316,1217.089166926881,0.00013827527471301602,0.00011980248627416258
73268,2021,4011.938115538005,9697.213261395253,0.0009363039177078257,0.0007117123877989911,832.994005282535,1924.2093661808483,0.00033010030671524375,0.00021290024017171677
73268,2022,4011.938115538005,9697.213261395253,0.0009308657895014703,0.0007064821212086858,832.994005282535,1924.2093661808483,0.0003281695422170099,0.000211364250634007
73268,2023,4011.938115538005,9697.213261395253,0.0009265034877423812,0.0007022185804086683,832.994005282535,1924.2093661808483,0.00032661205289296556,0.00021011774351848144
73268,2024,4011.938115538005,9697.213261395253,0.0009210937547904792,0.0006974629325556926,832.994005282535,1924.2093661808483,0.0003246878051528147,0.00020870384474862188
73268,2025,4011.938115538005,9697.213261395253,0.0009164266732122733,0.0006934857666602461,832.994005282535,1924.2093661808483,0.00032302203341920735,0.00020751536945430053
73270,2021,2733.7724882870825,8282.212466197849,0.0009468408844912573,0.0009502822738683684,560.9896518385945,1629.8467188345435,0.00022670130756156644,0.00022896581510285568
73270,2022,2733.7724882870825,8282.212466197849,0.0009422500781326751,0.0009436314880576154,560.9896518385945,1629.8467188345435,0.00022558052218693244,0.00022733889525882736
73270,2023,2733.7724882870825,8282.212466197849,0.00093947916087688,0.0009388489640900431,560.9896518385945,1629.8467188345435,0.00022487932684471,0.00022614132035438567
73270,2024,2733.7724882870825,8282.212466197849,0.0009350825570463285,0.0009325756826358006,560.9896518385945,1629.8467188345435,0.00022380316131809846,0.00022460149722203896
73270,2025,2733.7724882870825,8282.212466197849,0.0009317346403766687,0.0009273936966955938,560.9896518385945,1629.8467188345435,0.0002229796109133454,0.00022332326764431347
73275,2021,4616.838949667972,10507.965322732805,0.0010219009065569632,0.0007450303925010874,945.1198482359921,2070.227730530721,0.0003607553167867282,0.0002232137793911941
73275,2022,4616.838949667972,10507.965322732805,0.001015760979720629,0.0007393266487495275,945.1198482359921,2070.227730530721,0.00035854663128582164,0.00022152924973120199
73275,2023,4616.838949667972,10507.965322732805,0.0010107836319686733,0.0007346222142470785,945.1198482359921,2070.227730530721,0.00035674354033052107,0.00022014459268950357
73275,2024,4616.838949667972,10507.965322732805,0.001004702719442582,0.0007294432925150534,945.1198482359921,2070.227730530721,0.00035455671245836613,0.0002186004898443154
73275,2025,4616.838949667972,10507.965322732805,0.0009994241238791435,0.0007250857607913158,945.1198482359921,2070.227730530721,0.00035265092626229433,0.00021729583787706284
73283,2021,1850.0204149532935,4753.915837928787,0.0009827107241230193,0.0009764373371979034,384.8603840485791,969.4411974145718,0.00022283636957209292,0.0002241132029077007
73283,2022,1850.0204149532935,4753.915837928787,0.0009781668393557999,0.0009699682012113469,384.8603840485791,969.4411974145718,0.0002218581946496084,0.00022261606631824332
73283,2023,1850.0204149532935,4753.915837928787,0.0009755604702535811,0.000965446080850666,384.8603840485791,969.4411974145718,0.00022130747722935094,0.00022155005509470903
73283,2024,1850.0204149532935,4753.915837928787,0.0009712212529469858,0.0009593440425432292,384.8603840485791,969.4411974145718,0.0002203674766493497,0.0002201305874582862
73283,2025,1850.0204149532935,4753.915837928787,0.0009679656556694368,0.0009543476839332222,384.8603840485791,969.4411974145718,0.0002196754989853995,0.00021896548830582105
73319,2021,3218.6933423183027,8450.437173357872,0.0008478375858392373,0.0006632151688489969,683.4792938887425,1700.4561992539323,0.0002937665765353485,0.00019649918601763217
73319,2022,3218.6933423183027,8450.437173357872,0.0008432452616284721,0.0006585507870665565,683.4792938887425,1700.4561992539323,0.00029217803685694396,0.00019513636438414525
73319,2023,3218.6933423183027,8450.437173357872,0.0008396452536013487,0.0006547903682338664,683.4792938887425,1700.4561992539323,0.0002909300666706511,0.0001940427329790861
73319,2024,3218.6933423183027,8450.437173357872,0.0008350171659323694,0.0006505206930371251,683.4792938887425,1700.4561992539323,0.00028932634096673056,0.0001927768942698983
73319,2025,3218.6933423183027,8450.437173357872,0.0008310681489197562,0.0006469615088740839,683.4792938887425,1700.4561992539323,0.0002879554509621433,0.00019171361438416451
73347,2021,2164.211084101281,4443.460723692345,0.0014860623527709123,0.001529370773861738,464.1991898801811,958.3142881999969,0.0003000439160983747,0.0003248157299065875
73347,2022,2164.211084101281,4443.460723692345,0.0014759002115750665,0.0015190627885488285,464.1991898801811,958.3142881999969,0.0002979882931829854,0.00032262662051860455
73347,2023,2164.211084101281,4443.460723692345,0.0014693229266070024,0.0015122458250943903,464.1991898801811,958.3142881999969,0.00029664756417980415,0.00032116171366009715
73347,2024,2164.211084101281,4443.460723692345,0.0014598691238321432,0.001502619754297907,464.1991898801811,958.3142881999969,0.0002947317273092556,0.00031911203514262636
73347,2025,2164.211084101281,4443.460723692345,0.0014522337794577102,0.0014948473126217899,464.1991898801811,958.3142881999969,0.00029318146006206955,0.00031745291557139894
73349,2021,2527.0527592942635,7832.229213058457,0.0007081922165124286,0.0006478346469543662,516.423032558278,1534.4465241369207,0.000193526182116204,0.00016154813457793315
73349,2022,2527.0527592942635,7832.229213058457,0.0007055912610913565,0.0006423956469576361,516.423032558278,1534.4465241369207,0.00019272967846603148,0.00016017421294244595
73349,2023,2527.0527592942635,7832.229213058457,0.0007041081860855158,0.0006380741286867884,516.423032558278,1534.4465241369207,0.000192236246443767,0.00015906827046836768
73349,2024,2527.0527592942635,7832.229213058457,0.000701530072821443,0.000632943424737903,516.423032558278,1534.4465241369207,0.00019145255382612732,0.00015776667857162467
73349,2025,2527.0527592942635,7832.229213058457,0.0006997093730474434,0.0006285701894064734,516.423032558278,1534.4465241369207,0.0001908794985395416,0.0001566541594855466
73352,2021,7026.061621668918,12185.596922697676,0.0006719268217906722,0.0006988443864546879,1325.6553287695313,2351.868460834083,0.00016633146952285636,0.0001670456246720993
73352,2022,7026.061621668918,12185.596922697676,0.000666841723020832,0.0006931099180767904,1325.6553287695313,2351.868460834083,0.00016511451517483062,0.00016569672457435568
73352,2023,7026.061621668918,12185.596922697676,0.0006625425277489434,0.0006882760680548853,1325.6553287695313,2351.868460834083,0.00016408578183020706,0.00016456481782715647
73352,2024,7026.061621668918,12185.596922697676,0.0006580285409258478,0.0006832281553847995,1325.6553287695313,2351.868460834083,0.00016297637767533372,0.00016336169511904433
73352,2025,7026.061621668918,12185.596922697676,0.0006542690478135612,0.0006790193246297341,1325.6553287695313,2351.868460834083,0.00016203775782277677,0.00016235201422079064
73408,2021,3378.843295419656,9258.731845730788,0.0007036571120537773,0.0008002136943021596,702.9052138715005,1844.6527240172916,0.00021891999283605651,0.00021904868582424858
73408,2022,3378.843295419656,9258.731845730788,0.0006993775710746625,0.0007943927913905455,702.9052138715005,1844.6527240172916,0.0002174278383847007,0.00021744921452223882
73408,2023,3378.843295419656,9258.731845730788,0.0006960905293324191,0.0007900511693560003,702.9052138715005,1844.6527240172916,0.00021623956021446663,0.00021623425920395647
73408,2024,3378.843295419656,9258.731845730788,0.0006919404958860093,0.0007845751203282189,702.9052138715005,1844.6527240172916,0.00021479875364529882,0.00021472656913363087
73408,2025,3378.843295419656,9258.731845730788,0.000688439458155234,0.0007799989920084811,702.9052138715005,1844.6527240172916,0.00021356271895703926,0.0002134613853855661
73411,2021,3160.1743655754026,8776.41631564823,0.0008955683212843429,0.001004233646029845,668.5848920040776,1763.91365641558,0.00023631253530267867,0.00025162798351955175
73411,2022,3160.1743655754026,8776.41631564823,0.0008899790415427028,0.0009973730601483268,668.5848920040776,1763.91365641558,0.00023480364669452885,0.0002499058792272835
73411,2023,3160.1743655754026,8776.41631564823,0.0008860250702069136,0.0009925361650826377,668.5848920040776,1763.91365641558,0.00023370386074406403,0.0002486660457044475
73411,2024,3160.1743655754026,8776.41631564823,0.0008806932414588607,0.0009860896738613512,668.5848920040776,1763.91365641558,0.00023226004767597767,0.00024704247727282217
73411,2025,3160.1743655754026,8776.41631564823,0.00087629445412182,0.0009807960213272175,668.5848920040776,1763.91365641558,0.00023105763071916817,0.00024570202735279173
73443,2021,1532.4222283591664,4113.592040765251,0.0008107898019127276,0.0006560517232126872,332.1185647790753,870.4447352455503,0.00020213449542039636,0.00015435292548604743
73443,2022,1532.4222283591664,4113.592040765251,0.0008077914556521914,0.0006513225322119322,332.1185647790753,870.4447352455503,0.00020136864860113255,0.00015318626495597405
73443,2023,1532.4222283591664,4113.592040765251,0.0008060881333245792,0.0006477584295658597,332.1185647790753,870.4447352455503,0.00020092251672411423,0.0001522821892690272
73443,2024,1532.4222283591664,4113.592040765251,0.0008031515949924465,0.0006432695216283519,332.1185647790753,870.4447352455503,0.00020016965543832247,0.00015116938275183683
73443,2025,1532.4222283591664,4113.592040765251,0.0008010439682469763,0.0006395128799530973,332.1185647790753,870.4447352455503,0.00019963022898717195,0.00015023203100517042
73449,2021,6068.700151087063,11243.526834922788,0.0009267476112288846,0.0007740876244451127,1161.3128285699684,2149.036501725564,0.000264173521977614,0.00019687447938099132
73449,2022,6068.700151087063,11243.526834922788,0.0009201207397265634,0.0007677578760255904,1161.3128285699684,2149.036501725564,0.000262342166741914,0.00019528586454691337
73449,2023,6068.700151087063,11243.526834922788,0.0009145320472697878,0.0007624180283142916,1161.3128285699684,2149.036501725564,0.00026079666694431525,0.00019394975471957862
73449,2024,6068.700151087063,11243.526834922788,0.0009084509153373406,0.0007568220450867746,1161.3128285699684,2149.036501725564,0.00025906694993996053,0.00019252618127432104
73449,2025,6068.700151087063,11243.526834922788,0.0009032917337868111,0.0007521427026108201,1161.3128285699684,2149.036501725564,0.00025757421706275394,0.00019132711248368253
73461,2021,2257.9450991158037,4394.160077303622,0.0010788904421031096,0.0010892556452795933,528.473367581783,1025.3869467969132,0.00026104979405249695,0.0002588039561843788
73461,2022,2257.9450991158037,4394.160077303622,0.0010719274365847044,0.0010820842913924363,528.473367581783,1025.3869467969132,0.00025934929074826875,0.000257084447935236
73461,2023,2257.9450991158037,4394.160077303622,0.0010672361973701795,0.0010772621696610292,528.473367581783,1025.3869467969132,0.0002581703391938766,0.00025589895397510877
73461,2024,2257.9450991158037,4394.160077303622,0.001060681380453519,0.0010705538804937503,528.473367581783,1025.3869467969132,0.0002565628044085834,0.00025428595557961786
73461,2025,2257.9450991158037,4394.160077303622,0.0010553538899636982,0.0010651259495861635,528.473367581783,1025.3869467969132,0.0002552440619574697,0.00025297104650168103
73483,2021,553.8997052033233,1480.1216526474363,0.00024234919775904514,0.0003151388678804432,169.9894725498759,452.05417292646047,0.0001088272132490942,0.000109629345351039
73483,2022,553.8997052033233,1480.1216526474363,0.00024101243183392718,0.00031156663774397866,169.9894725498759,452.05417292646047,0.00010817150532076018,0.00010848284904172912
73483,2023,553.8997052033233,1480.1216526474363,0.00023994633032348124,0.00030834461198935654,169.9894725498759,452.05417292646047,0.00010763388123142022,0.00010745891955400426
73483,2024,553.8997052033233,1480.1216526474363,0.00023859314501968536,0.00030488990528357995,169.9894725498759,452.05417292646047,0.00010697129454422349,0.00010634699788675408
73483,2025,553.8997052033233,1480.1216526474363,0.00023738519903162647,0.0003017071813152435,169.9894725498759,452.05417292646047,0.00010637333783086575,0.00010532608887500389
73504,2021,1165.4136969071023,2933.0659555037546,0.0005574254728054441,0.0005677168314403231,326.78504653706034,795.1224426033817,0.000207752912252326,0.0001882221651290385
73504,2022,1165.4136969071023,2933.0659555037546,0.0005544124747264812,0.0005644166406226926,326.78504653706034,795.1224426033817,0.00020661882463792692,0.00018710509442384796
73504,2023,1165.4136969071023,2933.0659555037546,0.0005521113748615343,0.0005620724246680213,326.78504653706034,795.1224426033817,0.00020574141238604237,0.00018628679938214031
73504,2024,1165.4136969071023,2933.0659555037546,0.0005491134227877514,0.0005589493957522893,326.78504653706034,795.1224426033817,0.00020460508271396899,0.0001852215014091473
73504,2025,1165.4136969071023,2933.0659555037546,0.0005465787544590102,0.0005564017531811961,326.78504653706034,795.1224426033817,0.00020363707519050823,0.00018434082058212722
73520,2021,1713.4161360364103,4155.780208764935,0.000960312682068034,0.0009594180288957471,384.6270135934305,922.2052684828697,0.00022833071576522878,0.00023047802254492678
73520,2022,1713.4161360364103,4155.780208764935,0.0009556188549114405,0.0009529135613366554,384.6270135934305,922.2052684828697,0.00022719297767288607,0.00022888109949259486
73520,2023,1713.4161360364103,4155.780208764935,0.0009527815917457531,0.0009483066225029843,384.6270135934305,922.2052684828697,0.00022648157186583808,0.00022771978104386268
73520,2024,1713.4161360364103,4155.780208764935,0.0009482907219854023,0.0009421652980972109,384.6270135934305,922.2052684828697,0.00022538968535298535,0.00022620711439364004
73520,2025,1713.4161360364103,4155.780208764935,0.0009448624532118836,0.0009371204548919071,384.6270135934305,922.2052684828697,0.00022455238190183856,0.00022495696947752268
73547,2021,4286.490561103709,10353.903454731724,0.0007142319836624815,0.0008799959925561813,903.9667820586312,2072.319364538384,0.0002541859544317266,0.0002318070371610427
73547,2022,4286.490561103709,10353.903454731724,0.0007098000001709491,0.0008734957893402209,903.9667820586312,2072.319364538384,0.0002525467285966018,0.00023008413512337202
73547,2023,4286.490561103709,10353.903454731724,0.0007062339143805114,0.0008684514753476576,903.9667820586312,2072.319364538384,0.00025121145749507263,0.00022872977068201985
73547,2024,4286.490561103709,10353.903454731724,0.0007019017837915079,0.0008625161689843222,903.9667820586312,2072.319364538384,0.00024961015299549257,0.00022714435811254657
73547,2025,4286.490561103709,10353.903454731724,0.0006981567871675835,0.0008575895111275063,903.9667820586312,2072.319364538384,0.0002482169328708049,0.00022581731181336878
73555,2021,1338.6820331812862,3408.516235480462,0.000535900218373928,0.0007814943156300455,342.9051129488999,865.7489300706709,0.00015989167532520917,0.00020829662431481508
73555,2022,1338.6820331812862,3408.516235480462,0.0005287105048767774,0.0007736415517181619,342.9051129488999,865.7489300706709,0.0001578186772696634,0.0002061827227609004
73555,2023,1338.6820331812862,3408.516235480462,0.0005221417997771112,0.0007668347042842406,342.9051129488999,865.7489300706709,0.00015593867990079807,0.00020435005712416923
73555,2024,1338.6820331812862,3408.516235480462,0.0005152289700724155,0.0007594094850140161,342.9051129488999,865.7489300706709,0.00015395070534887206,0.0002023518299556991
73555,2025,1338.6820331812862,3408.516235480462,0.0005088276713531158,0.0007527735017681679,342.9051129488999,865.7489300706709,0.00015211402418879565,0.00020056305054990629
73563,2021,2213.610479078358,6554.545790042406,0.00035790241876579114,0.00046476692200165214,452.9126141483059,1297.4988346893495,0.00015117315918308566,0.00015838443623102553
73563,2022,2213.610479078358,6554.545790042406,0.00035634097324977826,0.00046035373597230024,452.9126141483059,1297.4988346893495,0.00015050371240773355,0.00015697787474940934
73563,2023,2213.610479078358,6554.545790042406,0.0003551628742490832,0.0004565008775248168,452.9126141483059,1297.4988346893495,0.00014999779121876086,0.00015575766971548982
73563,2024,2213.610479078358,6554.545790042406,0.0003534995100619554,0.00045224155199284687,452.9126141483059,1297.4988346893495,0.00014928686049604266,0.0001543979184481776
73563,2025,2213.610479078358,6554.545790042406,0.00035209761277382555,0.0004484089583067899,452.9126141483059,1297.4988346893495,0.000148685044718806,0.00015318101482162403
73585,2021,2768.694769275521,7633.842073155151,0.00045716167713657656,0.000488921802632409,565.2323113474409,1511.0007752969145,0.00018694187877681224,0.00014457912172366594
73585,2022,2768.694769275521,7633.842073155151,0.00045499064024978603,0.000485336559688797,565.2323113474409,1511.0007752969145,0.00018604114860363183,0.0001435284141387243
73585,2023,2768.694769275521,7633.842073155151,0.0004533057625007247,0.0004823757338909723,565.2323113474409,1511.0007752969145,0.00018534180411401441,0.00014266163728737837
73585,2024,2768.694769275521,7633.842073155151,0.00045103788620716326,0.0004791026086020725,565.2323113474409,1511.0007752969145,0.000184403425421524,0.000141682875839339
73585,2025,2768.694769275521,7633.842073155151,0.0004491028449374102,0.00047634697334308636,565.2323113474409,1511.0007752969145,0.00018360014095020424,0.00014084785877618408
73616,2021,1679.2740705982799,3914.5646795084062,0.0003436186938139481,0.0006662081738668033,428.71851082538217,968.3719178700466,0.00014481498383922333,0.00019871966439046022
73616,2022,1679.2740705982799,3914.5646795084062,0.0003413503976492238,0.0006612230931580017,428.71851082538217,968.3719178700466,0.000143786814355973,0.00019723723558397595
73616,2023,1679.2740705982799,3914.5646795084062,0.0003396730311246605,0.0006572730505376869,428.71851082538217,968.3719178700466,0.00014300425046994292,0.0001960663059843652
73616,2024,1679.2740705982799,3914.5646795084062,0.0003376163551114108,0.0006526768515992939,428.71851082538217,968.3719178700466,0.00014206287014696667,0.0001946991839945335
73616,2025,1679.2740705982799,3914.5646795084062,0.00033591856276649,0.0006487835672313244,428.71851082538217,968.3719178700466,0.00014127157618480467,0.0001935403248891134
73622,2021,1721.5545810509966,3653.1193560424067,0.0008479197769382073,0.0009182315239116036,440.95908757293114,932.2193075820826,0.00024001810515767152,0.0002552007967551577
73622,2022,1721.5545810509966,3653.1193560424067,0.000843403128432538,0.0009130622437806041,440.95908757293114,932.2193075820826,0.0002387330883161842,0.00025375205815682234
73622,2023,1721.5545810509966,3653.1193560424067,0.0008404851963184963,0.000909744866536273,440.95908757293114,932.2193075820826,0.0002378782100629767,0.0002527940226818113
73622,2024,1721.5545810509966,3653.1193560424067,0.000836302902079012,0.0009049740251854397,440.95908757293114,932.2193075820826,0.00023668021983601638,0.0002514526347080457
73622,2025,1721.5545810509966,3653.1193560424067,0.0008330168211516832,0.0009012396155856745,440.95908757293114,932.2193075820826,0.00023572832213554967,0.00025039186377943625
73624,2021,1915.1296068478773,3854.088570192199,0.0014838958772499411,0.0013383042212125641,503.84224462902966,991.9181740925244,0.0004504306954021771,0.00038737545678281163
73624,2022,1915.1296068478773,3854.088570192199,0.001475708133182868,0.0013304152559804395,503.84224462902966,991.9181740925244,0.00044792759138008757,0.00038506495640814
73624,2023,1915.1296068478773,3854.088570192199,0.0014698304236643468,0.0013249809289097008,503.84224462902966,991.9181740925244,0.0004460904591789324,0.00038343157981871864
73624,2024,1915.1296068478773,3854.088570192199,0.0014619420266997504,0.0013175293745155904,503.84224462902966,991.9181740925244,0.0004436643618523604,0.00038124011882627464
73624,2025,1915.1296068478773,3854.088570192199,0.0014554561460568714,0.0013114980590272908,503.84224462902966,991.9181740925244,0.0004416515198969394,0.0003794493472053813
73671,2021,2560.0271226393907,7604.621344457186,0.0003862872218791549,0.0002991868119848944,546.0331238833727,1539.5108322965568,0.0001563533354172811,0.0001123990187460432
73671,2022,2560.0271226393907,7604.621344457186,0.0003844010624576477,0.0002972276769833234,546.0331238833727,1539.5108322965568,0.00015558042476043833,0.0001116558019933288
73671,2023,2560.0271226393907,7604.621344457186,0.00038290085554835307,0.0002956612076737977,546.0331238833727,1539.5108322965568,0.00015496480658113936,0.00011105876579769821
73671,2024,2560.0271226393907,7604.621344457186,0.0003809274200825204,0.0002937815828808552,546.0331238833727,1539.5108322965568,0.00015415734841769528,0.00011034409945221263
73671,2025,2560.0271226393907,7604.621344457186,0.00037923446615147755,0.0002921800815737243,546.0331238833727,1539.5108322965568,0.00015346226509476584,0.00010973294713674552
73675,2021,1328.3389570657025,3145.4556009141966,0.0006996292578319918,0.0006937500814923313,359.81706359403745,840.1061989418998,0.00023544796244446184,0.00022046609348294523
73675,2022,1328.3389570657025,3145.4556009141966,0.0006957568265853254,0.0006898042577758566,359.81706359403745,840.1061989418998,0.00023412641162185965,0.00021918983325154695
73675,2023,1328.3389570657025,3145.4556009141966,0.0006929897279833537,0.0006870980080878424,359.81706359403745,840.1061989418998,0.0002331649484040929,0.00021829168017585765
73675,2024,1328.3389570657025,3145.4556009141966,0.00068933398066585,0.0006834272134692773,359.81706359403745,840.1061989418998,0.00023190568982920114,0.00021709744425607515
73675,2025,1328.3389570657025,3145.4556009141966,0.0006863243894745751,0.0006804829273632278,359.81706359403745,840.1061989418998,0.00023085885886947068,0.00021612857774419222
73678,2021,3009.4006877704146,8382.93465428736,0.0006935222989417112,0.0005589814039664751,667.1546072660352,1726.3783005013652,0.00024278388057219724,0.00017812950204117812
73678,2022,3009.4006877704146,8382.93465428736,0.0006896961659348777,0.0005555223990590983,667.1546072660352,1726.3783005013652,0.0002414462414810985,0.00017700701365509802
73678,2023,3009.4006877704146,8382.93465428736,0.0006867015743520575,0.0005529747113714575,667.1546072660352,1726.3783005013652,0.00024039522054356154,0.00017615824057473905
73678,2024,3009.4006877704146,8382.93465428736,0.0006828705883434773,0.0005497095027084546,667.1546072660352,1726.3783005013652,0.00023905137021457568,0.0001750929193349876
73678,2025,3009.4006877704146,8382.93465428736,0.0006796133726892514,0.000547022771447811,667.1546072660352,1726.3783005013652,0.00023790681307865277,0.00017420724215918602
73686,2021,3361.82553792862,8610.195912876485,0.001094652238163576,0.0010562966527893872,739.5939683000163,1774.7176057658278,0.0002820591099440937,0.00025753341603938085
73686,2022,3361.82553792862,8610.195912876485,0.0010874372024237756,0.001049327514849959,739.5939683000163,1774.7176057658278,0.0002801953745869767,0.0002558150172963773
73686,2023,3361.82553792862,8610.195912876485,0.0010824587382178808,0.0010446270076977895,739.5939683000163,1774.7176057658278,0.00027886273395644326,0.0002546207275051031
73686,2024,3361.82553792862,8610.195912876485,0.0010756512559850578,0.001038114155295325,739.5939683000163,1774.7176057658278,0.00027709246669922467,0.0002530103176900447
73686,2025,3361.82553792862,8610.195912876485,0.0010700557760401264,0.0010328434127675702,739.5939683000163,1774.7176057658278,0.000275620761697015,0.00025169584321766704
73770,2021,3825.695258346348,8886.305711327495,0.0005287723435001064,0.0005255280216555078,769.9239557735523,1738.9191426539792,0.00019449569771545858,0.00014949151666590084
73770,2022,3825.695258346348,8886.305711327495,0.0005258919125154039,0.0005216141518355026,769.9239557735523,1738.9191426539792,0.00019342902595516955,0.00014839175310194216
73770,2023,3825.695258346348,8886.305711327495,0.0005235590232464846,0.0005183778517799351,769.9239557735523,1738.9191426539792,0.00019256420996025583,0.00014748533789710945
73770,2024,3825.695258346348,8886.305711327495,0.0005206101996418569,0.0005148462570353203,769.9239557735523,1738.9191426539792,0.00019147249931656603,0.00014647884153850448
73770,2025,3825.695258346348,8886.305711327495,0.0005180628331574006,0.0005118971003418489,769.9239557735523,1738.9191426539792,0.00019052692262482617,0.00014563175564495588
73854,2021,3016.267657044772,8284.816387371377,0.0006704662904381578,0.0006559236523829337,681.0115700064816,1719.859281544052,0.0002387646409950171,0.00019856351863618604
73854,2022,3016.267657044772,8284.816387371377,0.0006667291924138989,0.0006518229258842481,681.0115700064816,1719.859281544052,0.00023744165580395966,0.00019730773938661078
73854,2023,3016.267657044772,8284.816387371377,0.0006638050725598854,0.0006489091421764477,681.0115700064816,1719.859281544052,0.00023640296033047026,0.00019638402340174644
73854,2024,3016.267657044772,8284.816387371377,0.0006600769737338305,0.0006450625013949135,681.0115700064816,1719.859281544052,0.00023507668610135756,0.00019519806118749674
73854,2025,3016.267657044772,8284.816387371377,0.0006569033747460684,0.0006419307532544807,681.0115700064816,1719.859281544052,0.00023394656469558376,0.00019422055410809114
73861,2021,3848.3284156196023,9905.0306332819,0.0006744336291495296,0.0009929712350016209,803.7016094602855,1974.2797645304388,0.00021974276307478577,0.00024364630596502307
73861,2022,3848.3284156196023,9905.0306332819,0.000670318724231679,0.0009856761287673412,803.7016094602855,1974.2797645304388,0.0002182527596802234,0.00024183183765386573
73861,2023,3848.3284156196023,9905.0306332819,0.0006671064408106632,0.0009801566682101422,803.7016094602855,1974.2797645304388,0.00021705554937742326,0.00024043937695245296
73861,2024,3848.3284156196023,9905.0306332819,0.0006630975253926006,0.0009734576344567967,803.7016094602855,1974.2797645304388,0.00021561150494496818,0.00023876107356680167
73861,2025,3848.3284156196023,9905.0306332819,0.0006596968668678198,0.0009679154433264749,803.7016094602855,1974.2797645304388,0.00021436828140800138,0.00023736005848699903
73870,2021,2010.3734300867184,4231.938239619671,0.000981521496641853,0.0010813422754626801,457.0851565080096,958.6142005884145,0.0002481895188802901,0.00026226314769157045
73870,2022,2010.3734300867184,4231.938239619671,0.000975477080349272,0.0010742329320659989,457.0851565080096,958.6142005884145,0.00024662111868379167,0.0002605195102064947
73870,2023,2010.3734300867184,4231.938239619671,0.0009712907066867038,0.0010693414729526123,457.0851565080096,958.6142005884145,0.0002455007091730241,0.0002592916645058327
73870,2024,2010.3734300867184,4231.938239619671,0.0009655480771739107,0.0010626619802537665,457.0851565080096,958.6142005884145,0.00024400493213591474,0.00025764778194664606
73870,2025,2010.3734300867184,4231.938239619671,0.0009608358243444934,0.001057218910932342,457.0851565080096,958.6142005884145,0.0002427664470681921,0.00025629979097701027
73873,2021,3943.7287600002323,8928.257143750548,0.0002889150678658777,0.0003133993543680055,755.4613717605649,1720.5510874504955,0.00011952065645850803,8.757100905106277e-05
73873,2022,3943.7287600002323,8928.257143750548,0.00028736585516969687,0.0003108719449834234,755.4613717605649,1720.5510874504955,0.00011888000321033116,8.688261882272807e-05
73873,2023,3943.7287600002323,8928.257143750548,0.0002861190469750844,0.00030871483419535605,755.4613717605649,1720.5510874504955,0.00011836500290933018,8.629141120974212e-05
73873,2024,3943.7287600002323,8928.257143750548,0.00028453732917981564,0.0003064863142327311,755.4613717605649,1720.5510874504955,0.00011770997402679349,8.56697465635898e-05
73873,2025,3943.7287600002323,8928.257143750548,0.00028317185441248307,0.00030462527027206134,755.4613717605649,1720.5510874504955,0.00011714342085803261,8.514381143413478e-05
76001,2021,5299.220022441692,6256.204925019034,0.002074311722444023,0.002089091209649245,1210.2924495990064,1510.0169953878224,0.00047882776827031437,0.0004896316042935545
76001,2022,5299.220022441692,6256.204925019034,0.0020668037691982943,0.002081087401888806,1210.2924495990064,1510.0169953878224,0.0004770234602830152,0.0004876489270581746
76001,2023,5299.220022441692,6256.204925019034,0.002062709532640701,0.0020765456879319136,1210.2924495990064,1510.0169953878224,0.0004760015489072903,0.00048647442474791417
76001,2024,5299.220022441692,6256.204925019034,0.0020563762782795005,0.002069740516628373,1210.2924495990064,1510.0169953878224,0.00047446506845017124,0.00048477164416380953
76001,2025,5299.220022441692,6256.204925019034,0.0020523251419254465,0.0020652304161340347,1210.2924495990064,1510.0169953878224,0.00047345244484752705,0.000483604395200079
76020,2021,3253.4919186414513,4831.9053925171675,0.002732438491282595,0.002628343499303613,711.0949889148882,1105.5041147458755,0.0005584117740968041,0.0005620778650611535
76020,2022,3253.4919186414513,4831.9053925171675,0.00271585986479615,0.0026126083039195473,711.0949889148882,1105.5041147458755,0.0005550402348097513,0.0005587239734572121
76020,2023,3253.4919186414513,4831.9053925171675,0.0027062701298473193,0.0026032471139690256,711.0949889148882,1105.5041147458755,0.0005530962972682986,0.0005567165797685223
76020,2024,3253.4919186414513,4831.9053925171675,0.002691085567958905,0.0025887648507627106,711.0949889148882,1105.5041147458755,0.0005500096359661654,0.0005536275170973032
76020,2025,3253.4919186414513,4831.9053925171675,0.0026794502792898732,0.002577590868381201,711.0949889148882,1105.5041147458755,0.0005476485530644065,0.0005512411303443983
76036,2021,2108.63321170584,4833.370792901716,0.000810562406794453,0.0008267561682462342,534.6244671909428,1189.0199580447063,0.0002679062274274164,0.0002477051484351184
76036,2022,2108.63321170584,4833.370792901716,0.0008062202250762526,0.0008224015426804766,534.6244671909428,1189.0199580447063,0.00026648786134235436,0.0002463709839786688
76036,2023,2108.63321170584,4833.370792901716,0.0008035119558476152,0.0008197998485405722,534.6244671909428,1189.0199580447063,0.00026560745555138666,0.00024555018421419883
76036,2024,2108.63321170584,4833.370792901716,0.0007997469963853981,0.0008159318463791395,534.6244671909428,1189.0199580447063,0.0002643786931075064,0.0002443679605959451
76036,2025,2108.63321170584,4833.370792901716,0.0007968917476283437,0.0008130343637121017,534.6244671909428,1189.0199580447063,0.0002634492899627816,0.00024347304268671966
76041,2021,2182.265431817618,3906.1126581656295,0.0009765406024187874,0.0010424057933365297,482.4539815339234,886.8878748995274,0.00024546904760139034,0.000253451112881621
76041,2022,2182.265431817618,3906.1126581656295,0.0009710375206759528,0.001036245295020022,482.4539815339234,886.8878748995274,0.00024410519881771316,0.0002519316243286538
76041,2023,2182.265431817618,3906.1126581656295,0.0009679389870196388,0.0010325747434066519,482.4539815339234,886.8878748995274,0.0002433169995409793,0.00025100101955965787
76041,2024,2182.265431817618,3906.1126581656295,0.0009628996529479183,0.0010269212051585042,482.4539815339234,886.8878748995274,0.00024205869898133003,0.0002496029942690975
76041,2025,2182.265431817618,3906.1126581656295,0.000959110165953175,0.001022571824705348,482.4539815339234,886.8878748995274,0.00024111190084520506,0.00024851871671688775
76054,2021,1800.4361158892527,3526.207372448664,0.0010135530712849672,0.0011003857341344576,411.74690237837336,825.767607770392,0.00025184123322262523,0.00027947606992985733
76054,2022,1800.4361158892527,3526.207372448664,0.0010079070918035911,0.0010935723072961936,411.74690237837336,825.767607770392,0.00025043465351606603,0.00027764743742558757
76054,2023,1800.4361158892527,3526.207372448664,0.0010047353869380266,0.0010893862118893842,411.74690237837336,825.767607770392,0.0002496276308262068,0.00027646911144206505
76054,2024,1800.4361158892527,3526.207372448664,0.0009995915952284782,0.0010831661344606486,411.74690237837336,825.767607770392,0.0002483453838872513,0.0002747998371821444
76054,2025,1800.4361158892527,3526.207372448664,0.0009957328883798133,0.0010782970012711904,411.74690237837336,825.767607770392,0.00024738049832965413,0.00027346658691476824
76100,2021,1572.4476718141618,4171.270415605736,0.00045178407970975843,0.0006618570631829073,395.9210292136955,1025.7892269277042,0.00017405814367346429,0.00020839823294887953
76100,2022,1572.4476718141618,4171.270415605736,0.0004495137601768158,0.0006578135610688426,395.9210292136955,1025.7892269277042,0.00017317430930978024,0.0002070242105077692
76100,2023,1572.4476718141618,4171.270415605736,0.00044817860688927145,0.0006552394613966502,395.9210292136955,1025.7892269277042,0.0001726465102064246,0.0002061029723726416
76100,2024,1572.4476718141618,4171.270415605736,0.00044619052324577414,0.0006516144480144947,395.9210292136955,1025.7892269277042,0.00017186939728269757,0.00020487354996242738
76100,2025,1572.4476718141618,4171.270415605736,0.00044472254649992354,0.000648766895524387,395.9210292136955,1025.7892269277042,0.00017129379064786675,0.00020388371410972505
76109,2021,1669.469317287012,3313.499617927466,0.0006079891751365002,0.0006097763371235952,429.7128435232427,824.5341284728601,0.00019859565015445504,0.00020109720100553182
76109,2022,1669.469317287012,3313.499617927466,0.0006057061322924805,0.0006071916164086205,429.7128435232427,824.5341284728601,0.00019779451260281243,0.00020012547213517885
76109,2023,1669.469317287012,3313.499617927466,0.0006042977617741992,0.0006055122941213278,429.7128435232427,824.5341284728601,0.00019725430486630145,0.00019943283930220037
76109,2024,1669.469317287012,3313.499617927466,0.0006022580948606134,0.0006032028444852932,429.7128435232427,824.5341284728601,0.00019651352222127284,0.00019854025466660712
76109,2025,1669.469317287012,3313.499617927466,0.0006008248789819438,0.0006015124692344243,429.7128435232427,824.5341284728601,0.00019595847672402694,0.00019784175432156257
76111,2021,2431.5341398729465,5118.451680872186,0.0011161324891520252,0.0010547614702766858,622.0134447195684,1272.1926912098247,0.00034439091385778375,0.00029937484929411516
76111,2022,2431.5341398729465,5118.451680872186,0.0011097864742707166,0.0010497022180936913,622.0134447195684,1272.1926912098247,0.0003424300534516289,0.00029790579267792536
76111,2023,2431.5341398729465,5118.451680872186,0.0011055699501682336,0.0010466434604061263,622.0134447195684,1272.1926912098247,0.0003411243491249462,0.0002970003527271461
76111,2024,2431.5341398729465,5118.451680872186,0.0011000252153826344,0.00104223090337235,622.0134447195684,1272.1926912098247,0.00033940900096825975,0.000295716168535241
76111,2025,2431.5341398729465,5118.451680872186,0.0010957211820128642,0.0010390114781110673,622.0134447195684,1272.1926912098247,0.0003380761830349771,0.00029476913071892967
76113,2021,2207.975499629696,5070.759845348821,0.0012221912550912006,0.0010647918935747388,547.1122233195473,1217.729035242762,0.0003562962005245516,0.00029797898366842207
76113,2022,2207.975499629696,5070.759845348821,0.001215880944362437,0.0010592646193670373,547.1122233195473,1217.729035242762,0.0003544616523406286,0.0002964338031644611
76113,2023,2207.975499629696,5070.759845348821,0.00121219468585747,0.0010560577875928267,547.1122233195473,1217.729035242762,0.0003533778900690161,0.00029552455072776604
76113,2024,2207.975499629696,5070.759845348821,0.0012066578915758714,0.0010511270867108716,547.1122233195473,1217.729035242762,0.0003517746070520895,0.000294151338570112
76113,2025,2207.975499629696,5070.759845348821,0.001202542520394619,0.0010474605884036425,547.1122233195473,1217.729035242762,0.00035058071848542694,0.0002931282292922623
76122,2021,2309.362004016456,4183.2533066971255,0.00160701961392572,0.0014857588856210739,554.9439411033724,1033.6777952453272,0.0003791488104713679,0.00035470089966672914
76122,2022,2309.362004016456,4183.2533066971255,0.001598586888111392,0.0014778024959298955,554.9439411033724,1033.6777952453272,0.0003771755125686882,0.0003528053259376697
76122,2023,2309.362004016456,4183.2533066971255,0.0015939493779232494,0.0014732324387703056,554.9439411033724,1033.6777952453272,0.00037608008540734026,0.0003516988477297046
76122,2024,2309.362004016456,4183.2533066971255,0.0015863619033495726,0.0014659803324917487,554.9439411033724,1033.6777952453272,0.00037431168854842287,0.0003499717358020338
76122,2025,2309.362004016456,4183.2533066971255,0.0015807582824463706,0.0014605223710684775,554.9439411033724,1033.6777952453272,0.00037300590101118497,0.0003486673978812509
76126,2021,1972.6269759135325,4128.505927911599,0.0006727485459674197,0.0007457545439788091,489.64662972361555,1014.1930263346293,0.00020608000606545045,0.00021818858706983886
76126,2022,1972.6269759135325,4128.505927911599,0.0006692660994138075,0.000741977182315345,489.64662972361555,1014.1930263346293,0.00020451414336909246,0.00021689771978981385
76126,2023,1972.6269759135325,4128.505927911599,0.0006669636070024975,0.0007395183718954791,489.64662972361555,1014.1930263346293,0.00020333212138824873,0.00021599810106819685
76126,2024,1972.6269759135325,4128.505927911599,0.0006639879177880402,0.0007362359632133773,489.64662972361555,1014.1930263346293,0.00020198923368292936,0.00021486380847374081
76126,2025,1972.6269759135325,4128.505927911599,0.0006617745522194054,0.0007337671334532847,489.64662972361555,1014.1930263346293,0.00020088817833228335,0.00021396459722092416
76130,2021,4062.9528681726606,5600.949901986201,0.0017678731587307773,0.0017478668854350324,961.3039937235707,1383.8019800791799,0.00043637981211483456,0.00043424711949713595
76130,2022,4062.9528681726606,5600.949901986201,0.001760534492143789,0.0017404449495550534,961.3039937235707,1383.8019800791799,0.0004344176301090485,0.0004322777391157423
76130,2023,4062.9528681726606,5600.949901986201,0.0017561820458505645,0.0017359695995219529,961.3039937235707,1383.8019800791799,0.00043319840707338665,0.0004310423104630729
76130,2024,4062.9528681726606,5600.949901986201,0.0017499143324437364,0.001729596068083421,961.3039937235707,1383.8019800791799,0.0004315072442723627,0.0004293366823574522
76130,2025,4062.9528681726606,5600.949901986201,0.0017456193779865688,0.0017251594073104649,961.3039937235707,1383.8019800791799,0.000430304806045622,0.00042811196920980113
76147,2021,2735.446278450992,4363.599246431452,0.0018425964364193771,0.0018298998905066223,601.1295253484138,992.7270075823574,0.0003864338715072088,0.000407181150407081
76147,2022,2735.446278450992,4363.599246431452,0.0018310959712789796,0.001818701268151333,601.1295253484138,992.7270075823574,0.0003840612765671909,0.00040471204802279055
76147,2023,2735.446278450992,4363.599246431452,0.0018243285786378183,0.0018119039111727125,601.1295253484138,992.7270075823574,0.0003826779148536586,0.00040320398640028473
76147,2024,2735.446278450992,4363.599246431452,0.001813787542402282,0.0018015798836439772,601.1295253484138,992.7270075823574,0.00038050509815769953,0.00040092574738443424
76147,2025,2735.446278450992,4363.599246431452,0.0018056441208422344,0.0017935481675687187,601.1295253484138,992.7270075823574,0.0003788347869684229,0.0003991522160583527
76233,2021,3082.9875952611146,4732.814712857549,0.000637789705717051,0.00071365195101824,734.3280218800519,1155.402678901804,0.00017801906734208215,0.00020676648397768466
76233,2022,3082.9875952611146,4732.814712857549,0.0006352422149006126,0.0007104600341669868,734.3280218800519,1155.402678901804,0.00017726466912856864,0.00020574273065011013
76233,2023,3082.9875952611146,4732.814712857549,0.0006337347553377695,0.0007084628798545308,734.3280218800519,1155.402678901804,0.00017679444863594572,0.00020506196813749173
76233,2024,3082.9875952611146,4732.814712857549,0.0006315424330706498,0.0007056901127445627,734.3280218800519,1155.402678901804,0.00017613461529932567,0.00020415963800225742
76233,2025,3082.9875952611146,4732.814712857549,0.0006300480053815885,0.0007037009856491225,734.3280218800519,1155.402678901804,0.00017566670613477863,0.00020348218366673644
76243,2021,1884.0712712213551,3643.489710993957,0.0009555341022581328,0.0010417846590532046,414.57046208264404,819.8754747709767,0.000246977006672348,0.00026628268776011227
76243,2022,1884.0712712213551,3643.489710993957,0.0009500050052048422,0.0010351143910504684,414.57046208264404,819.8754747709767,0.0002455445113286379,0.00026445754946795335
76243,2023,1884.0712712213551,3643.489710993957,0.0009467918195135953,0.0010309362172608522,414.57046208264404,819.8754747709767,0.0002446689521401168,0.0002632468381813177
76243,2024,1884.0712712213551,3643.489710993957,0.0009416925662252968,0.0010248093967726482,414.57046208264404,819.8754747709767,0.00024332823970081967,0.00026156537307084414
76243,2025,1884.0712712213551,3643.489710993957,0.0009378119225702717,0.0010199707929782382,414.57046208264404,819.8754747709767,0.00024229762161141906,0.0002602058115871496
76246,2021,1535.1813208368458,3267.0541200038156,0.0008281946824890316,0.0009328816997604267,353.66638282100996,763.7856796123,0.00023099565287284054,0.00024749556043335904
76246,2022,1535.1813208368458,3267.0541200038156,0.0008234457962259208,0.0009269057640704274,353.66638282100996,763.7856796123,0.00022966252519841893,0.0002457987567807339
76246,2023,1535.1813208368458,3267.0541200038156,0.0008206526716998208,0.000923141149166245,353.66638282100996,763.7856796123,0.00022883189384903107,0.00024466590925282833
76246,2024,1535.1813208368458,3267.0541200038156,0.0008162725733883085,0.000917668210599075,353.66638282100996,763.7856796123,0.00022758519666536974,0.0002431084428026848
76246,2025,1535.1813208368458,3267.0541200038156,0.0008129384799553386,0.0009133389796520841,353.66638282100996,763.7856796123,0.00022662518043706806,0.0002418471055848829
76248,2021,2804.247955383501,4872.792532229039,0.001352844886040861,0.0012190104986008951,703.1275686019055,1200.7465224891364,0.00038783874507583745,0.0003474970514086744
76248,2022,2804.247955383501,4872.792532229039,0.0013459643629922969,0.001212954038618412,703.1275686019055,1200.7465224891364,0.00038579365664107924,0.0003456997505357632
76248,2023,2804.247955383501,4872.792532229039,0.0013414940655939204,0.0012090578400489268,703.1275686019055,1200.7465224891364,0.00038444360876249814,0.0003445222857049583
76248,2024,2804.247955383501,4872.792532229039,0.0013355251094107792,0.001203786715372392,703.1275686019055,1200.7465224891364,0.0003826627959785658,0.0003429510344166735
76248,2025,2804.247955383501,4872.792532229039,0.0013310850956553654,0.001199889710466956,703.1275686019055,1200.7465224891364,0.0003813209225720511,0.00034177195976661573
76250,2021,1398.421150907155,3176.738404556894,0.0003915423767364713,0.0006529231122776154,341.8903916514629,779.8302278938971,0.00014656912314111217,0.0002014017649240845
76250,2022,1398.421150907155,3176.738404556894,0.0003895710571985432,0.0006488428173112171,341.8903916514629,779.8302278938971,0.0001458093155646672,0.00020002892585781806
76250,2023,1398.421150907155,3176.738404556894,0.0003884809165471906,0.0006462637385458948,341.8903916514629,779.8302278938971,0.00014536802665209155,0.0001991044059900992
76250,2024,1398.421150907155,3176.738404556894,0.00038671886676426223,0.0006425746107460878,341.8903916514629,779.8302278938971,0.00014468795687597164,0.00019786329125127548
76250,2025,1398.421150907155,3176.738404556894,0.0003854320307749786,0.0006396627410558281,341.8903916514629,779.8302278938971,0.0001441860840920025,0.00019685617938638338
76275,2021,2709.904954710266,4817.546145689485,0.0009631797603092464,0.000957647526173674,668.9562619043968,1218.086593994078,0.0002602323433491387,0.00025986940995450337
76275,2022,2709.904954710266,4817.546145689485,0.000958367298956033,0.0009527942516993495,668.9562619043968,1218.086593994078,0.00025883127502980904,0.00025846325000855174
76275,2023,2709.904954710266,4817.546145689485,0.0009552151971721199,0.0009495907592518537,668.9562619043968,1218.086593994078,0.00025788224370566933,0.0002575062817775144
76275,2024,2709.904954710266,4817.546145689485,0.0009510234920895976,0.0009453488488642884,668.9562619043968,1218.086593994078,0.00025665296437667526,0.0002562690984115
76275,2025,2709.904954710266,4817.546145689485,0.000947916360805278,0.0009421752666199394,668.9562619043968,1218.086593994078,0.0002557176034120095,0.0002553217593123717
76306,2021,2583.4660233436684,4700.088914917721,0.0012324074350516865,0.0011025933212530767,653.5762454601264,1162.7510836227382,0.0003544271017498064,0.00031383467076772666
76306,2022,2583.4660233436684,4700.088914917721,0.001226271809162687,0.0010972828859938096,653.5762454601264,1162.7510836227382,0.0003525928191194722,0.0003122584285879572
76306,2023,2583.4660233436684,4700.088914917721,0.0012223381410234211,0.0010939314166187215,653.5762454601264,1162.7510836227382,0.00035139536520269177,0.00031124288842281257
76306,2024,2583.4660233436684,4700.088914917721,0.0012170253483794735,0.001089319370753112,653.5762454601264,1162.7510836227382,0.0003498007940025379,0.0003098675191687133
76306,2025,2583.4660233436684,4700.088914917721,0.00121310223127692,0.0010859476487383522,653.5762454601264,1162.7510836227382,0.00034860623036511647,0.00030884533924364666
76318,2021,2658.3236300457847,4787.447518725448,0.001220889462235469,0.0011230205843945724,666.6071925911741,1180.9427037703667,0.00035249766716782035,0.0003272411488188382
76318,2022,2658.3236300457847,4787.447518725448,0.0012148139486018003,0.0011175644909318043,666.6071925911741,1180.9427037703667,0.0003506740769516849,0.00032555612334451837
76318,2023,2658.3236300457847,4787.447518725448,0.0012109150109094284,0.0011140897818801726,666.6071925911741,1180.9427037703667,0.0003494829512521874,0.0003244492052942469
76318,2024,2658.3236300457847,4787.447518725448,0.0012056562848503747,0.001109340855843889,666.6071925911741,1180.9427037703667,0.00034789808063946236,0.00032297304801175256
76318,2025,2658.3236300457847,4787.447518725448,0.001201772966638927,0.0011058496301457497,666.6071925911741,1180.9427037703667,0.00034671081117198046,0.00032186260181115485
76364,2021,3894.2168212673914,5408.742460400635,0.0015170129196609176,0.001631032531830104,909.267030869902,1327.3403409324765,0.0003560821921239411,0.00040651734913915765
76364,2022,3894.2168212673914,5408.742460400635,0.0015108366112746546,0.001623332576135504,909.267030869902,1327.3403409324765,0.0003544516381262972,0.0004043394155843315
76364,2023,3894.2168212673914,5408.742460400635,0.0015072032442602589,0.0016183605102863307,909.267030869902,1327.3403409324765,0.00035342445120644777,0.0004028427523279037
76364,2024,3894.2168212673914,5408.742460400635,0.0015019472239897278,0.0016116751143798675,909.267030869902,1327.3403409324765,0.00035202095882104576,0.0004009274044374819
76364,2025,3894.2168212673914,5408.742460400635,0.0014983817051278494,0.0016067970085006354,909.267030869902,1327.3403409324765,0.0003510169933248318,0.0003994628504195929
76377,2021,3157.817749471756,4832.376304447986,0.0007523562913959291,0.0007685872392067,757.4321050521711,1185.4625230787194,0.0002128867870979198,0.00022486703120213768
76377,2022,3157.817749471756,4832.376304447986,0.0007491801510442028,0.0007651406444825586,757.4321050521711,1185.4625230787194,0.00021194468691955194,0.00022375875134900353
76377,2023,3157.817749471756,4832.376304447986,0.0007472553708988913,0.0007629868377267352,757.4321050521711,1185.4625230787194,0.00021135088305767902,0.00022302565069534945
76377,2024,3157.817749471756,4832.376304447986,0.0007445140868593986,0.0007599936484226548,757.4321050521711,1185.4625230787194,0.00021052750512149271,0.00022205000340011334
76377,2025,3157.817749471756,4832.376304447986,0.0007425994572451554,0.0007578451599719062,757.4321050521711,1185.4625230787194,0.00020993518520149803,0.00022131925339408516
76400,2021,1970.7862693118848,3805.513583105333,0.0012615862287392655,0.0012414765772057739,462.20524965283226,916.6338709108092,0.0003171708779214592,0.0003114849971906133
76400,2022,1970.7862693118848,3805.513583105333,0.001254821999127517,0.0012340439323402603,462.20524965283226,916.6338709108092,0.0003154980049470191,0.0003095443481204786
76400,2023,1970.7862693118848,3805.513583105333,0.001251068840014894,0.001229541622394646,462.20524965283226,916.6338709108092,0.00031456702147755083,0.00030832682914189543
76400,2024,1970.7862693118848,3805.513583105333,0.0012449849778706841,0.0012227943918718758,462.20524965283226,916.6338709108092,0.0003130680096262877,0.00030657062805779846
76400,2025,1970.7862693118848,3805.513583105333,0.0012404672951408374,0.0012175582077246958,462.20524965283226,916.6338709108092,0.000311959698781067,0.0003051862152631548
76403,2021,2375.829094486519,4195.231628638541,0.0017018702517656915,0.0017107614798561842,549.1894476032666,1002.6677340037404,0.0003907886520225304,0.0003943496042261165
76403,2022,2375.829094486519,4195.231628638541,0.0016929287180670143,0.0017013265842963777,549.1894476032666,1002.6677340037404,0.0003887602842296871,0.0003921858975930113
76403,2023,2375.829094486519,4195.231628638541,0.0016880868048184895,0.0016958586737182688,549.1894476032666,1002.6677340037404,0.0003876584458305676,0.00039091783519638087
76403,2024,2375.829094486519,4195.231628638541,0.0016800276126810818,0.001687240724801479,549.1894476032666,1002.6677340037404,0.00038583791626265157,0.00038894280299342124
76403,2025,2375.829094486519,4195.231628638541,0.0016740856130493394,0.0016807019069170997,549.1894476032666,1002.6677340037404,0.0003844989836103985,0.00038744150186226353
76497,2021,2574.775543094042,4336.127993250977,0.0016475839845198387,0.0017408569615943066,577.8273205477486,1008.6305895858537,0.000368309983090495,0.000400040955248834
76497,2022,2574.775543094042,4336.127993250977,0.001638927725625537,0.0017311909670111455,577.8273205477486,1008.6305895858537,0.00036640368882800056,0.0003978224880218654
76497,2023,2574.775543094042,4336.127993250977,0.0016343275773977692,0.001725597832783592,577.8273205477486,1008.6305895858537,0.00036539434451133933,0.00039652066034959904
76497,2024,2574.775543094042,4336.127993250977,0.0016264852753193333,0.0017167541600813995,577.8273205477486,1008.6305895858537,0.0003636713767023606,0.00039448933282304623
76497,2025,2574.775543094042,4336.127993250977,0.0016207193224398488,0.0017100367264102226,577.8273205477486,1008.6305895858537,0.0003624102503308272,0.00039294145526689786
76520,2021,3174.5983783274646,5237.977919644691,0.0012065080409153417,0.0011194650523597195,784.7704179297975,1290.129035359945,0.0003378637227632778,0.00031459879071341757
76520,2022,3174.5983783274646,5237.977919644691,0.0012005243645832042,0.0011138819771115476,784.7704179297975,1290.129035359945,0.00033611447269112245,0.00031295949124970327
76520,2023,3174.5983783274646,5237.977919644691,0.0011966660067586371,0.0011102617344405491,784.7704179297975,1290.129035359945,0.0003349636322036901,0.00031187506667198605
76520,2024,3174.5983783274646,5237.977919644691,0.0011914846043319855,0.0011053996365472045,784.7704179297975,1290.129035359945,0.0003334417703790913,0.00031044065367926755
76520,2025,3174.5983783274646,5237.977919644691,0.0011876688928925923,0.0011017989714955944,784.7704179297975,1290.129035359945,0.0003323033978339547,0.00030936114023677913
76563,2021,2929.1168866539238,4977.265541424944,0.0009659091199909564,0.0009592280945049648,725.5760873495817,1256.7369957509122,0.00026409333756325704,0.0002628198298069623
76563,2022,2929.1168866539238,4977.265541424944,0.0009611121140304751,0.000954438255107401,725.5760873495817,1256.7369957509122,0.00026268954933996504,0.00026142707872035977
76563,2023,2929.1168866539238,4977.265541424944,0.0009579813548094215,0.0009513109128372534,725.5760873495817,1256.7369957509122,0.00026174481466157724,0.00026049213124658985
76563,2024,2929.1168866539238,4977.265541424944,0.0009538067732061358,0.0009471345052723919,725.5760873495817,1256.7369957509122,0.00026051498367337533,0.0002592704859404907
76563,2025,2929.1168866539238,4977.265541424944,0.0009507215292028333,0.000944033261330114,725.5760873495817,1256.7369957509122,0.000259583989616878,0.0002583434976121454
76606,2021,2661.632837242127,4761.597772998822,0.0008340440668955355,0.0008018275904435157,650.8729187411357,1165.867572222278,0.00023154165668249393,0.00023211623722670474
76606,2022,2661.632837242127,4761.597772998822,0.0008303296603691978,0.0007982350475396893,650.8729187411357,1165.867572222278,0.00023046825467054662,0.0002309823243811975
76606,2023,2661.632837242127,4761.597772998822,0.0008280786046156234,0.000796031995719418,650.8729187411357,1165.867572222278,0.0002298043238331604,0.00023025149978160605
76606,2024,2661.632837242127,4761.597772998822,0.0008248987742254551,0.0007929242845796468,650.8729187411357,1165.867572222278,0.0002288818796682262,0.00022926049379046027
76606,2025,2661.632837242127,4761.597772998822,0.0008226490639234002,0.0007907064495430836,650.8729187411357,1165.867572222278,0.00022821795188883033,0.00022852624762254075
76616,2021,1865.2091201323444,4380.72552479469,0.00046787722755670943,0.0007095241045288923,467.94331142487135,1059.0096520310826,0.0001767226245298284,0.00021954697307947804
76616,2022,1865.2091201323444,4380.72552479469,0.00046543043092962095,0.0007056731235549199,467.94331142487135,1059.0096520310826,0.0001758151398653886,0.00021821026530955065
76616,2023,1865.2091201323444,4380.72552479469,0.000463910578572975,0.0007032401582033373,467.94331142487135,1059.0096520310826,0.0001752550457223186,0.0002173144640540786
76616,2024,1865.2091201323444,4380.72552479469,0.00046177994861003313,0.000699854378020154,467.94331142487135,1059.0096520310826,0.0001744650421704835,0.00021613530801607814
76616,2025,1865.2091201323444,4380.72552479469,0.00046017943441012274,0.0006972691816589519,467.94331142487135,1059.0096520310826,0.0001738753528470229,0.00021520064499226308
76622,2021,1721.0510596253964,3534.6725576061144,0.0008966666929480191,0.0009074741594130137,419.4413986871907,870.1426850621706,0.0002575880680254387,0.00025367866791307524
76622,2022,1721.0510596253964,3534.6725576061144,0.0008922753188993676,0.0009021777450813331,419.4413986871907,870.1426850621706,0.0002563373532124695,0.0002520841449985497
76622,2023,1721.0510596253964,3534.6725576061144,0.0008899031893275767,0.0008989618953850286,419.4413986871907,870.1426850621706,0.00025565232295663874,0.0002510592910803038
76622,2024,1721.0510596253964,3534.6725576061144,0.0008860053941480168,0.0008941942663666121,419.4413986871907,870.1426850621706,0.00025454581356583944,0.00024962796181388807
76622,2025,1721.0510596253964,3534.6725576061144,0.0008831794880844025,0.0008905064571750555,419.4413986871907,870.1426850621706,0.000253745785378842,0.00024849218642650857
76670,2021,2306.0492583445593,5052.936765436378,0.0009989469960694582,0.001005308583685435,588.2375062916042,1251.441311247229,0.0003193821312554837,0.00029285782764886117
76670,2022,2306.0492583445593,5052.936765436378,0.0009934085060786507,0.0010004650269185668,588.2375062916042,1251.441311247229,0.0003176375803893818,0.000291384754774502
76670,2023,2306.0492583445593,5052.936765436378,0.0009898116624896206,0.0009975670934111976,588.2375062916042,1251.441311247229,0.00031651321098779005,0.00029047592567920527
76670,2024,2306.0492583445593,5052.936765436378,0.0009849983467867217,0.0009933379965948257,588.2375062916042,1251.441311247229,0.0003149985281858983,0.00028918717049671033
76670,2025,2306.0492583445593,5052.936765436378,0.0009813082276237774,0.000990253892539968,588.2375062916042,1251.441311247229,0.0003138420710355415,0.0002882307650347932
76736,2021,2346.071032455704,5226.023130914343,0.0011890723340812967,0.001133126320597592,572.5360467470217,1258.6436840024014,0.0003319158836175241,0.0003106364398844337
76736,2022,2346.071032455704,5226.023130914343,0.0011828541303550875,0.0011271325174585759,572.5360467470217,1258.6436840024014,0.0003301856040628,0.00030900045866197643
76736,2023,2346.071032455704,5226.023130914343,0.0011791872342210206,0.001123547400477927,572.5360467470217,1258.6436840024014,0.0003291559432623555,0.0003080093698982283
76736,2024,2346.071032455704,5226.023130914343,0.0011737012653699462,0.0011181386912870457,572.5360467470217,1258.6436840024014,0.0003276331441752488,0.0003065345520153488
76736,2025,2346.071032455704,5226.023130914343,0.0011695895154138387,0.0011140530703895183,572.5360467470217,1258.6436840024014,0.00032649001755184884,0.0003054180049369961
76823,2021,2070.5133876860777,3884.490815574143,0.00102706172350678,0.0011272264811956533,473.31118233964395,915.1610662432083,0.0002490450129305048,0.00027837093786528745
76823,2022,2070.5133876860777,3884.490815574143,0.0010214697996618475,0.0011203187221734256,473.31118233964395,915.1610662432083,0.00024771440121783734,0.000276583271279727
76823,2023,2070.5133876860777,3884.490815574143,0.0010184104474951772,0.0011161062664814213,473.31118233964395,915.1610662432083,0.0002469868985268966,0.0002754508254922758
76823,2024,2070.5133876860777,3884.490815574143,0.0010133355741480648,0.0011098159121703153,473.31118233964395,915.1610662432083,0.0002457822172058041,0.0002738274776653318
76823,2025,2070.5133876860777,3884.490815574143,0.0010095657319813527,0.001104907972867697,473.31118233964395,915.1610662432083,0.00024489264924435134,0.0002725388478473151
76828,2021,1768.0020146300544,4469.510885884908,0.0005597036129612842,0.0007051223981633375,447.14328328047725,1099.9569031062101,0.0002111071736112612,0.00022472906736822982
76828,2022,1768.0020146300544,4469.510885884908,0.0005568610954626584,0.0007008658275041133,447.14328328047725,1099.9569031062101,0.0002100477182662808,0.00022327468140053013
76828,2023,1768.0020146300544,4469.510885884908,0.0005551547738891567,0.0006981635983968841,447.14328328047725,1099.9569031062101,0.00020941369446369077,0.0002223064093100468
76828,2024,1768.0020146300544,4469.510885884908,0.0005526735534023578,0.0006943591487196354,447.14328328047725,1099.9569031062101,0.0002084883420886891,0.0002210099716015712
76828,2025,1768.0020146300544,4469.510885884908,0.0005508306486442637,0.0006913808026723642,447.14328328047725,1099.9569031062101,0.00020780423739251452,0.00021997160279058978
76834,2021,2259.301559512196,4926.054419955115,0.0012623112357565017,0.0012458633575434112,573.5511503589995,1204.1054462888092,0.00038614769645826534,0.00034514194376507865
76834,2022,2259.301559512196,4926.054419955115,0.0012552734424211658,0.0012397088039746036,573.5511503589995,1204.1054462888092,0.0003840111743490178,0.00034341451447220285
76834,2023,2259.301559512196,4926.054419955115,0.0012507050126021272,0.0012360398558185104,573.5511503589995,1204.1054462888092,0.0003826276844103315,0.0003423678360161069
76834,2024,2259.301559512196,4926.054419955115,0.0012445685505714202,0.0012306276339668746,573.5511503589995,1204.1054462888092,0.00038076538194125166,0.0003408488630279239
76834,2025,2259.301559512196,4926.054419955115,0.0012398379304185388,0.0012266508769510187,573.5511503589995,1204.1054462888092,0.0003793314609479644,0.0003397243619506489
76845,2021,3298.6770802377823,4850.956422608968,0.0027500344322024654,0.0026529213118304806,717.7134467405912,1102.6733770918577,0.0005593606112248322,0.0005645457239472298
76845,2022,3298.6770802377823,4850.956422608968,0.0027332998243867895,0.0026369980110670364,717.7134467405912,1102.6733770918577,0.0005559804227708044,0.0005611732022877457
76845,2023,3298.6770802377823,4850.956422608968,0.0027235996134891173,0.0026275028366704745,717.7134467405912,1102.6733770918577,0.0005540303976346658,0.0005591516059837316
76845,2024,3298.6770802377823,4850.956422608968,0.00270826925987406,0.00261284316166018,717.7134467405912,1102.6733770918577,0.0005509356465216421,0.0005560444761689444
76845,2025,3298.6770802377823,4850.956422608968,0.0026965114357652624,0.0026015211782716412,717.7134467405912,1102.6733770918577,0.0005485677508626823,0.0005536428966072003
76863,2021,1604.7729103469092,3438.3938758891586,0.0008743843259159646,0.0008937113082719088,379.68055953448294,828.3996028235398,0.00022278902349478425,0.00024195176068227427
76863,2022,1604.7729103469092,3438.3938758891586,0.0008695615035713007,0.0008882273301770089,379.68055953448294,828.3996028235398,0.00022156038929366156,0.00024033620055081498
76863,2023,1604.7729103469092,3438.3938758891586,0.0008668367514440778,0.0008848387290599224,379.68055953448294,828.3996028235398,0.00022084890288243643,0.00023926908488962337
76863,2024,1604.7729103469092,3438.3938758891586,0.0008624457399986329,0.0008798532318199814,379.68055953448294,828.3996028235398,0.00021973072433402772,0.0002378001137597169
76863,2025,1604.7729103469092,3438.3938758891586,0.0008591542052443331,0.0008759519016185991,379.68055953448294,828.3996028235398,0.00021888990316678368,0.00023661689371785643
76869,2021,2995.4734761594077,5032.162293550316,0.0008835541210948055,0.0008371372550947102,728.849937041508,1228.626871567008,0.0002463189011164153,0.00024359276999383374
76869,2022,2995.4734761594077,5032.162293550316,0.0008795944499425118,0.0008333580584774415,728.849937041508,1228.626871567008,0.00024517273760607164,0.00024239769738337275
76869,2023,2995.4734761594077,5032.162293550316,0.0008771853149230048,0.0008310303526043065,728.849937041508,1228.626871567008,0.0002444621880947194,0.0002416257577066519
76869,2024,2995.4734761594077,5032.162293550316,0.0008737940209513351,0.0008277602307914802,728.849937041508,1228.626871567008,0.0002434771086303696,0.00024058154582936933
76869,2025,2995.4734761594077,5032.162293550316,0.0008713905311607793,0.0008254210482932901,728.849937041508,1228.626871567008,0.00024276791214458408,0.00023980754006059385
76890,2021,2386.7524245503,4861.444977755447,0.0008268790179186109,0.0007889780539875582,595.2091964693445,1182.853108735603,0.00023508732309245848,0.00022660383232794745
76890,2022,2386.7524245503,4861.444977755447,0.0008231841803110617,0.0007854765935452453,595.2091964693445,1182.853108735603,0.00023399788137184606,0.0002255143729111257
76890,2023,2386.7524245503,4861.444977755447,0.000820950080574265,0.0007833544403230932,595.2091964693445,1182.853108735603,0.00023332969963507373,0.00022482299460194958
76890,2024,2386.7524245503,4861.444977755447,0.0008177880863947141,0.0007803249581413686,595.2091964693445,1182.853108735603,0.00023239409081834668,0.00022387129279980464
76890,2025,2386.7524245503,4861.444977755447,0.0008155481707135458,0.0007781701292685607,595.2091964693445,1182.853108735603,0.0002317211796361123,0.0002231699288554282
76892,2021,3858.595594101046,5316.2084443424865,0.0015184114685126418,0.001533420875268238,911.7055419218678,1292.9798708375934,0.0003555611388418806,0.00037581439806294836
76892,2022,3858.595594101046,5316.2084443424865,0.0015127362430399946,0.0015273874533796295,911.7055419218678,1292.9798708375934,0.00035417823026443563,0.0003742124704545101
76892,2023,3858.595594101046,5316.2084443424865,0.0015096008150276786,0.0015239192158445177,911.7055419218678,1292.9798708375934,0.00035339284835718323,0.0003732408002660877
76892,2024,3858.595594101046,5316.2084443424865,0.0015048114428276435,0.0015187788006776766,911.7055419218678,1292.9798708375934,0.00035221979473902364,0.000371861262293167
76892,2025,3858.595594101046,5316.2084443424865,0.001501705223665386,0.0015153289423773648,911.7055419218678,1292.9798708375934,0.00035144184339577626,0.0003708954997788041
76895,2021,2289.887519113221,5071.530967278399,0.0012161650415193688,0.0011598237218506842,547.5943540066777,1203.1723988145297,0.0003202443872054747,0.0003049968168258361
76895,2022,2289.887519113221,5071.530967278399,0.0012096372990760727,0.0011534250836563414,547.5943540066777,1203.1723988145297,0.0003185502634260513,0.00030332142566983055
76895,2023,2289.887519113221,5071.530967278399,0.0012059290178479416,0.0011496007362665544,547.5943540066777,1203.1723988145297,0.0003175798814127351,0.00030230651481161284
76895,2024,2289.887519113221,5071.530967278399,0.001200086357647689,0.0011437823310505109,547.5943540066777,1203.1723988145297,0.00031607243168883895,0.0003007864640571112
76895,2025,2289.887519113221,5071.530967278399,0.0011957280625785778,0.0011393465855052231,547.5943540066777,1203.1723988145297,0.00031494947748590576,0.00029962474534129494
81001,2021,125.55685131342607,183.7092114395659,0.001379495979273914,0.0013482572293870342,50.16811811155745,77.36128903535358,0.0005271244798851542,0.0005337373624387496
81001,2022,125.55685131342607,183.7092114395659,0.0013712068850192862,0.0013400012479980914,50.16811811155745,77.36128903535358,0.0005239571024057434,0.0005304627823671932
81001,2023,125.55685131342607,183.7092114395659,0.0013642110867105877,0.001333076938755826,50.16811811155745,77.36128903535358,0.0005212839111820945,0.0005277163774025128
81001,2024,125.55685131342607,183.7092114395659,0.0013573312439996027,0.0013261544389058695,50.16811811155745,77.36128903535358,0.0005186550281949701,0.0005249644171488434
81001,2025,125.55685131342607,183.7092114395659,0.00135139589307492,0.0013201890782620165,50.16811811155745,77.36128903535358,0.0005163870485733435,0.0005225915083843087
81065,2021,95.67461428922815,191.79814025331453,0.000648208682566074,0.0008092895079057816,46.2422079719479,88.6215486040092,0.0003988911336116235,0.0004296884503657674
81065,2022,95.67461428922815,191.79814025331453,0.0006434153642629639,0.0008039346640377799,46.2422079719479,88.6215486040092,0.0003959474134090272,0.00042681964705228707
81065,2023,95.67461428922815,191.79814025331453,0.0006396240969848809,0.0007994528412422115,46.2422079719479,88.6215486040092,0.00039361899877624355,0.00042442957186340595
81065,2024,95.67461428922815,191.79814025331453,0.0006351425217117828,0.0007943085433449864,46.2422079719479,88.6215486040092,0.0003908582824409917,0.00042167576095421
81065,2025,95.67461428922815,191.79814025331453,0.0006315307764427898,0.0007902456295509108,46.2422079719479,88.6215486040092,0.00038864326779766006,0.00041950192184157147
81220,2021,36.192328375632876,122.18664013826574,0.00024455857177794083,0.0002060217910751157,15.110722681180693,51.119252604514806,0.00024455857177794083,0.00012623411029302842
81220,2022,36.192328375632876,122.18664013826574,0.00024342745861733204,0.0002048059034939636,15.110722681180693,51.119252604514806,0.00024342745861733204,0.00012550467255104068
81220,2023,36.192328375632876,122.18664013826574,0.00024213075060532688,0.0002037494465127027,15.110722681180693,51.119252604514806,0.00024213075060532688,0.00012485660375444283
81220,2024,36.192328375632876,122.18664013826574,0.0002418379685610641,0.00020279988928613294,15.110722681180693,51.119252604514806,0.0002418379685610641,0.00012431319536255212
81220,2025,36.192328375632876,122.18664013826574,0.0002402691013935608,0.00020185108760605277,15.110722681180693,51.119252604514806,0.0002402691013935608,0.00012371484266948706
81300,2021,138.62515484587894,233.44436635921753,0.0012862371751289807,0.0011181082253831757,61.92967972193513,101.37289143285945,0.0005932615762795917,0.0005211144759161133
81300,2022,138.62515484587894,233.44436635921753,0.0012778551117421447,0.0011106655118810452,61.92967972193513,101.37289143285945,0.0005894031927691692,0.0005176411606259535
81300,2023,138.62515484587894,233.44436635921753,0.001270497599618067,0.0011041018538591133,61.92967972193513,101.37289143285945,0.0005860385805672774,0.0005145872442975509
81300,2024,138.62515484587894,233.44436635921753,0.0012616723817986482,0.001096403560808921,61.92967972193513,101.37289143285945,0.0005819929736571494,0.0005110056342654926
81300,2025,138.62515484587894,233.44436635921753,0.0012551847103008432,0.0010906019215259932,61.92967972193513,101.37289143285945,0.0005790158266426632,0.0005083025570838962
81591,2021,71.40880377692568,170.52192085598097,0.00033045684150400203,0.000526906440847206,33.25192933888244,77.17216999596621,0.00027087732211054797,0.00029063019122259467
81591,2022,71.40880377692568,170.52192085598097,0.0003281715743983951,0.0005236877259139607,33.25192933888244,77.17216999596621,0.0002690172817924305,0.00028883311504846625
81591,2023,71.40880377692568,170.52192085598097,0.0003263058550540113,0.0005209063380910065,33.25192933888244,77.17216999596621,0.0002674976658115395,0.00028729029076343074
81591,2024,71.40880377692568,170.52192085598097,0.000324039093980235,0.0005178329179779255,33.25192933888244,77.17216999596621,0.000265632453069518,0.0002855573744594945
81591,2025,71.40880377692568,170.52192085598097,0.0003223545419035631,0.0005153937857318925,33.25192933888244,77.17216999596621,0.00026426774212448783,0.0002842010989542135
81736,2021,150.32120080319962,266.44933613222474,0.0013901588638575257,0.001241015336616052,63.18475717896675,107.4243584607753,0.0006008940209488227,0.0005469544671908557
81736,2022,150.32120080319962,266.44933613222474,0.0013809994077233132,0.0012327188805043195,63.18475717896675,107.4243584607753,0.0005969528172117058,0.0005432992008853039
81736,2023,150.32120080319962,266.44933613222474,0.0013728459652127933,0.0012253726910032054,63.18475717896675,107.4243584607753,0.0005934512057395676,0.0005400679270168453
81736,2024,150.32120080319962,266.44933613222474,0.0013631638211335747,0.0012167888536485229,63.18475717896675,107.4243584607753,0.0005892844979804115,0.0005362910069190528
81736,2025,150.32120080319962,266.44933613222474,0.001356067093195513,0.0012103295324602536,63.18475717896675,107.4243584607753,0.0005862357020942873,0.0005334476023998125
81794,2021,133.1908904497783,210.56006802697013,0.0015850223789981987,0.0013959539001644722,59.38501100934748,95.67393089408974,0.0006669629435489592,0.0006077752639962831
81794,2022,133.1908904497783,210.56006802697013,0.001576581125803637,0.0013876477958884267,59.38501100934748,95.67393089408974,0.000663401421502692,0.0006041382005305071
81794,2023,133.1908904497783,210.56006802697013,0.0015689415422657262,0.001380181389883109,59.38501100934748,95.67393089408974,0.0006601814798803915,0.0006008763957238887
81794,2024,133.1908904497783,210.56006802697013,0.0015590031928466304,0.001370996946747366,59.38501100934748,95.67393089408974,0.0006559960355266907,0.0005968767713418089
81794,2025,133.1908904497783,210.56006802697013,0.0015522363889854927,0.0013642688596831889,59.38501100934748,95.67393089408974,0.0006531452481269466,0.0005939406582859144
85001,2021,434.69861622418193,676.5121575848204,0.0018366062461310489,0.0017252920940517532,157.03489598961502,226.70516829374083,0.0007171798524365244,0.0006615642016134961
85001,2022,434.69861622418193,676.5121575848204,0.00180553306617101,0.0016988820489098506,157.03489598961502,226.70516829374083,0.0007050812638981928,0.000651397725921364
85001,2023,434.69861622418193,676.5121575848204,0.0017769996511138241,0.0016747772375397807,157.03489598961502,226.70516829374083,0.0006939715198204636,0.000642113850711566
85001,2024,434.69861622418193,676.5121575848204,0.0017488189308599831,0.0016507329175041296,157.03489598961502,226.70516829374083,0.0006829988224079502,0.0006328563108364427
85001,2025,434.69861622418193,676.5121575848204,0.0017229644559040053,0.0016286623902065026,157.03489598961502,226.70516829374083,0.0006729299026841932,0.0006243596687655908
85010,2021,441.4677439014757,938.8028677074884,0.000962361105956166,0.0008980912614657209,145.07388920423472,292.05448925379517,0.0003648286395734205,0.0003281010654016442
85010,2022,441.4677439014757,938.8028677074884,0.0009492988268325274,0.0008869593700327155,145.07388920423472,292.05448925379517,0.00035992676953351893,0.0003240037849799655
85010,2023,441.4677439014757,938.8028677074884,0.0009375775363286707,0.0008769626957196104,145.07388920423472,292.05448925379517,0.0003555286783561804,0.0003203201663504722
85010,2024,441.4677439014757,938.8028677074884,0.0009256803582444209,0.0008667671047483067,145.07388920423472,292.05448925379517,0.00035106218621529375,0.00031656687181600644
85010,2025,441.4677439014757,938.8028677074884,0.0009150441079620819,0.0008575361760679186,145.07388920423472,292.05448925379517,0.00034706808748292706,0.0003131693016204969
85015,2021,589.7874458235425,1264.980374375543,0.0005137202175588473,0.0008310041918943218,173.6402991242582,368.1573928406961,0.0001792530601534168,0.00026685906369720554
85015,2022,589.7874458235425,1264.980374375543,0.0005096641969719932,0.0008223250631487436,173.6402991242582,368.1573928406961,0.00017783753468773387,0.00026400856264566355
85015,2023,589.7874458235425,1264.980374375543,0.0005061794979084,0.0008145807431771928,173.6402991242582,368.1573928406961,0.00017662430525740243,0.00026146084068718266
85015,2024,589.7874458235425,1264.980374375543,0.0005024129932701344,0.0008065312424397698,173.6402991242582,368.1573928406961,0.00017531112370275064,0.0002588204007038621
85015,2025,589.7874458235425,1264.980374375543,0.0004990243277245935,0.0007991833224074566,173.6402991242582,368.1573928406961,0.00017414000309310678,0.00025641353276605955
85125,2021,72.51794817272393,215.34258711194872,0.00044608583993738265,0.000532988094852834,33.47682756294155,94.47744687954196,0.0002904046995975661,0.00029573119631880386
85125,2022,72.51794817272393,215.34258711194872,0.00044359257938603294,0.0005298250205925992,33.47682756294155,94.47744687954196,0.0002887778973109775,0.0002939718839595482
85125,2023,72.51794817272393,215.34258711194872,0.00044117928955553085,0.0005269753702751438,33.47682756294155,94.47744687954196,0.0002871983504245918,0.00029238520650752775
85125,2024,72.51794817272393,215.34258711194872,0.00043868257145155575,0.0005238713094659075,33.47682756294155,94.47744687954196,0.00028551119945909335,0.00029063486742920844
85125,2025,72.51794817272393,215.34258711194872,0.0004368155398091223,0.0005214400152834903,33.47682756294155,94.47744687954196,0.0002843011834073006,0.0002892915879070701
85136,2021,282.5105751847901,757.4621065885334,0.00024250952789568687,0.00044841167447083033,91.90160235102584,237.86884352803787,0.00015182770105531953,0.00018611110259228198
85136,2022,282.5105751847901,757.4621065885334,0.00024131727497930463,0.0004448987443546973,91.90160235102584,237.86884352803787,0.00015110707144137133,0.00018469399698352472
85136,2023,282.5105751847901,757.4621065885334,0.0002403065158089001,0.00044177672672405973,91.90160235102584,237.86884352803787,0.00015052205277484737,0.0001834354848325856
85136,2024,282.5105751847901,757.4621065885334,0.00023897794695618228,0.00043832460448272687,91.90160235102584,237.86884352803787,0.00014971161567799284,0.00018202432018197474
85136,2025,282.5105751847901,757.4621065885334,0.0002381091469656356,0.0004354081274697508,91.90160235102584,237.86884352803787,0.00014920522141176115,0.0001808605802935425
85139,2021,135.16702610829304,277.1787331665047,0.0004796855156134687,0.0004836684789952122,52.681552373673355,110.42247125600738,0.00017954687115942868,0.00018855702635587764
85139,2022,135.16702610829304,277.1787331665047,0.0004721656261589064,0.00047669138580086847,52.681552373673355,110.42247125600738,0.00017670951312044394,0.00018586560314165528
85139,2023,135.16702610829304,277.1787331665047,0.00046553648194674066,0.0004703952562169868,52.681552373673355,110.42247125600738,0.00017421099264755812,0.00018343737401312264
85139,2024,135.16702610829304,277.1787331665047,0.00045908101904916553,0.0004640417289714656,52.681552373673355,110.42247125600738,0.00017178202132283465,0.00018098200621981714
85139,2025,135.16702610829304,277.1787331665047,0.00045292397063733774,0.0004582487301055585,52.681552373673355,110.42247125600738,0.0001694595338309529,0.00017874738621944717
85162,2021,431.271605919484,1171.964791270745,0.0007607317548486215,0.0007315752674123194,138.95825541392423,368.78574058860846,0.0002618785260801877,0.00024914223006016145
85162,2022,431.271605919484,1171.964791270745,0.0007522411869955995,0.0007229106166910777,138.95825541392423,368.78574058860846,0.00025905125384186923,0.00024620037666676475
85162,2023,431.271605919484,1171.964791270745,0.0007447006804618224,0.0007151466215458795,138.95825541392423,368.78574058860846,0.00025654605537217903,0.00024356116642009512
85162,2024,431.271605919484,1171.964791270745,0.0007368698727067967,0.0007071884479607997,138.95825541392423,368.78574058860846,0.00025393366314100714,0.00024085662080378215
85162,2025,431.271605919484,1171.964791270745,0.000729867019047623,0.0006999575883436389,138.95825541392423,368.78574058860846,0.00025160704613261747,0.00023840137515753322
85225,2021,265.1715286025897,560.5728655422594,0.000495922843937195,0.0005389739949829305,94.55436141417938,188.64282621813467,0.0002108273593368752,0.00020950104679974112
85225,2022,265.1715286025897,560.5728655422594,0.0004879494048836044,0.0005315243429556782,94.55436141417938,188.64282621813467,0.0002075823600575714,0.00020659400034399932
85225,2023,265.1715286025897,560.5728655422594,0.0004805911411989522,0.0005247446367450794,94.55436141417938,188.64282621813467,0.0002045917846772853,0.00020394485278995328
85225,2024,265.1715286025897,560.5728655422594,0.00047329827358187756,0.0005179123491106087,94.55436141417938,188.64282621813467,0.00020161164215544837,0.00020127430825062862
85225,2025,265.1715286025897,560.5728655422594,0.0004666616537359722,0.0005116779294869519,94.55436141417938,188.64282621813467,0.00019891689693186162,0.0001988427912906171
85230,2021,79.34917154986658,213.02229318881567,0.0002726112233481218,0.00031292058958368955,32.03164553721551,87.84030106034594,7.749790153081037e-05,0.00011301941149594495
85230,2022,79.34917154986658,213.02229318881567,0.00026795075949470707,0.00030809797374584824,32.03164553721551,87.84030106034594,7.62484042395704e-05,0.00011132189177106743
85230,2023,79.34917154986658,213.02229318881567,0.00026364071118872053,0.0003037199913317745,32.03164553721551,87.84030106034594,7.509119745791641e-05,0.00010978410774492486
85230,2024,79.34917154986658,213.02229318881567,0.0002589822219734768,0.00029929224673642274,32.03164553721551,87.84030106034594,7.383955103124873e-05,0.00010823122581643359
85230,2025,79.34917154986658,213.02229318881567,0.00025485475725324557,0.00029525306757981955,32.03164553721551,87.84030106034594,7.27241939234132e-05,0.00010681186559048474
85250,2021,67.01470182092567,185.8646284276087,0.0009778566828203107,0.0009482870844210244,28.766764118993233,79.42155349142524,0.0004191785625234614,0.0004051133528349559
85250,2022,67.01470182092567,185.8646284276087,0.0009722267426416962,0.0009427571692278347,28.766764118993233,79.42155349142524,0.0004167701770096289,0.00040274441580958047
85250,2023,67.01470182092567,185.8646284276087,0.0009670742793382072,0.0009376945238626132,28.766764118993233,79.42155349142524,0.0004145589522477511,0.0004005796559164084
85250,2024,67.01470182092567,185.8646284276087,0.0009621922745837569,0.00093286515555425,28.766764118993233,79.42155349142524,0.00041244649852118675,0.00039849415816964003
85250,2025,67.01470182092567,185.8646284276087,0.0009579203433536714,0.0009286530423029692,28.766764118993233,79.42155349142524,0.0004106220887656617,0.00039669153266222684
85263,2021,163.36702457018347,386.3752245702695,0.0005211878079079503,0.0006128741175717185,62.09794559662093,142.74100648150986,0.00022631875409285658,0.0002543863955614105
85263,2022,163.36702457018347,386.3752245702695,0.0005128974844787093,0.0006050014544407782,62.09794559662093,142.74100648150986,0.00022290489962521987,0.00025118567313709155
85263,2023,163.36702457018347,386.3752245702695,0.0005052365047838053,0.0005978379228281247,62.09794559662093,142.74100648150986,0.00021975311483826387,0.0002482755585904065
85263,2024,163.36702457018347,386.3752245702695,0.0004976340537273544,0.0005904948941950105,62.09794559662093,142.74100648150986,0.0002166028442184353,0.0002452853329216831
85263,2025,163.36702457018347,386.3752245702695,0.0004907116121686851,0.0005839441926276998,62.09794559662093,142.74100648150986,0.00021374850736619104,0.00024262115288269773
85279,2021,562.0187125330743,1199.4664443243673,0.001035761018215019,0.0011361403377593748,169.1275226993185,355.7846064974758,0.00038350412965492813,0.0003873735096910169
85279,2022,562.0187125330743,1199.4664443243673,0.0010231976481237146,0.0011232041802625937,169.1275226993185,355.7846064974758,0.0003787837114621605,0.00038284589935855414
85279,2023,562.0187125330743,1199.4664443243673,0.0010119732288333431,0.001111616227391907,169.1275226993185,355.7846064974758,0.00037456153981726563,0.0003787826614337942
85279,2024,562.0187125330743,1199.4664443243673,0.0010005099578149434,0.0010996979750559914,169.1275226993185,355.7846064974758,0.0003702539148255772,0.000374615764285764
85279,2025,562.0187125330743,1199.4664443243673,0.0009901531246118039,0.0010888451363196094,169.1275226993185,355.7846064974758,0.0003663689527802163,0.00037082492551515216
85300,2021,556.4024579066725,1577.6547626386657,0.0006533786614024213,0.0005422917312215925,166.76891851919848,457.93777993203304,0.00023763731233809998,0.00018556861672573726
85300,2022,556.4024579066725,1577.6547626386657,0.0006466845463708767,0.000536687594589221,166.76891851919848,457.93777993203304,0.00023524186682205106,0.0001836659849350851
85300,2023,556.4024579066725,1577.6547626386657,0.0006407657712744355,0.0005316787792476316,166.76891851919848,457.93777993203304,0.00023312750754763694,0.00018196720699297455
85300,2024,556.4024579066725,1577.6547626386657,0.0006345068782397138,0.0005264420057079837,166.76891851919848,457.93777993203304,0.00023088879799057908,0.00018019064886634314
85300,2025,556.4024579066725,1577.6547626386657,0.0006289483100436623,0.0005217211800240791,166.76891851919848,457.93777993203304,0.00022890504812520516,0.00017859018414664727
85315,2021,227.19664727433394,608.0451578658818,0.0005384881996424962,0.0006336628887891192,78.24254842368994,201.4010504297769,0.00027536954797285006,0.0002736208771243531
85315,2022,227.19664727433394,608.0451578658818,0.000535561336272731,0.0006278631480349811,78.24254842368994,201.4010504297769,0.00027394934098499914,0.00027117393605371315
85315,2023,227.19664727433394,608.0451578658818,0.0005329617548056149,0.0006226229596758893,78.24254842368994,201.4010504297769,0.00027272088172384466,0.000268965521727592
85315,2024,227.19664727433394,608.0451578658818,0.0005296116275932696,0.0006169370398875403,78.24254842368994,201.4010504297769,0.00027108439563870837,0.0002665514016032458
85315,2025,227.19664727433394,608.0451578658818,0.0005273336581434576,0.0006121220914097597,78.24254842368994,201.4010504297769,0.0002700126891537795,0.00026452883160031865
85325,2021,92.72933888285348,235.15395789185368,0.00021329491333537965,0.00029873260016968057,37.75366011655167,96.94737356883462,0.0001143732976505383,0.00013310829824364693
85325,2022,92.72933888285348,235.15395789185368,0.00021095472747426267,0.00029460724746880246,37.75366011655167,96.94737356883462,0.00011325512721197988,0.00013130650304949272
85325,2023,92.72933888285348,235.15395789185368,0.00020890785099901104,0.0002909091781380014,37.75366011655167,96.94737356883462,0.00011226784059431891,0.00012968981114331278
85325,2024,92.72933888285348,235.15395789185368,0.00020669696150017988,0.0002871684555596737,37.75366011655167,96.94737356883462,0.00011119728130515834,0.00012805190460283455
85325,2025,92.72933888285348,235.15395789185368,0.00020468274130775748,0.0002837452390582068,37.75366011655167,96.94737356883462,0.00011020248639280921,0.0001265487767646032
85400,2021,232.97320698586702,577.3456094252488,0.0002044708256925147,0.0004906261837543002,80.72528998394408,194.39290320497034,0.00013348959575647514,0.00020652044067529462
85400,2022,232.97320698586702,577.3456094252488,0.0002032496704029563,0.00048557708239384224,80.72528998394408,194.39290320497034,0.00013273371286759086,0.00020443313623955746
85400,2023,232.97320698586702,577.3456094252488,0.0002022090962523334,0.00048102277472122473,80.72528998394408,194.39290320497034,0.00013209950047172846,0.00020254919551196767
85400,2024,232.97320698586702,577.3456094252488,0.00020091707158659012,0.0004762204323305345,80.72528998394408,194.39290320497034,0.00013128812211551718,0.00020055301765992898
85400,2025,232.97320698586702,577.3456094252488,0.00020002095653752372,0.000472012972819596,80.72528998394408,194.39290320497034,0.0001307435575300301,0.0001988177759305065
85410,2021,298.40455623258157,819.699545922239,0.0009982441820079095,0.0007891769657088343,103.07919404695558,280.89532348838856,0.0003308022179823103,0.0002746824605297357
85410,2022,298.40455623258157,819.699545922239,0.000984527046176178,0.0007790082284217236,103.07919404695558,280.89532348838856,0.00032634529887444296,0.0002712012626441018
85410,2023,298.40455623258157,819.699545922239,0.000972213957431301,0.0007698753816765645,103.07919404695558,280.89532348838856,0.00032235046451310924,0.00026807384974646055
85410,2024,298.40455623258157,819.699545922239,0.0009597501353920535,0.000760564423604617,103.07919404695558,280.89532348838856,0.0003182973771016678,0.00026487722853634236
85410,2025,298.40455623258157,819.699545922239,0.0009484182354274587,0.0007521393365584624,103.07919404695558,280.89532348838856,0.00031461753790272453,0.00026199147528498053
85430,2021,58.08095186330498,195.94912803310118,0.0005727174473723922,0.0005744243647541383,24.604867251802503,82.84707177778935,0.0002541971184496413,0.0002563349470729813
85430,2022,58.08095186330498,195.94912803310118,0.0005689582725327156,0.000570394895512032,24.604867251802503,82.84707177778935,0.00025250506878143073,0.00025454126423010275
85430,2023,58.08095186330498,195.94912803310118,0.0005660786931999445,0.00056707226927897,24.604867251802503,82.84707177778935,0.0002512047705730801,0.0002530624998042656
85430,2024,58.08095186330498,195.94912803310118,0.0005630405891395526,0.000563785200541802,24.604867251802503,82.84707177778935,0.000249825646665486,0.0002516022824380123
85430,2025,58.08095186330498,195.94912803310118,0.0005602768758166568,0.000560769068273481,24.604867251802503,82.84707177778935,0.00024856701949817157,0.00025026110451194337
85440,2021,274.22399551333723,668.2052849720001,0.0009425706104378901,0.0006746765922809117,102.33972724711805,250.32071536719099,0.0003310184551817819,0.00024293087244370485
85440,2022,274.22399551333723,668.2052849720001,0.0009292895062250943,0.0006666095060778973,102.33972724711805,250.32071536719099,0.00032648136870324203,0.00024010082469995913
85440,2023,274.22399551333723,668.2052849720001,0.0009172778059304392,0.0006594094327691942,102.33972724711805,250.32071536719099,0.00032237875040623824,0.00023757769916634775
85440,2024,274.22399551333723,668.2052849720001,0.0009050024939589222,0.0006519878442699605,102.33972724711805,250.32071536719099,0.0003181583585636792,0.00023496295353645424
85440,2025,274.22399551333723,668.2052849720001,0.000893933868103,0.0006453583944128501,102.33972724711805,250.32071536719099,0.0003143772341069932,0.0002326422247189577
86001,2021,604.5868687783056,1229.7465225049468,0.0010808958468682347,0.001114849439934875,202.96904957888538,403.49729642876633,0.0004056172203571951,0.0004134812710317539
86001,2022,604.5868687783056,1229.7465225049468,0.001072586700319128,0.0011060502837206472,202.96904957888538,403.49729642876633,0.0004022683772797987,0.00041011221705132593
86001,2023,604.5868687783056,1229.7465225049468,0.001065133069681746,0.0010980935396923072,202.96904957888538,403.49729642876633,0.0003992600547448396,0.0004070596718077791
86001,2024,604.5868687783056,1229.7465225049468,0.0010577848373164549,0.0010901328755899531,202.96904957888538,403.49729642876633,0.0003963035498303829,0.0004040179719144725
86001,2025,604.5868687783056,1229.7465225049468,0.0010511101975413098,0.0010828887655478618,202.96904957888538,403.49729642876633,0.0003935984891362579,0.0004012381641960407
86219,2021,913.7042373028272,1512.3602418081575,0.0017847933019435604,0.001865901869527442,293.62328190408635,493.2686807162129,0.0005752591910080949,0.0006004225614647453
86219,2022,913.7042373028272,1512.3602418081575,0.001775466765136216,0.001856207405658199,293.62328190408635,493.2686807162129,0.0005721042770089572,0.0005971741269963633
86219,2023,913.7042373028272,1512.3602418081575,0.0017671814809048204,0.001847580308358616,293.62328190408635,493.2686807162129,0.000569294598833329,0.0005942733962042748
86219,2024,913.7042373028272,1512.3602418081575,0.001758764845412178,0.0018387665738725705,293.62328190408635,493.2686807162129,0.0005664422263681012,0.0005913096750880869
86219,2025,913.7042373028272,1512.3602418081575,0.0017514157803411123,0.0018310387537742068,293.62328190408635,493.2686807162129,0.0005639320303071374,0.0005886972872685742
86320,2021,620.7362085993897,1178.1690648389144,0.0011705087918744287,0.0011516234939940111,190.9961951519116,370.475939198434,0.00038306683813604114,0.00038571081659435755
86320,2022,620.7362085993897,1178.1690648389144,0.0011643609121579752,0.0011449353387062021,190.9961951519116,370.475939198434,0.0003810044428131091,0.00038336689935782904
86320,2023,620.7362085993897,1178.1690648389144,0.0011589192446433672,0.0011389622041343642,190.9961951519116,370.475939198434,0.00037918229621466157,0.0003812697747891408
86320,2024,620.7362085993897,1178.1690648389144,0.0011533966694541522,0.0011329420183438482,190.9961951519116,370.475939198434,0.0003773376399697901,0.0003791662907654941
86320,2025,620.7362085993897,1178.1690648389144,0.001148413095519524,0.0011275152856433453,190.9961951519116,370.475939198434,0.0003756615571166184,0.0003772582452005818
86568,2021,198.40195475542717,563.2158186805101,0.0006521384424561797,0.0006194096748221994,67.57823579471382,177.279409853128,0.0002760678313883221,0.0002630819469957175
86568,2022,198.40195475542717,563.2158186805101,0.0006422017397660771,0.0006108948327212488,67.57823579471382,177.279409853128,0.00027185097224793187,0.000259452969247768
86568,2023,198.40195475542717,563.2158186805101,0.0006329911395202683,0.0006030087748723291,67.57823579471382,177.279409853128,0.0002679437650144503,0.0002560926747071385
86568,2024,198.40195475542717,563.2158186805101,0.0006243363532576526,0.0005955539141968179,67.57823579471382,177.279409853128,0.0002642721565351849,0.0002529159788437975
86568,2025,198.40195475542717,563.2158186805101,0.0006159816155719372,0.0005884090870571303,67.57823579471382,177.279409853128,0.00026072785650788354,0.00024987186584708954
86569,2021,305.64162679332435,770.3471871377847,0.0004931157069468663,0.000551935426720798,100.78714193942709,245.74934814518883,0.00021631783793586105,0.00021224203517583167
86569,2022,305.64162679332435,770.3471871377847,0.0004876190221346058,0.0005471498548349529,100.78714193942709,245.74934814518883,0.00021386795493313256,0.0002102499587162509
86569,2023,305.64162679332435,770.3471871377847,0.0004826612916820865,0.0005428142701199037,100.78714193942709,245.74934814518883,0.00021166309743117777,0.00020844356047617434
86569,2024,305.64162679332435,770.3471871377847,0.0004779004802144699,0.0005385884578162764,100.78714193942709,245.74934814518883,0.00020954768553743788,0.00020668884178022453
86569,2025,305.64162679332435,770.3471871377847,0.00047337532158142837,0.0005346564097786177,100.78714193942709,245.74934814518883,0.00020753647685293886,0.000205046458020116
86571,2021,81.08323944264612,254.22682022825313,0.0002486595034620146,0.00021331789454575288,30.954431804864093,90.25723505975773,0.00012115466211365291,0.0001040127458612627
86571,2022,81.08323944264612,254.22682022825313,0.000244789058978888,0.0002100466470853366,30.954431804864093,90.25723505975773,0.00011930654060575687,0.00010243225603478025
86571,2023,81.08323944264612,254.22682022825313,0.00024119380327359928,0.00020701970133616313,30.954431804864093,90.25723505975773,0.00011758850202957198,0.0001009702983735694
86571,2024,81.08323944264612,254.22682022825313,0.0002378174645378089,0.00020416358862900444,30.954431804864093,90.25723505975773,0.00011597572021544584,9.958836055655119e-05
86571,2025,81.08323944264612,254.22682022825313,0.00023457998023797093,0.00020142438150589858,30.954431804864093,90.25723505975773,0.00011443236559924693,9.826566685755974e-05
86573,2021,19.281999153436374,100.29427744006246,0.00027662517289073305,0.00027662517289073305,7.775653153835373,35.94261851176533,0.00012294452128477025,0.00012294452128477025
86573,2022,19.281999153436374,100.29427744006246,0.00026643772758222565,0.00026643772758222565,7.775653153835373,35.94261851176533,0.00011841676781432251,0.00011841676781432251
86573,2023,19.281999153436374,100.29427744006246,0.00025727517008747357,0.00025727517008747357,7.775653153835373,35.94261851176533,0.00011434452003887714,0.00011434452003887714
86573,2024,19.281999153436374,100.29427744006246,0.00024882499308819466,0.00024882499308819466,7.775653153835373,35.94261851176533,0.0001105888858169754,0.0001105888858169754
86573,2025,19.281999153436374,100.29427744006246,0.0002412609907784688,0.0002412609907784688,7.775653153835373,35.94261851176533,0.0001072271070126528,0.0001072271070126528
86749,2021,841.6636249681326,1452.1063595548594,0.0011527012578897455,0.0012228475907134905,273.48037555211795,474.699583210621,0.0004482976919378097,0.0004624697524916957
86749,2022,841.6636249681326,1452.1063595548594,0.0011450896728411105,0.0012152524444389073,273.48037555211795,474.699583210621,0.00044522152527104133,0.0004594792859165827
86749,2023,841.6636249681326,1452.1063595548594,0.0011382733597168993,0.0012084323965895739,273.48037555211795,474.699583210621,0.0004424627129090411,0.00045678724085700085
86749,2024,841.6636249681326,1452.1063595548594,0.0011314547555736501,0.001201536794798769,273.48037555211795,474.699583210621,0.00043970525847326295,0.0004540671083989845
86749,2025,841.6636249681326,1452.1063595548594,0.0011253463208801583,0.0011953678532111247,273.48037555211795,474.699583210621,0.0004372231580223921,0.00045162492510955854
86755,2021,775.7151907015613,1388.2859741606496,0.0010769469406651023,0.0011547193595017621,249.38246203580988,449.3676567719283,0.0004114187725458653,0.00042277933193955914
86755,2022,775.7151907015613,1388.2859741606496,0.001069264745047393,0.0011473181577134962,249.38246203580988,449.3676567719283,0.0004083032304559947,0.0004199217218357518
86755,2023,775.7151907015613,1388.2859741606496,0.0010623947188452014,0.0011406747904295293,249.38246203580988,449.3676567719283,0.00040551379031211694,0.0004173507452340306
86755,2024,775.7151907015613,1388.2859741606496,0.001055581021641362,0.001133984172604295,249.38246203580988,449.3676567719283,0.00040275500628718754,0.00041476611767015683
86755,2025,775.7151907015613,1388.2859741606496,0.0010494221689275928,0.0011279722748978888,249.38246203580988,449.3676567719283,0.00040024405187736467,0.000412431624406763
86757,2021,313.73575464786455,747.6442205671614,0.0006275021608857541,0.0005977054237895858,94.32611299206526,220.32795161918398,0.0002398302100500966,0.00021749483505789373
86757,2022,313.73575464786455,747.6442205671614,0.0006226924825925233,0.0005933271002585932,94.32611299206526,220.32795161918398,0.00023794709078732234,0.00021583678547488328
86757,2023,313.73575464786455,747.6442205671614,0.0006182717518763847,0.0005893485588326183,94.32611299206526,220.32795161918398,0.0002362166207107246,0.00021432772224750816
86757,2024,313.73575464786455,747.6442205671614,0.0006139787805430454,0.0005854291705075624,94.32611299206526,220.32795161918398,0.00023453867078167636,0.00021284731440263829
86757,2025,313.73575464786455,747.6442205671614,0.0006098558456498471,0.0005817545812664511,94.32611299206526,220.32795161918398,0.000232928014053018,0.00021145576141867354
86760,2021,998.8905862365579,1518.3624947174005,0.0017168548820111146,0.001799886504559832,308.1117552205992,491.11822612474714,0.000540692708605903,0.000565501587419459
86760,2022,998.8905862365579,1518.3624947174005,0.00170801820790057,0.0017905820185278773,308.1117552205992,491.11822612474714,0.0005378004385641653,0.0005624617672109718
86760,2023,998.8905862365579,1518.3624947174005,0.0017001844613084044,0.0017823125184451437,308.1117552205992,491.11822612474714,0.0005352330866370699,0.0005597529489117871
86760,2024,998.8905862365579,1518.3624947174005,0.0016922242329026709,0.0017738672874123883,308.1117552205992,491.11822612474714,0.0005326248215433026,0.0005569874158685249
86760,2025,998.8905862365579,1518.3624947174005,0.0016852978678116772,0.0017664694392286455,308.1117552205992,491.11822612474714,0.0005303415992593158,0.0005545519238815853
86865,2021,396.13635927808497,872.4775059709804,0.0008784756284535436,0.0009181680122109768,120.58663323112485,264.27973148795223,0.00030323153349126364,0.00030502163279086375
86865,2022,396.13635927808497,872.4775059709804,0.0008735160895493231,0.0009126932342822928,120.58663323112485,264.27973148795223,0.0003014919657964872,0.0003031297037107744
86865,2023,396.13635927808497,872.4775059709804,0.0008690729617686393,0.0009077852221329814,120.58663323112485,264.27973148795223,0.00029993521724313904,0.0003014308668713276
86865,2024,396.13635927808497,872.4775059709804,0.000864598639307468,0.0009028503121704177,120.58663323112485,264.27973148795223,0.00029837250166782353,0.00029973152432603736
86865,2025,396.13635927808497,872.4775059709804,0.0008604217053217435,0.0008983354026640228,120.58663323112485,264.27973148795223,0.000296908327404831,0.00029816781282019815
86885,2021,594.8296739007693,1205.2800246059826,0.0008032835429055183,0.0009450663259595168,188.117190474121,382.628332085712,0.00026704389323506925,0.0003182058116689418
86885,2022,594.8296739007693,1205.2800246059826,0.0007982287450265212,0.0009391222013647121,188.117190474121,382.628332085712,0.0002652208352681841,0.00031605141158050663
86885,2023,594.8296739007693,1205.2800246059826,0.0007937315973994742,0.0009337900079967943,188.117190474121,382.628332085712,0.00026359793929245807,0.0003141129228004526
86885,2024,594.8296739007693,1205.2800246059826,0.0007892399428691564,0.0009284334412577316,188.117190474121,382.628332085712,0.00026198738422922454,0.00031217452782367504
86885,2025,594.8296739007693,1205.2800246059826,0.0007851923583052822,0.0009236029064727835,188.117190474121,382.628332085712,0.00026052185320100344,0.0003104136177374781
88001,2021,78.96616554636444,85.39259054641549,0.0015596753039594485,0.0015596753039594485,22.385926212904433,24.20263299851051,0.00044308957498847965,0.00044308957498847965
88001,2022,78.96616554636444,85.39259054641549,0.0015545505935556812,0.0015545505935556812,22.385926212904433,24.20263299851051,0.0004416336913510458,0.0004416336913510458
88001,2023,78.96616554636444,85.39259054641549,0.0015501691093573844,0.0015501691093573844,22.385926212904433,24.20263299851051,0.0004403889515219842,0.0004403889515219842
88001,2024,78.96616554636444,85.39259054641549,0.0015448082155709647,0.0015448082155709647,22.385926212904433,24.20263299851051,0.0004388659703326604,0.0004388659703326604
88001,2025,78.96616554636444,85.39259054641549,0.001540670191533317,0.001540670191533317,22.385926212904433,24.20263299851051,0.00043769039532196507,0.00043769039532196507
88564,2021,14.431791877388397,35.48725454494085,0.0008128759551292473,0.0008128759551292473,3.7253869536572695,9.792646023060996,0.00016257519102584944,0.00016257519102584944
88564,2022,14.431791877388397,35.48725454494085,0.0008073631519457452,0.0008073631519457452,3.7253869536572695,9.792646023060996,0.00016147263038914905,0.00016147263038914905
88564,2023,14.431791877388397,35.48725454494085,0.0008014104824491104,0.0008014104824491104,3.7253869536572695,9.792646023060996,0.00016028209648982208,0.00016028209648982208
88564,2024,14.431791877388397,35.48725454494085,0.0007955449482895784,0.0007955449482895784,3.7253869536572695,9.792646023060996,0.00015910898965791568,0.00015910898965791568
88564,2025,14.431791877388397,35.48725454494085,0.0007911392405063291,0.0007911392405063291,3.7253869536572695,9.792646023060996,0.00015822784810126583,0.00015822784810126583
91001,2021,51.20674015495561,55.34936351021335,0.0010816442338339185,0.0010816442338339185,12.007130618452242,13.764350555163976,0.0002544985144446076,0.0002544985144446076
91001,2022,51.20674015495561,55.34936351021335,0.001065214551882838,0.001065214551882838,12.007130618452242,13.764350555163976,0.00025061696309170085,0.00025061696309170085
91001,2023,51.20674015495561,55.34936351021335,0.0010501879618477006,0.0010501879618477006,12.007130618452242,13.764350555163976,0.00024706190318153236,0.00024706190318153236
91001,2024,51.20674015495561,55.34936351021335,0.001036291744851518,0.001036291744851518,12.007130618452242,13.764350555163976,0.00024377711755313572,0.00024377711755313572
91001,2025,51.20674015495561,55.34936351021335,0.0010242213656163953,0.0010242213656163953,12.007130618452242,13.764350555163976,0.00024091992808023433,0.00024091992808023433
91263,2021,1.2170578853649692,5.417849335404798,0.00045998160073597056,0.00043193832408386005,1.1866945144386274,3.755527447877108,0.00045998160073597056,0.00043193832408386005
91263,2022,1.2170578853649692,5.417849335404798,0.0004591368227731864,0.00043064260930462256,1.1866945144386274,3.755527447877108,0.0004591368227731864,0.00043064260930462256
91263,2023,1.2170578853649692,5.417849335404798,0.0004576659038901602,0.00042918083734486595,1.1866945144386274,3.755527447877108,0.0004576659038901602,0.00042918083734486595
91263,2024,1.2170578853649692,5.417849335404798,0.0004522840343735866,0.0004245449633764436,1.1866945144386274,3.755527447877108,0.0004522840343735866,0.0004245449633764436
91263,2025,1.2170578853649692,5.417849335404798,0.00044943820224719103,0.00042166223476457025,1.1866945144386274,3.755527447877108,0.00044943820224719103,0.00042166223476457025
91405,2021,1.4652829075349485,7.765000790590603,0.0003259452411994785,0.0003758204757705777,1.41206384276712,5.424018557395462,0.0003259452411994785,0.0003758204757705777
91405,2022,1.4652829075349485,7.765000790590603,0.0003232062055591467,0.00037317430707808625,1.41206384276712,5.424018557395462,0.0003232062055591467,0.00037317430707808625
91405,2023,1.4652829075349485,7.765000790590603,0.000321853878339234,0.00037141716015226154,1.41206384276712,5.424018557395462,0.000321853878339234,0.00037141716015226154
91405,2024,1.4652829075349485,7.765000790590603,0.0003197953309881676,0.00036881233616481505,1.41206384276712,5.424018557395462,0.0003197953309881676,0.00036881233616481505
91405,2025,1.4652829075349485,7.765000790590603,0.0003168567807351077,0.00036586936845287217,1.41206384276712,5.424018557395462,0.0003168567807351077,0.00036586936845287217
91407,2021,2.26496509765011,11.721732630816112,0.0002512562814070352,0.00037155510306012866,2.0173436323277074,7.927781748972749,0.0002512562814070352,0.00037155510306012866
91407,2022,2.26496509765011,11.721732630816112,0.0002498126405196103,0.0003660690830938815,2.0173436323277074,7.927781748972749,0.0002498126405196103,0.0003660690830938815
91407,2023,2.26496509765011,11.721732630816112,0.0002469745616201531,0.0003583736298660305,2.0173436323277074,7.927781748972749,0.0002469745616201531,0.0003583736298660305
91407,2024,2.26496509765011,11.721732630816112,0.00024551927326295114,0.000353084742181973,2.0173436323277074,7.927781748972749,0.00024551927326295114,0.000353084742181973
91407,2025,2.26496509765011,11.721732630816112,0.000244081034903588,0.0003480558593165724,2.0173436323277074,7.927781748972749,0.000244081034903588,0.0003480558593165724
91430,2021,7.284599563169109,23.319148825667213,0.0011404703008284205,0.0011194311892951591,7.049755289256521,19.480726249296566,0.0011404703008284205,0.0011194311892951591
91430,2022,7.284599563169109,23.319148825667213,0.001131389851930906,0.0011098050606382895,7.049755289256521,19.480726249296566,0.001131389851930906,0.0011098050606382895
91430,2023,7.284599563169109,23.319148825667213,0.001123239675291396,0.001101426579038665,7.049755289256521,19.480726249296566,0.001123239675291396,0.001101426579038665
91430,2024,7.284599563169109,23.319148825667213,0.001117843818837578,0.001095849762492972,7.049755289256521,19.480726249296566,0.001117843818837578,0.001095849762492972
91430,2025,7.284599563169109,23.319148825667213,0.0011127203559171813,0.0010891028065711146,7.049755289256521,19.480726249296566,0.0011127203559171813,0.0010891028065711146
91460,2021,3.0905447362895773,15.063382674010375,0.0005070993914807302,0.0005468745268270146,3.00483284966366,12.222430863742625,0.0005070993914807302,0.0005468745268270146
91460,2022,3.0905447362895773,15.063382674010375,0.0004992511233150275,0.0005387962738116927,3.00483284966366,12.222430863742625,0.0004992511233150275,0.0005387962738116927
91460,2023,3.0905447362895773,15.063382674010375,0.0004930966469428008,0.00053232387711751,3.00483284966366,12.222430863742625,0.0004930966469428008,0.00053232387711751
91460,2024,3.0905447362895773,15.063382674010375,0.0004894762604013706,0.0005285895256192806,3.00483284966366,12.222430863742625,0.0004894762604013706,0.0005285895256192806
91460,2025,3.0905447362895773,15.063382674010375,0.0004798464491362764,0.0005192325412476682,3.00483284966366,12.222430863742625,0.0004798464491362764,0.0005192325412476682
91530,2021,1.6636465602636306,13.930280447415178,0.0012903225806451613,0.0012903225806451613,1.3093452647879982,6.771110140850471,0.0012903225806451613,0.0012903225806451613
91530,2022,1.6636465602636306,13.930280447415178,0.0012836970474967907,0.0012836970474967907,1.3093452647879982,6.771110140850471,0.0012836970474967907,0.0012836970474967907
91530,2023,1.6636465602636306,13.930280447415178,0.0012706480304955528,0.0012706480304955528,1.3093452647879982,6.771110140850471,0.0012706480304955528,0.0012706480304955528
91530,2024,1.6636465602636306,13.930280447415178,0.0012610340479192938,0.0012610340479192938,1.3093452647879982,6.771110140850471,0.0012610340479192938,0.0012610340479192938
91530,2025,1.6636465602636306,13.930280447415178,0.0012578616352201257,0.0012578616352201257,1.3093452647879982,6.771110140850471,0.0012578616352201257,0.0012578616352201257
91536,2021,1.723538940240853,10.357804517549898,0.0009643201542912247,0.0009643201542912247,1.3819267284279133,6.016704625806683,0.0009643201542912247,0.0009643201542912247
91536,2022,1.723538940240853,10.357804517549898,0.0009541984732824427,0.0009541984732824427,1.3819267284279133,6.016704625806683,0.0009541984732824427,0.0009541984732824427
91536,2023,1.723538940240853,10.357804517549898,0.0009372071227741331,0.0009372071227741331,1.3819267284279133,6.016704625806683,0.0009372071227741331,0.0009372071227741331
91536,2024,1.723538940240853,10.357804517549898,0.0009372071227741331,0.0009372071227741331,1.3819267284279133,6.016704625806683,0.0009372071227741331,0.0009372071227741331
91536,2025,1.723538940240853,10.357804517549898,0.000925925925925926,0.000925925925925926,1.3819267284279133,6.016704625806683,0.000925925925925926,0.000925925925925926
91540,2021,20.165119808002444,34.932160308609205,0.00028171176592488897,0.00028171176592488897,5.335515963128684,9.332221160937271,9.973970765924059e-05,9.973970765924059e-05
91540,2022,20.165119808002444,34.932160308609205,0.0002773439617465952,0.0002773439617465952,5.335515963128684,9.332221160937271,9.81324922125451e-05,9.81324922125451e-05
91540,2023,20.165119808002444,34.932160308609205,0.0002733211929726715,0.0002733211929726715,5.335515963128684,9.332221160937271,9.663346006611449e-05,9.663346006611449e-05
91540,2024,20.165119808002444,34.932160308609205,0.00026961698050101,0.00026961698050101,5.335515963128684,9.332221160937271,9.526376249536588e-05,9.526376249536588e-05
91540,2025,20.165119808002444,34.932160308609205,0.00026637708196642344,0.00026637708196642344,5.335515963128684,9.332221160937271,9.405076570846802e-05,9.405076570846802e-05
91669,2021,1.672778752646731,9.79632105704583,0.000550357732526142,0.0004996966779183027,1.6246523687108918,7.345126003469087,0.000550357732526142,0.0004996966779183027
91669,2022,1.672778752646731,9.79632105704583,0.0005473453749315818,0.0004966935363081188,1.6246523687108918,7.345126003469087,0.0005473453749315818,0.0004966935363081188
91669,2023,1.672778752646731,9.79632105704583,0.0005425935973955507,0.0004928088734717262,1.6246523687108918,7.345126003469087,0.0005425935973955507,0.0004928088734717262
91669,2024,1.672778752646731,9.79632105704583,0.0005396654074473826,0.0004900458234146285,1.6246523687108918,7.345126003469087,0.0005396654074473826,0.0004900458234146285
91669,2025,1.672778752646731,9.79632105704583,0.0005376344086021505,0.00048769774237181006,1.6246523687108918,7.345126003469087,0.0005376344086021505,0.00048769774237181006
91798,2021,5.0488250347453905,18.43547631082298,0.00025316455696202533,0.00025316455696202533,2.029512161468754,6.732093180271272,0.00025316455696202533,0.00025316455696202533
91798,2022,5.0488250347453905,18.43547631082298,0.0002512562814070352,0.0002512562814070352,2.029512161468754,6.732093180271272,0.0002512562814070352,0.0002512562814070352
91798,2023,5.0488250347453905,18.43547631082298,0.00025075225677031093,0.00025075225677031093,2.029512161468754,6.732093180271272,0.00025075225677031093,0.00025075225677031093
91798,2024,5.0488250347453905,18.43547631082298,0.00024888003982080636,0.00024888003982080636,2.029512161468754,6.732093180271272,0.00024888003982080636,0.00024888003982080636
91798,2025,5.0488250347453905,18.43547631082298,0.0002479543763947434,0.0002479543763947434,2.029512161468754,6.732093180271272,0.0002479543763947434,0.0002479543763947434
94001,2021,32.166284112092455,44.474634612795384,0.0009920072558244997,0.0009920072558244997,20.479803817010435,27.900138113104735,0.0006235474179468284,0.0006235474179468284
94001,2022,32.166284112092455,44.474634612795384,0.0009598244892362539,0.0009598244892362539,20.479803817010435,27.900138113104735,0.0006033182503770739,0.0006033182503770739
94001,2023,32.166284112092455,44.474634612795384,0.0009310243928390923,0.0009310243928390923,20.479803817010435,27.900138113104735,0.0005852153326417152,0.0005852153326417152
94001,2024,32.166284112092455,44.474634612795384,0.0009041591320072332,0.0009041591320072332,20.479803817010435,27.900138113104735,0.0005683285972616895,0.0005683285972616895
94001,2025,32.166284112092455,44.474634612795384,0.0008808355354221719,0.0008808355354221719,20.479803817010435,27.900138113104735,0.0005536680508367938,0.0005536680508367938
94343,2021,9.14582133403638,36.367776613074305,0.0006782288537932371,0.0007212694829517496,8.12377543350106,23.197668083721993,0.0006782288537932371,0.0007212694829517496
94343,2022,9.14582133403638,36.367776613074305,0.0006554920872740894,0.000697710354848096,8.12377543350106,23.197668083721993,0.0006554920872740894,0.000697710354848096
94343,2023,9.14582133403638,36.367776613074305,0.0006346328195829555,0.0006758653487445534,8.12377543350106,23.197668083721993,0.0006346328195829555,0.0006758653487445534
94343,2024,9.14582133403638,36.367776613074305,0.0006162514305836781,0.0006563023935776145,8.12377543350106,23.197668083721993,0.0006162514305836781,0.0006563023935776145
94343,2025,9.14582133403638,36.367776613074305,0.0005978307284994448,0.0006371168521444665,8.12377543350106,23.197668083721993,0.0005978307284994448,0.0006371168521444665
94663,2021,,,,,,,,
94663,2022,,,,,,,,
94663,2023,,,,,,,,
94663,2024,,,,,,,,
94663,2025,,,,,,,,
94883,2021,1.949338702811563,9.179458215365042,0.00055005500550055,0.0007496042859074531,1.707821417390884,6.822926084741,0.00055005500550055,0.0007496042859074531
94883,2022,1.949338702811563,9.179458215365042,0.0005402485143165856,0.000734645070813653,1.707821417390884,6.822926084741,0.0005402485143165856,0.000734645070813653
94883,2023,1.949338702811563,9.179458215365042,0.0005302226935312832,0.0007209288280943323,1.707821417390884,6.822926084741,0.0005302226935312832,0.0007209288280943323
94883,2024,1.949338702811563,9.179458215365042,0.0005192107995846313,0.0007062165223777562,1.707821417390884,6.822926084741,0.0005192107995846313,0.0007062165223777562
94883,2025,1.949338702811563,9.179458215365042,0.0005081300813008131,0.000693898595666503,1.707821417390884,6.822926084741,0.0005081300813008131,0.000693898595666503
94884,2021,6.546216071182949,20.52457528034105,0.001034126163391934,0.001034126163391934,4.944742657327107,14.489955952442411,0.001034126163391934,0.001034126163391934
94884,2022,6.546216071182949,20.52457528034105,0.001026694045174538,0.001026694045174538,4.944742657327107,14.489955952442411,0.001026694045174538,0.001026694045174538
94884,2023,6.546216071182949,20.52457528034105,0.0010230179028132991,0.0010230179028132991,4.944742657327107,14.489955952442411,0.0010230179028132991,0.0010230179028132991
94884,2024,6.546216071182949,20.52457528034105,0.0010147133434804667,0.0010147133434804667,4.944742657327107,14.489955952442411,0.0010147133434804667,0.0010147133434804667
94884,2025,6.546216071182949,20.52457528034105,0.0010085728693898135,0.0010085728693898135,4.944742657327107,14.489955952442411,0.0010085728693898135,0.0010085728693898135
94885,2021,1.173182200186096,4.930945048332009,0.003355704697986577,0.002138320161812921,1.13863135907748,3.9465966357263387,0.003355704697986577,0.002138320161812921
94885,2022,1.173182200186096,4.930945048332009,0.003257328990228013,0.002085250729393903,1.13863135907748,3.9465966357263387,0.003257328990228013,0.002085250729393903
94885,2023,1.173182200186096,4.930945048332009,0.003194888178913738,0.0020457770933357488,1.13863135907748,3.9465966357263387,0.003194888178913738,0.0020457770933357488
94885,2024,1.173182200186096,4.930945048332009,0.003134796238244514,0.0020057272034496596,1.13863135907748,3.9465966357263387,0.003134796238244514,0.0020057272034496596
94885,2025,1.173182200186096,4.930945048332009,0.003134796238244514,0.001988738444289411,1.13863135907748,3.9465966357263387,0.003134796238244514,0.001988738444289411
94886,2021,5.212655269608179,17.733524777327123,0.0011350737797956867,0.0011350737797956867,3.6736066181325318,11.414360429992774,0.0011350737797956867,0.0011350737797956867
94886,2022,5.212655269608179,17.733524777327123,0.0011160714285714285,0.0011160714285714285,3.6736066181325318,11.414360429992774,0.0011160714285714285,0.0011160714285714285
94886,2023,5.212655269608179,17.733524777327123,0.0011013215859030838,0.0011013215859030838,3.6736066181325318,11.414360429992774,0.0011013215859030838,0.0011013215859030838
94886,2024,5.212655269608179,17.733524777327123,0.0011086474501108647,0.0011086474501108647,3.6736066181325318,11.414360429992774,0.0011086474501108647,0.0011086474501108647
94886,2025,5.212655269608179,17.733524777327123,0.0010940919037199124,0.0010940919037199124,3.6736066181325318,11.414360429992774,0.0010940919037199124,0.0010940919037199124
94887,2021,3.37519481555682,20.3141895369348,0.0005096839959225281,0.0005096839959225281,2.919828332583292,15.318254287260174,0.0005096839959225281,0.0005096839959225281
94887,2022,3.37519481555682,20.3141895369348,0.0005047955577990914,0.0005047955577990914,2.919828332583292,15.318254287260174,0.0005047955577990914,0.0005047955577990914
94887,2023,3.37519481555682,20.3141895369348,0.0005025125628140704,0.0005025125628140704,2.919828332583292,15.318254287260174,0.0005025125628140704,0.0005025125628140704
94887,2024,3.37519481555682,20.3141895369348,0.0004997501249375312,0.0004997501249375312,2.919828332583292,15.318254287260174,0.0004997501249375312,0.0004997501249375312
94887,2025,3.37519481555682,20.3141895369348,0.0004972650422675286,0.0004972650422675286,2.919828332583292,15.318254287260174,0.0004972650422675286,0.0004972650422675286
94888,2021,4.559865616596941,27.802390386308875,0.0010111223458038423,0.0005619592178513572,3.8416052512569894,19.345534075993328,0.0010111223458038423,0.0005619592178513572
94888,2022,4.559865616596941,27.802390386308875,0.000998003992015968,0.0005480550105560691,3.8416052512569894,19.345534075993328,0.000998003992015968,0.0005480550105560691
94888,2023,4.559865616596941,27.802390386308875,0.0009784735812133072,0.0005334688878156318,3.8416052512569894,19.345534075993328,0.0009784735812133072,0.0005334688878156318
94888,2024,4.559865616596941,27.802390386308875,0.0009505703422053232,0.0005181189271405668,3.8416052512569894,19.345534075993328,0.0009505703422053232,0.0005181189271405668
94888,2025,4.559865616596941,27.802390386308875,0.0009372071227741331,0.0005060907012562715,3.8416052512569894,19.345534075993328,0.0009372071227741331,0.0005060907012562715
95001,2021,84.74931254749077,164.26153468494778,0.0015603218711202405,0.0015652509796598344,31.844816234539685,67.83138685125557,0.0005641624988643325,0.0005812220859937826
95001,2022,84.74931254749077,164.26153468494778,0.0015552759314586626,0.0015601890473108252,31.844816234539685,67.83138685125557,0.0005623447802677733,0.0005793459509178974
95001,2023,84.74931254749077,164.26153468494778,0.0015503651019610739,0.0015551539843155467,31.844816234539685,67.83138685125557,0.0005605748621616521,0.0005774511555094392
95001,2024,84.74931254749077,164.26153468494778,0.001545805215095522,0.0015505413092211883,31.844816234539685,67.83138685125557,0.000558929580533921,0.000575730233188522
95001,2025,84.74931254749077,164.26153468494778,0.0015428828737368075,0.0015475776299391493,31.844816234539685,67.83138685125557,0.0005578765747602122,0.0005746233623864957
95015,2021,9.464732324367771,44.581617825195266,0.00041071978642571105,0.00041071978642571105,4.257407353853876,19.419540230637693,0.00020535989321285552,0.00020535989321285552
95015,2022,9.464732324367771,44.581617825195266,0.00040899795501022495,0.00040899795501022495,4.257407353853876,19.419540230637693,0.00020449897750511248,0.00020449897750511248
95015,2023,9.464732324367771,44.581617825195266,0.00040737345961910584,0.00040737345961910584,4.257407353853876,19.419540230637693,0.00020368672980955292,0.00020368672980955292
95015,2024,9.464732324367771,44.581617825195266,0.00040559724193875484,0.00040559724193875484,4.257407353853876,19.419540230637693,0.00020279862096937742,0.00020279862096937742
95015,2025,9.464732324367771,44.581617825195266,0.00040465351542741526,0.00040465351542741526,4.257407353853876,19.419540230637693,0.00020232675771370763,0.00020232675771370763
95025,2021,28.904510337680296,71.97832177599754,0.0005315513567815495,0.0005273784721466391,11.781201722255105,34.15979857136881,0.0001994279678041918,0.00019792378845904967
95025,2022,28.904510337680296,71.97832177599754,0.0005305688893914463,0.0005264105985409475,11.781201722255105,34.15979857136881,0.00019907912544712636,0.00019758020665217914
95025,2023,28.904510337680296,71.97832177599754,0.000529517458567168,0.0005253593891854679,11.781201722255105,34.15979857136881,0.00019870132412985617,0.0001972024851666852
95025,2024,28.904510337680296,71.97832177599754,0.0005283390680041073,0.0005241888598701537,11.781201722255105,34.15979857136881,0.00019826927599069958,0.00019677327073311168
95025,2025,28.904510337680296,71.97832177599754,0.0005277395163264089,0.000523593617516573,11.781201722255105,34.15979857136881,0.00019805496008897116,0.00019656050819240241
95200,2021,9.203092615329961,43.902667472890855,0.00014371945961483184,0.0002732604790543232,5.052797181810746,23.440344525518178,0.00014371945961483184,0.0002732604790543232
95200,2022,9.203092615329961,43.902667472890855,0.00014291839359725596,0.00027218871318135276,5.052797181810746,23.440344525518178,0.00014291839359725596,0.00027218871318135276
95200,2023,9.203092615329961,43.902667472890855,0.00014245014245014244,0.00027144440651450665,5.052797181810746,23.440344525518178,0.00014245014245014244,0.00027144440651450665
95200,2024,9.203092615329961,43.902667472890855,0.00014186409419775854,0.00027007851248166603,5.052797181810746,23.440344525518178,0.00014186409419775854,0.00027007851248166603
95200,2025,9.203092615329961,43.902667472890855,0.00014114326040931546,0.0002690981091336659,5.052797181810746,23.440344525518178,0.00014114326040931546,0.0002690981091336659
97001,2021,36.0018985507414,52.946200993304956,0.0011919335094388247,0.0013295242301220682,32.05884610576927,43.845422045548816,0.0010630758327427356,0.001201436105492323
97001,2022,36.0018985507414,52.946200993304956,0.0011821841651223721,0.0013190326279144053,32.05884610576927,43.845422045548816,0.001054380471595629,0.0011919847753407336
97001,2023,36.0018985507414,52.946200993304956,0.0011727416798732171,0.0013092123519875746,32.05884610576927,43.845422045548816,0.0010459587955625991,0.001183168551766998
97001,2024,36.0018985507414,52.946200993304956,0.0011631562401760453,0.0012989174468240128,32.05884610576927,43.845422045548816,0.0010374096196164727,0.0011738994754906338
97001,2025,36.0018985507414,52.946200993304956,0.0011548064918851435,0.001289143786334449,32.05884610576927,43.845422045548816,0.0010299625468164794,0.0011650261849070966
97161,2021,12.03394137612193,40.06069518531833,0.001669449081803005,0.0013684986934023435,10.162310776938863,28.15897199264948,0.001669449081803005,0.0013684986934023435
97161,2022,12.03394137612193,40.06069518531833,0.0016666666666666668,0.0013651651912900248,10.162310776938863,28.15897199264948,0.0016666666666666668,0.0013651651912900248
97161,2023,12.03394137612193,40.06069518531833,0.00166333998669328,0.0013620958969621305,10.162310776938863,28.15897199264948,0.00166333998669328,0.0013620958969621305
97161,2024,12.03394137612193,40.06069518531833,0.001652892561983471,0.0013541211786832184,10.162310776938863,28.15897199264948,0.001652892561983471,0.0013541211786832184
97161,2025,12.03394137612193,40.06069518531833,0.0016501650165016502,0.001350970262966329,10.162310776938863,28.15897199264948,0.0016501650165016502,0.001350970262966329
97511,2021,13.810677656699626,31.614198298317323,0.002448888415667403,0.002433465443827205,13.304875938764887,26.746799480222872,0.002448888415667403,0.002433465443827205
97511,2022,13.810677656699626,31.614198298317323,0.0024318851351040416,0.0024165079482403044,13.304875938764887,26.746799480222872,0.0024318851351040416,0.0024165079482403044
97511,2023,13.810677656699626,31.614198298317323,0.0024181491497762006,0.0024028530837547175,13.304875938764887,26.746799480222872,0.0024181491497762006,0.0024028530837547175
97511,2024,13.810677656699626,31.614198298317323,0.002406286335927523,0.0023910265360521966,13.304875938764887,26.746799480222872,0.002406286335927523,0.0023910265360521966
97511,2025,13.810677656699626,31.614198298317323,0.0023933453417304238,0.002377927382556289,13.304875938764887,26.746799480222872,0.0023933453417304238,0.002377927382556289
97666,2021,4.7710931267142405,14.881836505276736,0.0015655577299412916,0.0013781646535501715,4.679511023496878,12.415960250121978,0.0015655577299412916,0.0013781646535501715
97666,2022,4.7710931267142405,14.881836505276736,0.0015168752370117557,0.0013403964582386016,4.679511023496878,12.415960250121978,0.0015168752370117557,0.0013403964582386016
97666,2023,4.7710931267142405,14.881836505276736,0.0014582573824279985,0.0012938188744704494,4.679511023496878,12.415960250121978,0.0014582573824279985,0.0012938188744704494
97666,2024,4.7710931267142405,14.881836505276736,0.001412928293889085,0.0012581723225336713,4.679511023496878,12.415960250121978,0.001412928293889085,0.0012581723225336713
97666,2025,4.7710931267142405,14.881836505276736,0.0013708019191226869,0.0012248167047224136,4.679511023496878,12.415960250121978,0.0013708019191226869,0.0012248167047224136
97777,2021,11.182653454216705,42.39302176898874,0.0013123359580052493,0.00037713342154706357,8.672844435609536,28.992968743084862,0.0013123359580052493,0.000364324609084089
97777,2022,11.182653454216705,42.39302176898874,0.0013175230566534915,0.0003746679984588711,8.672844435609536,28.992968743084862,0.0013175230566534915,0.00036196321320150395
97777,2023,11.182653454216705,42.39302176898874,0.0013175230566534915,0.0003720836168902879,8.672844435609536,28.992968743084862,0.0013175230566534915,0.0003594792368682302
97777,2024,11.182653454216705,42.39302176898874,0.0013020833333333333,0.0003688702889683086,8.672844435609536,28.992968743084862,0.0013020833333333333,0.0003563684918349707
97777,2025,11.182653454216705,42.39302176898874,0.001310615989515072,0.00036688843849196724,8.672844435609536,28.992968743084862,0.001310615989515072,0.000354476678349232
97889,2021,9.99308946790475,27.01270642023403,0.004533091568449683,0.0013069203819872108,9.39537500265911,23.113805130197385,0.004533091568449683,0.0012941115695242363
97889,2022,9.99308946790475,27.01270642023403,0.004533091568449683,0.0012987704448818279,9.39537500265911,23.113805130197385,0.004533091568449683,0.0012860656596244606
97889,2023,9.99308946790475,27.01270642023403,0.00458295142071494,0.0012941694129901852,9.39537500265911,23.113805130197385,0.00458295142071494,0.0012815650329681275
97889,2024,9.99308946790475,27.01270642023403,0.004604051565377533,0.0012874250779009993,9.39537500265911,23.113805130197385,0.004604051565377533,0.0012749232807676614
97889,2025,9.99308946790475,27.01270642023403,0.0044964028776978415,0.0012732888554630255,9.39537500265911,23.113805130197385,0.0044964028776978415,0.0012608770953202904
99001,2021,21.9204016904707,37.295964924073495,0.0010570358951772737,0.0010570358951772737,3.7879376370239575,10.385561765162658,0.0001761726491962123,0.0001761726491962123
99001,2022,21.9204016904707,37.295964924073495,0.0010375686308417276,0.0010375686308417276,3.7879376370239575,10.385561765162658,0.00017292810514028792,0.00017292810514028792
99001,2023,21.9204016904707,37.295964924073495,0.0010197144799456153,0.0010197144799456153,3.7879376370239575,10.385561765162658,0.0001699524133242692,0.0001699524133242692
99001,2024,21.9204016904707,37.295964924073495,0.0010017112567302475,0.0010017112567302475,3.7879376370239575,10.385561765162658,0.0001669518761217079,0.0001669518761217079
99001,2025,21.9204016904707,37.295964924073495,0.000985990715254098,0.000985990715254098,3.7879376370239575,10.385561765162658,0.000164331785875683,0.000164331785875683
99524,2021,11.23859215546984,67.82153230723236,0.00047906486538277284,0.00047906486538277284,3.733388631262233,27.849820274961097,9.581297307655457e-05,9.581297307655457e-05
99524,2022,11.23859215546984,67.82153230723236,0.0004760544606302961,0.0004760544606302961,3.733388631262233,27.849820274961097,9.521089212605922e-05,9.521089212605922e-05
99524,2023,11.23859215546984,67.82153230723236,0.0004739785761683572,0.0004739785761683572,3.733388631262233,27.849820274961097,9.479571523367143e-05,9.479571523367143e-05
99524,2024,11.23859215546984,67.82153230723236,0.00047156465151372253,0.00047156465151372253,3.733388631262233,27.849820274961097,9.431293030274451e-05,9.431293030274451e-05
99524,2025,11.23859215546984,67.82153230723236,0.00046851574212893553,0.00046851574212893553,3.733388631262233,27.849820274961097,9.37031484257871e-05,9.37031484257871e-05
99624,2021,20.40146598366538,114.1216605478195,0.0004798464491362764,0.00039233023902326297,8.952079025235614,49.62469005153771,0.0002399232245681382,0.0001944038156395106
99624,2022,20.40146598366538,114.1216605478195,0.00047881254488867607,0.0003907719064310193,8.952079025235614,49.62469005153771,0.00023940627244433804,0.00019363815613894497
99624,2023,20.40146598366538,114.1216605478195,0.0004776689754000478,0.0003895438866934247,8.952079025235614,49.62469005153771,0.0002388344877000239,0.00019303444102714674
99624,2024,20.40146598366538,114.1216605478195,0.00047961630695443646,0.0003899068322356853,8.952079025235614,49.62469005153771,0.00023980815347721823,0.0001932271757450852
99624,2025,20.40146598366538,114.1216605478195,0.00047961630695443646,0.0003892555438852945,8.952079025235614,49.62469005153771,0.00023980815347721823,0.00019291163829565048
99773,2021,6.534851527576232,42.54645287142127,4.499235130027895e-05,4.499235130027895e-05,4.3559329278528995,21.27784021057923,3.3744263475209214e-05,3.3744263475209214e-05
99773,2022,6.534851527576232,42.54645287142127,4.254730728729005e-05,4.254730728729005e-05,4.3559329278528995,21.27784021057923,3.191048046546754e-05,3.191048046546754e-05
99773,2023,6.534851527576232,42.54645287142127,4.034006676281049e-05,4.034006676281049e-05,4.3559329278528995,21.27784021057923,3.025505007210787e-05,3.025505007210787e-05
99773,2024,6.534851527576232,42.54645287142127,3.831968194663984e-05,3.831968194663984e-05,4.3559329278528995,21.27784021057923,2.8739761459979882e-05,2.8739761459979882e-05
99773,2025,6.534851527576232,42.54645287142127,3.651134133540231e-05,3.651134133540231e-05,4.3559329278528995,21.27784021057923,2.7383506001551733e-05,2.7383506001551733e-05
