{
"type": "FeatureCollection",
"name": "municipality_centroids_mgn2025",
"crs": { "type": "name", "properties": { "name": "urn:ogc:def:crs:OGC:1.3:CRS84" } },
"features": [
{ "type": "Feature", "properties": { "cod_dpto": "05", "cod_mpio": "05001", "departamento_mgn": "ANTIOQUIA", "municipio_mgn": "MEDELLÍN", "municipio_tipo_mgn": "MUNICIPIO", "area_km2_mgn_attribute": 374.74148449, "area_km2_calc": 374.7414844857945, "centroid_lat": 6.257590449164816, "centroid_lon": -75.611039322497177 }, "geometry": { "type": "Point", "coordinates": [ -75.611039322497177, 6.257590449164816 ] } },
{ "type": "Feature", "properties": { "cod_dpto": "05", "cod_mpio": "05002", "departamento_mgn": "ANTIOQUIA", "municipio_mgn": "ABEJORRAL", "municipio_tipo_mgn": "MUNICIPIO", "area_km2_mgn_attribute": 506.95978227000001, "area_km2_calc": 506.95978225803674, "centroid_lat": 5.803723883325457, "centroid_lon": -75.438485619822245 }, "geometry": { "type": "Point", "coordinates": [ -75.438485619822245, 5.803723883325457 ] } },
{ "type": "Feature", "properties": { "cod_dpto": "05", "cod_mpio": "05004", "departamento_mgn": "ANTIOQUIA", "municipio_mgn": "ABRIAQUÍ", "municipio_tipo_mgn": "MUNICIPIO", "area_km2_mgn_attribute": 296.97418843000003, "area_km2_calc": 296.97418844393604, "centroid_lat": 6.6275665932494103, "centroid_lon": -76.085978001876526 }, "geometry": { "type": "Point", "coordinates": [ -76.085978001876526, 6.62756659324941 ] } },
{ "type": "Feature", "properties": { "cod_dpto": "05", "cod_mpio": "05021", "departamento_mgn": "ANTIOQUIA", "municipio_mgn": "ALEJANDRÍA", "municipio_tipo_mgn": "MUNICIPIO", "area_km2_mgn_attribute": 128.85643129, "area_km2_calc": 128.85643128284809, "centroid_lat": 6.3655336352722811, "centroid_lon": -75.090602114795473 }, "geometry": { "type": "Point", "coordinates": [ -75.090602114795473, 6.365533635272281 ] } },
{ "type": "Feature", "properties": { "cod_dpto": "05", "cod_mpio": "05030", "departamento_mgn": "ANTIOQUIA", "municipio_mgn": "AMAGÁ", "municipio_tipo_mgn": "MUNICIPIO", "area_km2_mgn_attribute": 84.1171447, "area_km2_calc": 84.117144696371696, "centroid_lat": 6.0329210777343105, "centroid_lon": -75.708004151984284 }, "geometry": { "type": "Point", "coordinates": [ -75.708004151984284, 6.032921077734311 ] } },
{ "type": "Feature", "properties": { "cod_dpto": "05", "cod_mpio": "05031", "departamento_mgn": "ANTIOQUIA", "municipio_mgn": "AMALFI", "municipio_tipo_mgn": "MUNICIPIO", "area_km2_mgn_attribute": 1208.3461881000001, "area_km2_calc": 1208.3461880632449, "centroid_lat": 6.9776570601202179, "centroid_lon": -74.981298094849848 }, "geometry": { "type": "Point", "coordinates": [ -74.981298094849848, 6.977657060120218 ] } },
{ "type": "Feature", "properties": { "cod_dpto": "05", "cod_mpio": "05034", "departamento_mgn": "ANTIOQUIA", "municipio_mgn": "ANDES", "municipio_tipo_mgn": "MUNICIPIO", "area_km2_mgn_attribute": 402.4505988, "area_km2_calc": 402.45059880785618, "centroid_lat": 5.6239448263981293, "centroid_lon": -75.924604076148213 }, "geometry": { "type": "Point", "coordinates": [ -75.924604076148213, 5.623944826398129 ] } },
{ "type": "Feature", "properties": { "cod_dpto": "05", "cod_mpio": "05036", "departamento_mgn": "ANTIOQUIA", "municipio_mgn": "ANGELÓPOLIS", "municipio_tipo_mgn": "MUNICIPIO", "area_km2_mgn_attribute": 81.86176766, "area_km2_calc": 81.86176766066194, "centroid_lat": 6.1214292912566872, "centroid_lon": -75.715951167111157 }, "geometry": { "type": "Point", "coordinates": [ -75.715951167111157, 6.121429291256687 ] } },
{ "type": "Feature", "properties": { "cod_dpto": "05", "cod_mpio": "05038", "departamento_mgn": "ANTIOQUIA", "municipio_mgn": "ANGOSTURA", "municipio_tipo_mgn": "MUNICIPIO", "area_km2_mgn_attribute": 338.36184952999997, "area_km2_calc": 338.36184952657015, "centroid_lat": 6.8614542097249567, "centroid_lon": -75.358341861342964 }, "geometry": { "type": "Point", "coordinates": [ -75.358341861342964, 6.861454209724957 ] } },
{ "type": "Feature", "properties": { "cod_dpto": "05", "cod_mpio": "05040", "departamento_mgn": "ANTIOQUIA", "municipio_mgn": "ANORÍ", "municipio_tipo_mgn": "MUNICIPIO", "area_km2_mgn_attribute": 1412.9569569800001, "area_km2_calc": 1412.9569569443386, "centroid_lat": 7.1930757543282677, "centroid_lon": -75.108525431785878 }, "geometry": { "type": "Point", "coordinates": [ -75.108525431785878, 7.193075754328268 ] } },
{ "type": "Feature", "properties": { "cod_dpto": "05", "cod_mpio": "05042", "departamento_mgn": "ANTIOQUIA", "municipio_mgn": "SANTA FÉ DE ANTIOQUIA", "municipio_tipo_mgn": "MUNICIPIO", "area_km2_mgn_attribute": 525.55322522999995, "area_km2_calc": 525.55322524093162, "centroid_lat": 6.5357037805440257, "centroid_lon": -75.904272611844547 }, "geometry": { "type": "Point", "coordinates": [ -75.904272611844547, 6.535703780544026 ] } },
{ "type": "Feature", "properties": { "cod_dpto": "05", "cod_mpio": "05044", "departamento_mgn": "ANTIOQUIA", "municipio_mgn": "ANZÁ", "municipio_tipo_mgn": "MUNICIPIO", "area_km2_mgn_attribute": 255.91052741, "area_km2_calc": 255.91052741760544, "centroid_lat": 6.3080363888349789, "centroid_lon": -75.912596142195824 }, "geometry": { "type": "Point", "coordinates": [ -75.912596142195824, 6.308036388834979 ] } },
{ "type": "Feature", "properties": { "cod_dpto": "05", "cod_mpio": "05045", "departamento_mgn": "ANTIOQUIA", "municipio_mgn": "APARTADÓ", "municipio_tipo_mgn": "MUNICIPIO", "area_km2_mgn_attribute": 535.35135738999998, "area_km2_calc": 535.35135744817546, "centroid_lat": 7.8961291484549347, "centroid_lon": -76.566981644148697 }, "geometry": { "type": "Point", "coordinates": [ -76.566981644148697, 7.896129148454935 ] } },
{ "type": "Feature", "properties": { "cod_dpto": "05", "cod_mpio": "05051", "departamento_mgn": "ANTIOQUIA", "municipio_mgn": "ARBOLETES", "municipio_tipo_mgn": "MUNICIPIO", "area_km2_mgn_attribute": 754.27645511000003, "area_km2_calc": 754.27645516155576, "centroid_lat": 8.6113209665366739, "centroid_lon": -76.41477813388326 }, "geometry": { "type": "Point", "coordinates": [ -76.41477813388326, 8.611320966536674 ] } },
{ "type": "Feature", "properties": { "cod_dpto": "05", "cod_mpio": "05055", "departamento_mgn": "ANTIOQUIA", "municipio_mgn": "ARGELIA", "municipio_tipo_mgn": "MUNICIPIO", "area_km2_mgn_attribute": 245.19895072, "area_km2_calc": 245.19895071875476, "centroid_lat": 5.7081173267908785, "centroid_lon": -75.094710159012408 }, "geometry": { "type": "Point", "coordinates": [ -75.094710159012408, 5.708117326790878 ] } },
{ "type": "Feature", "properties": { "cod_dpto": "05", "cod_mpio": "05059", "departamento_mgn": "ANTIOQUIA", "municipio_mgn": "ARMENIA", "municipio_tipo_mgn": "MUNICIPIO", "area_km2_mgn_attribute": 110.42213658, "area_km2_calc": 110.42213658440571, "centroid_lat": 6.1636826782432443, "centroid_lon": -75.809955933019836 }, "geometry": { "type": "Point", "coordinates": [ -75.809955933019836, 6.163682678243244 ] } },
{ "type": "Feature", "properties": { "cod_dpto": "05", "cod_mpio": "05079", "departamento_mgn": "ANTIOQUIA", "municipio_mgn": "BARBOSA", "municipio_tipo_mgn": "MUNICIPIO", "area_km2_mgn_attribute": 205.55297576000001, "area_km2_calc": 205.55297575243554, "centroid_lat": 6.4434214945895123, "centroid_lon": -75.329238058954417 }, "geometry": { "type": "Point", "coordinates": [ -75.329238058954417, 6.443421494589512 ] } },
{ "type": "Feature", "properties": { "cod_dpto": "05", "cod_mpio": "05086", "departamento_mgn": "ANTIOQUIA", "municipio_mgn": "BELMIRA", "municipio_tipo_mgn": "MUNICIPIO", "area_km2_mgn_attribute": 295.8587326, "area_km2_calc": 295.85873259668398, "centroid_lat": 6.6537653431563433, "centroid_lon": -75.653883148698469 }, "geometry": { "type": "Point", "coordinates": [ -75.653883148698469, 6.653765343156343 ] } },
{ "type": "Feature", "properties": { "cod_dpto": "05", "cod_mpio": "05088", "departamento_mgn": "ANTIOQUIA", "municipio_mgn": "BELLO", "municipio_tipo_mgn": "MUNICIPIO", "area_km2_mgn_attribute": 147.70069491000001, "area_km2_calc": 147.70069490622717, "centroid_lat": 6.3588932017537294, "centroid_lon": -75.589807342726047 }, "geometry": { "type": "Point", "coordinates": [ -75.589807342726047, 6.358893201753729 ] } },
{ "type": "Feature", "properties": { "cod_dpto": "05", "cod_mpio": "05091", "departamento_mgn": "ANTIOQUIA", "municipio_mgn": "BETANIA", "municipio_tipo_mgn": "MUNICIPIO", "area_km2_mgn_attribute": 180.52530289000001, "area_km2_calc": 180.5253028909099, "centroid_lat": 5.7270807592178929, "centroid_lon": -75.986898047192469 }, "geometry": { "type": "Point", "coordinates": [ -75.986898047192469, 5.727080759217893 ] } },
{ "type": "Feature", "properties": { "cod_dpto": "05", "cod_mpio": "05093", "departamento_mgn": "ANTIOQUIA", "municipio_mgn": "BETULIA", "municipio_tipo_mgn": "MUNICIPIO", "area_km2_mgn_attribute": 262.36212141, "area_km2_calc": 262.3621214102692, "centroid_lat": 6.1857827711936109, "centroid_lon": -75.956497681024175 }, "geometry": { "type": "Point", "coordinates": [ -75.956497681024175, 6.185782771193611 ] } },
{ "type": "Feature", "properties": { "cod_dpto": "05", "cod_mpio": "05101", "departamento_mgn": "ANTIOQUIA", "municipio_mgn": "CIUDAD BOLÍVAR", "municipio_tipo_mgn": "MUNICIPIO", "area_km2_mgn_attribute": 263.7909105, "area_km2_calc": 263.79091050246001, "centroid_lat": 5.8408435698632966, "centroid_lon": -76.009378089331207 }, "geometry": { "type": "Point", "coordinates": [ -76.009378089331207, 5.840843569863297 ] } },
{ "type": "Feature", "properties": { "cod_dpto": "05", "cod_mpio": "05107", "departamento_mgn": "ANTIOQUIA", "municipio_mgn": "BRICEÑO", "municipio_tipo_mgn": "MUNICIPIO", "area_km2_mgn_attribute": 376.24010705000001, "area_km2_calc": 376.24010704650919, "centroid_lat": 7.11178243170278, "centroid_lon": -75.562243499233318 }, "geometry": { "type": "Point", "coordinates": [ -75.562243499233318, 7.11178243170278 ] } },
{ "type": "Feature", "properties": { "cod_dpto": "05", "cod_mpio": "05113", "departamento_mgn": "ANTIOQUIA", "municipio_mgn": "BURITICÁ", "municipio_tipo_mgn": "MUNICIPIO", "area_km2_mgn_attribute": 355.2788721, "area_km2_calc": 355.27887210061516, "centroid_lat": 6.8090217570247136, "centroid_lon": -75.912060275257062 }, "geometry": { "type": "Point", "coordinates": [ -75.912060275257062, 6.809021757024714 ] } },
{ "type": "Feature", "properties": { "cod_dpto": "05", "cod_mpio": "05120", "departamento_mgn": "ANTIOQUIA", "municipio_mgn": "CÁCERES", "municipio_tipo_mgn": "MUNICIPIO", "area_km2_mgn_attribute": 1872.7847323599999, "area_km2_calc": 1872.7847323164074, "centroid_lat": 7.6651429605841903, "centroid_lon": -75.223677502353212 }, "geometry": { "type": "Point", "coordinates": [ -75.223677502353212, 7.66514296058419 ] } },
{ "type": "Feature", "properties": { "cod_dpto": "05", "cod_mpio": "05125", "departamento_mgn": "ANTIOQUIA", "municipio_mgn": "CAICEDO", "municipio_tipo_mgn": "MUNICIPIO", "area_km2_mgn_attribute": 200.13032896000001, "area_km2_calc": 200.13032896227841, "centroid_lat": 6.4234643106971516, "centroid_lon": -75.993514408492786 }, "geometry": { "type": "Point", "coordinates": [ -75.993514408492786, 6.423464310697152 ] } },
{ "type": "Feature", "properties": { "cod_dpto": "05", "cod_mpio": "05129", "departamento_mgn": "ANTIOQUIA", "municipio_mgn": "CALDAS", "municipio_tipo_mgn": "MUNICIPIO", "area_km2_mgn_attribute": 132.76524588000001, "area_km2_calc": 132.76524587579328, "centroid_lat": 6.0544595750041914, "centroid_lon": -75.626411304115237 }, "geometry": { "type": "Point", "coordinates": [ -75.626411304115237, 6.054459575004191 ] } },
{ "type": "Feature", "properties": { "cod_dpto": "05", "cod_mpio": "05134", "departamento_mgn": "ANTIOQUIA", "municipio_mgn": "CAMPAMENTO", "municipio_tipo_mgn": "MUNICIPIO", "area_km2_mgn_attribute": 232.0852357, "area_km2_calc": 232.08523569623355, "centroid_lat": 7.0354243365453515, "centroid_lon": -75.292248623713405 }, "geometry": { "type": "Point", "coordinates": [ -75.292248623713405, 7.035424336545351 ] } },
{ "type": "Feature", "properties": { "cod_dpto": "05", "cod_mpio": "05138", "departamento_mgn": "ANTIOQUIA", "municipio_mgn": "CAÑASGORDAS", "municipio_tipo_mgn": "MUNICIPIO", "area_km2_mgn_attribute": 364.84018792000001, "area_km2_calc": 364.84018792649181, "centroid_lat": 6.8149407090816272, "centroid_lon": -76.026897488214374 }, "geometry": { "type": "Point", "coordinates": [ -76.026897488214374, 6.814940709081627 ] } },
{ "type": "Feature", "properties": { "cod_dpto": "05", "cod_mpio": "05142", "departamento_mgn": "ANTIOQUIA", "municipio_mgn": "CARACOLÍ", "municipio_tipo_mgn": "MUNICIPIO", "area_km2_mgn_attribute": 262.58321252000002, "area_km2_calc": 262.58321251308553, "centroid_lat": 6.3379735729975835, "centroid_lon": -74.733544181608039 }, "geometry": { "type": "Point", "coordinates": [ -74.733544181608039, 6.337973572997583 ] } },
{ "type": "Feature", "properties": { "cod_dpto": "05", "cod_mpio": "05145", "departamento_mgn": "ANTIOQUIA", "municipio_mgn": "CARAMANTA", "municipio_tipo_mgn": "MUNICIPIO", "area_km2_mgn_attribute": 92.06265409, "area_km2_calc": 92.062654091031249, "centroid_lat": 5.555265744295169, "centroid_lon": -75.63081338398986 }, "geometry": { "type": "Point", "coordinates": [ -75.63081338398986, 5.555265744295169 ] } },
{ "type": "Feature", "properties": { "cod_dpto": "05", "cod_mpio": "05147", "departamento_mgn": "ANTIOQUIA", "municipio_mgn": "CAREPA", "municipio_tipo_mgn": "MUNICIPIO", "area_km2_mgn_attribute": 387.45091237999998, "area_km2_calc": 387.45091243636824, "centroid_lat": 7.7891788957700632, "centroid_lon": -76.656711775733498 }, "geometry": { "type": "Point", "coordinates": [ -76.656711775733498, 7.789178895770063 ] } },
{ "type": "Feature", "properties": { "cod_dpto": "05", "cod_mpio": "05148", "departamento_mgn": "ANTIOQUIA", "municipio_mgn": "EL CARMEN DE VIBORAL", "municipio_tipo_mgn": "MUNICIPIO", "area_km2_mgn_attribute": 409.12697103, "area_km2_calc": 409.12697101919019, "centroid_lat": 5.9801633490126864, "centroid_lon": -75.268019477801957 }, "geometry": { "type": "Point", "coordinates": [ -75.268019477801957, 5.980163349012686 ] } },
{ "type": "Feature", "properties": { "cod_dpto": "05", "cod_mpio": "05150", "departamento_mgn": "ANTIOQUIA", "municipio_mgn": "CAROLINA", "municipio_tipo_mgn": "MUNICIPIO", "area_km2_mgn_attribute": 149.51372546, "area_km2_calc": 149.51372545493811, "centroid_lat": 6.7548206223847842, "centroid_lon": -75.305907584823629 }, "geometry": { "type": "Point", "coordinates": [ -75.305907584823629, 6.754820622384784 ] } },
{ "type": "Feature", "properties": { "cod_dpto": "05", "cod_mpio": "05154", "departamento_mgn": "ANTIOQUIA", "municipio_mgn": "CAUCASIA", "municipio_tipo_mgn": "MUNICIPIO", "area_km2_mgn_attribute": 1428.1819866200001, "area_km2_calc": 1428.1819865856919, "centroid_lat": 7.8679419798315644, "centroid_lon": -75.035001294907801 }, "geometry": { "type": "Point", "coordinates": [ -75.035001294907801, 7.867941979831564 ] } },
{ "type": "Feature", "properties": { "cod_dpto": "05", "cod_mpio": "05172", "departamento_mgn": "ANTIOQUIA", "municipio_mgn": "CHIGORODÓ", "municipio_tipo_mgn": "MUNICIPIO", "area_km2_mgn_attribute": 721.98166551999998, "area_km2_calc": 721.98166562225197, "centroid_lat": 7.6316681599408538, "centroid_lon": -76.639651684482118 }, "geometry": { "type": "Point", "coordinates": [ -76.639651684482118, 7.631668159940854 ] } },
{ "type": "Feature", "properties": { "cod_dpto": "05", "cod_mpio": "05190", "departamento_mgn": "ANTIOQUIA", "municipio_mgn": "CISNEROS", "municipio_tipo_mgn": "MUNICIPIO", "area_km2_mgn_attribute": 46.85696234, "area_km2_calc": 46.856962338343486, "centroid_lat": 6.5500811581213156, "centroid_lon": -75.08253157937186 }, "geometry": { "type": "Point", "coordinates": [ -75.08253157937186, 6.550081158121316 ] } },
{ "type": "Feature", "properties": { "cod_dpto": "05", "cod_mpio": "05197", "departamento_mgn": "ANTIOQUIA", "municipio_mgn": "COCORNÁ", "municipio_tipo_mgn": "MUNICIPIO", "area_km2_mgn_attribute": 257.80939689000002, "area_km2_calc": 257.80939688519567, "centroid_lat": 6.0017597757341345, "centroid_lon": -75.160335931523008 }, "geometry": { "type": "Point", "coordinates": [ -75.160335931523008, 6.001759775734135 ] } },
{ "type": "Feature", "properties": { "cod_dpto": "05", "cod_mpio": "05206", "departamento_mgn": "ANTIOQUIA", "municipio_mgn": "CONCEPCIÓN", "municipio_tipo_mgn": "MUNICIPIO", "area_km2_mgn_attribute": 201.95259696, "area_km2_calc": 201.95259695396078, "centroid_lat": 6.3761055387452625, "centroid_lon": -75.217860218538831 }, "geometry": { "type": "Point", "coordinates": [ -75.217860218538831, 6.376105538745263 ] } },
{ "type": "Feature", "properties": { "cod_dpto": "05", "cod_mpio": "05209", "departamento_mgn": "ANTIOQUIA", "municipio_mgn": "CONCORDIA", "municipio_tipo_mgn": "MUNICIPIO", "area_km2_mgn_attribute": 247.86635325, "area_km2_calc": 247.86635325488314, "centroid_lat": 6.0574645545776642, "centroid_lon": -75.900147593824499 }, "geometry": { "type": "Point", "coordinates": [ -75.900147593824499, 6.057464554577664 ] } },
{ "type": "Feature", "properties": { "cod_dpto": "05", "cod_mpio": "05212", "departamento_mgn": "ANTIOQUIA", "municipio_mgn": "COPACABANA", "municipio_tipo_mgn": "MUNICIPIO", "area_km2_mgn_attribute": 67.83625809, "area_km2_calc": 67.836258088211039, "centroid_lat": 6.3518296000479371, "centroid_lon": -75.500775765653046 }, "geometry": { "type": "Point", "coordinates": [ -75.500775765653046, 6.351829600047937 ] } },
{ "type": "Feature", "properties": { "cod_dpto": "05", "cod_mpio": "05234", "departamento_mgn": "ANTIOQUIA", "municipio_mgn": "DABEIBA", "municipio_tipo_mgn": "MUNICIPIO", "area_km2_mgn_attribute": 1957.6991030900001, "area_km2_calc": 1957.6991032265234, "centroid_lat": 6.992222908267447, "centroid_lon": -76.314362670090858 }, "geometry": { "type": "Point", "coordinates": [ -76.314362670090858, 6.992222908267447 ] } },
{ "type": "Feature", "properties": { "cod_dpto": "05", "cod_mpio": "05237", "departamento_mgn": "ANTIOQUIA", "municipio_mgn": "DONMATÍAS", "municipio_tipo_mgn": "MUNICIPIO", "area_km2_mgn_attribute": 198.04976219, "area_km2_calc": 198.04976218692974, "centroid_lat": 6.5071408445177878, "centroid_lon": -75.363781757794158 }, "geometry": { "type": "Point", "coordinates": [ -75.363781757794158, 6.507140844517788 ] } },
{ "type": "Feature", "properties": { "cod_dpto": "05", "cod_mpio": "05240", "departamento_mgn": "ANTIOQUIA", "municipio_mgn": "EBÉJICO", "municipio_tipo_mgn": "MUNICIPIO", "area_km2_mgn_attribute": 237.71145109, "area_km2_calc": 237.71145109334427, "centroid_lat": 6.3264528175164489, "centroid_lon": -75.783313058133373 }, "geometry": { "type": "Point", "coordinates": [ -75.783313058133373, 6.326452817516449 ] } },
{ "type": "Feature", "properties": { "cod_dpto": "05", "cod_mpio": "05250", "departamento_mgn": "ANTIOQUIA", "municipio_mgn": "EL BAGRE", "municipio_tipo_mgn": "MUNICIPIO", "area_km2_mgn_attribute": 1558.89049353, "area_km2_calc": 1558.8904934861334, "centroid_lat": 7.7045915205752991, "centroid_lon": -74.664278118545482 }, "geometry": { "type": "Point", "coordinates": [ -74.664278118545482, 7.704591520575299 ] } },
{ "type": "Feature", "properties": { "cod_dpto": "05", "cod_mpio": "05264", "departamento_mgn": "ANTIOQUIA", "municipio_mgn": "ENTRERRÍOS", "municipio_tipo_mgn": "MUNICIPIO", "area_km2_mgn_attribute": 214.22851874, "area_km2_calc": 214.22851873449105, "centroid_lat": 6.5946141544526693, "centroid_lon": -75.559130429242757 }, "geometry": { "type": "Point", "coordinates": [ -75.559130429242757, 6.594614154452669 ] } },
{ "type": "Feature", "properties": { "cod_dpto": "05", "cod_mpio": "05266", "departamento_mgn": "ANTIOQUIA", "municipio_mgn": "ENVIGADO", "municipio_tipo_mgn": "MUNICIPIO", "area_km2_mgn_attribute": 79.51026113, "area_km2_calc": 79.510261125155338, "centroid_lat": 6.1540039070790256, "centroid_lon": -75.546503051122897 }, "geometry": { "type": "Point", "coordinates": [ -75.546503051122897, 6.154003907079026 ] } },
{ "type": "Feature", "properties": { "cod_dpto": "05", "cod_mpio": "05282", "departamento_mgn": "ANTIOQUIA", "municipio_mgn": "FREDONIA", "municipio_tipo_mgn": "MUNICIPIO", "area_km2_mgn_attribute": 254.06982939, "area_km2_calc": 254.06982939166841, "centroid_lat": 5.8869837984412401, "centroid_lon": -75.678310576663606 }, "geometry": { "type": "Point", "coordinates": [ -75.678310576663606, 5.88698379844124 ] } },
{ "type": "Feature", "properties": { "cod_dpto": "05", "cod_mpio": "05284", "departamento_mgn": "ANTIOQUIA", "municipio_mgn": "FRONTINO", "municipio_tipo_mgn": "MUNICIPIO", "area_km2_mgn_attribute": 1384.4381597900001, "area_km2_calc": 1384.4381598895829, "centroid_lat": 6.6913535250509382, "centroid_lon": -76.332045069257077 }, "geometry": { "type": "Point", "coordinates": [ -76.332045069257077, 6.691353525050938 ] } },
{ "type": "Feature", "properties": { "cod_dpto": "05", "cod_mpio": "05306", "departamento_mgn": "ANTIOQUIA", "municipio_mgn": "GIRALDO", "municipio_tipo_mgn": "MUNICIPIO", "area_km2_mgn_attribute": 93.42241949, "area_km2_calc": 93.422419496228201, "centroid_lat": 6.663084607132526, "centroid_lon": -75.948078614847191 }, "geometry": { "type": "Point", "coordinates": [ -75.948078614847191, 6.663084607132526 ] } },
{ "type": "Feature", "properties": { "cod_dpto": "05", "cod_mpio": "05308", "departamento_mgn": "ANTIOQUIA", "municipio_mgn": "GIRARDOTA", "municipio_tipo_mgn": "MUNICIPIO", "area_km2_mgn_attribute": 82.82978908, "area_km2_calc": 82.829789078651345, "centroid_lat": 6.3797529998418137, "centroid_lon": -75.447941243748375 }, "geometry": { "type": "Point", "coordinates": [ -75.447941243748375, 6.379752999841814 ] } },
{ "type": "Feature", "properties": { "cod_dpto": "05", "cod_mpio": "05310", "departamento_mgn": "ANTIOQUIA", "municipio_mgn": "GÓMEZ PLATA", "municipio_tipo_mgn": "MUNICIPIO", "area_km2_mgn_attribute": 332.03117214000002, "area_km2_calc": 332.03117213150159, "centroid_lat": 6.7095566955378523, "centroid_lon": -75.192705668885012 }, "geometry": { "type": "Point", "coordinates": [ -75.192705668885012, 6.709556695537852 ] } },
{ "type": "Feature", "properties": { "cod_dpto": "05", "cod_mpio": "05313", "departamento_mgn": "ANTIOQUIA", "municipio_mgn": "GRANADA", "municipio_tipo_mgn": "MUNICIPIO", "area_km2_mgn_attribute": 190.11818463, "area_km2_calc": 190.11818462398901, "centroid_lat": 6.1233794819376861, "centroid_lon": -75.127636280509364 }, "geometry": { "type": "Point", "coordinates": [ -75.127636280509364, 6.123379481937686 ] } },
{ "type": "Feature", "properties": { "cod_dpto": "05", "cod_mpio": "05315", "departamento_mgn": "ANTIOQUIA", "municipio_mgn": "GUADALUPE", "municipio_tipo_mgn": "MUNICIPIO", "area_km2_mgn_attribute": 118.14868986, "area_km2_calc": 118.14868985807509, "centroid_lat": 6.8615730263203361, "centroid_lon": -75.225916148567421 }, "geometry": { "type": "Point", "coordinates": [ -75.225916148567421, 6.861573026320336 ] } },
{ "type": "Feature", "properties": { "cod_dpto": "05", "cod_mpio": "05318", "departamento_mgn": "ANTIOQUIA", "municipio_mgn": "GUARNE", "municipio_tipo_mgn": "MUNICIPIO", "area_km2_mgn_attribute": 151.78828269, "area_km2_calc": 151.78828269222743, "centroid_lat": 6.2666170592208923, "centroid_lon": -75.437318322201946 }, "geometry": { "type": "Point", "coordinates": [ -75.437318322201946, 6.266617059220892 ] } },
{ "type": "Feature", "properties": { "cod_dpto": "05", "cod_mpio": "05321", "departamento_mgn": "ANTIOQUIA", "municipio_mgn": "GUATAPÉ", "municipio_tipo_mgn": "MUNICIPIO", "area_km2_mgn_attribute": 83.28168694, "area_km2_calc": 83.28168694244782, "centroid_lat": 6.2457729096036729, "centroid_lon": -75.158519604963871 }, "geometry": { "type": "Point", "coordinates": [ -75.158519604963871, 6.245772909603673 ] } },
{ "type": "Feature", "properties": { "cod_dpto": "05", "cod_mpio": "05347", "departamento_mgn": "ANTIOQUIA", "municipio_mgn": "HELICONIA", "municipio_tipo_mgn": "MUNICIPIO", "area_km2_mgn_attribute": 114.8668411, "area_km2_calc": 114.86684109524994, "centroid_lat": 6.2145259468605181, "centroid_lon": -75.749722647011652 }, "geometry": { "type": "Point", "coordinates": [ -75.749722647011652, 6.214525946860518 ] } },
{ "type": "Feature", "properties": { "cod_dpto": "05", "cod_mpio": "05353", "departamento_mgn": "ANTIOQUIA", "municipio_mgn": "HISPANIA", "municipio_tipo_mgn": "MUNICIPIO", "area_km2_mgn_attribute": 54.17935855, "area_km2_calc": 54.179358553570033, "centroid_lat": 5.7950624794294212, "centroid_lon": -75.906511258107386 }, "geometry": { "type": "Point", "coordinates": [ -75.906511258107386, 5.795062479429421 ] } },
{ "type": "Feature", "properties": { "cod_dpto": "05", "cod_mpio": "05360", "departamento_mgn": "ANTIOQUIA", "municipio_mgn": "ITAGÜÍ", "municipio_tipo_mgn": "MUNICIPIO", "area_km2_mgn_attribute": 19.64475366, "area_km2_calc": 19.64475366296853, "centroid_lat": 6.1792792323150314, "centroid_lon": -75.614204312181897 }, "geometry": { "type": "Point", "coordinates": [ -75.614204312181897, 6.179279232315031 ] } },
{ "type": "Feature", "properties": { "cod_dpto": "05", "cod_mpio": "05361", "departamento_mgn": "ANTIOQUIA", "municipio_mgn": "ITUANGO", "municipio_tipo_mgn": "MUNICIPIO", "area_km2_mgn_attribute": 2840.8408761400001, "area_km2_calc": 2840.840876174324, "centroid_lat": 7.3029569215072554, "centroid_lon": -75.850484186603879 }, "geometry": { "type": "Point", "coordinates": [ -75.850484186603879, 7.302956921507255 ] } },
{ "type": "Feature", "properties": { "cod_dpto": "05", "cod_mpio": "05364", "departamento_mgn": "ANTIOQUIA", "municipio_mgn": "JARDÍN", "municipio_tipo_mgn": "MUNICIPIO", "area_km2_mgn_attribute": 201.17752401000001, "area_km2_calc": 201.17752401269624, "centroid_lat": 5.5744527192251825, "centroid_lon": -75.818437601196479 }, "geometry": { "type": "Point", "coordinates": [ -75.818437601196479, 5.574452719225182 ] } },
{ "type": "Feature", "properties": { "cod_dpto": "05", "cod_mpio": "05368", "departamento_mgn": "ANTIOQUIA", "municipio_mgn": "JERICÓ", "municipio_tipo_mgn": "MUNICIPIO", "area_km2_mgn_attribute": 204.97123284, "area_km2_calc": 204.97123283978257, "centroid_lat": 5.7698163023011313, "centroid_lon": -75.764887643717188 }, "geometry": { "type": "Point", "coordinates": [ -75.764887643717188, 5.769816302301131 ] } },
{ "type": "Feature", "properties": { "cod_dpto": "05", "cod_mpio": "05376", "departamento_mgn": "ANTIOQUIA", "municipio_mgn": "LA CEJA", "municipio_tipo_mgn": "MUNICIPIO", "area_km2_mgn_attribute": 132.66672321, "area_km2_calc": 132.66672320813441, "centroid_lat": 5.9925212867330391, "centroid_lon": -75.430872608196765 }, "geometry": { "type": "Point", "coordinates": [ -75.430872608196765, 5.992521286733039 ] } },
{ "type": "Feature", "properties": { "cod_dpto": "05", "cod_mpio": "05380", "departamento_mgn": "ANTIOQUIA", "municipio_mgn": "LA ESTRELLA", "municipio_tipo_mgn": "MUNICIPIO", "area_km2_mgn_attribute": 36.79265231, "area_km2_calc": 36.792652314563625, "centroid_lat": 6.1376065464650926, "centroid_lon": -75.648868052806549 }, "geometry": { "type": "Point", "coordinates": [ -75.648868052806549, 6.137606546465093 ] } },
{ "type": "Feature", "properties": { "cod_dpto": "05", "cod_mpio": "05390", "departamento_mgn": "ANTIOQUIA", "municipio_mgn": "LA PINTADA", "municipio_tipo_mgn": "MUNICIPIO", "area_km2_mgn_attribute": 54.28273395, "area_km2_calc": 54.282733950364097, "centroid_lat": 5.74658185525879, "centroid_lon": -75.602202259537606 }, "geometry": { "type": "Point", "coordinates": [ -75.602202259537606, 5.74658185525879 ] } },
{ "type": "Feature", "properties": { "cod_dpto": "05", "cod_mpio": "05400", "departamento_mgn": "ANTIOQUIA", "municipio_mgn": "LA UNIÓN", "municipio_tipo_mgn": "MUNICIPIO", "area_km2_mgn_attribute": 167.67033763000001, "area_km2_calc": 167.67033763046143, "centroid_lat": 5.9404339504085311, "centroid_lon": -75.354290350491425 }, "geometry": { "type": "Point", "coordinates": [ -75.354290350491425, 5.940433950408531 ] } },
{ "type": "Feature", "properties": { "cod_dpto": "05", "cod_mpio": "05411", "departamento_mgn": "ANTIOQUIA", "municipio_mgn": "LIBORINA", "municipio_tipo_mgn": "MUNICIPIO", "area_km2_mgn_attribute": 216.38676218000001, "area_km2_calc": 216.38676218447338, "centroid_lat": 6.7239899447790314, "centroid_lon": -75.783002395775057 }, "geometry": { "type": "Point", "coordinates": [ -75.783002395775057, 6.723989944779031 ] } },
{ "type": "Feature", "properties": { "cod_dpto": "05", "cod_mpio": "05425", "departamento_mgn": "ANTIOQUIA", "municipio_mgn": "MACEO", "municipio_tipo_mgn": "MUNICIPIO", "area_km2_mgn_attribute": 455.26906080999998, "area_km2_calc": 455.26906079947679, "centroid_lat": 6.5432978998993532, "centroid_lon": -74.723716210485762 }, "geometry": { "type": "Point", "coordinates": [ -74.723716210485762, 6.543297899899353 ] } },
{ "type": "Feature", "properties": { "cod_dpto": "05", "cod_mpio": "05440", "departamento_mgn": "ANTIOQUIA", "municipio_mgn": "MARINILLA", "municipio_tipo_mgn": "MUNICIPIO", "area_km2_mgn_attribute": 112.2360458, "area_km2_calc": 112.23604579681658, "centroid_lat": 6.187059965791657, "centroid_lon": -75.304724212638121 }, "geometry": { "type": "Point", "coordinates": [ -75.304724212638121, 6.187059965791657 ] } },
{ "type": "Feature", "properties": { "cod_dpto": "05", "cod_mpio": "05467", "departamento_mgn": "ANTIOQUIA", "municipio_mgn": "MONTEBELLO", "municipio_tipo_mgn": "MUNICIPIO", "area_km2_mgn_attribute": 75.99829567, "area_km2_calc": 75.998295664738265, "centroid_lat": 5.9168583279084466, "centroid_lon": -75.519727749035553 }, "geometry": { "type": "Point", "coordinates": [ -75.519727749035553, 5.916858327908447 ] } },
{ "type": "Feature", "properties": { "cod_dpto": "05", "cod_mpio": "05475", "departamento_mgn": "ANTIOQUIA", "municipio_mgn": "MURINDÓ", "municipio_tipo_mgn": "MUNICIPIO", "area_km2_mgn_attribute": 1266.7924744300001, "area_km2_calc": 1266.7924746369961, "centroid_lat": 6.8287530929488423, "centroid_lon": -76.708637562731766 }, "geometry": { "type": "Point", "coordinates": [ -76.708637562731766, 6.828753092948842 ] } },
{ "type": "Feature", "properties": { "cod_dpto": "05", "cod_mpio": "05480", "departamento_mgn": "ANTIOQUIA", "municipio_mgn": "MUTATÁ", "municipio_tipo_mgn": "MUNICIPIO", "area_km2_mgn_attribute": 1075.02109451, "area_km2_calc": 1075.0210946103682, "centroid_lat": 7.3295679530190423, "centroid_lon": -76.463002059440399 }, "geometry": { "type": "Point", "coordinates": [ -76.463002059440399, 7.329567953019042 ] } },
{ "type": "Feature", "properties": { "cod_dpto": "05", "cod_mpio": "05483", "departamento_mgn": "ANTIOQUIA", "municipio_mgn": "NARIÑO", "municipio_tipo_mgn": "MUNICIPIO", "area_km2_mgn_attribute": 316.60387267, "area_km2_calc": 316.60387266420702, "centroid_lat": 5.58126965668919, "centroid_lon": -75.194577772619255 }, "geometry": { "type": "Point", "coordinates": [ -75.194577772619255, 5.58126965668919 ] } },
{ "type": "Feature", "properties": { "cod_dpto": "05", "cod_mpio": "05490", "departamento_mgn": "ANTIOQUIA", "municipio_mgn": "NECOCLÍ", "municipio_tipo_mgn": "MUNICIPIO", "area_km2_mgn_attribute": 1255.8653231000001, "area_km2_calc": 1255.8653232674528, "centroid_lat": 8.493749696740938, "centroid_lon": -76.676987409278269 }, "geometry": { "type": "Point", "coordinates": [ -76.676987409278269, 8.493749696740938 ] } },
{ "type": "Feature", "properties": { "cod_dpto": "05", "cod_mpio": "05495", "departamento_mgn": "ANTIOQUIA", "municipio_mgn": "NECHÍ", "municipio_tipo_mgn": "MUNICIPIO", "area_km2_mgn_attribute": 936.58448418, "area_km2_calc": 936.58448414815075, "centroid_lat": 7.9904547798202064, "centroid_lon": -74.792435155129311 }, "geometry": { "type": "Point", "coordinates": [ -74.792435155129311, 7.990454779820206 ] } },
{ "type": "Feature", "properties": { "cod_dpto": "05", "cod_mpio": "05501", "departamento_mgn": "ANTIOQUIA", "municipio_mgn": "OLAYA", "municipio_tipo_mgn": "MUNICIPIO", "area_km2_mgn_attribute": 86.97390452, "area_km2_calc": 86.973904523846215, "centroid_lat": 6.6114162029946639, "centroid_lon": -75.775671953120835 }, "geometry": { "type": "Point", "coordinates": [ -75.775671953120835, 6.611416202994664 ] } },
{ "type": "Feature", "properties": { "cod_dpto": "05", "cod_mpio": "05541", "departamento_mgn": "ANTIOQUIA", "municipio_mgn": "PEÑOL", "municipio_tipo_mgn": "MUNICIPIO", "area_km2_mgn_attribute": 118.25519721000001, "area_km2_calc": 118.25519721038872, "centroid_lat": 6.2323943539493412, "centroid_lon": -75.223508640169271 }, "geometry": { "type": "Point", "coordinates": [ -75.223508640169271, 6.232394353949341 ] } },
{ "type": "Feature", "properties": { "cod_dpto": "05", "cod_mpio": "05543", "departamento_mgn": "ANTIOQUIA", "municipio_mgn": "PEQUE", "municipio_tipo_mgn": "MUNICIPIO", "area_km2_mgn_attribute": 434.03883323999997, "area_km2_calc": 434.03883324724359, "centroid_lat": 7.0441730971093346, "centroid_lon": -75.889685943746798 }, "geometry": { "type": "Point", "coordinates": [ -75.889685943746798, 7.044173097109335 ] } },
{ "type": "Feature", "properties": { "cod_dpto": "05", "cod_mpio": "05576", "departamento_mgn": "ANTIOQUIA", "municipio_mgn": "PUEBLORRICO", "municipio_tipo_mgn": "MUNICIPIO", "area_km2_mgn_attribute": 75.42674736, "area_km2_calc": 75.426747356083567, "centroid_lat": 5.8097015416593196, "centroid_lon": -75.860764480182723 }, "geometry": { "type": "Point", "coordinates": [ -75.860764480182723, 5.80970154165932 ] } },
{ "type": "Feature", "properties": { "cod_dpto": "05", "cod_mpio": "05579", "departamento_mgn": "ANTIOQUIA", "municipio_mgn": "PUERTO BERRÍO", "municipio_tipo_mgn": "MUNICIPIO", "area_km2_mgn_attribute": 1218.9448144800001, "area_km2_calc": 1218.9448144426224, "centroid_lat": 6.4818981041133963, "centroid_lon": -74.528762728507559 }, "geometry": { "type": "Point", "coordinates": [ -74.528762728507559, 6.481898104113396 ] } },
{ "type": "Feature", "properties": { "cod_dpto": "05", "cod_mpio": "05585", "departamento_mgn": "ANTIOQUIA", "municipio_mgn": "PUERTO NARE", "municipio_tipo_mgn": "MUNICIPIO", "area_km2_mgn_attribute": 579.0660944, "area_km2_calc": 579.06609438493956, "centroid_lat": 6.1391682887562888, "centroid_lon": -74.68409214760328 }, "geometry": { "type": "Point", "coordinates": [ -74.68409214760328, 6.139168288756289 ] } },
{ "type": "Feature", "properties": { "cod_dpto": "05", "cod_mpio": "05591", "departamento_mgn": "ANTIOQUIA", "municipio_mgn": "PUERTO TRIUNFO", "municipio_tipo_mgn": "MUNICIPIO", "area_km2_mgn_attribute": 369.2714945, "area_km2_calc": 369.2714944872356, "centroid_lat": 5.9548385050161841, "centroid_lon": -74.686212757103362 }, "geometry": { "type": "Point", "coordinates": [ -74.686212757103362, 5.954838505016184 ] } },
{ "type": "Feature", "properties": { "cod_dpto": "05", "cod_mpio": "05604", "departamento_mgn": "ANTIOQUIA", "municipio_mgn": "REMEDIOS", "municipio_tipo_mgn": "MUNICIPIO", "area_km2_mgn_attribute": 1964.9983069800001, "area_km2_calc": 1964.9983069158359, "centroid_lat": 6.9982136180889114, "centroid_lon": -74.556923800450107 }, "geometry": { "type": "Point", "coordinates": [ -74.556923800450107, 6.998213618088911 ] } },
{ "type": "Feature", "properties": { "cod_dpto": "05", "cod_mpio": "05607", "departamento_mgn": "ANTIOQUIA", "municipio_mgn": "RETIRO", "municipio_tipo_mgn": "MUNICIPIO", "area_km2_mgn_attribute": 241.92375201, "area_km2_calc": 241.92375200661397, "centroid_lat": 6.0529072075523409, "centroid_lon": -75.515651039079046 }, "geometry": { "type": "Point", "coordinates": [ -75.515651039079046, 6.052907207552341 ] } },
{ "type": "Feature", "properties": { "cod_dpto": "05", "cod_mpio": "05615", "departamento_mgn": "ANTIOQUIA", "municipio_mgn": "RIONEGRO", "municipio_tipo_mgn": "MUNICIPIO", "area_km2_mgn_attribute": 195.86687913, "area_km2_calc": 195.86687912564997, "centroid_lat": 6.1507827166672406, "centroid_lon": -75.410763580470771 }, "geometry": { "type": "Point", "coordinates": [ -75.410763580470771, 6.150782716667241 ] } },
{ "type": "Feature", "properties": { "cod_dpto": "05", "cod_mpio": "05628", "departamento_mgn": "ANTIOQUIA", "municipio_mgn": "SABANALARGA", "municipio_tipo_mgn": "MUNICIPIO", "area_km2_mgn_attribute": 265.7270116, "area_km2_calc": 265.72701160260829, "centroid_lat": 6.9009886143870371, "centroid_lon": -75.792231364420687 }, "geometry": { "type": "Point", "coordinates": [ -75.792231364420687, 6.900988614387037 ] } },
{ "type": "Feature", "properties": { "cod_dpto": "05", "cod_mpio": "05631", "departamento_mgn": "ANTIOQUIA", "municipio_mgn": "SABANETA", "municipio_tipo_mgn": "MUNICIPIO", "area_km2_mgn_attribute": 15.66193686, "area_km2_calc": 15.661936856303766, "centroid_lat": 6.138288594344135, "centroid_lon": -75.608576087875548 }, "geometry": { "type": "Point", "coordinates": [ -75.608576087875548, 6.138288594344135 ] } },
{ "type": "Feature", "properties": { "cod_dpto": "05", "cod_mpio": "05642", "departamento_mgn": "ANTIOQUIA", "municipio_mgn": "SALGAR", "municipio_tipo_mgn": "MUNICIPIO", "area_km2_mgn_attribute": 288.23409322999998, "area_km2_calc": 288.23409323726656, "centroid_lat": 5.9705045896826805, "centroid_lon": -75.981373611680056 }, "geometry": { "type": "Point", "coordinates": [ -75.981373611680056, 5.97050458968268 ] } },
{ "type": "Feature", "properties": { "cod_dpto": "05", "cod_mpio": "05647", "departamento_mgn": "ANTIOQUIA", "municipio_mgn": "SAN ANDRÉS DE CUERQUÍA", "municipio_tipo_mgn": "MUNICIPIO", "area_km2_mgn_attribute": 206.82019005000001, "area_km2_calc": 206.8201900525718, "centroid_lat": 6.9145589637701219, "centroid_lon": -75.665187229497846 }, "geometry": { "type": "Point", "coordinates": [ -75.665187229497846, 6.914558963770122 ] } },
{ "type": "Feature", "properties": { "cod_dpto": "05", "cod_mpio": "05649", "departamento_mgn": "ANTIOQUIA", "municipio_mgn": "SAN CARLOS", "municipio_tipo_mgn": "MUNICIPIO", "area_km2_mgn_attribute": 716.41259937999996, "area_km2_calc": 716.41259936124334, "centroid_lat": 6.1938903545892288, "centroid_lon": -74.907219312203253 }, "geometry": { "type": "Point", "coordinates": [ -74.907219312203253, 6.193890354589229 ] } },
{ "type": "Feature", "properties": { "cod_dpto": "05", "cod_mpio": "05652", "departamento_mgn": "ANTIOQUIA", "municipio_mgn": "SAN FRANCISCO", "municipio_tipo_mgn": "MUNICIPIO", "area_km2_mgn_attribute": 354.20160127000003, "area_km2_calc": 354.20160126181793, "centroid_lat": 5.8791333301925803, "centroid_lon": -74.976612234735967 }, "geometry": { "type": "Point", "coordinates": [ -74.976612234735967, 5.87913333019258 ] } },
{ "type": "Feature", "properties": { "cod_dpto": "05", "cod_mpio": "05656", "departamento_mgn": "ANTIOQUIA", "municipio_mgn": "SAN JERÓNIMO", "municipio_tipo_mgn": "MUNICIPIO", "area_km2_mgn_attribute": 152.13958456, "area_km2_calc": 152.13958456439937, "centroid_lat": 6.4386934051985794, "centroid_lon": -75.706063038085972 }, "geometry": { "type": "Point", "coordinates": [ -75.706063038085972, 6.438693405198579 ] } },
{ "type": "Feature", "properties": { "cod_dpto": "05", "cod_mpio": "05658", "departamento_mgn": "ANTIOQUIA", "municipio_mgn": "SAN JOSÉ DE LA MONTAÑA", "municipio_tipo_mgn": "MUNICIPIO", "area_km2_mgn_attribute": 126.04755726, "area_km2_calc": 126.04755725586659, "centroid_lat": 6.8232575989589757, "centroid_lon": -75.677709245842181 }, "geometry": { "type": "Point", "coordinates": [ -75.677709245842181, 6.823257598958976 ] } },
{ "type": "Feature", "properties": { "cod_dpto": "05", "cod_mpio": "05659", "departamento_mgn": "ANTIOQUIA", "municipio_mgn": "SAN JUAN DE URABÁ", "municipio_tipo_mgn": "MUNICIPIO", "area_km2_mgn_attribute": 252.11856585000001, "area_km2_calc": 252.11856586996754, "centroid_lat": 8.7071430042577962, "centroid_lon": -76.532500962490673 }, "geometry": { "type": "Point", "coordinates": [ -76.532500962490673, 8.707143004257796 ] } },
{ "type": "Feature", "properties": { "cod_dpto": "05", "cod_mpio": "05660", "departamento_mgn": "ANTIOQUIA", "municipio_mgn": "SAN LUIS", "municipio_tipo_mgn": "MUNICIPIO", "area_km2_mgn_attribute": 518.34595615000001, "area_km2_calc": 518.34595613632132, "centroid_lat": 6.0196903819256251, "centroid_lon": -74.938487366049941 }, "geometry": { "type": "Point", "coordinates": [ -74.938487366049941, 6.019690381925625 ] } },
{ "type": "Feature", "properties": { "cod_dpto": "05", "cod_mpio": "05664", "departamento_mgn": "ANTIOQUIA", "municipio_mgn": "SAN PEDRO DE LOS MILAGROS", "municipio_tipo_mgn": "MUNICIPIO", "area_km2_mgn_attribute": 235.24908379, "area_km2_calc": 235.24908379242899, "centroid_lat": 6.4572514569344079, "centroid_lon": -75.564286350049017 }, "geometry": { "type": "Point", "coordinates": [ -75.564286350049017, 6.457251456934408 ] } },
{ "type": "Feature", "properties": { "cod_dpto": "05", "cod_mpio": "05665", "departamento_mgn": "ANTIOQUIA", "municipio_mgn": "SAN PEDRO DE URABÁ", "municipio_tipo_mgn": "MUNICIPIO", "area_km2_mgn_attribute": 602.64453447999995, "area_km2_calc": 602.64453451733561, "centroid_lat": 8.3791169777841201, "centroid_lon": -76.316663644230033 }, "geometry": { "type": "Point", "coordinates": [ -76.316663644230033, 8.37911697778412 ] } },
{ "type": "Feature", "properties": { "cod_dpto": "05", "cod_mpio": "05667", "departamento_mgn": "ANTIOQUIA", "municipio_mgn": "SAN RAFAEL", "municipio_tipo_mgn": "MUNICIPIO", "area_km2_mgn_attribute": 363.69314215999998, "area_km2_calc": 363.69314214857894, "centroid_lat": 6.3107429272133331, "centroid_lon": -74.998601878581354 }, "geometry": { "type": "Point", "coordinates": [ -74.998601878581354, 6.310742927213333 ] } },
{ "type": "Feature", "properties": { "cod_dpto": "05", "cod_mpio": "05670", "departamento_mgn": "ANTIOQUIA", "municipio_mgn": "SAN ROQUE", "municipio_tipo_mgn": "MUNICIPIO", "area_km2_mgn_attribute": 424.5612338, "area_km2_calc": 424.5612337882452, "centroid_lat": 6.4486793653001282, "centroid_lon": -74.931859998620283 }, "geometry": { "type": "Point", "coordinates": [ -74.931859998620283, 6.448679365300128 ] } },
{ "type": "Feature", "properties": { "cod_dpto": "05", "cod_mpio": "05674", "departamento_mgn": "ANTIOQUIA", "municipio_mgn": "SAN VICENTE FERRER", "municipio_tipo_mgn": "MUNICIPIO", "area_km2_mgn_attribute": 230.39150207, "area_km2_calc": 230.39150206922653, "centroid_lat": 6.3103862226525491, "centroid_lon": -75.327403589075914 }, "geometry": { "type": "Point", "coordinates": [ -75.327403589075914, 6.310386222652549 ] } },
{ "type": "Feature", "properties": { "cod_dpto": "05", "cod_mpio": "05679", "departamento_mgn": "ANTIOQUIA", "municipio_mgn": "SANTA BÁRBARA", "municipio_tipo_mgn": "MUNICIPIO", "area_km2_mgn_attribute": 196.1181382, "area_km2_calc": 196.1181381951381, "centroid_lat": 5.8789796955477982, "centroid_lon": -75.583301136792926 }, "geometry": { "type": "Point", "coordinates": [ -75.583301136792926, 5.878979695547798 ] } },
{ "type": "Feature", "properties": { "cod_dpto": "05", "cod_mpio": "05686", "departamento_mgn": "ANTIOQUIA", "municipio_mgn": "SANTA ROSA DE OSOS", "municipio_tipo_mgn": "MUNICIPIO", "area_km2_mgn_attribute": 864.46428824999998, "area_km2_calc": 864.46428823599035, "centroid_lat": 6.6758373954673162, "centroid_lon": -75.438138450049166 }, "geometry": { "type": "Point", "coordinates": [ -75.438138450049166, 6.675837395467316 ] } },
{ "type": "Feature", "properties": { "cod_dpto": "05", "cod_mpio": "05690", "departamento_mgn": "ANTIOQUIA", "municipio_mgn": "SANTO DOMINGO", "municipio_tipo_mgn": "MUNICIPIO", "area_km2_mgn_attribute": 265.8513629, "area_km2_calc": 265.85136289135033, "centroid_lat": 6.4810548475458774, "centroid_lon": -75.142593915396972 }, "geometry": { "type": "Point", "coordinates": [ -75.142593915396972, 6.481054847545877 ] } },
{ "type": "Feature", "properties": { "cod_dpto": "05", "cod_mpio": "05697", "departamento_mgn": "ANTIOQUIA", "municipio_mgn": "EL SANTUARIO", "municipio_tipo_mgn": "MUNICIPIO", "area_km2_mgn_attribute": 83.52828945, "area_km2_calc": 83.528289444577567, "centroid_lat": 6.1240308051153596, "centroid_lon": -75.252320109751835 }, "geometry": { "type": "Point", "coordinates": [ -75.252320109751835, 6.12403080511536 ] } },
{ "type": "Feature", "properties": { "cod_dpto": "05", "cod_mpio": "05736", "departamento_mgn": "ANTIOQUIA", "municipio_mgn": "SEGOVIA", "municipio_tipo_mgn": "MUNICIPIO", "area_km2_mgn_attribute": 1132.78361066, "area_km2_calc": 1132.7836106247871, "centroid_lat": 7.265263722366103, "centroid_lon": -74.621325965942489 }, "geometry": { "type": "Point", "coordinates": [ -74.621325965942489, 7.265263722366103 ] } },
{ "type": "Feature", "properties": { "cod_dpto": "05", "cod_mpio": "05756", "departamento_mgn": "ANTIOQUIA", "municipio_mgn": "SONSÓN", "municipio_tipo_mgn": "MUNICIPIO", "area_km2_mgn_attribute": 1345.6103411300001, "area_km2_calc": 1345.6103410964552, "centroid_lat": 5.762518029423183, "centroid_lon": -75.059469458543205 }, "geometry": { "type": "Point", "coordinates": [ -75.059469458543205, 5.762518029423183 ] } },
{ "type": "Feature", "properties": { "cod_dpto": "05", "cod_mpio": "05761", "departamento_mgn": "ANTIOQUIA", "municipio_mgn": "SOPETRÁN", "municipio_tipo_mgn": "MUNICIPIO", "area_km2_mgn_attribute": 219.03681492000001, "area_km2_calc": 219.03681492249046, "centroid_lat": 6.5201581559938981, "centroid_lon": -75.745817059413099 }, "geometry": { "type": "Point", "coordinates": [ -75.745817059413099, 6.520158155993898 ] } },
{ "type": "Feature", "properties": { "cod_dpto": "05", "cod_mpio": "05789", "departamento_mgn": "ANTIOQUIA", "municipio_mgn": "TÁMESIS", "municipio_tipo_mgn": "MUNICIPIO", "area_km2_mgn_attribute": 252.1945367, "area_km2_calc": 252.19453669658748, "centroid_lat": 5.6737522080854799, "centroid_lon": -75.709802903286288 }, "geometry": { "type": "Point", "coordinates": [ -75.709802903286288, 5.67375220808548 ] } },
{ "type": "Feature", "properties": { "cod_dpto": "05", "cod_mpio": "05790", "departamento_mgn": "ANTIOQUIA", "municipio_mgn": "TARAZÁ", "municipio_tipo_mgn": "MUNICIPIO", "area_km2_mgn_attribute": 1148.60584382, "area_km2_calc": 1148.6058437996724, "centroid_lat": 7.4888828428370866, "centroid_lon": -75.401873845975047 }, "geometry": { "type": "Point", "coordinates": [ -75.401873845975047, 7.488882842837087 ] } },
{ "type": "Feature", "properties": { "cod_dpto": "05", "cod_mpio": "05792", "departamento_mgn": "ANTIOQUIA", "municipio_mgn": "TARSO", "municipio_tipo_mgn": "MUNICIPIO", "area_km2_mgn_attribute": 120.46673026000001, "area_km2_calc": 120.46673026564575, "centroid_lat": 5.8710648139903414, "centroid_lon": -75.828712009574033 }, "geometry": { "type": "Point", "coordinates": [ -75.828712009574033, 5.871064813990341 ] } },
{ "type": "Feature", "properties": { "cod_dpto": "05", "cod_mpio": "05809", "departamento_mgn": "ANTIOQUIA", "municipio_mgn": "TITIRIBÍ", "municipio_tipo_mgn": "MUNICIPIO", "area_km2_mgn_attribute": 140.3286097, "area_km2_calc": 140.32860969947913, "centroid_lat": 6.0583490023303082, "centroid_lon": -75.799661835568273 }, "geometry": { "type": "Point", "coordinates": [ -75.799661835568273, 6.058349002330308 ] } },
{ "type": "Feature", "properties": { "cod_dpto": "05", "cod_mpio": "05819", "departamento_mgn": "ANTIOQUIA", "municipio_mgn": "TOLEDO", "municipio_tipo_mgn": "MUNICIPIO", "area_km2_mgn_attribute": 134.41754988, "area_km2_calc": 134.41754988299581, "centroid_lat": 7.0136932710367557, "centroid_lon": -75.710330906083485 }, "geometry": { "type": "Point", "coordinates": [ -75.710330906083485, 7.013693271036756 ] } },
{ "type": "Feature", "properties": { "cod_dpto": "05", "cod_mpio": "05837", "departamento_mgn": "ANTIOQUIA", "municipio_mgn": "TURBO", "municipio_tipo_mgn": "MUNICIPIO", "area_km2_mgn_attribute": 2923.2420818000001, "area_km2_calc": 2923.2420821419969, "centroid_lat": 7.9981849350606646, "centroid_lon": -76.7240269050736 }, "geometry": { "type": "Point", "coordinates": [ -76.7240269050736, 7.998184935060665 ] } },
{ "type": "Feature", "properties": { "cod_dpto": "05", "cod_mpio": "05842", "departamento_mgn": "ANTIOQUIA", "municipio_mgn": "URAMITA", "municipio_tipo_mgn": "MUNICIPIO", "area_km2_mgn_attribute": 265.95321636, "area_km2_calc": 265.95321637456999, "centroid_lat": 6.9139154715061348, "centroid_lon": -76.133201336252128 }, "geometry": { "type": "Point", "coordinates": [ -76.133201336252128, 6.913915471506135 ] } },
{ "type": "Feature", "properties": { "cod_dpto": "05", "cod_mpio": "05847", "departamento_mgn": "ANTIOQUIA", "municipio_mgn": "URRAO", "municipio_tipo_mgn": "MUNICIPIO", "area_km2_mgn_attribute": 2563.8496676700001, "area_km2_calc": 2563.8496678362312, "centroid_lat": 6.3353490333391322, "centroid_lon": -76.259084402324916 }, "geometry": { "type": "Point", "coordinates": [ -76.259084402324916, 6.335349033339132 ] } },
{ "type": "Feature", "properties": { "cod_dpto": "05", "cod_mpio": "05854", "departamento_mgn": "ANTIOQUIA", "municipio_mgn": "VALDIVIA", "municipio_tipo_mgn": "MUNICIPIO", "area_km2_mgn_attribute": 567.48166641, "area_km2_calc": 567.481666395106, "centroid_lat": 7.2653871903216922, "centroid_lon": -75.400958511728376 }, "geometry": { "type": "Point", "coordinates": [ -75.400958511728376, 7.265387190321692 ] } },
{ "type": "Feature", "properties": { "cod_dpto": "05", "cod_mpio": "05856", "departamento_mgn": "ANTIOQUIA", "municipio_mgn": "VALPARAÍSO", "municipio_tipo_mgn": "MUNICIPIO", "area_km2_mgn_attribute": 126.14562898, "area_km2_calc": 126.14562897586504, "centroid_lat": 5.6519348171877715, "centroid_lon": -75.630834079871107 }, "geometry": { "type": "Point", "coordinates": [ -75.630834079871107, 5.651934817187771 ] } },
{ "type": "Feature", "properties": { "cod_dpto": "05", "cod_mpio": "05858", "departamento_mgn": "ANTIOQUIA", "municipio_mgn": "VEGACHÍ", "municipio_tipo_mgn": "MUNICIPIO", "area_km2_mgn_attribute": 540.30196422999995, "area_km2_calc": 540.30196421907351, "centroid_lat": 6.8382674663781593, "centroid_lon": -74.754590135253821 }, "geometry": { "type": "Point", "coordinates": [ -74.754590135253821, 6.838267466378159 ] } },
{ "type": "Feature", "properties": { "cod_dpto": "05", "cod_mpio": "05861", "departamento_mgn": "ANTIOQUIA", "municipio_mgn": "VENECIA", "municipio_tipo_mgn": "MUNICIPIO", "area_km2_mgn_attribute": 143.62631416, "area_km2_calc": 143.62631416184237, "centroid_lat": 5.9559391982876004, "centroid_lon": -75.776204701541914 }, "geometry": { "type": "Point", "coordinates": [ -75.776204701541914, 5.9559391982876 ] } },
{ "type": "Feature", "properties": { "cod_dpto": "05", "cod_mpio": "05873", "departamento_mgn": "ANTIOQUIA", "municipio_mgn": "VIGÍA DEL FUERTE", "municipio_tipo_mgn": "MUNICIPIO", "area_km2_mgn_attribute": 1662.7019219, "area_km2_calc": 1662.7019221743828, "centroid_lat": 6.4533583434777064, "centroid_lon": -76.695032579735852 }, "geometry": { "type": "Point", "coordinates": [ -76.695032579735852, 6.453358343477706 ] } },
{ "type": "Feature", "properties": { "cod_dpto": "05", "cod_mpio": "05885", "departamento_mgn": "ANTIOQUIA", "municipio_mgn": "YALÍ", "municipio_tipo_mgn": "MUNICIPIO", "area_km2_mgn_attribute": 440.55208503, "area_km2_calc": 440.55208501511174, "centroid_lat": 6.7168759160072868, "centroid_lon": -74.755684641031863 }, "geometry": { "type": "Point", "coordinates": [ -74.755684641031863, 6.716875916007287 ] } },
{ "type": "Feature", "properties": { "cod_dpto": "05", "cod_mpio": "05887", "departamento_mgn": "ANTIOQUIA", "municipio_mgn": "YARUMAL", "municipio_tipo_mgn": "MUNICIPIO", "area_km2_mgn_attribute": 712.32265692, "area_km2_calc": 712.32265690649444, "centroid_lat": 6.986555105127187, "centroid_lon": -75.458952041206345 }, "geometry": { "type": "Point", "coordinates": [ -75.458952041206345, 6.986555105127187 ] } },
{ "type": "Feature", "properties": { "cod_dpto": "05", "cod_mpio": "05890", "departamento_mgn": "ANTIOQUIA", "municipio_mgn": "YOLOMBÓ", "municipio_tipo_mgn": "MUNICIPIO", "area_km2_mgn_attribute": 943.34432224, "area_km2_calc": 943.34432221219811, "centroid_lat": 6.6491764252294221, "centroid_lon": -74.933308934520795 }, "geometry": { "type": "Point", "coordinates": [ -74.933308934520795, 6.649176425229422 ] } },
{ "type": "Feature", "properties": { "cod_dpto": "05", "cod_mpio": "05893", "departamento_mgn": "ANTIOQUIA", "municipio_mgn": "YONDÓ", "municipio_tipo_mgn": "MUNICIPIO", "area_km2_mgn_attribute": 1892.71392793, "area_km2_calc": 1892.7139278753939, "centroid_lat": 6.9251215235386372, "centroid_lon": -74.15832182627183 }, "geometry": { "type": "Point", "coordinates": [ -74.15832182627183, 6.925121523538637 ] } },
{ "type": "Feature", "properties": { "cod_dpto": "05", "cod_mpio": "05895", "departamento_mgn": "ANTIOQUIA", "municipio_mgn": "ZARAGOZA", "municipio_tipo_mgn": "MUNICIPIO", "area_km2_mgn_attribute": 1166.5314442, "area_km2_calc": 1166.5314441622547, "centroid_lat": 7.4739996741799937, "centroid_lon": -74.858482740625107 }, "geometry": { "type": "Point", "coordinates": [ -74.858482740625107, 7.473999674179994 ] } },
{ "type": "Feature", "properties": { "cod_dpto": "08", "cod_mpio": "08001", "departamento_mgn": "ATLÁNTICO", "municipio_mgn": "BARRANQUILLA", "municipio_tipo_mgn": "MUNICIPIO", "area_km2_mgn_attribute": 154.12755133, "area_km2_calc": 154.12755132648854, "centroid_lat": 10.981533792181546, "centroid_lon": -74.827730680598634 }, "geometry": { "type": "Point", "coordinates": [ -74.827730680598634, 10.981533792181546 ] } },
{ "type": "Feature", "properties": { "cod_dpto": "08", "cod_mpio": "08078", "departamento_mgn": "ATLÁNTICO", "municipio_mgn": "BARANOA", "municipio_tipo_mgn": "MUNICIPIO", "area_km2_mgn_attribute": 121.26327267000001, "area_km2_calc": 121.26327266444515, "centroid_lat": 10.793290323384513, "centroid_lon": -74.922196101055391 }, "geometry": { "type": "Point", "coordinates": [ -74.922196101055391, 10.793290323384513 ] } },
{ "type": "Feature", "properties": { "cod_dpto": "08", "cod_mpio": "08137", "departamento_mgn": "ATLÁNTICO", "municipio_mgn": "CAMPO DE LA CRUZ", "municipio_tipo_mgn": "MUNICIPIO", "area_km2_mgn_attribute": 99.92062157, "area_km2_calc": 99.920621567900994, "centroid_lat": 10.402617707120733, "centroid_lon": -74.878416345170294 }, "geometry": { "type": "Point", "coordinates": [ -74.878416345170294, 10.402617707120733 ] } },
{ "type": "Feature", "properties": { "cod_dpto": "08", "cod_mpio": "08141", "departamento_mgn": "ATLÁNTICO", "municipio_mgn": "CANDELARIA", "municipio_tipo_mgn": "MUNICIPIO", "area_km2_mgn_attribute": 135.66529893000001, "area_km2_calc": 135.66529892871841, "centroid_lat": 10.489015641749425, "centroid_lon": -74.877567397110909 }, "geometry": { "type": "Point", "coordinates": [ -74.877567397110909, 10.489015641749425 ] } },
{ "type": "Feature", "properties": { "cod_dpto": "08", "cod_mpio": "08296", "departamento_mgn": "ATLÁNTICO", "municipio_mgn": "GALAPA", "municipio_tipo_mgn": "MUNICIPIO", "area_km2_mgn_attribute": 97.48123373, "area_km2_calc": 97.481233726563275, "centroid_lat": 10.897740529856977, "centroid_lon": -74.887097931794315 }, "geometry": { "type": "Point", "coordinates": [ -74.887097931794315, 10.897740529856977 ] } },
{ "type": "Feature", "properties": { "cod_dpto": "08", "cod_mpio": "08372", "departamento_mgn": "ATLÁNTICO", "municipio_mgn": "JUAN DE ACOSTA", "municipio_tipo_mgn": "MUNICIPIO", "area_km2_mgn_attribute": 167.90924121, "area_km2_calc": 167.90924120684335, "centroid_lat": 10.823094565211463, "centroid_lon": -75.078426619836563 }, "geometry": { "type": "Point", "coordinates": [ -75.078426619836563, 10.823094565211463 ] } },
{ "type": "Feature", "properties": { "cod_dpto": "08", "cod_mpio": "08421", "departamento_mgn": "ATLÁNTICO", "municipio_mgn": "LURUACO", "municipio_tipo_mgn": "MUNICIPIO", "area_km2_mgn_attribute": 223.59548638000001, "area_km2_calc": 223.59548637778647, "centroid_lat": 10.634992567206744, "centroid_lon": -75.15383658289791 }, "geometry": { "type": "Point", "coordinates": [ -75.15383658289791, 10.634992567206744 ] } },
{ "type": "Feature", "properties": { "cod_dpto": "08", "cod_mpio": "08433", "departamento_mgn": "ATLÁNTICO", "municipio_mgn": "MALAMBO", "municipio_tipo_mgn": "MUNICIPIO", "area_km2_mgn_attribute": 97.86520456, "area_km2_calc": 97.865204554943929, "centroid_lat": 10.848289605246341, "centroid_lon": -74.806178090587863 }, "geometry": { "type": "Point", "coordinates": [ -74.806178090587863, 10.848289605246341 ] } },
{ "type": "Feature", "properties": { "cod_dpto": "08", "cod_mpio": "08436", "departamento_mgn": "ATLÁNTICO", "municipio_mgn": "MANATÍ", "municipio_tipo_mgn": "MUNICIPIO", "area_km2_mgn_attribute": 214.11263974, "area_km2_calc": 214.11263973503358, "centroid_lat": 10.454147609670624, "centroid_lon": -74.984773293897774 }, "geometry": { "type": "Point", "coordinates": [ -74.984773293897774, 10.454147609670624 ] } },
{ "type": "Feature", "properties": { "cod_dpto": "08", "cod_mpio": "08520", "departamento_mgn": "ATLÁNTICO", "municipio_mgn": "PALMAR DE VARELA", "municipio_tipo_mgn": "MUNICIPIO", "area_km2_mgn_attribute": 92.26015192, "area_km2_calc": 92.260151922040308, "centroid_lat": 10.694809662851705, "centroid_lon": -74.770153309387453 }, "geometry": { "type": "Point", "coordinates": [ -74.770153309387453, 10.694809662851705 ] } },
{ "type": "Feature", "properties": { "cod_dpto": "08", "cod_mpio": "08549", "departamento_mgn": "ATLÁNTICO", "municipio_mgn": "PIOJÓ", "municipio_tipo_mgn": "MUNICIPIO", "area_km2_mgn_attribute": 262.67861838, "area_km2_calc": 262.67861836919559, "centroid_lat": 10.742520548428242, "centroid_lon": -75.147434401654678 }, "geometry": { "type": "Point", "coordinates": [ -75.147434401654678, 10.742520548428242 ] } },
{ "type": "Feature", "properties": { "cod_dpto": "08", "cod_mpio": "08558", "departamento_mgn": "ATLÁNTICO", "municipio_mgn": "POLONUEVO", "municipio_tipo_mgn": "MUNICIPIO", "area_km2_mgn_attribute": 73.8085139, "area_km2_calc": 73.808513894044438, "centroid_lat": 10.767399682821878, "centroid_lon": -74.854149687343238 }, "geometry": { "type": "Point", "coordinates": [ -74.854149687343238, 10.767399682821878 ] } },
{ "type": "Feature", "properties": { "cod_dpto": "08", "cod_mpio": "08560", "departamento_mgn": "ATLÁNTICO", "municipio_mgn": "PONEDERA", "municipio_tipo_mgn": "MUNICIPIO", "area_km2_mgn_attribute": 206.3698224, "area_km2_calc": 206.36982239732339, "centroid_lat": 10.594646123879583, "centroid_lon": -74.798471121756677 }, "geometry": { "type": "Point", "coordinates": [ -74.798471121756677, 10.594646123879583 ] } },
{ "type": "Feature", "properties": { "cod_dpto": "08", "cod_mpio": "08573", "departamento_mgn": "ATLÁNTICO", "municipio_mgn": "PUERTO COLOMBIA", "municipio_tipo_mgn": "MUNICIPIO", "area_km2_mgn_attribute": 69.35860737, "area_km2_calc": 69.358607371451029, "centroid_lat": 11.004686600944616, "centroid_lon": -74.90650332464304 }, "geometry": { "type": "Point", "coordinates": [ -74.90650332464304, 11.004686600944616 ] } },
{ "type": "Feature", "properties": { "cod_dpto": "08", "cod_mpio": "08606", "departamento_mgn": "ATLÁNTICO", "municipio_mgn": "REPELÓN", "municipio_tipo_mgn": "MUNICIPIO", "area_km2_mgn_attribute": 361.18207173000002, "area_km2_calc": 361.18207172358456, "centroid_lat": 10.506951140659229, "centroid_lon": -75.122314513453944 }, "geometry": { "type": "Point", "coordinates": [ -75.122314513453944, 10.506951140659229 ] } },
{ "type": "Feature", "properties": { "cod_dpto": "08", "cod_mpio": "08634", "departamento_mgn": "ATLÁNTICO", "municipio_mgn": "SABANAGRANDE", "municipio_tipo_mgn": "MUNICIPIO", "area_km2_mgn_attribute": 43.07423786, "area_km2_calc": 43.07423785939563, "centroid_lat": 10.79894118937168, "centroid_lon": -74.768797622786451 }, "geometry": { "type": "Point", "coordinates": [ -74.768797622786451, 10.79894118937168 ] } },
{ "type": "Feature", "properties": { "cod_dpto": "08", "cod_mpio": "08638", "departamento_mgn": "ATLÁNTICO", "municipio_mgn": "SABANALARGA", "municipio_tipo_mgn": "MUNICIPIO", "area_km2_mgn_attribute": 395.59944725999998, "area_km2_calc": 395.59944725438481, "centroid_lat": 10.622505657217033, "centroid_lon": -74.955109556815231 }, "geometry": { "type": "Point", "coordinates": [ -74.955109556815231, 10.622505657217033 ] } },
{ "type": "Feature", "properties": { "cod_dpto": "08", "cod_mpio": "08675", "departamento_mgn": "ATLÁNTICO", "municipio_mgn": "SANTA LUCÍA", "municipio_tipo_mgn": "MUNICIPIO", "area_km2_mgn_attribute": 57.28780405, "area_km2_calc": 57.287804045632853, "centroid_lat": 10.353622943600218, "centroid_lon": -74.965362387833551 }, "geometry": { "type": "Point", "coordinates": [ -74.965362387833551, 10.353622943600218 ] } },
{ "type": "Feature", "properties": { "cod_dpto": "08", "cod_mpio": "08685", "departamento_mgn": "ATLÁNTICO", "municipio_mgn": "SANTO TOMÁS", "municipio_tipo_mgn": "MUNICIPIO", "area_km2_mgn_attribute": 64.9556702, "area_km2_calc": 64.955670197031878, "centroid_lat": 10.744048263075488, "centroid_lon": -74.794796966149633 }, "geometry": { "type": "Point", "coordinates": [ -74.794796966149633, 10.744048263075488 ] } },
{ "type": "Feature", "properties": { "cod_dpto": "08", "cod_mpio": "08758", "departamento_mgn": "ATLÁNTICO", "municipio_mgn": "SOLEDAD", "municipio_tipo_mgn": "MUNICIPIO", "area_km2_mgn_attribute": 59.31365698, "area_km2_calc": 59.313656979595059, "centroid_lat": 10.906909912791786, "centroid_lon": -74.778426596909696 }, "geometry": { "type": "Point", "coordinates": [ -74.778426596909696, 10.906909912791786 ] } },
{ "type": "Feature", "properties": { "cod_dpto": "08", "cod_mpio": "08770", "departamento_mgn": "ATLÁNTICO", "municipio_mgn": "SUAN", "municipio_tipo_mgn": "MUNICIPIO", "area_km2_mgn_attribute": 42.45572483, "area_km2_calc": 42.455724824063289, "centroid_lat": 10.310908566098149, "centroid_lon": -74.907101535642752 }, "geometry": { "type": "Point", "coordinates": [ -74.907101535642752, 10.310908566098149 ] } },
{ "type": "Feature", "properties": { "cod_dpto": "08", "cod_mpio": "08832", "departamento_mgn": "ATLÁNTICO", "municipio_mgn": "TUBARÁ", "municipio_tipo_mgn": "MUNICIPIO", "area_km2_mgn_attribute": 182.70161874, "area_km2_calc": 182.70161873727292, "centroid_lat": 10.907056508183114, "centroid_lon": -74.984485956347172 }, "geometry": { "type": "Point", "coordinates": [ -74.984485956347172, 10.907056508183114 ] } },
{ "type": "Feature", "properties": { "cod_dpto": "08", "cod_mpio": "08849", "departamento_mgn": "ATLÁNTICO", "municipio_mgn": "USIACURÍ", "municipio_tipo_mgn": "MUNICIPIO", "area_km2_mgn_attribute": 101.30926586, "area_km2_calc": 101.30926585825884, "centroid_lat": 10.740522017985233, "centroid_lon": -74.982675000570481 }, "geometry": { "type": "Point", "coordinates": [ -74.982675000570481, 10.740522017985233 ] } },
{ "type": "Feature", "properties": { "cod_dpto": "11", "cod_mpio": "11001", "departamento_mgn": "BOGOTÁ, D.C.", "municipio_mgn": "BOGOTÁ, D.C.", "municipio_tipo_mgn": "MUNICIPIO", "area_km2_mgn_attribute": 1620.5408343300001, "area_km2_calc": 1620.5408342789208, "centroid_lat": 4.3158532202126825, "centroid_lon": -74.181177720587698 }, "geometry": { "type": "Point", "coordinates": [ -74.181177720587698, 4.315853220212682 ] } },
{ "type": "Feature", "properties": { "cod_dpto": "13", "cod_mpio": "13001", "departamento_mgn": "BOLÍVAR", "municipio_mgn": "CARTAGENA DE INDIAS", "municipio_tipo_mgn": "MUNICIPIO", "area_km2_mgn_attribute": 597.12113136000005, "area_km2_calc": 597.1211313506949, "centroid_lat": 10.44916179075642, "centroid_lon": -75.469856476146234 }, "geometry": { "type": "Point", "coordinates": [ -75.469856476146234, 10.44916179075642 ] } },
{ "type": "Feature", "properties": { "cod_dpto": "13", "cod_mpio": "13006", "departamento_mgn": "BOLÍVAR", "municipio_mgn": "ACHÍ", "municipio_tipo_mgn": "MUNICIPIO", "area_km2_mgn_attribute": 950.7872899, "area_km2_calc": 950.78728987530553, "centroid_lat": 8.62292450520785, "centroid_lon": -74.478058291250591 }, "geometry": { "type": "Point", "coordinates": [ -74.478058291250591, 8.62292450520785 ] } },
{ "type": "Feature", "properties": { "cod_dpto": "13", "cod_mpio": "13030", "departamento_mgn": "BOLÍVAR", "municipio_mgn": "ALTOS DEL ROSARIO", "municipio_tipo_mgn": "MUNICIPIO", "area_km2_mgn_attribute": 303.33588526, "area_km2_calc": 303.33588524820584, "centroid_lat": 8.757477487619914, "centroid_lon": -74.195162727391633 }, "geometry": { "type": "Point", "coordinates": [ -74.195162727391633, 8.757477487619914 ] } },
{ "type": "Feature", "properties": { "cod_dpto": "13", "cod_mpio": "13042", "departamento_mgn": "BOLÍVAR", "municipio_mgn": "ARENAL", "municipio_tipo_mgn": "MUNICIPIO", "area_km2_mgn_attribute": 461.41074019000001, "area_km2_calc": 461.41074017796103, "centroid_lat": 8.3409932976304351, "centroid_lon": -74.107043833263788 }, "geometry": { "type": "Point", "coordinates": [ -74.107043833263788, 8.340993297630435 ] } },
{ "type": "Feature", "properties": { "cod_dpto": "13", "cod_mpio": "13052", "departamento_mgn": "BOLÍVAR", "municipio_mgn": "ARJONA", "municipio_tipo_mgn": "MUNICIPIO", "area_km2_mgn_attribute": 587.17465022, "area_km2_calc": 587.17465021058342, "centroid_lat": 10.164439440238896, "centroid_lon": -75.371421835710734 }, "geometry": { "type": "Point", "coordinates": [ -75.371421835710734, 10.164439440238896 ] } },
{ "type": "Feature", "properties": { "cod_dpto": "13", "cod_mpio": "13062", "departamento_mgn": "BOLÍVAR", "municipio_mgn": "ARROYOHONDO", "municipio_tipo_mgn": "MUNICIPIO", "area_km2_mgn_attribute": 163.70340201, "area_km2_calc": 163.70340200601026, "centroid_lat": 10.241714751715037, "centroid_lon": -75.026911212309216 }, "geometry": { "type": "Point", "coordinates": [ -75.026911212309216, 10.241714751715037 ] } },
{ "type": "Feature", "properties": { "cod_dpto": "13", "cod_mpio": "13074", "departamento_mgn": "BOLÍVAR", "municipio_mgn": "BARRANCO DE LOBA", "municipio_tipo_mgn": "MUNICIPIO", "area_km2_mgn_attribute": 430.26692062000001, "area_km2_calc": 430.26692060629796, "centroid_lat": 8.8361822588200383, "centroid_lon": -74.162715658485894 }, "geometry": { "type": "Point", "coordinates": [ -74.162715658485894, 8.836182258820038 ] } },
{ "type": "Feature", "properties": { "cod_dpto": "13", "cod_mpio": "13140", "departamento_mgn": "BOLÍVAR", "municipio_mgn": "CALAMAR", "municipio_tipo_mgn": "MUNICIPIO", "area_km2_mgn_attribute": 255.26445245, "area_km2_calc": 255.26445244471722, "centroid_lat": 10.218843213102778, "centroid_lon": -75.001180953807278 }, "geometry": { "type": "Point", "coordinates": [ -75.001180953807278, 10.218843213102778 ] } },
{ "type": "Feature", "properties": { "cod_dpto": "13", "cod_mpio": "13160", "departamento_mgn": "BOLÍVAR", "municipio_mgn": "CANTAGALLO", "municipio_tipo_mgn": "MUNICIPIO", "area_km2_mgn_attribute": 880.4222795, "area_km2_calc": 880.4222794693377, "centroid_lat": 7.2392158218648524, "centroid_lon": -74.100179432954832 }, "geometry": { "type": "Point", "coordinates": [ -74.100179432954832, 7.239215821864852 ] } },
{ "type": "Feature", "properties": { "cod_dpto": "13", "cod_mpio": "13188", "departamento_mgn": "BOLÍVAR", "municipio_mgn": "CICUCO", "municipio_tipo_mgn": "MUNICIPIO", "area_km2_mgn_attribute": 133.0619409, "area_km2_calc": 133.0619408998582, "centroid_lat": 9.2352673484190291, "centroid_lon": -74.688411045762692 }, "geometry": { "type": "Point", "coordinates": [ -74.688411045762692, 9.235267348419029 ] } },
{ "type": "Feature", "properties": { "cod_dpto": "13", "cod_mpio": "13212", "departamento_mgn": "BOLÍVAR", "municipio_mgn": "CÓRDOBA", "municipio_tipo_mgn": "MUNICIPIO", "area_km2_mgn_attribute": 596.90712000999997, "area_km2_calc": 596.90711999675511, "centroid_lat": 9.5400352514874083, "centroid_lon": -74.894465557352149 }, "geometry": { "type": "Point", "coordinates": [ -74.894465557352149, 9.540035251487408 ] } },
{ "type": "Feature", "properties": { "cod_dpto": "13", "cod_mpio": "13222", "departamento_mgn": "BOLÍVAR", "municipio_mgn": "CLEMENCIA", "municipio_tipo_mgn": "MUNICIPIO", "area_km2_mgn_attribute": 85.30840076, "area_km2_calc": 85.308400757058081, "centroid_lat": 10.556638687275068, "centroid_lon": -75.314491384580123 }, "geometry": { "type": "Point", "coordinates": [ -75.314491384580123, 10.556638687275068 ] } },
{ "type": "Feature", "properties": { "cod_dpto": "13", "cod_mpio": "13244", "departamento_mgn": "BOLÍVAR", "municipio_mgn": "EL CARMEN DE BOLÍVAR", "municipio_tipo_mgn": "MUNICIPIO", "area_km2_mgn_attribute": 945.7431882, "area_km2_calc": 945.74318817398853, "centroid_lat": 9.6998327141262877, "centroid_lon": -75.157932277946713 }, "geometry": { "type": "Point", "coordinates": [ -75.157932277946713, 9.699832714126288 ] } },
{ "type": "Feature", "properties": { "cod_dpto": "13", "cod_mpio": "13248", "departamento_mgn": "BOLÍVAR", "municipio_mgn": "EL GUAMO", "municipio_tipo_mgn": "MUNICIPIO", "area_km2_mgn_attribute": 382.96771281000002, "area_km2_calc": 382.967712799151, "centroid_lat": 10.034840685508163, "centroid_lon": -74.928097891187448 }, "geometry": { "type": "Point", "coordinates": [ -74.928097891187448, 10.034840685508163 ] } },
{ "type": "Feature", "properties": { "cod_dpto": "13", "cod_mpio": "13268", "departamento_mgn": "BOLÍVAR", "municipio_mgn": "EL PEÑÓN", "municipio_tipo_mgn": "MUNICIPIO", "area_km2_mgn_attribute": 318.49957512999998, "area_km2_calc": 318.49957511808179, "centroid_lat": 8.8648086286682677, "centroid_lon": -73.912296942209949 }, "geometry": { "type": "Point", "coordinates": [ -73.912296942209949, 8.864808628668268 ] } },
{ "type": "Feature", "properties": { "cod_dpto": "13", "cod_mpio": "13300", "departamento_mgn": "BOLÍVAR", "municipio_mgn": "HATILLO DE LOBA", "municipio_tipo_mgn": "MUNICIPIO", "area_km2_mgn_attribute": 194.04654491, "area_km2_calc": 194.0465449086411, "centroid_lat": 8.983853288423358, "centroid_lon": -74.147067591839516 }, "geometry": { "type": "Point", "coordinates": [ -74.147067591839516, 8.983853288423358 ] } },
{ "type": "Feature", "properties": { "cod_dpto": "13", "cod_mpio": "13430", "departamento_mgn": "BOLÍVAR", "municipio_mgn": "MAGANGUÉ", "municipio_tipo_mgn": "MUNICIPIO", "area_km2_mgn_attribute": 1129.1042250800001, "area_km2_calc": 1129.1042250443475, "centroid_lat": 9.169465085452428, "centroid_lon": -74.747201352390832 }, "geometry": { "type": "Point", "coordinates": [ -74.747201352390832, 9.169465085452428 ] } },
{ "type": "Feature", "properties": { "cod_dpto": "13", "cod_mpio": "13433", "departamento_mgn": "BOLÍVAR", "municipio_mgn": "MAHATES", "municipio_tipo_mgn": "MUNICIPIO", "area_km2_mgn_attribute": 432.09398187, "area_km2_calc": 432.09398186214781, "centroid_lat": 10.177942471817484, "centroid_lon": -75.179864950230922 }, "geometry": { "type": "Point", "coordinates": [ -75.179864950230922, 10.177942471817484 ] } },
{ "type": "Feature", "properties": { "cod_dpto": "13", "cod_mpio": "13440", "departamento_mgn": "BOLÍVAR", "municipio_mgn": "MARGARITA", "municipio_tipo_mgn": "MUNICIPIO", "area_km2_mgn_attribute": 293.28344396, "area_km2_calc": 293.28344394677822, "centroid_lat": 9.0545879018949726, "centroid_lon": -74.225825246283321 }, "geometry": { "type": "Point", "coordinates": [ -74.225825246283321, 9.054587901894973 ] } },
{ "type": "Feature", "properties": { "cod_dpto": "13", "cod_mpio": "13442", "departamento_mgn": "BOLÍVAR", "municipio_mgn": "MARÍA LA BAJA", "municipio_tipo_mgn": "MUNICIPIO", "area_km2_mgn_attribute": 561.06225383000003, "area_km2_calc": 561.06225381981255, "centroid_lat": 9.9762905759091645, "centroid_lon": -75.343679696429845 }, "geometry": { "type": "Point", "coordinates": [ -75.343679696429845, 9.976290575909164 ] } },
{ "type": "Feature", "properties": { "cod_dpto": "13", "cod_mpio": "13458", "departamento_mgn": "BOLÍVAR", "municipio_mgn": "MONTECRISTO", "municipio_tipo_mgn": "MUNICIPIO", "area_km2_mgn_attribute": 2090.7187855500001, "area_km2_calc": 2090.7187854898466, "centroid_lat": 8.0169991901025632, "centroid_lon": -74.463433467333758 }, "geometry": { "type": "Point", "coordinates": [ -74.463433467333758, 8.016999190102563 ] } },
{ "type": "Feature", "properties": { "cod_dpto": "13", "cod_mpio": "13468", "departamento_mgn": "BOLÍVAR", "municipio_mgn": "SANTA CRUZ DE MOMPOX", "municipio_tipo_mgn": "MUNICIPIO", "area_km2_mgn_attribute": 651.52480767999998, "area_km2_calc": 651.52480766263216, "centroid_lat": 9.1425114500499909, "centroid_lon": -74.545218123483096 }, "geometry": { "type": "Point", "coordinates": [ -74.545218123483096, 9.142511450049991 ] } },
{ "type": "Feature", "properties": { "cod_dpto": "13", "cod_mpio": "13473", "departamento_mgn": "BOLÍVAR", "municipio_mgn": "MORALES", "municipio_tipo_mgn": "MUNICIPIO", "area_km2_mgn_attribute": 1345.8292972700001, "area_km2_calc": 1345.8292972276479, "centroid_lat": 8.2537168313583518, "centroid_lon": -73.971366199533961 }, "geometry": { "type": "Point", "coordinates": [ -73.971366199533961, 8.253716831358352 ] } },
{ "type": "Feature", "properties": { "cod_dpto": "13", "cod_mpio": "13490", "departamento_mgn": "BOLÍVAR", "municipio_mgn": "NOROSÍ", "municipio_tipo_mgn": "MUNICIPIO", "area_km2_mgn_attribute": 415.87359027999997, "area_km2_calc": 415.87359026626797, "centroid_lat": 8.5061276652962814, "centroid_lon": -74.115906739163691 }, "geometry": { "type": "Point", "coordinates": [ -74.115906739163691, 8.506127665296281 ] } },
{ "type": "Feature", "properties": { "cod_dpto": "13", "cod_mpio": "13549", "departamento_mgn": "BOLÍVAR", "municipio_mgn": "PINILLOS", "municipio_tipo_mgn": "MUNICIPIO", "area_km2_mgn_attribute": 774.70290179000006, "area_km2_calc": 774.7029017659188, "centroid_lat": 8.8715702539089278, "centroid_lon": -74.385845840863723 }, "geometry": { "type": "Point", "coordinates": [ -74.385845840863723, 8.871570253908928 ] } },
{ "type": "Feature", "properties": { "cod_dpto": "13", "cod_mpio": "13580", "departamento_mgn": "BOLÍVAR", "municipio_mgn": "REGIDOR", "municipio_tipo_mgn": "MUNICIPIO", "area_km2_mgn_attribute": 183.19623049, "area_km2_calc": 183.19623048227112, "centroid_lat": 8.7220114986339805, "centroid_lon": -73.851184878661797 }, "geometry": { "type": "Point", "coordinates": [ -73.851184878661797, 8.722011498633981 ] } },
{ "type": "Feature", "properties": { "cod_dpto": "13", "cod_mpio": "13600", "departamento_mgn": "BOLÍVAR", "municipio_mgn": "RÍO VIEJO", "municipio_tipo_mgn": "MUNICIPIO", "area_km2_mgn_attribute": 844.08113207999997, "area_km2_calc": 844.08113205753898, "centroid_lat": 8.4930129602606268, "centroid_lon": -73.997131103345595 }, "geometry": { "type": "Point", "coordinates": [ -73.997131103345595, 8.493012960260627 ] } },
{ "type": "Feature", "properties": { "cod_dpto": "13", "cod_mpio": "13620", "departamento_mgn": "BOLÍVAR", "municipio_mgn": "SAN CRISTÓBAL", "municipio_tipo_mgn": "MUNICIPIO", "area_km2_mgn_attribute": 42.2636635, "area_km2_calc": 42.263663494639488, "centroid_lat": 10.369711592530475, "centroid_lon": -75.073310238611796 }, "geometry": { "type": "Point", "coordinates": [ -75.073310238611796, 10.369711592530475 ] } },
{ "type": "Feature", "properties": { "cod_dpto": "13", "cod_mpio": "13647", "departamento_mgn": "BOLÍVAR", "municipio_mgn": "SAN ESTANISLAO", "municipio_tipo_mgn": "MUNICIPIO", "area_km2_mgn_attribute": 211.57542165000001, "area_km2_calc": 211.57542164932161, "centroid_lat": 10.364666998397119, "centroid_lon": -75.205198962747374 }, "geometry": { "type": "Point", "coordinates": [ -75.205198962747374, 10.364666998397119 ] } },
{ "type": "Feature", "properties": { "cod_dpto": "13", "cod_mpio": "13650", "departamento_mgn": "BOLÍVAR", "municipio_mgn": "SAN FERNANDO", "municipio_tipo_mgn": "MUNICIPIO", "area_km2_mgn_attribute": 317.01040952, "area_km2_calc": 317.01040950971458, "centroid_lat": 9.0912471504513608, "centroid_lon": -74.358705324158265 }, "geometry": { "type": "Point", "coordinates": [ -74.358705324158265, 9.091247150451361 ] } },
{ "type": "Feature", "properties": { "cod_dpto": "13", "cod_mpio": "13654", "departamento_mgn": "BOLÍVAR", "municipio_mgn": "SAN JACINTO", "municipio_tipo_mgn": "MUNICIPIO", "area_km2_mgn_attribute": 442.65254304000001, "area_km2_calc": 442.65254302556832, "centroid_lat": 9.8353727490999105, "centroid_lon": -75.106096490867543 }, "geometry": { "type": "Point", "coordinates": [ -75.106096490867543, 9.835372749099911 ] } },
{ "type": "Feature", "properties": { "cod_dpto": "13", "cod_mpio": "13655", "departamento_mgn": "BOLÍVAR", "municipio_mgn": "SAN JACINTO DEL CAUCA", "municipio_tipo_mgn": "MUNICIPIO", "area_km2_mgn_attribute": 569.45541598, "area_km2_calc": 569.45541596241662, "centroid_lat": 8.2374953377180375, "centroid_lon": -74.668425677669461 }, "geometry": { "type": "Point", "coordinates": [ -74.668425677669461, 8.237495337718038 ] } },
{ "type": "Feature", "properties": { "cod_dpto": "13", "cod_mpio": "13657", "departamento_mgn": "BOLÍVAR", "municipio_mgn": "SAN JUAN NEPOMUCENO", "municipio_tipo_mgn": "MUNICIPIO", "area_km2_mgn_attribute": 630.81566767000004, "area_km2_calc": 630.81566765292894, "centroid_lat": 9.9679643128451723, "centroid_lon": -75.06572164213668 }, "geometry": { "type": "Point", "coordinates": [ -75.06572164213668, 9.967964312845172 ] } },
{ "type": "Feature", "properties": { "cod_dpto": "13", "cod_mpio": "13667", "departamento_mgn": "BOLÍVAR", "municipio_mgn": "SAN MARTÍN DE LOBA", "municipio_tipo_mgn": "MUNICIPIO", "area_km2_mgn_attribute": 449.65188897000002, "area_km2_calc": 449.65188895907352, "centroid_lat": 8.7876665623498393, "centroid_lon": -74.01033301281484 }, "geometry": { "type": "Point", "coordinates": [ -74.01033301281484, 8.787666562349839 ] } },
{ "type": "Feature", "properties": { "cod_dpto": "13", "cod_mpio": "13670", "departamento_mgn": "BOLÍVAR", "municipio_mgn": "SAN PABLO", "municipio_tipo_mgn": "MUNICIPIO", "area_km2_mgn_attribute": 2018.5682155, "area_km2_calc": 2018.5682154359945, "centroid_lat": 7.4223120976786339, "centroid_lon": -74.135777325352194 }, "geometry": { "type": "Point", "coordinates": [ -74.135777325352194, 7.422312097678634 ] } },
{ "type": "Feature", "properties": { "cod_dpto": "13", "cod_mpio": "13673", "departamento_mgn": "BOLÍVAR", "municipio_mgn": "SANTA CATALINA", "municipio_tipo_mgn": "MUNICIPIO", "area_km2_mgn_attribute": 164.58470149, "area_km2_calc": 164.58470148508977, "centroid_lat": 10.640722857376963, "centroid_lon": -75.266391150124761 }, "geometry": { "type": "Point", "coordinates": [ -75.266391150124761, 10.640722857376963 ] } },
{ "type": "Feature", "properties": { "cod_dpto": "13", "cod_mpio": "13683", "departamento_mgn": "BOLÍVAR", "municipio_mgn": "SANTA ROSA", "municipio_tipo_mgn": "MUNICIPIO", "area_km2_mgn_attribute": 154.60624893, "area_km2_calc": 154.60624892220957, "centroid_lat": 10.46920533067636, "centroid_lon": -75.361164314702137 }, "geometry": { "type": "Point", "coordinates": [ -75.361164314702137, 10.46920533067636 ] } },
{ "type": "Feature", "properties": { "cod_dpto": "13", "cod_mpio": "13688", "departamento_mgn": "BOLÍVAR", "municipio_mgn": "SANTA ROSA DEL SUR", "municipio_tipo_mgn": "MUNICIPIO", "area_km2_mgn_attribute": 2380.0940849899998, "area_km2_calc": 2380.0940849163685, "centroid_lat": 7.7724173050335654, "centroid_lon": -74.262837997016888 }, "geometry": { "type": "Point", "coordinates": [ -74.262837997016888, 7.772417305033565 ] } },
{ "type": "Feature", "properties": { "cod_dpto": "13", "cod_mpio": "13744", "departamento_mgn": "BOLÍVAR", "municipio_mgn": "SIMITÍ", "municipio_tipo_mgn": "MUNICIPIO", "area_km2_mgn_attribute": 1352.8588361300001, "area_km2_calc": 1352.8588360848157, "centroid_lat": 7.8512699256667027, "centroid_lon": -73.983751965293791 }, "geometry": { "type": "Point", "coordinates": [ -73.983751965293791, 7.851269925666703 ] } },
{ "type": "Feature", "properties": { "cod_dpto": "13", "cod_mpio": "13760", "departamento_mgn": "BOLÍVAR", "municipio_mgn": "SOPLAVIENTO", "municipio_tipo_mgn": "MUNICIPIO", "area_km2_mgn_attribute": 92.53360995, "area_km2_calc": 92.533609949752162, "centroid_lat": 10.332074610722245, "centroid_lon": -75.116995369151326 }, "geometry": { "type": "Point", "coordinates": [ -75.116995369151326, 10.332074610722245 ] } },
{ "type": "Feature", "properties": { "cod_dpto": "13", "cod_mpio": "13780", "departamento_mgn": "BOLÍVAR", "municipio_mgn": "TALAIGUA NUEVO", "municipio_tipo_mgn": "MUNICIPIO", "area_km2_mgn_attribute": 249.0816533, "area_km2_calc": 249.08165329181895, "centroid_lat": 9.3134433117136215, "centroid_lon": -74.640091071336357 }, "geometry": { "type": "Point", "coordinates": [ -74.640091071336357, 9.313443311713621 ] } },
{ "type": "Feature", "properties": { "cod_dpto": "13", "cod_mpio": "13810", "departamento_mgn": "BOLÍVAR", "municipio_mgn": "TIQUISIO", "municipio_tipo_mgn": "MUNICIPIO", "area_km2_mgn_attribute": 761.99577421000004, "area_km2_calc": 761.99577418454567, "centroid_lat": 8.4923245191124153, "centroid_lon": -74.296788946726934 }, "geometry": { "type": "Point", "coordinates": [ -74.296788946726934, 8.492324519112415 ] } },
{ "type": "Feature", "properties": { "cod_dpto": "13", "cod_mpio": "13836", "departamento_mgn": "BOLÍVAR", "municipio_mgn": "TURBACO", "municipio_tipo_mgn": "MUNICIPIO", "area_km2_mgn_attribute": 202.49382518, "area_km2_calc": 202.49382517886562, "centroid_lat": 10.352935802972178, "centroid_lon": -75.379719066706841 }, "geometry": { "type": "Point", "coordinates": [ -75.379719066706841, 10.352935802972178 ] } },
{ "type": "Feature", "properties": { "cod_dpto": "13", "cod_mpio": "13838", "departamento_mgn": "BOLÍVAR", "municipio_mgn": "TURBANA", "municipio_tipo_mgn": "MUNICIPIO", "area_km2_mgn_attribute": 191.09522796, "area_km2_calc": 191.09522795352424, "centroid_lat": 10.216039294256204, "centroid_lon": -75.470391261057088 }, "geometry": { "type": "Point", "coordinates": [ -75.470391261057088, 10.216039294256204 ] } },
{ "type": "Feature", "properties": { "cod_dpto": "13", "cod_mpio": "13873", "departamento_mgn": "BOLÍVAR", "municipio_mgn": "VILLANUEVA", "municipio_tipo_mgn": "MUNICIPIO", "area_km2_mgn_attribute": 133.02522617, "area_km2_calc": 133.02522616557829, "centroid_lat": 10.44450056957262, "centroid_lon": -75.269656729046702 }, "geometry": { "type": "Point", "coordinates": [ -75.269656729046702, 10.44450056957262 ] } },
{ "type": "Feature", "properties": { "cod_dpto": "13", "cod_mpio": "13894", "departamento_mgn": "BOLÍVAR", "municipio_mgn": "ZAMBRANO", "municipio_tipo_mgn": "MUNICIPIO", "area_km2_mgn_attribute": 308.95215101999997, "area_km2_calc": 308.95215101153218, "centroid_lat": 9.7451416830545252, "centroid_lon": -74.880663148045073 }, "geometry": { "type": "Point", "coordinates": [ -74.880663148045073, 9.745141683054525 ] } },
{ "type": "Feature", "properties": { "cod_dpto": "15", "cod_mpio": "15001", "departamento_mgn": "BOYACÁ", "municipio_mgn": "TUNJA", "municipio_tipo_mgn": "MUNICIPIO", "area_km2_mgn_attribute": 119.48149214, "area_km2_calc": 119.48149213280027, "centroid_lat": 5.5184697228116049, "centroid_lon": -73.37802200187177 }, "geometry": { "type": "Point", "coordinates": [ -73.37802200187177, 5.518469722811605 ] } },
{ "type": "Feature", "properties": { "cod_dpto": "15", "cod_mpio": "15022", "departamento_mgn": "BOYACÁ", "municipio_mgn": "ALMEIDA", "municipio_tipo_mgn": "MUNICIPIO", "area_km2_mgn_attribute": 57.57419238, "area_km2_calc": 57.574192378974168, "centroid_lat": 4.9548242149855035, "centroid_lon": -73.388135665539309 }, "geometry": { "type": "Point", "coordinates": [ -73.388135665539309, 4.954824214985504 ] } },
{ "type": "Feature", "properties": { "cod_dpto": "15", "cod_mpio": "15047", "departamento_mgn": "BOYACÁ", "municipio_mgn": "AQUITANIA", "municipio_tipo_mgn": "MUNICIPIO", "area_km2_mgn_attribute": 940.35452313999997, "area_km2_calc": 940.35452310953087, "centroid_lat": 5.4374287681143407, "centroid_lon": -72.871512546950058 }, "geometry": { "type": "Point", "coordinates": [ -72.871512546950058, 5.437428768114341 ] } },
{ "type": "Feature", "properties": { "cod_dpto": "15", "cod_mpio": "15051", "departamento_mgn": "BOYACÁ", "municipio_mgn": "ARCABUCO", "municipio_tipo_mgn": "MUNICIPIO", "area_km2_mgn_attribute": 137.66904953, "area_km2_calc": 137.66904952872213, "centroid_lat": 5.7495648922977898, "centroid_lon": -73.438876014271159 }, "geometry": { "type": "Point", "coordinates": [ -73.438876014271159, 5.74956489229779 ] } },
{ "type": "Feature", "properties": { "cod_dpto": "15", "cod_mpio": "15087", "departamento_mgn": "BOYACÁ", "municipio_mgn": "BELÉN", "municipio_tipo_mgn": "MUNICIPIO", "area_km2_mgn_attribute": 162.77417939, "area_km2_calc": 162.77417938438253, "centroid_lat": 6.0050537291481332, "centroid_lon": -72.893691602718576 }, "geometry": { "type": "Point", "coordinates": [ -72.893691602718576, 6.005053729148133 ] } },
{ "type": "Feature", "properties": { "cod_dpto": "15", "cod_mpio": "15090", "departamento_mgn": "BOYACÁ", "municipio_mgn": "BERBEO", "municipio_tipo_mgn": "MUNICIPIO", "area_km2_mgn_attribute": 57.90362494, "area_km2_calc": 57.903624936398145, "centroid_lat": 5.2320568069094948, "centroid_lon": -73.101174008794231 }, "geometry": { "type": "Point", "coordinates": [ -73.101174008794231, 5.232056806909495 ] } },
{ "type": "Feature", "properties": { "cod_dpto": "15", "cod_mpio": "15092", "departamento_mgn": "BOYACÁ", "municipio_mgn": "BETÉITIVA", "municipio_tipo_mgn": "MUNICIPIO", "area_km2_mgn_attribute": 101.66571259, "area_km2_calc": 101.6657125854444, "centroid_lat": 5.9208538778627577, "centroid_lon": -72.848574494842069 }, "geometry": { "type": "Point", "coordinates": [ -72.848574494842069, 5.920853877862758 ] } },
{ "type": "Feature", "properties": { "cod_dpto": "15", "cod_mpio": "15097", "departamento_mgn": "BOYACÁ", "municipio_mgn": "BOAVITA", "municipio_tipo_mgn": "MUNICIPIO", "area_km2_mgn_attribute": 144.98592609, "area_km2_calc": 144.98592608437502, "centroid_lat": 6.337510751282057, "centroid_lon": -72.620211258003394 }, "geometry": { "type": "Point", "coordinates": [ -72.620211258003394, 6.337510751282057 ] } },
{ "type": "Feature", "properties": { "cod_dpto": "15", "cod_mpio": "15104", "departamento_mgn": "BOYACÁ", "municipio_mgn": "BOYACÁ", "municipio_tipo_mgn": "MUNICIPIO", "area_km2_mgn_attribute": 47.94112036, "area_km2_calc": 47.941120362291798, "centroid_lat": 5.4398562845620244, "centroid_lon": -73.381370798716446 }, "geometry": { "type": "Point", "coordinates": [ -73.381370798716446, 5.439856284562024 ] } },
{ "type": "Feature", "properties": { "cod_dpto": "15", "cod_mpio": "15106", "departamento_mgn": "BOYACÁ", "municipio_mgn": "BRICEÑO", "municipio_tipo_mgn": "MUNICIPIO", "area_km2_mgn_attribute": 64.51202733, "area_km2_calc": 64.512027331165129, "centroid_lat": 5.6755088302222321, "centroid_lon": -73.909327105663536 }, "geometry": { "type": "Point", "coordinates": [ -73.909327105663536, 5.675508830222232 ] } },
{ "type": "Feature", "properties": { "cod_dpto": "15", "cod_mpio": "15109", "departamento_mgn": "BOYACÁ", "municipio_mgn": "BUENAVISTA", "municipio_tipo_mgn": "MUNICIPIO", "area_km2_mgn_attribute": 110.01024496, "area_km2_calc": 110.01024495656738, "centroid_lat": 5.4893988607784721, "centroid_lon": -73.950662995862061 }, "geometry": { "type": "Point", "coordinates": [ -73.950662995862061, 5.489398860778472 ] } },
{ "type": "Feature", "properties": { "cod_dpto": "15", "cod_mpio": "15114", "departamento_mgn": "BOYACÁ", "municipio_mgn": "BUSBANZÁ", "municipio_tipo_mgn": "MUNICIPIO", "area_km2_mgn_attribute": 25.30119285, "area_km2_calc": 25.301192852321353, "centroid_lat": 5.8434834709426244, "centroid_lon": -72.875746374371204 }, "geometry": { "type": "Point", "coordinates": [ -72.875746374371204, 5.843483470942624 ] } },
{ "type": "Feature", "properties": { "cod_dpto": "15", "cod_mpio": "15131", "departamento_mgn": "BOYACÁ", "municipio_mgn": "CALDAS", "municipio_tipo_mgn": "MUNICIPIO", "area_km2_mgn_attribute": 78.85692332000001, "area_km2_calc": 78.856923313439154, "centroid_lat": 5.5759895850953871, "centroid_lon": -73.880575468201201 }, "geometry": { "type": "Point", "coordinates": [ -73.880575468201201, 5.575989585095387 ] } },
{ "type": "Feature", "properties": { "cod_dpto": "15", "cod_mpio": "15135", "departamento_mgn": "BOYACÁ", "municipio_mgn": "CAMPOHERMOSO", "municipio_tipo_mgn": "MUNICIPIO", "area_km2_mgn_attribute": 298.17353055000001, "area_km2_calc": 298.17353054070117, "centroid_lat": 5.0068607781180745, "centroid_lon": -73.144672072170678 }, "geometry": { "type": "Point", "coordinates": [ -73.144672072170678, 5.006860778118075 ] } },
{ "type": "Feature", "properties": { "cod_dpto": "15", "cod_mpio": "15162", "departamento_mgn": "BOYACÁ", "municipio_mgn": "CERINZA", "municipio_tipo_mgn": "MUNICIPIO", "area_km2_mgn_attribute": 63.45306993, "area_km2_calc": 63.453069932658494, "centroid_lat": 5.9620133241617559, "centroid_lon": -72.964472429790646 }, "geometry": { "type": "Point", "coordinates": [ -72.964472429790646, 5.962013324161756 ] } },
{ "type": "Feature", "properties": { "cod_dpto": "15", "cod_mpio": "15172", "departamento_mgn": "BOYACÁ", "municipio_mgn": "CHINAVITA", "municipio_tipo_mgn": "MUNICIPIO", "area_km2_mgn_attribute": 136.13765324, "area_km2_calc": 136.13765323771111, "centroid_lat": 5.2029706758890599, "centroid_lon": -73.34047977136953 }, "geometry": { "type": "Point", "coordinates": [ -73.34047977136953, 5.20297067588906 ] } },
{ "type": "Feature", "properties": { "cod_dpto": "15", "cod_mpio": "15176", "departamento_mgn": "BOYACÁ", "municipio_mgn": "CHIQUINQUIRÁ", "municipio_tipo_mgn": "MUNICIPIO", "area_km2_mgn_attribute": 164.77838452, "area_km2_calc": 164.7783845187702, "centroid_lat": 5.6224886556136742, "centroid_lon": -73.804244123464656 }, "geometry": { "type": "Point", "coordinates": [ -73.804244123464656, 5.622488655613674 ] } },
{ "type": "Feature", "properties": { "cod_dpto": "15", "cod_mpio": "15180", "departamento_mgn": "BOYACÁ", "municipio_mgn": "CHISCAS", "municipio_tipo_mgn": "MUNICIPIO", "area_km2_mgn_attribute": 657.28076510999995, "area_km2_calc": 657.28076508746926, "centroid_lat": 6.6891060794743398, "centroid_lon": -72.417963892696747 }, "geometry": { "type": "Point", "coordinates": [ -72.417963892696747, 6.68910607947434 ] } },
{ "type": "Feature", "properties": { "cod_dpto": "15", "cod_mpio": "15183", "departamento_mgn": "BOYACÁ", "municipio_mgn": "CHITA", "municipio_tipo_mgn": "MUNICIPIO", "area_km2_mgn_attribute": 675.8077813, "area_km2_calc": 675.80778127828216, "centroid_lat": 6.0914504409794077, "centroid_lon": -72.43902312394269 }, "geometry": { "type": "Point", "coordinates": [ -72.43902312394269, 6.091450440979408 ] } },
{ "type": "Feature", "properties": { "cod_dpto": "15", "cod_mpio": "15185", "departamento_mgn": "BOYACÁ", "municipio_mgn": "CHITARAQUE", "municipio_tipo_mgn": "MUNICIPIO", "area_km2_mgn_attribute": 158.26948365000001, "area_km2_calc": 158.2694836491556, "centroid_lat": 5.9843920192072151, "centroid_lon": -73.425823393695666 }, "geometry": { "type": "Point", "coordinates": [ -73.425823393695666, 5.984392019207215 ] } },
{ "type": "Feature", "properties": { "cod_dpto": "15", "cod_mpio": "15187", "departamento_mgn": "BOYACÁ", "municipio_mgn": "CHIVATÁ", "municipio_tipo_mgn": "MUNICIPIO", "area_km2_mgn_attribute": 49.44420388, "area_km2_calc": 49.444203877432543, "centroid_lat": 5.563880464585405, "centroid_lon": -73.263317053687032 }, "geometry": { "type": "Point", "coordinates": [ -73.263317053687032, 5.563880464585405 ] } },
{ "type": "Feature", "properties": { "cod_dpto": "15", "cod_mpio": "15189", "departamento_mgn": "BOYACÁ", "municipio_mgn": "CIÉNEGA", "municipio_tipo_mgn": "MUNICIPIO", "area_km2_mgn_attribute": 53.89700594, "area_km2_calc": 53.89700594086851, "centroid_lat": 5.3930596118513838, "centroid_lon": -73.282057408494111 }, "geometry": { "type": "Point", "coordinates": [ -73.282057408494111, 5.393059611851384 ] } },
{ "type": "Feature", "properties": { "cod_dpto": "15", "cod_mpio": "15204", "departamento_mgn": "BOYACÁ", "municipio_mgn": "CÓMBITA", "municipio_tipo_mgn": "MUNICIPIO", "area_km2_mgn_attribute": 138.0443172, "area_km2_calc": 138.04431719178217, "centroid_lat": 5.6829379955621322, "centroid_lon": -73.328036917639878 }, "geometry": { "type": "Point", "coordinates": [ -73.328036917639878, 5.682937995562132 ] } },
{ "type": "Feature", "properties": { "cod_dpto": "15", "cod_mpio": "15212", "departamento_mgn": "BOYACÁ", "municipio_mgn": "COPER", "municipio_tipo_mgn": "MUNICIPIO", "area_km2_mgn_attribute": 149.67796662000001, "area_km2_calc": 149.67796661025776, "centroid_lat": 5.4429827145500482, "centroid_lon": -74.0278294454899 }, "geometry": { "type": "Point", "coordinates": [ -74.0278294454899, 5.442982714550048 ] } },
{ "type": "Feature", "properties": { "cod_dpto": "15", "cod_mpio": "15215", "departamento_mgn": "BOYACÁ", "municipio_mgn": "CORRALES", "municipio_tipo_mgn": "MUNICIPIO", "area_km2_mgn_attribute": 60.72656429, "area_km2_calc": 60.726564286207122, "centroid_lat": 5.8245449654405963, "centroid_lon": -72.845449634515546 }, "geometry": { "type": "Point", "coordinates": [ -72.845449634515546, 5.824544965440596 ] } },
{ "type": "Feature", "properties": { "cod_dpto": "15", "cod_mpio": "15218", "departamento_mgn": "BOYACÁ", "municipio_mgn": "COVARACHÍA", "municipio_tipo_mgn": "MUNICIPIO", "area_km2_mgn_attribute": 102.21423575, "area_km2_calc": 102.21423574351981, "centroid_lat": 6.5195202470258593, "centroid_lon": -72.740201568498293 }, "geometry": { "type": "Point", "coordinates": [ -72.740201568498293, 6.519520247025859 ] } },
{ "type": "Feature", "properties": { "cod_dpto": "15", "cod_mpio": "15223", "departamento_mgn": "BOYACÁ", "municipio_mgn": "CUBARÁ", "municipio_tipo_mgn": "MUNICIPIO", "area_km2_mgn_attribute": 1153.6852877900001, "area_km2_calc": 1153.6852877486847, "centroid_lat": 6.8844379016524977, "centroid_lon": -72.182383852189233 }, "geometry": { "type": "Point", "coordinates": [ -72.182383852189233, 6.884437901652498 ] } },
{ "type": "Feature", "properties": { "cod_dpto": "15", "cod_mpio": "15224", "departamento_mgn": "BOYACÁ", "municipio_mgn": "CUCAITA", "municipio_tipo_mgn": "MUNICIPIO", "area_km2_mgn_attribute": 42.05813397, "area_km2_calc": 42.058133971665747, "centroid_lat": 5.5271039093541141, "centroid_lon": -73.445986165009757 }, "geometry": { "type": "Point", "coordinates": [ -73.445986165009757, 5.527103909354114 ] } },
{ "type": "Feature", "properties": { "cod_dpto": "15", "cod_mpio": "15226", "departamento_mgn": "BOYACÁ", "municipio_mgn": "CUÍTIVA", "municipio_tipo_mgn": "MUNICIPIO", "area_km2_mgn_attribute": 44.03840245, "area_km2_calc": 44.038402443854913, "centroid_lat": 5.5877503093513941, "centroid_lon": -72.939543904351382 }, "geometry": { "type": "Point", "coordinates": [ -72.939543904351382, 5.587750309351394 ] } },
{ "type": "Feature", "properties": { "cod_dpto": "15", "cod_mpio": "15232", "departamento_mgn": "BOYACÁ", "municipio_mgn": "CHÍQUIZA", "municipio_tipo_mgn": "MUNICIPIO", "area_km2_mgn_attribute": 116.31838499, "area_km2_calc": 116.31838499015471, "centroid_lat": 5.6430745187796179, "centroid_lon": -73.445626724457242 }, "geometry": { "type": "Point", "coordinates": [ -73.445626724457242, 5.643074518779618 ] } },
{ "type": "Feature", "properties": { "cod_dpto": "15", "cod_mpio": "15236", "departamento_mgn": "BOYACÁ", "municipio_mgn": "CHIVOR", "municipio_tipo_mgn": "MUNICIPIO", "area_km2_mgn_attribute": 108.49319932, "area_km2_calc": 108.49319931545266, "centroid_lat": 4.8711810335318324, "centroid_lon": -73.361423404790273 }, "geometry": { "type": "Point", "coordinates": [ -73.361423404790273, 4.871181033531832 ] } },
{ "type": "Feature", "properties": { "cod_dpto": "15", "cod_mpio": "15238", "departamento_mgn": "BOYACÁ", "municipio_mgn": "DUITAMA", "municipio_tipo_mgn": "MUNICIPIO", "area_km2_mgn_attribute": 233.57798327, "area_km2_calc": 233.57798326384818, "centroid_lat": 5.8905975087006395, "centroid_lon": -73.06709203779856 }, "geometry": { "type": "Point", "coordinates": [ -73.06709203779856, 5.890597508700639 ] } },
{ "type": "Feature", "properties": { "cod_dpto": "15", "cod_mpio": "15244", "departamento_mgn": "BOYACÁ", "municipio_mgn": "EL COCUY", "municipio_tipo_mgn": "MUNICIPIO", "area_km2_mgn_attribute": 237.78956668000001, "area_km2_calc": 237.78956667319744, "centroid_lat": 6.3533630724025647, "centroid_lon": -72.419237633881949 }, "geometry": { "type": "Point", "coordinates": [ -72.419237633881949, 6.353363072402565 ] } },
{ "type": "Feature", "properties": { "cod_dpto": "15", "cod_mpio": "15248", "departamento_mgn": "BOYACÁ", "municipio_mgn": "EL ESPINO", "municipio_tipo_mgn": "MUNICIPIO", "area_km2_mgn_attribute": 69.24184627, "area_km2_calc": 69.241846267694712, "centroid_lat": 6.5082405609080505, "centroid_lon": -72.480496560281495 }, "geometry": { "type": "Point", "coordinates": [ -72.480496560281495, 6.50824056090805 ] } },
{ "type": "Feature", "properties": { "cod_dpto": "15", "cod_mpio": "15272", "departamento_mgn": "BOYACÁ", "municipio_mgn": "FIRAVITOBA", "municipio_tipo_mgn": "MUNICIPIO", "area_km2_mgn_attribute": 109.1316392, "area_km2_calc": 109.13163919839825, "centroid_lat": 5.6736779344466655, "centroid_lon": -73.01983263224831 }, "geometry": { "type": "Point", "coordinates": [ -73.01983263224831, 5.673677934446665 ] } },
{ "type": "Feature", "properties": { "cod_dpto": "15", "cod_mpio": "15276", "departamento_mgn": "BOYACÁ", "municipio_mgn": "FLORESTA", "municipio_tipo_mgn": "MUNICIPIO", "area_km2_mgn_attribute": 87.95789522, "area_km2_calc": 87.957895221676125, "centroid_lat": 5.8589933194479933, "centroid_lon": -72.924997188999356 }, "geometry": { "type": "Point", "coordinates": [ -72.924997188999356, 5.858993319447993 ] } },
{ "type": "Feature", "properties": { "cod_dpto": "15", "cod_mpio": "15293", "departamento_mgn": "BOYACÁ", "municipio_mgn": "GACHANTIVÁ", "municipio_tipo_mgn": "MUNICIPIO", "area_km2_mgn_attribute": 88.02564212, "area_km2_calc": 88.025642121251124, "centroid_lat": 5.7441046591959672, "centroid_lon": -73.542655417848408 }, "geometry": { "type": "Point", "coordinates": [ -73.542655417848408, 5.744104659195967 ] } },
{ "type": "Feature", "properties": { "cod_dpto": "15", "cod_mpio": "15296", "departamento_mgn": "BOYACÁ", "municipio_mgn": "GÁMEZA", "municipio_tipo_mgn": "MUNICIPIO", "area_km2_mgn_attribute": 123.41893934, "area_km2_calc": 123.41893934075514, "centroid_lat": 5.8033334063886572, "centroid_lon": -72.735501291333065 }, "geometry": { "type": "Point", "coordinates": [ -72.735501291333065, 5.803333406388657 ] } },
{ "type": "Feature", "properties": { "cod_dpto": "15", "cod_mpio": "15299", "departamento_mgn": "BOYACÁ", "municipio_mgn": "GARAGOA", "municipio_tipo_mgn": "MUNICIPIO", "area_km2_mgn_attribute": 193.17456459, "area_km2_calc": 193.1745645819978, "centroid_lat": 5.0894658377635453, "centroid_lon": -73.31430471914247 }, "geometry": { "type": "Point", "coordinates": [ -73.31430471914247, 5.089465837763545 ] } },
{ "type": "Feature", "properties": { "cod_dpto": "15", "cod_mpio": "15317", "departamento_mgn": "BOYACÁ", "municipio_mgn": "GUACAMAYAS", "municipio_tipo_mgn": "MUNICIPIO", "area_km2_mgn_attribute": 57.52173164, "area_km2_calc": 57.521731637815726, "centroid_lat": 6.4454380941566516, "centroid_lon": -72.516352745479892 }, "geometry": { "type": "Point", "coordinates": [ -72.516352745479892, 6.445438094156652 ] } },
{ "type": "Feature", "properties": { "cod_dpto": "15", "cod_mpio": "15322", "departamento_mgn": "BOYACÁ", "municipio_mgn": "GUATEQUE", "municipio_tipo_mgn": "MUNICIPIO", "area_km2_mgn_attribute": 36.07196653, "area_km2_calc": 36.071966532538987, "centroid_lat": 5.0145084802140838, "centroid_lon": -73.488128878973654 }, "geometry": { "type": "Point", "coordinates": [ -73.488128878973654, 5.014508480214084 ] } },
{ "type": "Feature", "properties": { "cod_dpto": "15", "cod_mpio": "15325", "departamento_mgn": "BOYACÁ", "municipio_mgn": "GUAYATÁ", "municipio_tipo_mgn": "MUNICIPIO", "area_km2_mgn_attribute": 99.80419798, "area_km2_calc": 99.804197974232977, "centroid_lat": 4.9314237096287883, "centroid_lon": -73.496633685095546 }, "geometry": { "type": "Point", "coordinates": [ -73.496633685095546, 4.931423709628788 ] } },
{ "type": "Feature", "properties": { "cod_dpto": "15", "cod_mpio": "15332", "departamento_mgn": "BOYACÁ", "municipio_mgn": "GÜICÁN DE LA SIERRA", "municipio_tipo_mgn": "MUNICIPIO", "area_km2_mgn_attribute": 949.89979069000003, "area_km2_calc": 949.8997906621056, "centroid_lat": 6.5669853229218536, "centroid_lon": -72.256007259163255 }, "geometry": { "type": "Point", "coordinates": [ -72.256007259163255, 6.566985322921854 ] } },
{ "type": "Feature", "properties": { "cod_dpto": "15", "cod_mpio": "15362", "departamento_mgn": "BOYACÁ", "municipio_mgn": "IZA", "municipio_tipo_mgn": "MUNICIPIO", "area_km2_mgn_attribute": 34.18027836, "area_km2_calc": 34.180278361132913, "centroid_lat": 5.6173660450224681, "centroid_lon": -72.969865209355532 }, "geometry": { "type": "Point", "coordinates": [ -72.969865209355532, 5.617366045022468 ] } },
{ "type": "Feature", "properties": { "cod_dpto": "15", "cod_mpio": "15367", "departamento_mgn": "BOYACÁ", "municipio_mgn": "JENESANO", "municipio_tipo_mgn": "MUNICIPIO", "area_km2_mgn_attribute": 58.907671, "area_km2_calc": 58.907670999871932, "centroid_lat": 5.3771510904478035, "centroid_lon": -73.376948616457582 }, "geometry": { "type": "Point", "coordinates": [ -73.376948616457582, 5.377151090447803 ] } },
{ "type": "Feature", "properties": { "cod_dpto": "15", "cod_mpio": "15368", "departamento_mgn": "BOYACÁ", "municipio_mgn": "JERICÓ", "municipio_tipo_mgn": "MUNICIPIO", "area_km2_mgn_attribute": 131.36451093, "area_km2_calc": 131.36451092464455, "centroid_lat": 6.1454395343880677, "centroid_lon": -72.585775657201296 }, "geometry": { "type": "Point", "coordinates": [ -72.585775657201296, 6.145439534388068 ] } },
{ "type": "Feature", "properties": { "cod_dpto": "15", "cod_mpio": "15377", "departamento_mgn": "BOYACÁ", "municipio_mgn": "LABRANZAGRANDE", "municipio_tipo_mgn": "MUNICIPIO", "area_km2_mgn_attribute": 579.9868421, "area_km2_calc": 579.98684208392524, "centroid_lat": 5.5413734513068906, "centroid_lon": -72.590380050284551 }, "geometry": { "type": "Point", "coordinates": [ -72.590380050284551, 5.541373451306891 ] } },
{ "type": "Feature", "properties": { "cod_dpto": "15", "cod_mpio": "15380", "departamento_mgn": "BOYACÁ", "municipio_mgn": "LA CAPILLA", "municipio_tipo_mgn": "MUNICIPIO", "area_km2_mgn_attribute": 56.83715262, "area_km2_calc": 56.837152619240101, "centroid_lat": 5.1131665803823472, "centroid_lon": -73.459237295085487 }, "geometry": { "type": "Point", "coordinates": [ -73.459237295085487, 5.113166580382347 ] } },
{ "type": "Feature", "properties": { "cod_dpto": "15", "cod_mpio": "15401", "departamento_mgn": "BOYACÁ", "municipio_mgn": "LA VICTORIA", "municipio_tipo_mgn": "MUNICIPIO", "area_km2_mgn_attribute": 27.97306227, "area_km2_calc": 27.973062270409677, "centroid_lat": 5.5167235802129015, "centroid_lon": -74.228732453128146 }, "geometry": { "type": "Point", "coordinates": [ -74.228732453128146, 5.516723580212902 ] } },
{ "type": "Feature", "properties": { "cod_dpto": "15", "cod_mpio": "15403", "departamento_mgn": "BOYACÁ", "municipio_mgn": "LA UVITA", "municipio_tipo_mgn": "MUNICIPIO", "area_km2_mgn_attribute": 161.20124892000001, "area_km2_calc": 161.20124891429165, "centroid_lat": 6.2651239562033822, "centroid_lon": -72.555512732039119 }, "geometry": { "type": "Point", "coordinates": [ -72.555512732039119, 6.265123956203382 ] } },
{ "type": "Feature", "properties": { "cod_dpto": "15", "cod_mpio": "15407", "departamento_mgn": "BOYACÁ", "municipio_mgn": "VILLA DE LEYVA", "municipio_tipo_mgn": "MUNICIPIO", "area_km2_mgn_attribute": 126.38398371, "area_km2_calc": 126.38398370620584, "centroid_lat": 5.665761643142976, "centroid_lon": -73.514950759076797 }, "geometry": { "type": "Point", "coordinates": [ -73.514950759076797, 5.665761643142976 ] } },
{ "type": "Feature", "properties": { "cod_dpto": "15", "cod_mpio": "15425", "departamento_mgn": "BOYACÁ", "municipio_mgn": "MACANAL", "municipio_tipo_mgn": "MUNICIPIO", "area_km2_mgn_attribute": 199.61415924, "area_km2_calc": 199.61415923460234, "centroid_lat": 4.9801753414117247, "centroid_lon": -73.294138988451607 }, "geometry": { "type": "Point", "coordinates": [ -73.294138988451607, 4.980175341411725 ] } },
{ "type": "Feature", "properties": { "cod_dpto": "15", "cod_mpio": "15442", "departamento_mgn": "BOYACÁ", "municipio_mgn": "MARIPÍ", "municipio_tipo_mgn": "MUNICIPIO", "area_km2_mgn_attribute": 160.47834989, "area_km2_calc": 160.47834988926274, "centroid_lat": 5.5698108603958998, "centroid_lon": -74.0200314194485 }, "geometry": { "type": "Point", "coordinates": [ -74.0200314194485, 5.5698108603959 ] } },
{ "type": "Feature", "properties": { "cod_dpto": "15", "cod_mpio": "15455", "departamento_mgn": "BOYACÁ", "municipio_mgn": "MIRAFLORES", "municipio_tipo_mgn": "MUNICIPIO", "area_km2_mgn_attribute": 258.23948915, "area_km2_calc": 258.23948914643017, "centroid_lat": 5.1509517839294725, "centroid_lon": -73.178967796027763 }, "geometry": { "type": "Point", "coordinates": [ -73.178967796027763, 5.150951783929473 ] } },
{ "type": "Feature", "properties": { "cod_dpto": "15", "cod_mpio": "15464", "departamento_mgn": "BOYACÁ", "municipio_mgn": "MONGUA", "municipio_tipo_mgn": "MUNICIPIO", "area_km2_mgn_attribute": 360.04046118000002, "area_km2_calc": 360.0404611648076, "centroid_lat": 5.7096426190683189, "centroid_lon": -72.691688583203373 }, "geometry": { "type": "Point", "coordinates": [ -72.691688583203373, 5.709642619068319 ] } },
{ "type": "Feature", "properties": { "cod_dpto": "15", "cod_mpio": "15466", "departamento_mgn": "BOYACÁ", "municipio_mgn": "MONGUÍ", "municipio_tipo_mgn": "MUNICIPIO", "area_km2_mgn_attribute": 68.67387963, "area_km2_calc": 68.67387963031949, "centroid_lat": 5.6973660933169912, "centroid_lon": -72.833009460510254 }, "geometry": { "type": "Point", "coordinates": [ -72.833009460510254, 5.697366093316991 ] } },
{ "type": "Feature", "properties": { "cod_dpto": "15", "cod_mpio": "15469", "departamento_mgn": "BOYACÁ", "municipio_mgn": "MONIQUIRÁ", "municipio_tipo_mgn": "MUNICIPIO", "area_km2_mgn_attribute": 217.88234947000001, "area_km2_calc": 217.88234946094818, "centroid_lat": 5.8633534754294798, "centroid_lon": -73.558511967289377 }, "geometry": { "type": "Point", "coordinates": [ -73.558511967289377, 5.86335347542948 ] } },
{ "type": "Feature", "properties": { "cod_dpto": "15", "cod_mpio": "15476", "departamento_mgn": "BOYACÁ", "municipio_mgn": "MOTAVITA", "municipio_tipo_mgn": "MUNICIPIO", "area_km2_mgn_attribute": 59.94246377, "area_km2_calc": 59.942463768821632, "centroid_lat": 5.6061907029105598, "centroid_lon": -73.377342473165683 }, "geometry": { "type": "Point", "coordinates": [ -73.377342473165683, 5.60619070291056 ] } },
{ "type": "Feature", "properties": { "cod_dpto": "15", "cod_mpio": "15480", "departamento_mgn": "BOYACÁ", "municipio_mgn": "MUZO", "municipio_tipo_mgn": "MUNICIPIO", "area_km2_mgn_attribute": 137.70570551, "area_km2_calc": 137.7057055065157, "centroid_lat": 5.5253435828803408, "centroid_lon": -74.116577290128319 }, "geometry": { "type": "Point", "coordinates": [ -74.116577290128319, 5.525343582880341 ] } },
{ "type": "Feature", "properties": { "cod_dpto": "15", "cod_mpio": "15491", "departamento_mgn": "BOYACÁ", "municipio_mgn": "NOBSA", "municipio_tipo_mgn": "MUNICIPIO", "area_km2_mgn_attribute": 55.38787899, "area_km2_calc": 55.387878983542613, "centroid_lat": 5.7787245175435258, "centroid_lon": -72.932686114949234 }, "geometry": { "type": "Point", "coordinates": [ -72.932686114949234, 5.778724517543526 ] } },
{ "type": "Feature", "properties": { "cod_dpto": "15", "cod_mpio": "15494", "departamento_mgn": "BOYACÁ", "municipio_mgn": "NUEVO COLÓN", "municipio_tipo_mgn": "MUNICIPIO", "area_km2_mgn_attribute": 51.31156933, "area_km2_calc": 51.311569325277731, "centroid_lat": 5.3547003095276748, "centroid_lon": -73.448735118139467 }, "geometry": { "type": "Point", "coordinates": [ -73.448735118139467, 5.354700309527675 ] } },
{ "type": "Feature", "properties": { "cod_dpto": "15", "cod_mpio": "15500", "departamento_mgn": "BOYACÁ", "municipio_mgn": "OICATÁ", "municipio_tipo_mgn": "MUNICIPIO", "area_km2_mgn_attribute": 60.19554259, "area_km2_calc": 60.195542592237693, "centroid_lat": 5.6107874555165278, "centroid_lon": -73.279919622712612 }, "geometry": { "type": "Point", "coordinates": [ -73.279919622712612, 5.610787455516528 ] } },
{ "type": "Feature", "properties": { "cod_dpto": "15", "cod_mpio": "15507", "departamento_mgn": "BOYACÁ", "municipio_mgn": "OTANCHE", "municipio_tipo_mgn": "MUNICIPIO", "area_km2_mgn_attribute": 474.48466422000001, "area_km2_calc": 474.48466420051358, "centroid_lat": 5.7537785397591454, "centroid_lon": -74.197201869956288 }, "geometry": { "type": "Point", "coordinates": [ -74.197201869956288, 5.753778539759145 ] } },
{ "type": "Feature", "properties": { "cod_dpto": "15", "cod_mpio": "15511", "departamento_mgn": "BOYACÁ", "municipio_mgn": "PACHAVITA", "municipio_tipo_mgn": "MUNICIPIO", "area_km2_mgn_attribute": 66.57743036, "area_km2_calc": 66.577430353589449, "centroid_lat": 5.1483228446047535, "centroid_lon": -73.399511869765576 }, "geometry": { "type": "Point", "coordinates": [ -73.399511869765576, 5.148322844604754 ] } },
{ "type": "Feature", "properties": { "cod_dpto": "15", "cod_mpio": "15514", "departamento_mgn": "BOYACÁ", "municipio_mgn": "PÁEZ", "municipio_tipo_mgn": "MUNICIPIO", "area_km2_mgn_attribute": 338.40819488, "area_km2_calc": 338.40819486627993, "centroid_lat": 5.0952080715142989, "centroid_lon": -73.004357804062067 }, "geometry": { "type": "Point", "coordinates": [ -73.004357804062067, 5.095208071514299 ] } },
{ "type": "Feature", "properties": { "cod_dpto": "15", "cod_mpio": "15516", "departamento_mgn": "BOYACÁ", "municipio_mgn": "PAIPA", "municipio_tipo_mgn": "MUNICIPIO", "area_km2_mgn_attribute": 304.54117293000002, "area_km2_calc": 304.54117292052678, "centroid_lat": 5.8267597985057495, "centroid_lon": -73.137942991377969 }, "geometry": { "type": "Point", "coordinates": [ -73.137942991377969, 5.82675979850575 ] } },
{ "type": "Feature", "properties": { "cod_dpto": "15", "cod_mpio": "15518", "departamento_mgn": "BOYACÁ", "municipio_mgn": "PAJARITO", "municipio_tipo_mgn": "MUNICIPIO", "area_km2_mgn_attribute": 313.00817762999998, "area_km2_calc": 313.00817762251194, "centroid_lat": 5.3823282231862573, "centroid_lon": -72.696724879752097 }, "geometry": { "type": "Point", "coordinates": [ -72.696724879752097, 5.382328223186257 ] } },
{ "type": "Feature", "properties": { "cod_dpto": "15", "cod_mpio": "15522", "departamento_mgn": "BOYACÁ", "municipio_mgn": "PANQUEBA", "municipio_tipo_mgn": "MUNICIPIO", "area_km2_mgn_attribute": 39.62387223, "area_km2_calc": 39.623872229764281, "centroid_lat": 6.443298855183035, "centroid_lon": -72.461825042866295 }, "geometry": { "type": "Point", "coordinates": [ -72.461825042866295, 6.443298855183035 ] } },
{ "type": "Feature", "properties": { "cod_dpto": "15", "cod_mpio": "15531", "departamento_mgn": "BOYACÁ", "municipio_mgn": "PAUNA", "municipio_tipo_mgn": "MUNICIPIO", "area_km2_mgn_attribute": 252.30164914, "area_km2_calc": 252.30164912891186, "centroid_lat": 5.6887983827510302, "centroid_lon": -74.005034523607335 }, "geometry": { "type": "Point", "coordinates": [ -74.005034523607335, 5.68879838275103 ] } },
{ "type": "Feature", "properties": { "cod_dpto": "15", "cod_mpio": "15533", "departamento_mgn": "BOYACÁ", "municipio_mgn": "PAYA", "municipio_tipo_mgn": "MUNICIPIO", "area_km2_mgn_attribute": 442.76156587000003, "area_km2_calc": 442.76156585346166, "centroid_lat": 5.6212424673705108, "centroid_lon": -72.369290723678816 }, "geometry": { "type": "Point", "coordinates": [ -72.369290723678816, 5.621242467370511 ] } },
{ "type": "Feature", "properties": { "cod_dpto": "15", "cod_mpio": "15537", "departamento_mgn": "BOYACÁ", "municipio_mgn": "PAZ DE RÍO", "municipio_tipo_mgn": "MUNICIPIO", "area_km2_mgn_attribute": 122.44290801, "area_km2_calc": 122.44290800807384, "centroid_lat": 6.0286964081676251, "centroid_lon": -72.767532540327267 }, "geometry": { "type": "Point", "coordinates": [ -72.767532540327267, 6.028696408167625 ] } },
{ "type": "Feature", "properties": { "cod_dpto": "15", "cod_mpio": "15542", "departamento_mgn": "BOYACÁ", "municipio_mgn": "PESCA", "municipio_tipo_mgn": "MUNICIPIO", "area_km2_mgn_attribute": 262.59263389, "area_km2_calc": 262.59263388470475, "centroid_lat": 5.4984737341304744, "centroid_lon": -73.078384873405213 }, "geometry": { "type": "Point", "coordinates": [ -73.078384873405213, 5.498473734130474 ] } },
{ "type": "Feature", "properties": { "cod_dpto": "15", "cod_mpio": "15550", "departamento_mgn": "BOYACÁ", "municipio_mgn": "PISBA", "municipio_tipo_mgn": "MUNICIPIO", "area_km2_mgn_attribute": 463.87526777, "area_km2_calc": 463.87526775802928, "centroid_lat": 5.7434949001229301, "centroid_lon": -72.44579153405347 }, "geometry": { "type": "Point", "coordinates": [ -72.44579153405347, 5.74349490012293 ] } },
{ "type": "Feature", "properties": { "cod_dpto": "15", "cod_mpio": "15572", "departamento_mgn": "BOYACÁ", "municipio_mgn": "PUERTO BOYACÁ", "municipio_tipo_mgn": "MUNICIPIO", "area_km2_mgn_attribute": 1512.0836513, "area_km2_calc": 1512.0836512501837, "centroid_lat": 5.9534536111470366, "centroid_lon": -74.452864156444235 }, "geometry": { "type": "Point", "coordinates": [ -74.452864156444235, 5.953453611147037 ] } },
{ "type": "Feature", "properties": { "cod_dpto": "15", "cod_mpio": "15580", "departamento_mgn": "BOYACÁ", "municipio_mgn": "QUÍPAMA", "municipio_tipo_mgn": "MUNICIPIO", "area_km2_mgn_attribute": 167.13354121, "area_km2_calc": 167.13354120917501, "centroid_lat": 5.561541724491625, "centroid_lon": -74.217930887724251 }, "geometry": { "type": "Point", "coordinates": [ -74.217930887724251, 5.561541724491625 ] } },
{ "type": "Feature", "properties": { "cod_dpto": "15", "cod_mpio": "15599", "departamento_mgn": "BOYACÁ", "municipio_mgn": "RAMIRIQUÍ", "municipio_tipo_mgn": "MUNICIPIO", "area_km2_mgn_attribute": 125.46404681, "area_km2_calc": 125.46404680473805, "centroid_lat": 5.3199287379504474, "centroid_lon": -73.310775624219573 }, "geometry": { "type": "Point", "coordinates": [ -73.310775624219573, 5.319928737950447 ] } },
{ "type": "Feature", "properties": { "cod_dpto": "15", "cod_mpio": "15600", "departamento_mgn": "BOYACÁ", "municipio_mgn": "RÁQUIRA", "municipio_tipo_mgn": "MUNICIPIO", "area_km2_mgn_attribute": 220.32645649, "area_km2_calc": 220.32645648767044, "centroid_lat": 5.4962670913907292, "centroid_lon": -73.628946577751606 }, "geometry": { "type": "Point", "coordinates": [ -73.628946577751606, 5.496267091390729 ] } },
{ "type": "Feature", "properties": { "cod_dpto": "15", "cod_mpio": "15621", "departamento_mgn": "BOYACÁ", "municipio_mgn": "RONDÓN", "municipio_tipo_mgn": "MUNICIPIO", "area_km2_mgn_attribute": 205.98719584, "area_km2_calc": 205.98719583150202, "centroid_lat": 5.3799454134262961, "centroid_lon": -73.196513893721871 }, "geometry": { "type": "Point", "coordinates": [ -73.196513893721871, 5.379945413426296 ] } },
{ "type": "Feature", "properties": { "cod_dpto": "15", "cod_mpio": "15632", "departamento_mgn": "BOYACÁ", "municipio_mgn": "SABOYÁ", "municipio_tipo_mgn": "MUNICIPIO", "area_km2_mgn_attribute": 248.28826877, "area_km2_calc": 248.28826876403554, "centroid_lat": 5.6999262470770686, "centroid_lon": -73.747996280249907 }, "geometry": { "type": "Point", "coordinates": [ -73.747996280249907, 5.699926247077069 ] } },
{ "type": "Feature", "properties": { "cod_dpto": "15", "cod_mpio": "15638", "departamento_mgn": "BOYACÁ", "municipio_mgn": "SÁCHICA", "municipio_tipo_mgn": "MUNICIPIO", "area_km2_mgn_attribute": 63.82519724, "area_km2_calc": 63.825197234108622, "centroid_lat": 5.5734643807749711, "centroid_lon": -73.543101530202335 }, "geometry": { "type": "Point", "coordinates": [ -73.543101530202335, 5.573464380774971 ] } },
{ "type": "Feature", "properties": { "cod_dpto": "15", "cod_mpio": "15646", "departamento_mgn": "BOYACÁ", "municipio_mgn": "SAMACÁ", "municipio_tipo_mgn": "MUNICIPIO", "area_km2_mgn_attribute": 167.3162805, "area_km2_calc": 167.31628048978095, "centroid_lat": 5.4705390775129121, "centroid_lon": -73.521178378779368 }, "geometry": { "type": "Point", "coordinates": [ -73.521178378779368, 5.470539077512912 ] } },
{ "type": "Feature", "properties": { "cod_dpto": "15", "cod_mpio": "15660", "departamento_mgn": "BOYACÁ", "municipio_mgn": "SAN EDUARDO", "municipio_tipo_mgn": "MUNICIPIO", "area_km2_mgn_attribute": 109.25945512, "area_km2_calc": 109.25945511458035, "centroid_lat": 5.2346133901931537, "centroid_lon": -73.049141054266457 }, "geometry": { "type": "Point", "coordinates": [ -73.049141054266457, 5.234613390193154 ] } },
{ "type": "Feature", "properties": { "cod_dpto": "15", "cod_mpio": "15664", "departamento_mgn": "BOYACÁ", "municipio_mgn": "SAN JOSÉ DE PARE", "municipio_tipo_mgn": "MUNICIPIO", "area_km2_mgn_attribute": 74.28480047, "area_km2_calc": 74.284800463325226, "centroid_lat": 5.9941537853658602, "centroid_lon": -73.543866052982111 }, "geometry": { "type": "Point", "coordinates": [ -73.543866052982111, 5.99415378536586 ] } },
{ "type": "Feature", "properties": { "cod_dpto": "15", "cod_mpio": "15667", "departamento_mgn": "BOYACÁ", "municipio_mgn": "SAN LUIS DE GACENO", "municipio_tipo_mgn": "MUNICIPIO", "area_km2_mgn_attribute": 468.96632254000002, "area_km2_calc": 468.96632252974297, "centroid_lat": 4.8152636544580387, "centroid_lon": -73.123786159882158 }, "geometry": { "type": "Point", "coordinates": [ -73.123786159882158, 4.815263654458039 ] } },
{ "type": "Feature", "properties": { "cod_dpto": "15", "cod_mpio": "15673", "departamento_mgn": "BOYACÁ", "municipio_mgn": "SAN MATEO", "municipio_tipo_mgn": "MUNICIPIO", "area_km2_mgn_attribute": 123.60232996000001, "area_km2_calc": 123.60232995441721, "centroid_lat": 6.4068872634086889, "centroid_lon": -72.559625504613578 }, "geometry": { "type": "Point", "coordinates": [ -72.559625504613578, 6.406887263408689 ] } },
{ "type": "Feature", "properties": { "cod_dpto": "15", "cod_mpio": "15676", "departamento_mgn": "BOYACÁ", "municipio_mgn": "SAN MIGUEL DE SEMA", "municipio_tipo_mgn": "MUNICIPIO", "area_km2_mgn_attribute": 93.8605391, "area_km2_calc": 93.86053909690861, "centroid_lat": 5.5323262412033927, "centroid_lon": -73.747158647849915 }, "geometry": { "type": "Point", "coordinates": [ -73.747158647849915, 5.532326241203393 ] } },
{ "type": "Feature", "properties": { "cod_dpto": "15", "cod_mpio": "15681", "departamento_mgn": "BOYACÁ", "municipio_mgn": "SAN PABLO DE BORBUR", "municipio_tipo_mgn": "MUNICIPIO", "area_km2_mgn_attribute": 195.66468356, "area_km2_calc": 195.66468355718331, "centroid_lat": 5.6773432144371023, "centroid_lon": -74.114038684978411 }, "geometry": { "type": "Point", "coordinates": [ -74.114038684978411, 5.677343214437102 ] } },
{ "type": "Feature", "properties": { "cod_dpto": "15", "cod_mpio": "15686", "departamento_mgn": "BOYACÁ", "municipio_mgn": "SANTANA", "municipio_tipo_mgn": "MUNICIPIO", "area_km2_mgn_attribute": 67.85295191, "area_km2_calc": 67.852951903199695, "centroid_lat": 6.0576143479762958, "centroid_lon": -73.489748368346682 }, "geometry": { "type": "Point", "coordinates": [ -73.489748368346682, 6.057614347976296 ] } },
{ "type": "Feature", "properties": { "cod_dpto": "15", "cod_mpio": "15690", "departamento_mgn": "BOYACÁ", "municipio_mgn": "SANTA MARÍA", "municipio_tipo_mgn": "MUNICIPIO", "area_km2_mgn_attribute": 309.1066065, "area_km2_calc": 309.10660648826337, "centroid_lat": 4.8229975073697506, "centroid_lon": -73.253774937007051 }, "geometry": { "type": "Point", "coordinates": [ -73.253774937007051, 4.822997507369751 ] } },
{ "type": "Feature", "properties": { "cod_dpto": "15", "cod_mpio": "15693", "departamento_mgn": "BOYACÁ", "municipio_mgn": "SANTA ROSA DE VITERBO", "municipio_tipo_mgn": "MUNICIPIO", "area_km2_mgn_attribute": 116.47802818, "area_km2_calc": 116.47802817260617, "centroid_lat": 5.8929460007494825, "centroid_lon": -72.991725271093756 }, "geometry": { "type": "Point", "coordinates": [ -72.991725271093756, 5.892946000749482 ] } },
{ "type": "Feature", "properties": { "cod_dpto": "15", "cod_mpio": "15696", "departamento_mgn": "BOYACÁ", "municipio_mgn": "SANTA SOFÍA", "municipio_tipo_mgn": "MUNICIPIO", "area_km2_mgn_attribute": 77.44205425, "area_km2_calc": 77.442054248480645, "centroid_lat": 5.731601518041769, "centroid_lon": -73.603663072994408 }, "geometry": { "type": "Point", "coordinates": [ -73.603663072994408, 5.731601518041769 ] } },
{ "type": "Feature", "properties": { "cod_dpto": "15", "cod_mpio": "15720", "departamento_mgn": "BOYACÁ", "municipio_mgn": "SATIVANORTE", "municipio_tipo_mgn": "MUNICIPIO", "area_km2_mgn_attribute": 161.07008221000001, "area_km2_calc": 161.07008220660734, "centroid_lat": 6.1321354853122267, "centroid_lon": -72.730266650142269 }, "geometry": { "type": "Point", "coordinates": [ -72.730266650142269, 6.132135485312227 ] } },
{ "type": "Feature", "properties": { "cod_dpto": "15", "cod_mpio": "15723", "departamento_mgn": "BOYACÁ", "municipio_mgn": "SATIVASUR", "municipio_tipo_mgn": "MUNICIPIO", "area_km2_mgn_attribute": 54.6258375, "area_km2_calc": 54.625837500836838, "centroid_lat": 6.0707249532827881, "centroid_lon": -72.715486942357742 }, "geometry": { "type": "Point", "coordinates": [ -72.715486942357742, 6.070724953282788 ] } },
{ "type": "Feature", "properties": { "cod_dpto": "15", "cod_mpio": "15740", "departamento_mgn": "BOYACÁ", "municipio_mgn": "SIACHOQUE", "municipio_tipo_mgn": "MUNICIPIO", "area_km2_mgn_attribute": 119.00719675000001, "area_km2_calc": 119.00719674156234, "centroid_lat": 5.4987479172064155, "centroid_lon": -73.216817888671855 }, "geometry": { "type": "Point", "coordinates": [ -73.216817888671855, 5.498747917206416 ] } },
{ "type": "Feature", "properties": { "cod_dpto": "15", "cod_mpio": "15753", "departamento_mgn": "BOYACÁ", "municipio_mgn": "SOATÁ", "municipio_tipo_mgn": "MUNICIPIO", "area_km2_mgn_attribute": 122.83096514, "area_km2_calc": 122.83096513183854, "centroid_lat": 6.3230871017467818, "centroid_lon": -72.696040490436246 }, "geometry": { "type": "Point", "coordinates": [ -72.696040490436246, 6.323087101746782 ] } },
{ "type": "Feature", "properties": { "cod_dpto": "15", "cod_mpio": "15755", "departamento_mgn": "BOYACÁ", "municipio_mgn": "SOCOTÁ", "municipio_tipo_mgn": "MUNICIPIO", "area_km2_mgn_attribute": 602.30379457000004, "area_km2_calc": 602.30379455213449, "centroid_lat": 5.9349217563900636, "centroid_lon": -72.559134148267006 }, "geometry": { "type": "Point", "coordinates": [ -72.559134148267006, 5.934921756390064 ] } },
{ "type": "Feature", "properties": { "cod_dpto": "15", "cod_mpio": "15757", "departamento_mgn": "BOYACÁ", "municipio_mgn": "SOCHA", "municipio_tipo_mgn": "MUNICIPIO", "area_km2_mgn_attribute": 149.88023358000001, "area_km2_calc": 149.8802335756541, "centroid_lat": 5.9605205649739448, "centroid_lon": -72.68240987876942 }, "geometry": { "type": "Point", "coordinates": [ -72.68240987876942, 5.960520564973945 ] } },
{ "type": "Feature", "properties": { "cod_dpto": "15", "cod_mpio": "15759", "departamento_mgn": "BOYACÁ", "municipio_mgn": "SOGAMOSO", "municipio_tipo_mgn": "MUNICIPIO", "area_km2_mgn_attribute": 207.28392531, "area_km2_calc": 207.28392530175483, "centroid_lat": 5.6679966682187981, "centroid_lon": -72.886506940164566 }, "geometry": { "type": "Point", "coordinates": [ -72.886506940164566, 5.667996668218798 ] } },
{ "type": "Feature", "properties": { "cod_dpto": "15", "cod_mpio": "15761", "departamento_mgn": "BOYACÁ", "municipio_mgn": "SOMONDOCO", "municipio_tipo_mgn": "MUNICIPIO", "area_km2_mgn_attribute": 58.69678192, "area_km2_calc": 58.696781915984005, "centroid_lat": 4.970973492089775, "centroid_lon": -73.428788752884032 }, "geometry": { "type": "Point", "coordinates": [ -73.428788752884032, 4.970973492089775 ] } },
{ "type": "Feature", "properties": { "cod_dpto": "15", "cod_mpio": "15762", "departamento_mgn": "BOYACÁ", "municipio_mgn": "SORA", "municipio_tipo_mgn": "MUNICIPIO", "area_km2_mgn_attribute": 47.76553111, "area_km2_calc": 47.765531107596388, "centroid_lat": 5.5805732092539886, "centroid_lon": -73.443719429054639 }, "geometry": { "type": "Point", "coordinates": [ -73.443719429054639, 5.580573209253989 ] } },
{ "type": "Feature", "properties": { "cod_dpto": "15", "cod_mpio": "15763", "departamento_mgn": "BOYACÁ", "municipio_mgn": "SOTAQUIRÁ", "municipio_tipo_mgn": "MUNICIPIO", "area_km2_mgn_attribute": 291.56505079, "area_km2_calc": 291.56505077667907, "centroid_lat": 5.7852077333568817, "centroid_lon": -73.255451977826468 }, "geometry": { "type": "Point", "coordinates": [ -73.255451977826468, 5.785207733356882 ] } },
{ "type": "Feature", "properties": { "cod_dpto": "15", "cod_mpio": "15764", "departamento_mgn": "BOYACÁ", "municipio_mgn": "SORACÁ", "municipio_tipo_mgn": "MUNICIPIO", "area_km2_mgn_attribute": 55.66056649, "area_km2_calc": 55.660566487216883, "centroid_lat": 5.4948898582763839, "centroid_lon": -73.319000374555912 }, "geometry": { "type": "Point", "coordinates": [ -73.319000374555912, 5.494889858276384 ] } },
{ "type": "Feature", "properties": { "cod_dpto": "15", "cod_mpio": "15774", "departamento_mgn": "BOYACÁ", "municipio_mgn": "SUSACÓN", "municipio_tipo_mgn": "MUNICIPIO", "area_km2_mgn_attribute": 182.31290294, "area_km2_calc": 182.31290293518734, "centroid_lat": 6.2152006372195459, "centroid_lon": -72.715757740426227 }, "geometry": { "type": "Point", "coordinates": [ -72.715757740426227, 6.215200637219546 ] } },
{ "type": "Feature", "properties": { "cod_dpto": "15", "cod_mpio": "15776", "departamento_mgn": "BOYACÁ", "municipio_mgn": "SUTAMARCHÁN", "municipio_tipo_mgn": "MUNICIPIO", "area_km2_mgn_attribute": 103.34569381, "area_km2_calc": 103.34569380921114, "centroid_lat": 5.6400299458967229, "centroid_lon": -73.625987233480558 }, "geometry": { "type": "Point", "coordinates": [ -73.625987233480558, 5.640029945896723 ] } },
{ "type": "Feature", "properties": { "cod_dpto": "15", "cod_mpio": "15778", "departamento_mgn": "BOYACÁ", "municipio_mgn": "SUTATENZA", "municipio_tipo_mgn": "MUNICIPIO", "area_km2_mgn_attribute": 41.0667208, "area_km2_calc": 41.066720796346338, "centroid_lat": 5.0268545174217953, "centroid_lon": -73.433517019252633 }, "geometry": { "type": "Point", "coordinates": [ -73.433517019252633, 5.026854517421795 ] } },
{ "type": "Feature", "properties": { "cod_dpto": "15", "cod_mpio": "15790", "departamento_mgn": "BOYACÁ", "municipio_mgn": "TASCO", "municipio_tipo_mgn": "MUNICIPIO", "area_km2_mgn_attribute": 209.25151716, "area_km2_calc": 209.25151715604096, "centroid_lat": 5.8822938650539554, "centroid_lon": -72.726264909650524 }, "geometry": { "type": "Point", "coordinates": [ -72.726264909650524, 5.882293865053955 ] } },
{ "type": "Feature", "properties": { "cod_dpto": "15", "cod_mpio": "15798", "departamento_mgn": "BOYACÁ", "municipio_mgn": "TENZA", "municipio_tipo_mgn": "MUNICIPIO", "area_km2_mgn_attribute": 45.78730793, "area_km2_calc": 45.787307931270178, "centroid_lat": 5.071412998114246, "centroid_lon": -73.424797566213257 }, "geometry": { "type": "Point", "coordinates": [ -73.424797566213257, 5.071412998114246 ] } },
{ "type": "Feature", "properties": { "cod_dpto": "15", "cod_mpio": "15804", "departamento_mgn": "BOYACÁ", "municipio_mgn": "TIBANÁ", "municipio_tipo_mgn": "MUNICIPIO", "area_km2_mgn_attribute": 121.6262047, "area_km2_calc": 121.62620469950035, "centroid_lat": 5.3011162946500123, "centroid_lon": -73.393252231800687 }, "geometry": { "type": "Point", "coordinates": [ -73.393252231800687, 5.301116294650012 ] } },
{ "type": "Feature", "properties": { "cod_dpto": "15", "cod_mpio": "15806", "departamento_mgn": "BOYACÁ", "municipio_mgn": "TIBASOSA", "municipio_tipo_mgn": "MUNICIPIO", "area_km2_mgn_attribute": 93.57969813, "area_km2_calc": 93.579698128878135, "centroid_lat": 5.7473279225461891, "centroid_lon": -73.011143913601103 }, "geometry": { "type": "Point", "coordinates": [ -73.011143913601103, 5.747327922546189 ] } },
{ "type": "Feature", "properties": { "cod_dpto": "15", "cod_mpio": "15808", "departamento_mgn": "BOYACÁ", "municipio_mgn": "TINJACÁ", "municipio_tipo_mgn": "MUNICIPIO", "area_km2_mgn_attribute": 79.63101216, "area_km2_calc": 79.631012152955634, "centroid_lat": 5.5775659920580321, "centroid_lon": -73.676146472772501 }, "geometry": { "type": "Point", "coordinates": [ -73.676146472772501, 5.577565992058032 ] } },
{ "type": "Feature", "properties": { "cod_dpto": "15", "cod_mpio": "15810", "departamento_mgn": "BOYACÁ", "municipio_mgn": "TIPACOQUE", "municipio_tipo_mgn": "MUNICIPIO", "area_km2_mgn_attribute": 71.79303975000001, "area_km2_calc": 71.793039751563313, "centroid_lat": 6.4203527164294609, "centroid_lon": -72.694636000495265 }, "geometry": { "type": "Point", "coordinates": [ -72.694636000495265, 6.420352716429461 ] } },
{ "type": "Feature", "properties": { "cod_dpto": "15", "cod_mpio": "15814", "departamento_mgn": "BOYACÁ", "municipio_mgn": "TOCA", "municipio_tipo_mgn": "MUNICIPIO", "area_km2_mgn_attribute": 167.94119983, "area_km2_calc": 167.94119982930687, "centroid_lat": 5.5802539945454406, "centroid_lon": -73.160696893743207 }, "geometry": { "type": "Point", "coordinates": [ -73.160696893743207, 5.580253994545441 ] } },
{ "type": "Feature", "properties": { "cod_dpto": "15", "cod_mpio": "15816", "departamento_mgn": "BOYACÁ", "municipio_mgn": "TOGÜÍ", "municipio_tipo_mgn": "MUNICIPIO", "area_km2_mgn_attribute": 101.27760027, "area_km2_calc": 101.27760026214354, "centroid_lat": 5.9218288889365942, "centroid_lon": -73.489217348136975 }, "geometry": { "type": "Point", "coordinates": [ -73.489217348136975, 5.921828888936594 ] } },
{ "type": "Feature", "properties": { "cod_dpto": "15", "cod_mpio": "15820", "departamento_mgn": "BOYACÁ", "municipio_mgn": "TÓPAGA", "municipio_tipo_mgn": "MUNICIPIO", "area_km2_mgn_attribute": 33.56032452, "area_km2_calc": 33.560324517873909, "centroid_lat": 5.7653503590672521, "centroid_lon": -72.836729852133715 }, "geometry": { "type": "Point", "coordinates": [ -72.836729852133715, 5.765350359067252 ] } },
{ "type": "Feature", "properties": { "cod_dpto": "15", "cod_mpio": "15822", "departamento_mgn": "BOYACÁ", "municipio_mgn": "TOTA", "municipio_tipo_mgn": "MUNICIPIO", "area_km2_mgn_attribute": 195.66415882000001, "area_km2_calc": 195.66415881635737, "centroid_lat": 5.4891912344188336, "centroid_lon": -73.005347764708546 }, "geometry": { "type": "Point", "coordinates": [ -73.005347764708546, 5.489191234418834 ] } },
{ "type": "Feature", "properties": { "cod_dpto": "15", "cod_mpio": "15832", "departamento_mgn": "BOYACÁ", "municipio_mgn": "TUNUNGUÁ", "municipio_tipo_mgn": "MUNICIPIO", "area_km2_mgn_attribute": 29.18229623, "area_km2_calc": 29.182296227068345, "centroid_lat": 5.7203015468273435, "centroid_lon": -73.943309653185821 }, "geometry": { "type": "Point", "coordinates": [ -73.943309653185821, 5.720301546827343 ] } },
{ "type": "Feature", "properties": { "cod_dpto": "15", "cod_mpio": "15835", "departamento_mgn": "BOYACÁ", "municipio_mgn": "TURMEQUÉ", "municipio_tipo_mgn": "MUNICIPIO", "area_km2_mgn_attribute": 79.57757792, "area_km2_calc": 79.577577921038056, "centroid_lat": 5.3056963370662213, "centroid_lon": -73.509087599984056 }, "geometry": { "type": "Point", "coordinates": [ -73.509087599984056, 5.305696337066221 ] } },
{ "type": "Feature", "properties": { "cod_dpto": "15", "cod_mpio": "15837", "departamento_mgn": "BOYACÁ", "municipio_mgn": "TUTA", "municipio_tipo_mgn": "MUNICIPIO", "area_km2_mgn_attribute": 165.2288456, "area_km2_calc": 165.22884559756122, "centroid_lat": 5.6721901973755795, "centroid_lon": -73.183029528698839 }, "geometry": { "type": "Point", "coordinates": [ -73.183029528698839, 5.67219019737558 ] } },
{ "type": "Feature", "properties": { "cod_dpto": "15", "cod_mpio": "15839", "departamento_mgn": "BOYACÁ", "municipio_mgn": "TUTAZÁ", "municipio_tipo_mgn": "MUNICIPIO", "area_km2_mgn_attribute": 121.76010562, "area_km2_calc": 121.76010561877132, "centroid_lat": 6.0780506028141827, "centroid_lon": -72.857077611257054 }, "geometry": { "type": "Point", "coordinates": [ -72.857077611257054, 6.078050602814183 ] } },
{ "type": "Feature", "properties": { "cod_dpto": "15", "cod_mpio": "15842", "departamento_mgn": "BOYACÁ", "municipio_mgn": "ÚMBITA", "municipio_tipo_mgn": "MUNICIPIO", "area_km2_mgn_attribute": 145.84450242, "area_km2_calc": 145.8445024131407, "centroid_lat": 5.2172401122794456, "centroid_lon": -73.463385421063705 }, "geometry": { "type": "Point", "coordinates": [ -73.463385421063705, 5.217240112279446 ] } },
{ "type": "Feature", "properties": { "cod_dpto": "15", "cod_mpio": "15861", "departamento_mgn": "BOYACÁ", "municipio_mgn": "VENTAQUEMADA", "municipio_tipo_mgn": "MUNICIPIO", "area_km2_mgn_attribute": 159.75372903, "area_km2_calc": 159.75372902870438, "centroid_lat": 5.3833847007204145, "centroid_lon": -73.520984053398081 }, "geometry": { "type": "Point", "coordinates": [ -73.520984053398081, 5.383384700720415 ] } },
{ "type": "Feature", "properties": { "cod_dpto": "15", "cod_mpio": "15879", "departamento_mgn": "BOYACÁ", "municipio_mgn": "VIRACACHÁ", "municipio_tipo_mgn": "MUNICIPIO", "area_km2_mgn_attribute": 62.46990588, "area_km2_calc": 62.469905882023319, "centroid_lat": 5.4405583080621103, "centroid_lon": -73.266274083089158 }, "geometry": { "type": "Point", "coordinates": [ -73.266274083089158, 5.44055830806211 ] } },
{ "type": "Feature", "properties": { "cod_dpto": "15", "cod_mpio": "15897", "departamento_mgn": "BOYACÁ", "municipio_mgn": "ZETAQUIRA", "municipio_tipo_mgn": "MUNICIPIO", "area_km2_mgn_attribute": 251.04176276000001, "area_km2_calc": 251.04176274960909, "centroid_lat": 5.2856364391506254, "centroid_lon": -73.167637816259983 }, "geometry": { "type": "Point", "coordinates": [ -73.167637816259983, 5.285636439150625 ] } },
{ "type": "Feature", "properties": { "cod_dpto": "17", "cod_mpio": "17001", "departamento_mgn": "CALDAS", "municipio_mgn": "MANIZALES", "municipio_tipo_mgn": "MUNICIPIO", "area_km2_mgn_attribute": 440.85742016, "area_km2_calc": 440.85742015242516, "centroid_lat": 5.0834392995990978, "centroid_lon": -75.507293307147378 }, "geometry": { "type": "Point", "coordinates": [ -75.507293307147378, 5.083439299599098 ] } },
{ "type": "Feature", "properties": { "cod_dpto": "17", "cod_mpio": "17013", "departamento_mgn": "CALDAS", "municipio_mgn": "AGUADAS", "municipio_tipo_mgn": "MUNICIPIO", "area_km2_mgn_attribute": 475.56670665000001, "area_km2_calc": 475.56670663925121, "centroid_lat": 5.5967813129791262, "centroid_lon": -75.450356079692611 }, "geometry": { "type": "Point", "coordinates": [ -75.450356079692611, 5.596781312979126 ] } },
{ "type": "Feature", "properties": { "cod_dpto": "17", "cod_mpio": "17042", "departamento_mgn": "CALDAS", "municipio_mgn": "ANSERMA", "municipio_tipo_mgn": "MUNICIPIO", "area_km2_mgn_attribute": 209.12217174, "area_km2_calc": 209.1221717391058, "centroid_lat": 5.2002935492686468, "centroid_lon": -75.752891368171802 }, "geometry": { "type": "Point", "coordinates": [ -75.752891368171802, 5.200293549268647 ] } },
{ "type": "Feature", "properties": { "cod_dpto": "17", "cod_mpio": "17050", "departamento_mgn": "CALDAS", "municipio_mgn": "ARANZAZU", "municipio_tipo_mgn": "MUNICIPIO", "area_km2_mgn_attribute": 149.52709773000001, "area_km2_calc": 149.52709772495538, "centroid_lat": 5.2655404714670837, "centroid_lon": -75.473928605331167 }, "geometry": { "type": "Point", "coordinates": [ -75.473928605331167, 5.265540471467084 ] } },
{ "type": "Feature", "properties": { "cod_dpto": "17", "cod_mpio": "17088", "departamento_mgn": "CALDAS", "municipio_mgn": "BELALCÁZAR", "municipio_tipo_mgn": "MUNICIPIO", "area_km2_mgn_attribute": 113.36904977, "area_km2_calc": 113.36904976828514, "centroid_lat": 4.994656424674611, "centroid_lon": -75.812279292454804 }, "geometry": { "type": "Point", "coordinates": [ -75.812279292454804, 4.994656424674611 ] } },
{ "type": "Feature", "properties": { "cod_dpto": "17", "cod_mpio": "17174", "departamento_mgn": "CALDAS", "municipio_mgn": "CHINCHINÁ", "municipio_tipo_mgn": "MUNICIPIO", "area_km2_mgn_attribute": 109.34740592, "area_km2_calc": 109.347405921142, "centroid_lat": 4.9871196294440621, "centroid_lon": -75.667127691880637 }, "geometry": { "type": "Point", "coordinates": [ -75.667127691880637, 4.987119629444062 ] } },
{ "type": "Feature", "properties": { "cod_dpto": "17", "cod_mpio": "17272", "departamento_mgn": "CALDAS", "municipio_mgn": "FILADELFIA", "municipio_tipo_mgn": "MUNICIPIO", "area_km2_mgn_attribute": 192.55204294000001, "area_km2_calc": 192.55204294228136, "centroid_lat": 5.2857420894843221, "centroid_lon": -75.589789933946363 }, "geometry": { "type": "Point", "coordinates": [ -75.589789933946363, 5.285742089484322 ] } },
{ "type": "Feature", "properties": { "cod_dpto": "17", "cod_mpio": "17380", "departamento_mgn": "CALDAS", "municipio_mgn": "LA DORADA", "municipio_tipo_mgn": "MUNICIPIO", "area_km2_mgn_attribute": 548.77944851999996, "area_km2_calc": 548.779448501925, "centroid_lat": 5.5404956905422242, "centroid_lon": -74.71230031523578 }, "geometry": { "type": "Point", "coordinates": [ -74.71230031523578, 5.540495690542224 ] } },
{ "type": "Feature", "properties": { "cod_dpto": "17", "cod_mpio": "17388", "departamento_mgn": "CALDAS", "municipio_mgn": "LA MERCED", "municipio_tipo_mgn": "MUNICIPIO", "area_km2_mgn_attribute": 88.58102532, "area_km2_calc": 88.581025320888642, "centroid_lat": 5.3931841417966719, "centroid_lon": -75.557913842067506 }, "geometry": { "type": "Point", "coordinates": [ -75.557913842067506, 5.393184141796672 ] } },
{ "type": "Feature", "properties": { "cod_dpto": "17", "cod_mpio": "17433", "departamento_mgn": "CALDAS", "municipio_mgn": "MANZANARES", "municipio_tipo_mgn": "MUNICIPIO", "area_km2_mgn_attribute": 197.80451298, "area_km2_calc": 197.80451297314275, "centroid_lat": 5.2329532199420177, "centroid_lon": -75.152637628328748 }, "geometry": { "type": "Point", "coordinates": [ -75.152637628328748, 5.232953219942018 ] } },
{ "type": "Feature", "properties": { "cod_dpto": "17", "cod_mpio": "17442", "departamento_mgn": "CALDAS", "municipio_mgn": "MARMATO", "municipio_tipo_mgn": "MUNICIPIO", "area_km2_mgn_attribute": 36.85375223, "area_km2_calc": 36.853752225754555, "centroid_lat": 5.492493200109422, "centroid_lon": -75.60223923603705 }, "geometry": { "type": "Point", "coordinates": [ -75.60223923603705, 5.492493200109422 ] } },
{ "type": "Feature", "properties": { "cod_dpto": "17", "cod_mpio": "17444", "departamento_mgn": "CALDAS", "municipio_mgn": "MARQUETALIA", "municipio_tipo_mgn": "MUNICIPIO", "area_km2_mgn_attribute": 90.27740745, "area_km2_calc": 90.277407451741993, "centroid_lat": 5.3091429792321243, "centroid_lon": -75.041182278978653 }, "geometry": { "type": "Point", "coordinates": [ -75.041182278978653, 5.309142979232124 ] } },
{ "type": "Feature", "properties": { "cod_dpto": "17", "cod_mpio": "17446", "departamento_mgn": "CALDAS", "municipio_mgn": "MARULANDA", "municipio_tipo_mgn": "MUNICIPIO", "area_km2_mgn_attribute": 376.09137899000001, "area_km2_calc": 376.09137898166176, "centroid_lat": 5.2353753888943197, "centroid_lon": -75.283173080814507 }, "geometry": { "type": "Point", "coordinates": [ -75.283173080814507, 5.23537538889432 ] } },
{ "type": "Feature", "properties": { "cod_dpto": "17", "cod_mpio": "17486", "departamento_mgn": "CALDAS", "municipio_mgn": "NEIRA", "municipio_tipo_mgn": "MUNICIPIO", "area_km2_mgn_attribute": 369.21758228, "area_km2_calc": 369.21758227163491, "centroid_lat": 5.1833662663391218, "centroid_lon": -75.50694245199395 }, "geometry": { "type": "Point", "coordinates": [ -75.50694245199395, 5.183366266339122 ] } },
{ "type": "Feature", "properties": { "cod_dpto": "17", "cod_mpio": "17495", "departamento_mgn": "CALDAS", "municipio_mgn": "NORCASIA", "municipio_tipo_mgn": "MUNICIPIO", "area_km2_mgn_attribute": 227.37857624, "area_km2_calc": 227.37857623635671, "centroid_lat": 5.6380573903939739, "centroid_lon": -74.854934858431307 }, "geometry": { "type": "Point", "coordinates": [ -74.854934858431307, 5.638057390393974 ] } },
{ "type": "Feature", "properties": { "cod_dpto": "17", "cod_mpio": "17513", "departamento_mgn": "CALDAS", "municipio_mgn": "PÁCORA", "municipio_tipo_mgn": "MUNICIPIO", "area_km2_mgn_attribute": 257.192554, "area_km2_calc": 257.1925539934868, "centroid_lat": 5.5000278391852939, "centroid_lon": -75.482513151657471 }, "geometry": { "type": "Point", "coordinates": [ -75.482513151657471, 5.500027839185294 ] } },
{ "type": "Feature", "properties": { "cod_dpto": "17", "cod_mpio": "17524", "departamento_mgn": "CALDAS", "municipio_mgn": "PALESTINA", "municipio_tipo_mgn": "MUNICIPIO", "area_km2_mgn_attribute": 112.22255293000001, "area_km2_calc": 112.22255292683442, "centroid_lat": 5.0503502281922756, "centroid_lon": -75.661768262598414 }, "geometry": { "type": "Point", "coordinates": [ -75.661768262598414, 5.050350228192276 ] } },
{ "type": "Feature", "properties": { "cod_dpto": "17", "cod_mpio": "17541", "departamento_mgn": "CALDAS", "municipio_mgn": "PENSILVANIA", "municipio_tipo_mgn": "MUNICIPIO", "area_km2_mgn_attribute": 498.96002747, "area_km2_calc": 498.96002745687417, "centroid_lat": 5.4071003744036537, "centroid_lon": -75.167000596725487 }, "geometry": { "type": "Point", "coordinates": [ -75.167000596725487, 5.407100374403654 ] } },
{ "type": "Feature", "properties": { "cod_dpto": "17", "cod_mpio": "17614", "departamento_mgn": "CALDAS", "municipio_mgn": "RIOSUCIO", "municipio_tipo_mgn": "MUNICIPIO", "area_km2_mgn_attribute": 384.11145162000003, "area_km2_calc": 384.11145161771992, "centroid_lat": 5.4422759694642595, "centroid_lon": -75.752208886177144 }, "geometry": { "type": "Point", "coordinates": [ -75.752208886177144, 5.44227596946426 ] } },
{ "type": "Feature", "properties": { "cod_dpto": "17", "cod_mpio": "17616", "departamento_mgn": "CALDAS", "municipio_mgn": "RISARALDA", "municipio_tipo_mgn": "MUNICIPIO", "area_km2_mgn_attribute": 89.87822097, "area_km2_calc": 89.878220966447742, "centroid_lat": 5.1121812432791414, "centroid_lon": -75.758843640175783 }, "geometry": { "type": "Point", "coordinates": [ -75.758843640175783, 5.112181243279141 ] } },
{ "type": "Feature", "properties": { "cod_dpto": "17", "cod_mpio": "17653", "departamento_mgn": "CALDAS", "municipio_mgn": "SALAMINA", "municipio_tipo_mgn": "MUNICIPIO", "area_km2_mgn_attribute": 387.95879106000001, "area_km2_calc": 387.95879104938871, "centroid_lat": 5.3703313816882119, "centroid_lon": -75.409621868739848 }, "geometry": { "type": "Point", "coordinates": [ -75.409621868739848, 5.370331381688212 ] } },
{ "type": "Feature", "properties": { "cod_dpto": "17", "cod_mpio": "17662", "departamento_mgn": "CALDAS", "municipio_mgn": "SAMANÁ", "municipio_tipo_mgn": "MUNICIPIO", "area_km2_mgn_attribute": 757.68422872999997, "area_km2_calc": 757.68422870982693, "centroid_lat": 5.5402689466142157, "centroid_lon": -74.993690724589385 }, "geometry": { "type": "Point", "coordinates": [ -74.993690724589385, 5.540268946614216 ] } },
{ "type": "Feature", "properties": { "cod_dpto": "17", "cod_mpio": "17665", "departamento_mgn": "CALDAS", "municipio_mgn": "SAN JOSÉ", "municipio_tipo_mgn": "MUNICIPIO", "area_km2_mgn_attribute": 60.9360233, "area_km2_calc": 60.936023301314577, "centroid_lat": 5.0707022210253854, "centroid_lon": -75.813517651171196 }, "geometry": { "type": "Point", "coordinates": [ -75.813517651171196, 5.070702221025385 ] } },
{ "type": "Feature", "properties": { "cod_dpto": "17", "cod_mpio": "17777", "departamento_mgn": "CALDAS", "municipio_mgn": "SUPÍA", "municipio_tipo_mgn": "MUNICIPIO", "area_km2_mgn_attribute": 121.41987547, "area_km2_calc": 121.4198754724371, "centroid_lat": 5.4529537791782312, "centroid_lon": -75.64039644553678 }, "geometry": { "type": "Point", "coordinates": [ -75.64039644553678, 5.452953779178231 ] } },
{ "type": "Feature", "properties": { "cod_dpto": "17", "cod_mpio": "17867", "departamento_mgn": "CALDAS", "municipio_mgn": "VICTORIA", "municipio_tipo_mgn": "MUNICIPIO", "area_km2_mgn_attribute": 558.46584794, "area_km2_calc": 558.46584792018359, "centroid_lat": 5.4475309933896794, "centroid_lon": -74.836235106113108 }, "geometry": { "type": "Point", "coordinates": [ -74.836235106113108, 5.447530993389679 ] } },
{ "type": "Feature", "properties": { "cod_dpto": "17", "cod_mpio": "17873", "departamento_mgn": "CALDAS", "municipio_mgn": "VILLAMARÍA", "municipio_tipo_mgn": "MUNICIPIO", "area_km2_mgn_attribute": 454.9145881, "area_km2_calc": 454.91458809750327, "centroid_lat": 4.9402154254110728, "centroid_lon": -75.435444325489058 }, "geometry": { "type": "Point", "coordinates": [ -75.435444325489058, 4.940215425411073 ] } },
{ "type": "Feature", "properties": { "cod_dpto": "17", "cod_mpio": "17877", "departamento_mgn": "CALDAS", "municipio_mgn": "VITERBO", "municipio_tipo_mgn": "MUNICIPIO", "area_km2_mgn_attribute": 112.86864805, "area_km2_calc": 112.86864804941909, "centroid_lat": 5.0478067956797172, "centroid_lon": -75.879306869711144 }, "geometry": { "type": "Point", "coordinates": [ -75.879306869711144, 5.047806795679717 ] } },
{ "type": "Feature", "properties": { "cod_dpto": "18", "cod_mpio": "18001", "departamento_mgn": "CAQUETÁ", "municipio_mgn": "FLORENCIA", "municipio_tipo_mgn": "MUNICIPIO", "area_km2_mgn_attribute": 2546.95197861, "area_km2_calc": 2546.9519785899292, "centroid_lat": 1.7491034777516512, "centroid_lon": -75.558251951827799 }, "geometry": { "type": "Point", "coordinates": [ -75.558251951827799, 1.749103477751651 ] } },
{ "type": "Feature", "properties": { "cod_dpto": "18", "cod_mpio": "18029", "departamento_mgn": "CAQUETÁ", "municipio_mgn": "ALBANIA", "municipio_tipo_mgn": "MUNICIPIO", "area_km2_mgn_attribute": 412.82768889, "area_km2_calc": 412.8276888968021, "centroid_lat": 1.2275521341806046, "centroid_lon": -75.882123672103234 }, "geometry": { "type": "Point", "coordinates": [ -75.882123672103234, 1.227552134180605 ] } },
{ "type": "Feature", "properties": { "cod_dpto": "18", "cod_mpio": "18094", "departamento_mgn": "CAQUETÁ", "municipio_mgn": "BELÉN DE LOS ANDAQUÍES", "municipio_tipo_mgn": "MUNICIPIO", "area_km2_mgn_attribute": 1191.5521830299999, "area_km2_calc": 1191.552183056378, "centroid_lat": 1.5009262500051894, "centroid_lon": -75.875650316283554 }, "geometry": { "type": "Point", "coordinates": [ -75.875650316283554, 1.500926250005189 ] } },
{ "type": "Feature", "properties": { "cod_dpto": "18", "cod_mpio": "18150", "departamento_mgn": "CAQUETÁ", "municipio_mgn": "CARTAGENA DEL CHAIRÁ", "municipio_tipo_mgn": "MUNICIPIO", "area_km2_mgn_attribute": 12771.36017224, "area_km2_calc": 12771.36017183183, "centroid_lat": 0.6478280549157267, "centroid_lon": -74.272451535157629 }, "geometry": { "type": "Point", "coordinates": [ -74.272451535157629, 0.647828054915727 ] } },
{ "type": "Feature", "properties": { "cod_dpto": "18", "cod_mpio": "18205", "departamento_mgn": "CAQUETÁ", "municipio_mgn": "CURILLO", "municipio_tipo_mgn": "MUNICIPIO", "area_km2_mgn_attribute": 399.27948780999998, "area_km2_calc": 399.27948782275132, "centroid_lat": 1.0583638634943633, "centroid_lon": -75.952375426026663 }, "geometry": { "type": "Point", "coordinates": [ -75.952375426026663, 1.058363863494363 ] } },
{ "type": "Feature", "properties": { "cod_dpto": "18", "cod_mpio": "18247", "departamento_mgn": "CAQUETÁ", "municipio_mgn": "EL DONCELLO", "municipio_tipo_mgn": "MUNICIPIO", "area_km2_mgn_attribute": 1105.5148357, "area_km2_calc": 1105.5148356768957, "centroid_lat": 1.791405484986144, "centroid_lon": -75.193923719099971 }, "geometry": { "type": "Point", "coordinates": [ -75.193923719099971, 1.791405484986144 ] } },
{ "type": "Feature", "properties": { "cod_dpto": "18", "cod_mpio": "18256", "departamento_mgn": "CAQUETÁ", "municipio_mgn": "EL PAUJÍL", "municipio_tipo_mgn": "MUNICIPIO", "area_km2_mgn_attribute": 1234.1406452000001, "area_km2_calc": 1234.1406451703526, "centroid_lat": 1.6177609970101137, "centroid_lon": -75.234020252818453 }, "geometry": { "type": "Point", "coordinates": [ -75.234020252818453, 1.617760997010114 ] } },
{ "type": "Feature", "properties": { "cod_dpto": "18", "cod_mpio": "18410", "departamento_mgn": "CAQUETÁ", "municipio_mgn": "LA MONTAÑITA", "municipio_tipo_mgn": "MUNICIPIO", "area_km2_mgn_attribute": 1700.25242613, "area_km2_calc": 1700.252426098579, "centroid_lat": 1.302901635880513, "centroid_lon": -75.235734227894355 }, "geometry": { "type": "Point", "coordinates": [ -75.235734227894355, 1.302901635880513 ] } },
{ "type": "Feature", "properties": { "cod_dpto": "18", "cod_mpio": "18460", "departamento_mgn": "CAQUETÁ", "municipio_mgn": "MILÁN", "municipio_tipo_mgn": "MUNICIPIO", "area_km2_mgn_attribute": 1220.11327787, "area_km2_calc": 1220.1132778502465, "centroid_lat": 1.1467036923485989, "centroid_lon": -75.386655914975165 }, "geometry": { "type": "Point", "coordinates": [ -75.386655914975165, 1.146703692348599 ] } },
{ "type": "Feature", "properties": { "cod_dpto": "18", "cod_mpio": "18479", "departamento_mgn": "CAQUETÁ", "municipio_mgn": "MORELIA", "municipio_tipo_mgn": "MUNICIPIO", "area_km2_mgn_attribute": 462.39187447, "area_km2_calc": 462.39187446586806, "centroid_lat": 1.3830023001500289, "centroid_lon": -75.673812214349425 }, "geometry": { "type": "Point", "coordinates": [ -75.673812214349425, 1.383002300150029 ] } },
{ "type": "Feature", "properties": { "cod_dpto": "18", "cod_mpio": "18592", "departamento_mgn": "CAQUETÁ", "municipio_mgn": "PUERTO RICO", "municipio_tipo_mgn": "MUNICIPIO", "area_km2_mgn_attribute": 4143.9612105300002, "area_km2_calc": 4143.9612104218286, "centroid_lat": 2.0189310220023637, "centroid_lon": -75.073060520587333 }, "geometry": { "type": "Point", "coordinates": [ -75.073060520587333, 2.018931022002364 ] } },
{ "type": "Feature", "properties": { "cod_dpto": "18", "cod_mpio": "18610", "departamento_mgn": "CAQUETÁ", "municipio_mgn": "SAN JOSÉ DEL FRAGUA", "municipio_tipo_mgn": "MUNICIPIO", "area_km2_mgn_attribute": 1310.2459674700001, "area_km2_calc": 1310.2459675316118, "centroid_lat": 1.3043529002047931, "centroid_lon": -76.109192325705862 }, "geometry": { "type": "Point", "coordinates": [ -76.109192325705862, 1.304352900204793 ] } },
{ "type": "Feature", "properties": { "cod_dpto": "18", "cod_mpio": "18753", "departamento_mgn": "CAQUETÁ", "municipio_mgn": "SAN VICENTE DEL CAGUÁN", "municipio_tipo_mgn": "MUNICIPIO", "area_km2_mgn_attribute": 20170.128607570001, "area_km2_calc": 20170.128606925275, "centroid_lat": 1.6065784024036456, "centroid_lon": -74.253358375578216 }, "geometry": { "type": "Point", "coordinates": [ -74.253358375578216, 1.606578402403646 ] } },
{ "type": "Feature", "properties": { "cod_dpto": "18", "cod_mpio": "18756", "departamento_mgn": "CAQUETÁ", "municipio_mgn": "SOLANO", "municipio_tipo_mgn": "MUNICIPIO", "area_km2_mgn_attribute": 42233.525043089998, "area_km2_calc": 42233.525041729772, "centroid_lat": 0.21135773631679147, "centroid_lon": -73.124120692090727 }, "geometry": { "type": "Point", "coordinates": [ -73.124120692090727, 0.211357736316791 ] } },
{ "type": "Feature", "properties": { "cod_dpto": "18", "cod_mpio": "18785", "departamento_mgn": "CAQUETÁ", "municipio_mgn": "SOLITA", "municipio_tipo_mgn": "MUNICIPIO", "area_km2_mgn_attribute": 476.83003907, "area_km2_calc": 476.83003906762389, "centroid_lat": 0.90926873126944907, "centroid_lon": -75.638413777029086 }, "geometry": { "type": "Point", "coordinates": [ -75.638413777029086, 0.909268731269449 ] } },
{ "type": "Feature", "properties": { "cod_dpto": "18", "cod_mpio": "18860", "departamento_mgn": "CAQUETÁ", "municipio_mgn": "VALPARAÍSO", "municipio_tipo_mgn": "MUNICIPIO", "area_km2_mgn_attribute": 1329.91700229, "area_km2_calc": 1329.9170022911205, "centroid_lat": 1.061306225323829, "centroid_lon": -75.627076212680549 }, "geometry": { "type": "Point", "coordinates": [ -75.627076212680549, 1.061306225323829 ] } },
{ "type": "Feature", "properties": { "cod_dpto": "19", "cod_mpio": "19001", "departamento_mgn": "CAUCA", "municipio_mgn": "POPAYÁN", "municipio_tipo_mgn": "MUNICIPIO", "area_km2_mgn_attribute": 480.38140993000002, "area_km2_calc": 480.38141000886645, "centroid_lat": 2.4717135483036201, "centroid_lon": -76.591962950152521 }, "geometry": { "type": "Point", "coordinates": [ -76.591962950152521, 2.47171354830362 ] } },
{ "type": "Feature", "properties": { "cod_dpto": "19", "cod_mpio": "19022", "departamento_mgn": "CAUCA", "municipio_mgn": "ALMAGUER", "municipio_tipo_mgn": "MUNICIPIO", "area_km2_mgn_attribute": 236.85164778000001, "area_km2_calc": 236.85164784178343, "centroid_lat": 1.9124405704386818, "centroid_lon": -76.834950370919714 }, "geometry": { "type": "Point", "coordinates": [ -76.834950370919714, 1.912440570438682 ] } },
{ "type": "Feature", "properties": { "cod_dpto": "19", "cod_mpio": "19050", "departamento_mgn": "CAUCA", "municipio_mgn": "ARGELIA", "municipio_tipo_mgn": "MUNICIPIO", "area_km2_mgn_attribute": 776.45547675, "area_km2_calc": 776.45547716145256, "centroid_lat": 2.3293342961049608, "centroid_lon": -77.263157270655213 }, "geometry": { "type": "Point", "coordinates": [ -77.263157270655213, 2.329334296104961 ] } },
{ "type": "Feature", "properties": { "cod_dpto": "19", "cod_mpio": "19075", "departamento_mgn": "CAUCA", "municipio_mgn": "BALBOA", "municipio_tipo_mgn": "MUNICIPIO", "area_km2_mgn_attribute": 413.55225644000001, "area_km2_calc": 413.55225663662742, "centroid_lat": 2.0847312958532362, "centroid_lon": -77.208822635157887 }, "geometry": { "type": "Point", "coordinates": [ -77.208822635157887, 2.084731295853236 ] } },
{ "type": "Feature", "properties": { "cod_dpto": "19", "cod_mpio": "19100", "departamento_mgn": "CAUCA", "municipio_mgn": "BOLÍVAR", "municipio_tipo_mgn": "MUNICIPIO", "area_km2_mgn_attribute": 798.34942178999995, "area_km2_calc": 798.34942204744823, "centroid_lat": 1.8539595658165886, "centroid_lon": -76.96337854918589 }, "geometry": { "type": "Point", "coordinates": [ -76.96337854918589, 1.853959565816589 ] } },
{ "type": "Feature", "properties": { "cod_dpto": "19", "cod_mpio": "19110", "departamento_mgn": "CAUCA", "municipio_mgn": "BUENOS AIRES", "municipio_tipo_mgn": "MUNICIPIO", "area_km2_mgn_attribute": 435.11899884000002, "area_km2_calc": 435.11899892410531, "centroid_lat": 3.0459107308809363, "centroid_lon": -76.679016970897678 }, "geometry": { "type": "Point", "coordinates": [ -76.679016970897678, 3.045910730880936 ] } },
{ "type": "Feature", "properties": { "cod_dpto": "19", "cod_mpio": "19130", "departamento_mgn": "CAUCA", "municipio_mgn": "CAJIBÍO", "municipio_tipo_mgn": "MUNICIPIO", "area_km2_mgn_attribute": 552.55135728000005, "area_km2_calc": 552.55135738973831, "centroid_lat": 2.6432196965674497, "centroid_lon": -76.701407360857814 }, "geometry": { "type": "Point", "coordinates": [ -76.701407360857814, 2.64321969656745 ] } },
{ "type": "Feature", "properties": { "cod_dpto": "19", "cod_mpio": "19137", "departamento_mgn": "CAUCA", "municipio_mgn": "CALDONO", "municipio_tipo_mgn": "MUNICIPIO", "area_km2_mgn_attribute": 354.8557436, "area_km2_calc": 354.85574364433074, "centroid_lat": 2.8103287508868191, "centroid_lon": -76.464525451603762 }, "geometry": { "type": "Point", "coordinates": [ -76.464525451603762, 2.810328750886819 ] } },
{ "type": "Feature", "properties": { "cod_dpto": "19", "cod_mpio": "19142", "departamento_mgn": "CAUCA", "municipio_mgn": "CALOTO", "municipio_tipo_mgn": "MUNICIPIO", "area_km2_mgn_attribute": 264.87140728999998, "area_km2_calc": 264.87140731267345, "centroid_lat": 3.0451466680188193, "centroid_lon": -76.366448889736006 }, "geometry": { "type": "Point", "coordinates": [ -76.366448889736006, 3.045146668018819 ] } },
{ "type": "Feature", "properties": { "cod_dpto": "19", "cod_mpio": "19212", "departamento_mgn": "CAUCA", "municipio_mgn": "CORINTO", "municipio_tipo_mgn": "MUNICIPIO", "area_km2_mgn_attribute": 325.97543374999998, "area_km2_calc": 325.97543376903212, "centroid_lat": 3.1367544281710993, "centroid_lon": -76.209653548484454 }, "geometry": { "type": "Point", "coordinates": [ -76.209653548484454, 3.136754428171099 ] } },
{ "type": "Feature", "properties": { "cod_dpto": "19", "cod_mpio": "19256", "departamento_mgn": "CAUCA", "municipio_mgn": "EL TAMBO", "municipio_tipo_mgn": "MUNICIPIO", "area_km2_mgn_attribute": 2741.48348416, "area_km2_calc": 2741.4834851220535, "centroid_lat": 2.5345024203305777, "centroid_lon": -77.0051456426405 }, "geometry": { "type": "Point", "coordinates": [ -77.0051456426405, 2.534502420330578 ] } },
{ "type": "Feature", "properties": { "cod_dpto": "19", "cod_mpio": "19290", "departamento_mgn": "CAUCA", "municipio_mgn": "FLORENCIA", "municipio_tipo_mgn": "MUNICIPIO", "area_km2_mgn_attribute": 56.69489339, "area_km2_calc": 56.694893415797416, "centroid_lat": 1.6945333051351075, "centroid_lon": -77.087359718001451 }, "geometry": { "type": "Point", "coordinates": [ -77.087359718001451, 1.694533305135107 ] } },
{ "type": "Feature", "properties": { "cod_dpto": "19", "cod_mpio": "19300", "departamento_mgn": "CAUCA", "municipio_mgn": "GUACHENÉ", "municipio_tipo_mgn": "MUNICIPIO", "area_km2_mgn_attribute": 100.68760159, "area_km2_calc": 100.68760160433551, "centroid_lat": 3.1446725383639262, "centroid_lon": -76.391741444070874 }, "geometry": { "type": "Point", "coordinates": [ -76.391741444070874, 3.144672538363926 ] } },
{ "type": "Feature", "properties": { "cod_dpto": "19", "cod_mpio": "19318", "departamento_mgn": "CAUCA", "municipio_mgn": "GUAPI", "municipio_tipo_mgn": "MUNICIPIO", "area_km2_mgn_attribute": 2570.8866940600001, "area_km2_calc": 2570.8866965677703, "centroid_lat": 2.4132815255745554, "centroid_lon": -77.69051413690633 }, "geometry": { "type": "Point", "coordinates": [ -77.69051413690633, 2.413281525574555 ] } },
{ "type": "Feature", "properties": { "cod_dpto": "19", "cod_mpio": "19355", "departamento_mgn": "CAUCA", "municipio_mgn": "INZÁ", "municipio_tipo_mgn": "MUNICIPIO", "area_km2_mgn_attribute": 866.41158692, "area_km2_calc": 866.41158696893945, "centroid_lat": 2.4990474546117891, "centroid_lon": -76.137642168605367 }, "geometry": { "type": "Point", "coordinates": [ -76.137642168605367, 2.499047454611789 ] } },
{ "type": "Feature", "properties": { "cod_dpto": "19", "cod_mpio": "19364", "departamento_mgn": "CAUCA", "municipio_mgn": "JAMBALÓ", "municipio_tipo_mgn": "MUNICIPIO", "area_km2_mgn_attribute": 234.48711138, "area_km2_calc": 234.48711140462507, "centroid_lat": 2.849801857369914, "centroid_lon": -76.311249899054829 }, "geometry": { "type": "Point", "coordinates": [ -76.311249899054829, 2.849801857369914 ] } },
{ "type": "Feature", "properties": { "cod_dpto": "19", "cod_mpio": "19392", "departamento_mgn": "CAUCA", "municipio_mgn": "LA SIERRA", "municipio_tipo_mgn": "MUNICIPIO", "area_km2_mgn_attribute": 208.46741933000001, "area_km2_calc": 208.4674193800987, "centroid_lat": 2.1874786891561691, "centroid_lon": -76.782295595103236 }, "geometry": { "type": "Point", "coordinates": [ -76.782295595103236, 2.187478689156169 ] } },
{ "type": "Feature", "properties": { "cod_dpto": "19", "cod_mpio": "19397", "departamento_mgn": "CAUCA", "municipio_mgn": "LA VEGA", "municipio_tipo_mgn": "MUNICIPIO", "area_km2_mgn_attribute": 516.346935, "area_km2_calc": 516.3469351220624, "centroid_lat": 2.0539386205810213, "centroid_lon": -76.758817514415256 }, "geometry": { "type": "Point", "coordinates": [ -76.758817514415256, 2.053938620581021 ] } },
{ "type": "Feature", "properties": { "cod_dpto": "19", "cod_mpio": "19418", "departamento_mgn": "CAUCA", "municipio_mgn": "LÓPEZ DE MICAY", "municipio_tipo_mgn": "MUNICIPIO", "area_km2_mgn_attribute": 3370.4310740800001, "area_km2_calc": 3370.4310757754306, "centroid_lat": 3.0015619773049966, "centroid_lon": -77.218569980404524 }, "geometry": { "type": "Point", "coordinates": [ -77.218569980404524, 3.001561977304997 ] } },
{ "type": "Feature", "properties": { "cod_dpto": "19", "cod_mpio": "19450", "departamento_mgn": "CAUCA", "municipio_mgn": "MERCADERES", "municipio_tipo_mgn": "MUNICIPIO", "area_km2_mgn_attribute": 698.54501595, "area_km2_calc": 698.54501627892137, "centroid_lat": 1.793820219071623, "centroid_lon": -77.180617377190558 }, "geometry": { "type": "Point", "coordinates": [ -77.180617377190558, 1.793820219071623 ] } },
{ "type": "Feature", "properties": { "cod_dpto": "19", "cod_mpio": "19455", "departamento_mgn": "CAUCA", "municipio_mgn": "MIRANDA", "municipio_tipo_mgn": "MUNICIPIO", "area_km2_mgn_attribute": 189.71392179, "area_km2_calc": 189.71392180403154, "centroid_lat": 3.2282433196961429, "centroid_lon": -76.216720866979585 }, "geometry": { "type": "Point", "coordinates": [ -76.216720866979585, 3.228243319696143 ] } },
{ "type": "Feature", "properties": { "cod_dpto": "19", "cod_mpio": "19473", "departamento_mgn": "CAUCA", "municipio_mgn": "MORALES", "municipio_tipo_mgn": "MUNICIPIO", "area_km2_mgn_attribute": 511.74106646000001, "area_km2_calc": 511.74106656931349, "centroid_lat": 2.8147758234859426, "centroid_lon": -76.750981297196645 }, "geometry": { "type": "Point", "coordinates": [ -76.750981297196645, 2.814775823485943 ] } },
{ "type": "Feature", "properties": { "cod_dpto": "19", "cod_mpio": "19513", "departamento_mgn": "CAUCA", "municipio_mgn": "PADILLA", "municipio_tipo_mgn": "MUNICIPIO", "area_km2_mgn_attribute": 69.70042686, "area_km2_calc": 69.700426867939797, "centroid_lat": 3.1947301590386266, "centroid_lon": -76.336242355694282 }, "geometry": { "type": "Point", "coordinates": [ -76.336242355694282, 3.194730159038627 ] } },
{ "type": "Feature", "properties": { "cod_dpto": "19", "cod_mpio": "19517", "departamento_mgn": "CAUCA", "municipio_mgn": "PÁEZ", "municipio_tipo_mgn": "MUNICIPIO", "area_km2_mgn_attribute": 1793.1781932, "area_km2_calc": 1793.1781932590081, "centroid_lat": 2.7338977427665014, "centroid_lon": -75.993699050175309 }, "geometry": { "type": "Point", "coordinates": [ -75.993699050175309, 2.733897742766501 ] } },
{ "type": "Feature", "properties": { "cod_dpto": "19", "cod_mpio": "19532", "departamento_mgn": "CAUCA", "municipio_mgn": "PATÍA", "municipio_tipo_mgn": "MUNICIPIO", "area_km2_mgn_attribute": 755.84135545000004, "area_km2_calc": 755.84135574057609, "centroid_lat": 2.1481571007174129, "centroid_lon": -77.057937028038054 }, "geometry": { "type": "Point", "coordinates": [ -77.057937028038054, 2.148157100717413 ] } },
{ "type": "Feature", "properties": { "cod_dpto": "19", "cod_mpio": "19533", "departamento_mgn": "CAUCA", "municipio_mgn": "PIAMONTE", "municipio_tipo_mgn": "MUNICIPIO", "area_km2_mgn_attribute": 1105.00523529, "area_km2_calc": 1105.0052353869869, "centroid_lat": 1.1522995709343751, "centroid_lon": -76.305490397973387 }, "geometry": { "type": "Point", "coordinates": [ -76.305490397973387, 1.152299570934375 ] } },
{ "type": "Feature", "properties": { "cod_dpto": "19", "cod_mpio": "19548", "departamento_mgn": "CAUCA", "municipio_mgn": "PIENDAMÓ - TUNÍA", "municipio_tipo_mgn": "MUNICIPIO", "area_km2_mgn_attribute": 181.34033649, "area_km2_calc": 181.34033651315804, "centroid_lat": 2.7144575485931237, "centroid_lon": -76.564719962555131 }, "geometry": { "type": "Point", "coordinates": [ -76.564719962555131, 2.714457548593124 ] } },
{ "type": "Feature", "properties": { "cod_dpto": "19", "cod_mpio": "19573", "departamento_mgn": "CAUCA", "municipio_mgn": "PUERTO TEJADA", "municipio_tipo_mgn": "MUNICIPIO", "area_km2_mgn_attribute": 109.21638333, "area_km2_calc": 109.21638333715491, "centroid_lat": 3.2667022022465204, "centroid_lon": -76.418464035598959 }, "geometry": { "type": "Point", "coordinates": [ -76.418464035598959, 3.26670220224652 ] } },
{ "type": "Feature", "properties": { "cod_dpto": "19", "cod_mpio": "19585", "departamento_mgn": "CAUCA", "municipio_mgn": "PURACÉ", "municipio_tipo_mgn": "MUNICIPIO", "area_km2_mgn_attribute": 848.55229441999995, "area_km2_calc": 848.55229451029084, "centroid_lat": 2.2817723432072312, "centroid_lon": -76.371193764563969 }, "geometry": { "type": "Point", "coordinates": [ -76.371193764563969, 2.281772343207231 ] } },
{ "type": "Feature", "properties": { "cod_dpto": "19", "cod_mpio": "19622", "departamento_mgn": "CAUCA", "municipio_mgn": "ROSAS", "municipio_tipo_mgn": "MUNICIPIO", "area_km2_mgn_attribute": 169.1801302, "area_km2_calc": 169.18013023786631, "centroid_lat": 2.2508791618803765, "centroid_lon": -76.752933875076565 }, "geometry": { "type": "Point", "coordinates": [ -76.752933875076565, 2.250879161880377 ] } },
{ "type": "Feature", "properties": { "cod_dpto": "19", "cod_mpio": "19693", "departamento_mgn": "CAUCA", "municipio_mgn": "SAN SEBASTIÁN", "municipio_tipo_mgn": "MUNICIPIO", "area_km2_mgn_attribute": 419.24427683, "area_km2_calc": 419.24427691664738, "centroid_lat": 1.8562524033443242, "centroid_lon": -76.716538869151378 }, "geometry": { "type": "Point", "coordinates": [ -76.716538869151378, 1.856252403344324 ] } },
{ "type": "Feature", "properties": { "cod_dpto": "19", "cod_mpio": "19698", "departamento_mgn": "CAUCA", "municipio_mgn": "SANTANDER DE QUILICHAO", "municipio_tipo_mgn": "MUNICIPIO", "area_km2_mgn_attribute": 518.3268192, "area_km2_calc": 518.32681926840189, "centroid_lat": 2.9844613548135359, "centroid_lon": -76.498744094270506 }, "geometry": { "type": "Point", "coordinates": [ -76.498744094270506, 2.984461354813536 ] } },
{ "type": "Feature", "properties": { "cod_dpto": "19", "cod_mpio": "19701", "departamento_mgn": "CAUCA", "municipio_mgn": "SANTA ROSA", "municipio_tipo_mgn": "MUNICIPIO", "area_km2_mgn_attribute": 3620.7558342000002, "area_km2_calc": 3620.7558347584481, "centroid_lat": 1.52003226579313, "centroid_lon": -76.538822727692065 }, "geometry": { "type": "Point", "coordinates": [ -76.538822727692065, 1.52003226579313 ] } },
{ "type": "Feature", "properties": { "cod_dpto": "19", "cod_mpio": "19743", "departamento_mgn": "CAUCA", "municipio_mgn": "SILVIA", "municipio_tipo_mgn": "MUNICIPIO", "area_km2_mgn_attribute": 681.16538102000004, "area_km2_calc": 681.16538108041357, "centroid_lat": 2.6512902063919901, "centroid_lon": -76.350586607313531 }, "geometry": { "type": "Point", "coordinates": [ -76.350586607313531, 2.65129020639199 ] } },
{ "type": "Feature", "properties": { "cod_dpto": "19", "cod_mpio": "19760", "departamento_mgn": "CAUCA", "municipio_mgn": "SOTARÁ PAISPAMBA", "municipio_tipo_mgn": "MUNICIPIO", "area_km2_mgn_attribute": 516.12706280999998, "area_km2_calc": 516.12706289952337, "centroid_lat": 2.2318080688184332, "centroid_lon": -76.611457938817367 }, "geometry": { "type": "Point", "coordinates": [ -76.611457938817367, 2.231808068818433 ] } },
{ "type": "Feature", "properties": { "cod_dpto": "19", "cod_mpio": "19780", "departamento_mgn": "CAUCA", "municipio_mgn": "SUÁREZ", "municipio_tipo_mgn": "MUNICIPIO", "area_km2_mgn_attribute": 392.58805417000002, "area_km2_calc": 392.58805425384543, "centroid_lat": 2.9368634395980662, "centroid_lon": -76.745826928104194 }, "geometry": { "type": "Point", "coordinates": [ -76.745826928104194, 2.936863439598066 ] } },
{ "type": "Feature", "properties": { "cod_dpto": "19", "cod_mpio": "19785", "departamento_mgn": "CAUCA", "municipio_mgn": "SUCRE", "municipio_tipo_mgn": "MUNICIPIO", "area_km2_mgn_attribute": 135.95852851000001, "area_km2_calc": 135.95852855063276, "centroid_lat": 2.0577348201327315, "centroid_lon": -76.909940799099559 }, "geometry": { "type": "Point", "coordinates": [ -76.909940799099559, 2.057734820132731 ] } },
{ "type": "Feature", "properties": { "cod_dpto": "19", "cod_mpio": "19807", "departamento_mgn": "CAUCA", "municipio_mgn": "TIMBÍO", "municipio_tipo_mgn": "MUNICIPIO", "area_km2_mgn_attribute": 201.41943598, "area_km2_calc": 201.41943602347541, "centroid_lat": 2.3696001960843116, "centroid_lon": -76.710524054120313 }, "geometry": { "type": "Point", "coordinates": [ -76.710524054120313, 2.369600196084312 ] } },
{ "type": "Feature", "properties": { "cod_dpto": "19", "cod_mpio": "19809", "departamento_mgn": "CAUCA", "municipio_mgn": "TIMBIQUÍ", "municipio_tipo_mgn": "MUNICIPIO", "area_km2_mgn_attribute": 2059.7854957700001, "area_km2_calc": 2059.7854972867563, "centroid_lat": 2.6994953711288612, "centroid_lon": -77.491351119925099 }, "geometry": { "type": "Point", "coordinates": [ -77.491351119925099, 2.699495371128861 ] } },
{ "type": "Feature", "properties": { "cod_dpto": "19", "cod_mpio": "19821", "departamento_mgn": "CAUCA", "municipio_mgn": "TORIBÍO", "municipio_tipo_mgn": "MUNICIPIO", "area_km2_mgn_attribute": 492.22488979000002, "area_km2_calc": 492.2248898220177, "centroid_lat": 2.9757654938051292, "centroid_lon": -76.203328016230785 }, "geometry": { "type": "Point", "coordinates": [ -76.203328016230785, 2.975765493805129 ] } },
{ "type": "Feature", "properties": { "cod_dpto": "19", "cod_mpio": "19824", "departamento_mgn": "CAUCA", "municipio_mgn": "TOTORÓ", "municipio_tipo_mgn": "MUNICIPIO", "area_km2_mgn_attribute": 404.59363904000003, "area_km2_calc": 404.59363907801867, "centroid_lat": 2.5045080768164327, "centroid_lon": -76.390495994217588 }, "geometry": { "type": "Point", "coordinates": [ -76.390495994217588, 2.504508076816433 ] } },
{ "type": "Feature", "properties": { "cod_dpto": "19", "cod_mpio": "19845", "departamento_mgn": "CAUCA", "municipio_mgn": "VILLA RICA", "municipio_tipo_mgn": "MUNICIPIO", "area_km2_mgn_attribute": 81.60825159, "area_km2_calc": 81.608251599185294, "centroid_lat": 3.1805950825744564, "centroid_lon": -76.464484508727537 }, "geometry": { "type": "Point", "coordinates": [ -76.464484508727537, 3.180595082574456 ] } },
{ "type": "Feature", "properties": { "cod_dpto": "20", "cod_mpio": "20001", "departamento_mgn": "CESAR", "municipio_mgn": "VALLEDUPAR", "municipio_tipo_mgn": "MUNICIPIO", "area_km2_mgn_attribute": 4181.8540791400001, "area_km2_calc": 4181.8540790116786, "centroid_lat": 10.382133590873448, "centroid_lon": -73.463333599293591 }, "geometry": { "type": "Point", "coordinates": [ -73.463333599293591, 10.382133590873448 ] } },
{ "type": "Feature", "properties": { "cod_dpto": "20", "cod_mpio": "20011", "departamento_mgn": "CESAR", "municipio_mgn": "AGUACHICA", "municipio_tipo_mgn": "MUNICIPIO", "area_km2_mgn_attribute": 876.32205495999995, "area_km2_calc": 876.32205493354343, "centroid_lat": 8.248691147752556, "centroid_lon": -73.622774753604034 }, "geometry": { "type": "Point", "coordinates": [ -73.622774753604034, 8.248691147752556 ] } },
{ "type": "Feature", "properties": { "cod_dpto": "20", "cod_mpio": "20013", "departamento_mgn": "CESAR", "municipio_mgn": "AGUSTÍN CODAZZI", "municipio_tipo_mgn": "MUNICIPIO", "area_km2_mgn_attribute": 1749.9352148800001, "area_km2_calc": 1749.9352148246101, "centroid_lat": 9.9492232640195937, "centroid_lon": -73.223665927794173 }, "geometry": { "type": "Point", "coordinates": [ -73.223665927794173, 9.949223264019594 ] } },
{ "type": "Feature", "properties": { "cod_dpto": "20", "cod_mpio": "20032", "departamento_mgn": "CESAR", "municipio_mgn": "ASTREA", "municipio_tipo_mgn": "MUNICIPIO", "area_km2_mgn_attribute": 637.04769476000001, "area_km2_calc": 637.04769473670251, "centroid_lat": 9.5107284913166019, "centroid_lon": -73.94215907159213 }, "geometry": { "type": "Point", "coordinates": [ -73.94215907159213, 9.510728491316602 ] } },
{ "type": "Feature", "properties": { "cod_dpto": "20", "cod_mpio": "20045", "departamento_mgn": "CESAR", "municipio_mgn": "BECERRIL", "municipio_tipo_mgn": "MUNICIPIO", "area_km2_mgn_attribute": 1223.21652305, "area_km2_calc": 1223.2165230148807, "centroid_lat": 9.7277634184124917, "centroid_lon": -73.252540705667883 }, "geometry": { "type": "Point", "coordinates": [ -73.252540705667883, 9.727763418412492 ] } },
{ "type": "Feature", "properties": { "cod_dpto": "20", "cod_mpio": "20060", "departamento_mgn": "CESAR", "municipio_mgn": "BOSCONIA", "municipio_tipo_mgn": "MUNICIPIO", "area_km2_mgn_attribute": 585.79761224000003, "area_km2_calc": 585.7976122189267, "centroid_lat": 9.9462763155919589, "centroid_lon": -73.866261152448047 }, "geometry": { "type": "Point", "coordinates": [ -73.866261152448047, 9.946276315591959 ] } },
{ "type": "Feature", "properties": { "cod_dpto": "20", "cod_mpio": "20175", "departamento_mgn": "CESAR", "municipio_mgn": "CHIMICHAGUA", "municipio_tipo_mgn": "MUNICIPIO", "area_km2_mgn_attribute": 1374.41311077, "area_km2_calc": 1374.4131107322492, "centroid_lat": 9.2187733950455044, "centroid_lon": -73.752613802653414 }, "geometry": { "type": "Point", "coordinates": [ -73.752613802653414, 9.218773395045504 ] } },
{ "type": "Feature", "properties": { "cod_dpto": "20", "cod_mpio": "20178", "departamento_mgn": "CESAR", "municipio_mgn": "CHIRIGUANÁ", "municipio_tipo_mgn": "MUNICIPIO", "area_km2_mgn_attribute": 1112.7045125899999, "area_km2_calc": 1112.7045125520572, "centroid_lat": 9.426660756235913, "centroid_lon": -73.547982012062207 }, "geometry": { "type": "Point", "coordinates": [ -73.547982012062207, 9.426660756235913 ] } },
{ "type": "Feature", "properties": { "cod_dpto": "20", "cod_mpio": "20228", "departamento_mgn": "CESAR", "municipio_mgn": "CURUMANÍ", "municipio_tipo_mgn": "MUNICIPIO", "area_km2_mgn_attribute": 913.6968796, "area_km2_calc": 913.69687957456824, "centroid_lat": 9.2387677578833678, "centroid_lon": -73.488131319106685 }, "geometry": { "type": "Point", "coordinates": [ -73.488131319106685, 9.238767757883368 ] } },
{ "type": "Feature", "properties": { "cod_dpto": "20", "cod_mpio": "20238", "departamento_mgn": "CESAR", "municipio_mgn": "EL COPEY", "municipio_tipo_mgn": "MUNICIPIO", "area_km2_mgn_attribute": 955.14980433000005, "area_km2_calc": 955.14980430613582, "centroid_lat": 10.199930965146532, "centroid_lon": -73.912846913857976 }, "geometry": { "type": "Point", "coordinates": [ -73.912846913857976, 10.199930965146532 ] } },
{ "type": "Feature", "properties": { "cod_dpto": "20", "cod_mpio": "20250", "departamento_mgn": "CESAR", "municipio_mgn": "EL PASO", "municipio_tipo_mgn": "MUNICIPIO", "area_km2_mgn_attribute": 812.30843993999997, "area_km2_calc": 812.30843991587608, "centroid_lat": 9.6817183421038067, "centroid_lon": -73.693424226448627 }, "geometry": { "type": "Point", "coordinates": [ -73.693424226448627, 9.681718342103807 ] } },
{ "type": "Feature", "properties": { "cod_dpto": "20", "cod_mpio": "20295", "departamento_mgn": "CESAR", "municipio_mgn": "GAMARRA", "municipio_tipo_mgn": "MUNICIPIO", "area_km2_mgn_attribute": 326.39253817000002, "area_km2_calc": 326.39253816475207, "centroid_lat": 8.3377088990944319, "centroid_lon": -73.70650133448278 }, "geometry": { "type": "Point", "coordinates": [ -73.70650133448278, 8.337708899094432 ] } },
{ "type": "Feature", "properties": { "cod_dpto": "20", "cod_mpio": "20310", "departamento_mgn": "CESAR", "municipio_mgn": "GONZÁLEZ", "municipio_tipo_mgn": "MUNICIPIO", "area_km2_mgn_attribute": 72.5738924, "area_km2_calc": 72.573892402035995, "centroid_lat": 8.4059455569972759, "centroid_lon": -73.375403424542938 }, "geometry": { "type": "Point", "coordinates": [ -73.375403424542938, 8.405945556997276 ] } },
{ "type": "Feature", "properties": { "cod_dpto": "20", "cod_mpio": "20383", "departamento_mgn": "CESAR", "municipio_mgn": "LA GLORIA", "municipio_tipo_mgn": "MUNICIPIO", "area_km2_mgn_attribute": 801.6368991000001, "area_km2_calc": 801.63689907572632, "centroid_lat": 8.6213219104897725, "centroid_lon": -73.633120276175873 }, "geometry": { "type": "Point", "coordinates": [ -73.633120276175873, 8.621321910489772 ] } },
{ "type": "Feature", "properties": { "cod_dpto": "20", "cod_mpio": "20400", "departamento_mgn": "CESAR", "municipio_mgn": "LA JAGUA DE IBIRICO", "municipio_tipo_mgn": "MUNICIPIO", "area_km2_mgn_attribute": 754.59204306000004, "area_km2_calc": 754.59204303445074, "centroid_lat": 9.5513531528257367, "centroid_lon": -73.320687467589266 }, "geometry": { "type": "Point", "coordinates": [ -73.320687467589266, 9.551353152825737 ] } },
{ "type": "Feature", "properties": { "cod_dpto": "20", "cod_mpio": "20443", "departamento_mgn": "CESAR", "municipio_mgn": "MANAURE BALCÓN DEL CESAR", "municipio_tipo_mgn": "MUNICIPIO", "area_km2_mgn_attribute": 136.51556953, "area_km2_calc": 136.51556952337575, "centroid_lat": 10.390960469351523, "centroid_lon": -72.991685508155882 }, "geometry": { "type": "Point", "coordinates": [ -72.991685508155882, 10.390960469351523 ] } },
{ "type": "Feature", "properties": { "cod_dpto": "20", "cod_mpio": "20517", "departamento_mgn": "CESAR", "municipio_mgn": "PAILITAS", "municipio_tipo_mgn": "MUNICIPIO", "area_km2_mgn_attribute": 530.92854575000001, "area_km2_calc": 530.92854573695672, "centroid_lat": 8.9389144721799187, "centroid_lon": -73.57245392766896 }, "geometry": { "type": "Point", "coordinates": [ -73.57245392766896, 8.938914472179919 ] } },
{ "type": "Feature", "properties": { "cod_dpto": "20", "cod_mpio": "20550", "departamento_mgn": "CESAR", "municipio_mgn": "PELAYA", "municipio_tipo_mgn": "MUNICIPIO", "area_km2_mgn_attribute": 422.74639373999997, "area_km2_calc": 422.74639373070812, "centroid_lat": 8.7641167174706993, "centroid_lon": -73.632980055343523 }, "geometry": { "type": "Point", "coordinates": [ -73.632980055343523, 8.764116717470699 ] } },
{ "type": "Feature", "properties": { "cod_dpto": "20", "cod_mpio": "20570", "departamento_mgn": "CESAR", "municipio_mgn": "PUEBLO BELLO", "municipio_tipo_mgn": "MUNICIPIO", "area_km2_mgn_attribute": 742.63590080999995, "area_km2_calc": 742.63590079273558, "centroid_lat": 10.466934137310496, "centroid_lon": -73.588568809088599 }, "geometry": { "type": "Point", "coordinates": [ -73.588568809088599, 10.466934137310496 ] } },
{ "type": "Feature", "properties": { "cod_dpto": "20", "cod_mpio": "20614", "departamento_mgn": "CESAR", "municipio_mgn": "RÍO DE ORO", "municipio_tipo_mgn": "MUNICIPIO", "area_km2_mgn_attribute": 517.8338352, "area_km2_calc": 517.83383518653545, "centroid_lat": 8.2002872600192944, "centroid_lon": -73.491375768332674 }, "geometry": { "type": "Point", "coordinates": [ -73.491375768332674, 8.200287260019294 ] } },
{ "type": "Feature", "properties": { "cod_dpto": "20", "cod_mpio": "20621", "departamento_mgn": "CESAR", "municipio_mgn": "LA PAZ", "municipio_tipo_mgn": "MUNICIPIO", "area_km2_mgn_attribute": 1071.14632906, "area_km2_calc": 1071.1463290301658, "centroid_lat": 10.164215477453157, "centroid_lon": -73.190940159014843 }, "geometry": { "type": "Point", "coordinates": [ -73.190940159014843, 10.164215477453157 ] } },
{ "type": "Feature", "properties": { "cod_dpto": "20", "cod_mpio": "20710", "departamento_mgn": "CESAR", "municipio_mgn": "SAN ALBERTO", "municipio_tipo_mgn": "MUNICIPIO", "area_km2_mgn_attribute": 549.30141984, "area_km2_calc": 549.30141981941597, "centroid_lat": 7.8143858889845195, "centroid_lon": -73.453741386399955 }, "geometry": { "type": "Point", "coordinates": [ -73.453741386399955, 7.814385888984519 ] } },
{ "type": "Feature", "properties": { "cod_dpto": "20", "cod_mpio": "20750", "departamento_mgn": "CESAR", "municipio_mgn": "SAN DIEGO", "municipio_tipo_mgn": "MUNICIPIO", "area_km2_mgn_attribute": 644.86283576000005, "area_km2_calc": 644.86283574196636, "centroid_lat": 10.169512856243964, "centroid_lon": -73.288054135699113 }, "geometry": { "type": "Point", "coordinates": [ -73.288054135699113, 10.169512856243964 ] } },
{ "type": "Feature", "properties": { "cod_dpto": "20", "cod_mpio": "20770", "departamento_mgn": "CESAR", "municipio_mgn": "SAN MARTÍN", "municipio_tipo_mgn": "MUNICIPIO", "area_km2_mgn_attribute": 991.70625503999997, "area_km2_calc": 991.70625501234281, "centroid_lat": 7.9377819517996446, "centroid_lon": -73.544391413025423 }, "geometry": { "type": "Point", "coordinates": [ -73.544391413025423, 7.937781951799645 ] } },
{ "type": "Feature", "properties": { "cod_dpto": "20", "cod_mpio": "20787", "departamento_mgn": "CESAR", "municipio_mgn": "TAMALAMEQUE", "municipio_tipo_mgn": "MUNICIPIO", "area_km2_mgn_attribute": 512.61672327999997, "area_km2_calc": 512.61672326805694, "centroid_lat": 8.9020689939269673, "centroid_lon": -73.763383734075759 }, "geometry": { "type": "Point", "coordinates": [ -73.763383734075759, 8.902068993926967 ] } },
{ "type": "Feature", "properties": { "cod_dpto": "23", "cod_mpio": "23001", "departamento_mgn": "CÓRDOBA", "municipio_mgn": "MONTERÍA", "municipio_tipo_mgn": "MUNICIPIO", "area_km2_mgn_attribute": 3136.7605780399999, "area_km2_calc": 3136.7605780843619, "centroid_lat": 8.5846590598016963, "centroid_lon": -75.950529377182662 }, "geometry": { "type": "Point", "coordinates": [ -75.950529377182662, 8.584659059801696 ] } },
{ "type": "Feature", "properties": { "cod_dpto": "23", "cod_mpio": "23068", "departamento_mgn": "CÓRDOBA", "municipio_mgn": "AYAPEL", "municipio_tipo_mgn": "MUNICIPIO", "area_km2_mgn_attribute": 1963.6146193500001, "area_km2_calc": 1963.6146192994506, "centroid_lat": 8.2657537467185094, "centroid_lon": -75.048718850724825 }, "geometry": { "type": "Point", "coordinates": [ -75.048718850724825, 8.265753746718509 ] } },
{ "type": "Feature", "properties": { "cod_dpto": "23", "cod_mpio": "23079", "departamento_mgn": "CÓRDOBA", "municipio_mgn": "BUENAVISTA", "municipio_tipo_mgn": "MUNICIPIO", "area_km2_mgn_attribute": 834.61538337000002, "area_km2_calc": 834.61538335827117, "centroid_lat": 8.1913870441548138, "centroid_lon": -75.433840011428188 }, "geometry": { "type": "Point", "coordinates": [ -75.433840011428188, 8.191387044154814 ] } },
{ "type": "Feature", "properties": { "cod_dpto": "23", "cod_mpio": "23090", "departamento_mgn": "CÓRDOBA", "municipio_mgn": "CANALETE", "municipio_tipo_mgn": "MUNICIPIO", "area_km2_mgn_attribute": 420.10165072000001, "area_km2_calc": 420.10165074178894, "centroid_lat": 8.7240918436894734, "centroid_lon": -76.237800833393962 }, "geometry": { "type": "Point", "coordinates": [ -76.237800833393962, 8.724091843689473 ] } },
{ "type": "Feature", "properties": { "cod_dpto": "23", "cod_mpio": "23162", "departamento_mgn": "CÓRDOBA", "municipio_mgn": "CERETÉ", "municipio_tipo_mgn": "MUNICIPIO", "area_km2_mgn_attribute": 290.84733066000001, "area_km2_calc": 290.84733065654308, "centroid_lat": 8.891022895300134, "centroid_lon": -75.834587186594078 }, "geometry": { "type": "Point", "coordinates": [ -75.834587186594078, 8.891022895300134 ] } },
{ "type": "Feature", "properties": { "cod_dpto": "23", "cod_mpio": "23168", "departamento_mgn": "CÓRDOBA", "municipio_mgn": "CHIMÁ", "municipio_tipo_mgn": "MUNICIPIO", "area_km2_mgn_attribute": 323.89201948, "area_km2_calc": 323.89201947988266, "centroid_lat": 9.1102467090331718, "centroid_lon": -75.652387838196418 }, "geometry": { "type": "Point", "coordinates": [ -75.652387838196418, 9.110246709033172 ] } },
{ "type": "Feature", "properties": { "cod_dpto": "23", "cod_mpio": "23182", "departamento_mgn": "CÓRDOBA", "municipio_mgn": "CHINÚ", "municipio_tipo_mgn": "MUNICIPIO", "area_km2_mgn_attribute": 625.96229502999995, "area_km2_calc": 625.96229501805396, "centroid_lat": 9.0275079251613271, "centroid_lon": -75.356692522499301 }, "geometry": { "type": "Point", "coordinates": [ -75.356692522499301, 9.027507925161327 ] } },
{ "type": "Feature", "properties": { "cod_dpto": "23", "cod_mpio": "23189", "departamento_mgn": "CÓRDOBA", "municipio_mgn": "CIÉNAGA DE ORO", "municipio_tipo_mgn": "MUNICIPIO", "area_km2_mgn_attribute": 641.06955234999998, "area_km2_calc": 641.0695523437879, "centroid_lat": 8.8417888643507485, "centroid_lon": -75.607780721639656 }, "geometry": { "type": "Point", "coordinates": [ -75.607780721639656, 8.841788864350749 ] } },
{ "type": "Feature", "properties": { "cod_dpto": "23", "cod_mpio": "23300", "departamento_mgn": "CÓRDOBA", "municipio_mgn": "COTORRA", "municipio_tipo_mgn": "MUNICIPIO", "area_km2_mgn_attribute": 88.09851983, "area_km2_calc": 88.098519825092396, "centroid_lat": 9.056991499630108, "centroid_lon": -75.778882335461532 }, "geometry": { "type": "Point", "coordinates": [ -75.778882335461532, 9.056991499630108 ] } },
{ "type": "Feature", "properties": { "cod_dpto": "23", "cod_mpio": "23350", "departamento_mgn": "CÓRDOBA", "municipio_mgn": "LA APARTADA", "municipio_tipo_mgn": "MUNICIPIO", "area_km2_mgn_attribute": 286.90971331999998, "area_km2_calc": 286.90971331104407, "centroid_lat": 8.0522144959198307, "centroid_lon": -75.288168921385434 }, "geometry": { "type": "Point", "coordinates": [ -75.288168921385434, 8.052214495919831 ] } },
{ "type": "Feature", "properties": { "cod_dpto": "23", "cod_mpio": "23417", "departamento_mgn": "CÓRDOBA", "municipio_mgn": "LORICA", "municipio_tipo_mgn": "MUNICIPIO", "area_km2_mgn_attribute": 950.98464286000001, "area_km2_calc": 950.98464286780256, "centroid_lat": 9.1650220525418753, "centroid_lon": -75.909808604332994 }, "geometry": { "type": "Point", "coordinates": [ -75.909808604332994, 9.165022052541875 ] } },
{ "type": "Feature", "properties": { "cod_dpto": "23", "cod_mpio": "23419", "departamento_mgn": "CÓRDOBA", "municipio_mgn": "LOS CÓRDOBAS", "municipio_tipo_mgn": "MUNICIPIO", "area_km2_mgn_attribute": 366.13028972000001, "area_km2_calc": 366.13028973904329, "centroid_lat": 8.839036859606292, "centroid_lon": -76.294946130820065 }, "geometry": { "type": "Point", "coordinates": [ -76.294946130820065, 8.839036859606292 ] } },
{ "type": "Feature", "properties": { "cod_dpto": "23", "cod_mpio": "23464", "departamento_mgn": "CÓRDOBA", "municipio_mgn": "MOMIL", "municipio_tipo_mgn": "MUNICIPIO", "area_km2_mgn_attribute": 158.7245875, "area_km2_calc": 158.72458749559075, "centroid_lat": 9.2654572842501821, "centroid_lon": -75.650912276591185 }, "geometry": { "type": "Point", "coordinates": [ -75.650912276591185, 9.265457284250182 ] } },
{ "type": "Feature", "properties": { "cod_dpto": "23", "cod_mpio": "23466", "departamento_mgn": "CÓRDOBA", "municipio_mgn": "MONTELÍBANO", "municipio_tipo_mgn": "MUNICIPIO", "area_km2_mgn_attribute": 1550.7565830799999, "area_km2_calc": 1550.7565830859921, "centroid_lat": 7.8862545753621216, "centroid_lon": -75.760842564431215 }, "geometry": { "type": "Point", "coordinates": [ -75.760842564431215, 7.886254575362122 ] } },
{ "type": "Feature", "properties": { "cod_dpto": "23", "cod_mpio": "23500", "departamento_mgn": "CÓRDOBA", "municipio_mgn": "MOÑITOS", "municipio_tipo_mgn": "MUNICIPIO", "area_km2_mgn_attribute": 203.35671499, "area_km2_calc": 203.35671499250444, "centroid_lat": 9.1905262573927562, "centroid_lon": -76.119269659986642 }, "geometry": { "type": "Point", "coordinates": [ -76.119269659986642, 9.190526257392756 ] } },
{ "type": "Feature", "properties": { "cod_dpto": "23", "cod_mpio": "23555", "departamento_mgn": "CÓRDOBA", "municipio_mgn": "PLANETA RICA", "municipio_tipo_mgn": "MUNICIPIO", "area_km2_mgn_attribute": 1140.11603382, "area_km2_calc": 1140.1160338112852, "centroid_lat": 8.2902538415366873, "centroid_lon": -75.612399279976941 }, "geometry": { "type": "Point", "coordinates": [ -75.612399279976941, 8.290253841536687 ] } },
{ "type": "Feature", "properties": { "cod_dpto": "23", "cod_mpio": "23570", "departamento_mgn": "CÓRDOBA", "municipio_mgn": "PUEBLO NUEVO", "municipio_tipo_mgn": "MUNICIPIO", "area_km2_mgn_attribute": 848.94547078999994, "area_km2_calc": 848.94547077669085, "centroid_lat": 8.4813548221894308, "centroid_lon": -75.405153615744709 }, "geometry": { "type": "Point", "coordinates": [ -75.405153615744709, 8.481354822189431 ] } },
{ "type": "Feature", "properties": { "cod_dpto": "23", "cod_mpio": "23574", "departamento_mgn": "CÓRDOBA", "municipio_mgn": "PUERTO ESCONDIDO", "municipio_tipo_mgn": "MUNICIPIO", "area_km2_mgn_attribute": 411.16858659000002, "area_km2_calc": 411.1685866038963, "centroid_lat": 8.9886635207260213, "centroid_lon": -76.194085557413189 }, "geometry": { "type": "Point", "coordinates": [ -76.194085557413189, 8.988663520726021 ] } },
{ "type": "Feature", "properties": { "cod_dpto": "23", "cod_mpio": "23580", "departamento_mgn": "CÓRDOBA", "municipio_mgn": "PUERTO LIBERTADOR", "municipio_tipo_mgn": "MUNICIPIO", "area_km2_mgn_attribute": 1647.26988385, "area_km2_calc": 1647.2698838518281, "centroid_lat": 7.7114446471973856, "centroid_lon": -75.771296811701959 }, "geometry": { "type": "Point", "coordinates": [ -75.771296811701959, 7.711444647197386 ] } },
{ "type": "Feature", "properties": { "cod_dpto": "23", "cod_mpio": "23586", "departamento_mgn": "CÓRDOBA", "municipio_mgn": "PURÍSIMA DE LA CONCEPCIÓN", "municipio_tipo_mgn": "MUNICIPIO", "area_km2_mgn_attribute": 117.71157813000001, "area_km2_calc": 117.71157813150549, "centroid_lat": 9.2823803470610642, "centroid_lon": -75.721300243604389 }, "geometry": { "type": "Point", "coordinates": [ -75.721300243604389, 9.282380347061064 ] } },
{ "type": "Feature", "properties": { "cod_dpto": "23", "cod_mpio": "23660", "departamento_mgn": "CÓRDOBA", "municipio_mgn": "SAHAGÚN", "municipio_tipo_mgn": "MUNICIPIO", "area_km2_mgn_attribute": 964.45878899000002, "area_km2_calc": 964.45878897473335, "centroid_lat": 8.798980543601914, "centroid_lon": -75.429257838292315 }, "geometry": { "type": "Point", "coordinates": [ -75.429257838292315, 8.798980543601914 ] } },
{ "type": "Feature", "properties": { "cod_dpto": "23", "cod_mpio": "23670", "departamento_mgn": "CÓRDOBA", "municipio_mgn": "SAN ANDRÉS DE SOTAVENTO", "municipio_tipo_mgn": "MUNICIPIO", "area_km2_mgn_attribute": 206.68851358000001, "area_km2_calc": 206.68851357676678, "centroid_lat": 9.1212894013226862, "centroid_lon": -75.520943889637891 }, "geometry": { "type": "Point", "coordinates": [ -75.520943889637891, 9.121289401322686 ] } },
{ "type": "Feature", "properties": { "cod_dpto": "23", "cod_mpio": "23672", "departamento_mgn": "CÓRDOBA", "municipio_mgn": "SAN ANTERO", "municipio_tipo_mgn": "MUNICIPIO", "area_km2_mgn_attribute": 207.42674387, "area_km2_calc": 207.42674387228374, "centroid_lat": 9.3596606706334438, "centroid_lon": -75.787019054444414 }, "geometry": { "type": "Point", "coordinates": [ -75.787019054444414, 9.359660670633444 ] } },
{ "type": "Feature", "properties": { "cod_dpto": "23", "cod_mpio": "23675", "departamento_mgn": "CÓRDOBA", "municipio_mgn": "SAN BERNARDO DEL VIENTO", "municipio_tipo_mgn": "MUNICIPIO", "area_km2_mgn_attribute": 315.47938585000003, "area_km2_calc": 315.47938585306451, "centroid_lat": 9.3299937077003197, "centroid_lon": -75.976255873120223 }, "geometry": { "type": "Point", "coordinates": [ -75.976255873120223, 9.32999370770032 ] } },
{ "type": "Feature", "properties": { "cod_dpto": "23", "cod_mpio": "23678", "departamento_mgn": "CÓRDOBA", "municipio_mgn": "SAN CARLOS", "municipio_tipo_mgn": "MUNICIPIO", "area_km2_mgn_attribute": 446.5979458, "area_km2_calc": 446.5979457978865, "centroid_lat": 8.7064152134613515, "centroid_lon": -75.692501456371687 }, "geometry": { "type": "Point", "coordinates": [ -75.692501456371687, 8.706415213461351 ] } },
{ "type": "Feature", "properties": { "cod_dpto": "23", "cod_mpio": "23682", "departamento_mgn": "CÓRDOBA", "municipio_mgn": "SAN JOSÉ DE URÉ", "municipio_tipo_mgn": "MUNICIPIO", "area_km2_mgn_attribute": 525.50100270999997, "area_km2_calc": 525.50100270612552, "centroid_lat": 7.7530313713301506, "centroid_lon": -75.567269344791583 }, "geometry": { "type": "Point", "coordinates": [ -75.567269344791583, 7.753031371330151 ] } },
{ "type": "Feature", "properties": { "cod_dpto": "23", "cod_mpio": "23686", "departamento_mgn": "CÓRDOBA", "municipio_mgn": "SAN PELAYO", "municipio_tipo_mgn": "MUNICIPIO", "area_km2_mgn_attribute": 445.55599876999997, "area_km2_calc": 445.55599877360567, "centroid_lat": 8.9877942335657774, "centroid_lon": -75.909580718223026 }, "geometry": { "type": "Point", "coordinates": [ -75.909580718223026, 8.987794233565777 ] } },
{ "type": "Feature", "properties": { "cod_dpto": "23", "cod_mpio": "23807", "departamento_mgn": "CÓRDOBA", "municipio_mgn": "TIERRALTA", "municipio_tipo_mgn": "MUNICIPIO", "area_km2_mgn_attribute": 4938.1561699100002, "area_km2_calc": 4938.156170121174, "centroid_lat": 7.8137180297606932, "centroid_lon": -76.168604333910238 }, "geometry": { "type": "Point", "coordinates": [ -76.168604333910238, 7.813718029760693 ] } },
{ "type": "Feature", "properties": { "cod_dpto": "23", "cod_mpio": "23815", "departamento_mgn": "CÓRDOBA", "municipio_mgn": "TUCHÍN", "municipio_tipo_mgn": "MUNICIPIO", "area_km2_mgn_attribute": 106.35289287000001, "area_km2_calc": 106.3528928657053, "centroid_lat": 9.2246374812295802, "centroid_lon": -75.544105263420235 }, "geometry": { "type": "Point", "coordinates": [ -75.544105263420235, 9.22463748122958 ] } },
{ "type": "Feature", "properties": { "cod_dpto": "23", "cod_mpio": "23855", "departamento_mgn": "CÓRDOBA", "municipio_mgn": "VALENCIA", "municipio_tipo_mgn": "MUNICIPIO", "area_km2_mgn_attribute": 919.47665804999997, "area_km2_calc": 919.47665808691715, "centroid_lat": 8.2198718642469348, "centroid_lon": -76.221362957921201 }, "geometry": { "type": "Point", "coordinates": [ -76.221362957921201, 8.219871864246935 ] } },
{ "type": "Feature", "properties": { "cod_dpto": "25", "cod_mpio": "25001", "departamento_mgn": "CUNDINAMARCA", "municipio_mgn": "AGUA DE DIOS", "municipio_tipo_mgn": "MUNICIPIO", "area_km2_mgn_attribute": 85.88512003, "area_km2_calc": 85.885120031047791, "centroid_lat": 4.3727518528872924, "centroid_lon": -74.671271254718008 }, "geometry": { "type": "Point", "coordinates": [ -74.671271254718008, 4.372751852887292 ] } },
{ "type": "Feature", "properties": { "cod_dpto": "25", "cod_mpio": "25019", "departamento_mgn": "CUNDINAMARCA", "municipio_mgn": "ALBÁN", "municipio_tipo_mgn": "MUNICIPIO", "area_km2_mgn_attribute": 50.78390958, "area_km2_calc": 50.783909581881595, "centroid_lat": 4.8911211359702325, "centroid_lon": -74.442783780424307 }, "geometry": { "type": "Point", "coordinates": [ -74.442783780424307, 4.891121135970232 ] } },
{ "type": "Feature", "properties": { "cod_dpto": "25", "cod_mpio": "25035", "departamento_mgn": "CUNDINAMARCA", "municipio_mgn": "ANAPOIMA", "municipio_tipo_mgn": "MUNICIPIO", "area_km2_mgn_attribute": 123.83748385, "area_km2_calc": 123.83748384532801, "centroid_lat": 4.5599621826385803, "centroid_lon": -74.525694015537809 }, "geometry": { "type": "Point", "coordinates": [ -74.525694015537809, 4.55996218263858 ] } },
{ "type": "Feature", "properties": { "cod_dpto": "25", "cod_mpio": "25040", "departamento_mgn": "CUNDINAMARCA", "municipio_mgn": "ANOLAIMA", "municipio_tipo_mgn": "MUNICIPIO", "area_km2_mgn_attribute": 120.83120865, "area_km2_calc": 120.83120864965156, "centroid_lat": 4.7893127762355769, "centroid_lon": -74.461944036035447 }, "geometry": { "type": "Point", "coordinates": [ -74.461944036035447, 4.789312776235577 ] } },
{ "type": "Feature", "properties": { "cod_dpto": "25", "cod_mpio": "25053", "departamento_mgn": "CUNDINAMARCA", "municipio_mgn": "ARBELÁEZ", "municipio_tipo_mgn": "MUNICIPIO", "area_km2_mgn_attribute": 142.30946707000001, "area_km2_calc": 142.30946706748693, "centroid_lat": 4.2327900381498607, "centroid_lon": -74.395762867068981 }, "geometry": { "type": "Point", "coordinates": [ -74.395762867068981, 4.232790038149861 ] } },
{ "type": "Feature", "properties": { "cod_dpto": "25", "cod_mpio": "25086", "departamento_mgn": "CUNDINAMARCA", "municipio_mgn": "BELTRÁN", "municipio_tipo_mgn": "MUNICIPIO", "area_km2_mgn_attribute": 176.71154158, "area_km2_calc": 176.71154157815718, "centroid_lat": 4.7196776520251786, "centroid_lon": -74.756322575416704 }, "geometry": { "type": "Point", "coordinates": [ -74.756322575416704, 4.719677652025179 ] } },
{ "type": "Feature", "properties": { "cod_dpto": "25", "cod_mpio": "25095", "departamento_mgn": "CUNDINAMARCA", "municipio_mgn": "BITUIMA", "municipio_tipo_mgn": "MUNICIPIO", "area_km2_mgn_attribute": 60.98904347, "area_km2_calc": 60.98904347015489, "centroid_lat": 4.8478182957444131, "centroid_lon": -74.528628000086272 }, "geometry": { "type": "Point", "coordinates": [ -74.528628000086272, 4.847818295744413 ] } },
{ "type": "Feature", "properties": { "cod_dpto": "25", "cod_mpio": "25099", "departamento_mgn": "CUNDINAMARCA", "municipio_mgn": "BOJACÁ", "municipio_tipo_mgn": "MUNICIPIO", "area_km2_mgn_attribute": 102.20924552, "area_km2_calc": 102.2092455157736, "centroid_lat": 4.6916678137777721, "centroid_lon": -74.328987001678271 }, "geometry": { "type": "Point", "coordinates": [ -74.328987001678271, 4.691667813777772 ] } },
{ "type": "Feature", "properties": { "cod_dpto": "25", "cod_mpio": "25120", "departamento_mgn": "CUNDINAMARCA", "municipio_mgn": "CABRERA", "municipio_tipo_mgn": "MUNICIPIO", "area_km2_mgn_attribute": 421.41640126, "area_km2_calc": 421.41640124914636, "centroid_lat": 3.9186150521487262, "centroid_lon": -74.44615766687123 }, "geometry": { "type": "Point", "coordinates": [ -74.44615766687123, 3.918615052148726 ] } },
{ "type": "Feature", "properties": { "cod_dpto": "25", "cod_mpio": "25123", "departamento_mgn": "CUNDINAMARCA", "municipio_mgn": "CACHIPAY", "municipio_tipo_mgn": "MUNICIPIO", "area_km2_mgn_attribute": 53.39938091, "area_km2_calc": 53.399380906080658, "centroid_lat": 4.7230625575897172, "centroid_lon": -74.459197503406102 }, "geometry": { "type": "Point", "coordinates": [ -74.459197503406102, 4.723062557589717 ] } },
{ "type": "Feature", "properties": { "cod_dpto": "25", "cod_mpio": "25126", "departamento_mgn": "CUNDINAMARCA", "municipio_mgn": "CAJICÁ", "municipio_tipo_mgn": "MUNICIPIO", "area_km2_mgn_attribute": 50.80706606, "area_km2_calc": 50.807066058847909, "centroid_lat": 4.9307035770810339, "centroid_lon": -74.029732623470196 }, "geometry": { "type": "Point", "coordinates": [ -74.029732623470196, 4.930703577081034 ] } },
{ "type": "Feature", "properties": { "cod_dpto": "25", "cod_mpio": "25148", "departamento_mgn": "CUNDINAMARCA", "municipio_mgn": "CAPARRAPÍ", "municipio_tipo_mgn": "MUNICIPIO", "area_km2_mgn_attribute": 615.07868513999995, "area_km2_calc": 615.0786851252783, "centroid_lat": 5.3814861020064555, "centroid_lon": -74.521241997307143 }, "geometry": { "type": "Point", "coordinates": [ -74.521241997307143, 5.381486102006455 ] } },
{ "type": "Feature", "properties": { "cod_dpto": "25", "cod_mpio": "25151", "departamento_mgn": "CUNDINAMARCA", "municipio_mgn": "CÁQUEZA", "municipio_tipo_mgn": "MUNICIPIO", "area_km2_mgn_attribute": 111.35818475000001, "area_km2_calc": 111.35818474492567, "centroid_lat": 4.4022591598219414, "centroid_lon": -73.944824609563284 }, "geometry": { "type": "Point", "coordinates": [ -73.944824609563284, 4.402259159821941 ] } },
{ "type": "Feature", "properties": { "cod_dpto": "25", "cod_mpio": "25154", "departamento_mgn": "CUNDINAMARCA", "municipio_mgn": "CARMEN DE CARUPA", "municipio_tipo_mgn": "MUNICIPIO", "area_km2_mgn_attribute": 298.14723763000001, "area_km2_calc": 298.1472376157331, "centroid_lat": 5.3388515828484362, "centroid_lon": -73.926150594883168 }, "geometry": { "type": "Point", "coordinates": [ -73.926150594883168, 5.338851582848436 ] } },
{ "type": "Feature", "properties": { "cod_dpto": "25", "cod_mpio": "25168", "departamento_mgn": "CUNDINAMARCA", "municipio_mgn": "CHAGUANÍ", "municipio_tipo_mgn": "MUNICIPIO", "area_km2_mgn_attribute": 171.87468823, "area_km2_calc": 171.87468822637564, "centroid_lat": 4.9542525722887758, "centroid_lon": -74.630902169370046 }, "geometry": { "type": "Point", "coordinates": [ -74.630902169370046, 4.954252572288776 ] } },
{ "type": "Feature", "properties": { "cod_dpto": "25", "cod_mpio": "25175", "departamento_mgn": "CUNDINAMARCA", "municipio_mgn": "CHÍA", "municipio_tipo_mgn": "MUNICIPIO", "area_km2_mgn_attribute": 80.39735567, "area_km2_calc": 80.397355670665135, "centroid_lat": 4.8656251548471463, "centroid_lon": -74.036963187835198 }, "geometry": { "type": "Point", "coordinates": [ -74.036963187835198, 4.865625154847146 ] } },
{ "type": "Feature", "properties": { "cod_dpto": "25", "cod_mpio": "25178", "departamento_mgn": "CUNDINAMARCA", "municipio_mgn": "CHIPAQUE", "municipio_tipo_mgn": "MUNICIPIO", "area_km2_mgn_attribute": 150.360199, "area_km2_calc": 150.36019899808508, "centroid_lat": 4.4257758121659156, "centroid_lon": -74.059472738689038 }, "geometry": { "type": "Point", "coordinates": [ -74.059472738689038, 4.425775812165916 ] } },
{ "type": "Feature", "properties": { "cod_dpto": "25", "cod_mpio": "25181", "departamento_mgn": "CUNDINAMARCA", "municipio_mgn": "CHOACHÍ", "municipio_tipo_mgn": "MUNICIPIO", "area_km2_mgn_attribute": 212.13246907000001, "area_km2_calc": 212.13246906334749, "centroid_lat": 4.5829650800859456, "centroid_lon": -73.91288013547458 }, "geometry": { "type": "Point", "coordinates": [ -73.91288013547458, 4.582965080085946 ] } },
{ "type": "Feature", "properties": { "cod_dpto": "25", "cod_mpio": "25183", "departamento_mgn": "CUNDINAMARCA", "municipio_mgn": "CHOCONTÁ", "municipio_tipo_mgn": "MUNICIPIO", "area_km2_mgn_attribute": 299.65663425000002, "area_km2_calc": 299.65663424195122, "centroid_lat": 5.1184466894289367, "centroid_lon": -73.680677504781443 }, "geometry": { "type": "Point", "coordinates": [ -73.680677504781443, 5.118446689428937 ] } },
{ "type": "Feature", "properties": { "cod_dpto": "25", "cod_mpio": "25200", "departamento_mgn": "CUNDINAMARCA", "municipio_mgn": "COGUA", "municipio_tipo_mgn": "MUNICIPIO", "area_km2_mgn_attribute": 132.68395837, "area_km2_calc": 132.68395836172087, "centroid_lat": 5.1031225677599936, "centroid_lon": -73.975376434834331 }, "geometry": { "type": "Point", "coordinates": [ -73.975376434834331, 5.103122567759994 ] } },
{ "type": "Feature", "properties": { "cod_dpto": "25", "cod_mpio": "25214", "departamento_mgn": "CUNDINAMARCA", "municipio_mgn": "COTA", "municipio_tipo_mgn": "MUNICIPIO", "area_km2_mgn_attribute": 53.64528181, "area_km2_calc": 53.64528180710618, "centroid_lat": 4.7883068967005498, "centroid_lon": -74.123376114047346 }, "geometry": { "type": "Point", "coordinates": [ -74.123376114047346, 4.78830689670055 ] } },
{ "type": "Feature", "properties": { "cod_dpto": "25", "cod_mpio": "25224", "departamento_mgn": "CUNDINAMARCA", "municipio_mgn": "CUCUNUBÁ", "municipio_tipo_mgn": "MUNICIPIO", "area_km2_mgn_attribute": 109.6818412, "area_km2_calc": 109.68184119496389, "centroid_lat": 5.2303072930141852, "centroid_lon": -73.780021045737527 }, "geometry": { "type": "Point", "coordinates": [ -73.780021045737527, 5.230307293014185 ] } },
{ "type": "Feature", "properties": { "cod_dpto": "25", "cod_mpio": "25245", "departamento_mgn": "CUNDINAMARCA", "municipio_mgn": "EL COLEGIO", "municipio_tipo_mgn": "MUNICIPIO", "area_km2_mgn_attribute": 118.15874527, "area_km2_calc": 118.1587452630305, "centroid_lat": 4.5569462957061324, "centroid_lon": -74.426586048545815 }, "geometry": { "type": "Point", "coordinates": [ -74.426586048545815, 4.556946295706132 ] } },
{ "type": "Feature", "properties": { "cod_dpto": "25", "cod_mpio": "25258", "departamento_mgn": "CUNDINAMARCA", "municipio_mgn": "EL PEÑÓN", "municipio_tipo_mgn": "MUNICIPIO", "area_km2_mgn_attribute": 133.94407231, "area_km2_calc": 133.94407231034646, "centroid_lat": 5.2617268749523225, "centroid_lon": -74.308306467362939 }, "geometry": { "type": "Point", "coordinates": [ -74.308306467362939, 5.261726874952322 ] } },
{ "type": "Feature", "properties": { "cod_dpto": "25", "cod_mpio": "25260", "departamento_mgn": "CUNDINAMARCA", "municipio_mgn": "EL ROSAL", "municipio_tipo_mgn": "MUNICIPIO", "area_km2_mgn_attribute": 87.13953871, "area_km2_calc": 87.13953870480654, "centroid_lat": 4.8797131920552577, "centroid_lon": -74.238032953974638 }, "geometry": { "type": "Point", "coordinates": [ -74.238032953974638, 4.879713192055258 ] } },
{ "type": "Feature", "properties": { "cod_dpto": "25", "cod_mpio": "25269", "departamento_mgn": "CUNDINAMARCA", "municipio_mgn": "FACATATIVÁ", "municipio_tipo_mgn": "MUNICIPIO", "area_km2_mgn_attribute": 157.82468933000001, "area_km2_calc": 157.82468932479654, "centroid_lat": 4.8340498549336379, "centroid_lon": -74.338034639431299 }, "geometry": { "type": "Point", "coordinates": [ -74.338034639431299, 4.834049854933638 ] } },
{ "type": "Feature", "properties": { "cod_dpto": "25", "cod_mpio": "25279", "departamento_mgn": "CUNDINAMARCA", "municipio_mgn": "FÓMEQUE", "municipio_tipo_mgn": "MUNICIPIO", "area_km2_mgn_attribute": 459.5173141, "area_km2_calc": 459.51731408712806, "centroid_lat": 4.5285626598568243, "centroid_lon": -73.797059929931521 }, "geometry": { "type": "Point", "coordinates": [ -73.797059929931521, 4.528562659856824 ] } },
{ "type": "Feature", "properties": { "cod_dpto": "25", "cod_mpio": "25281", "departamento_mgn": "CUNDINAMARCA", "municipio_mgn": "FOSCA", "municipio_tipo_mgn": "MUNICIPIO", "area_km2_mgn_attribute": 111.0559085, "area_km2_calc": 111.05590849857883, "centroid_lat": 4.3162798677470118, "centroid_lon": -73.952868796502941 }, "geometry": { "type": "Point", "coordinates": [ -73.952868796502941, 4.316279867747012 ] } },
{ "type": "Feature", "properties": { "cod_dpto": "25", "cod_mpio": "25286", "departamento_mgn": "CUNDINAMARCA", "municipio_mgn": "FUNZA", "municipio_tipo_mgn": "MUNICIPIO", "area_km2_mgn_attribute": 67.67371086, "area_km2_calc": 67.673710861341391, "centroid_lat": 4.7439967443759805, "centroid_lon": -74.198659706568691 }, "geometry": { "type": "Point", "coordinates": [ -74.198659706568691, 4.743996744375981 ] } },
{ "type": "Feature", "properties": { "cod_dpto": "25", "cod_mpio": "25288", "departamento_mgn": "CUNDINAMARCA", "municipio_mgn": "FÚQUENE", "municipio_tipo_mgn": "MUNICIPIO", "area_km2_mgn_attribute": 77.34908495000001, "area_km2_calc": 77.349084948265769, "centroid_lat": 5.4162871635044345, "centroid_lon": -73.77060000383004 }, "geometry": { "type": "Point", "coordinates": [ -73.77060000383004, 5.416287163504435 ] } },
{ "type": "Feature", "properties": { "cod_dpto": "25", "cod_mpio": "25290", "departamento_mgn": "CUNDINAMARCA", "municipio_mgn": "FUSAGASUGÁ", "municipio_tipo_mgn": "MUNICIPIO", "area_km2_mgn_attribute": 193.75196828, "area_km2_calc": 193.75196827099523, "centroid_lat": 4.3235306884554019, "centroid_lon": -74.388600679277147 }, "geometry": { "type": "Point", "coordinates": [ -74.388600679277147, 4.323530688455402 ] } },
{ "type": "Feature", "properties": { "cod_dpto": "25", "cod_mpio": "25293", "departamento_mgn": "CUNDINAMARCA", "municipio_mgn": "GACHALÁ", "municipio_tipo_mgn": "MUNICIPIO", "area_km2_mgn_attribute": 384.37422593999997, "area_km2_calc": 384.37422592952186, "centroid_lat": 4.6549522814009956, "centroid_lon": -73.510565900068983 }, "geometry": { "type": "Point", "coordinates": [ -73.510565900068983, 4.654952281400996 ] } },
{ "type": "Feature", "properties": { "cod_dpto": "25", "cod_mpio": "25295", "departamento_mgn": "CUNDINAMARCA", "municipio_mgn": "GACHANCIPÁ", "municipio_tipo_mgn": "MUNICIPIO", "area_km2_mgn_attribute": 42.8652719, "area_km2_calc": 42.865271896228194, "centroid_lat": 5.0100361057413529, "centroid_lon": -73.876807291188015 }, "geometry": { "type": "Point", "coordinates": [ -73.876807291188015, 5.010036105741353 ] } },
{ "type": "Feature", "properties": { "cod_dpto": "25", "cod_mpio": "25297", "departamento_mgn": "CUNDINAMARCA", "municipio_mgn": "GACHETÁ", "municipio_tipo_mgn": "MUNICIPIO", "area_km2_mgn_attribute": 258.46141101000001, "area_km2_calc": 258.46141099894362, "centroid_lat": 4.8675507943558696, "centroid_lon": -73.617732801220953 }, "geometry": { "type": "Point", "coordinates": [ -73.617732801220953, 4.86755079435587 ] } },
{ "type": "Feature", "properties": { "cod_dpto": "25", "cod_mpio": "25299", "departamento_mgn": "CUNDINAMARCA", "municipio_mgn": "GAMA", "municipio_tipo_mgn": "MUNICIPIO", "area_km2_mgn_attribute": 107.51892909, "area_km2_calc": 107.51892908397052, "centroid_lat": 4.7235726103101907, "centroid_lon": -73.600543949658515 }, "geometry": { "type": "Point", "coordinates": [ -73.600543949658515, 4.723572610310191 ] } },
{ "type": "Feature", "properties": { "cod_dpto": "25", "cod_mpio": "25307", "departamento_mgn": "CUNDINAMARCA", "municipio_mgn": "GIRARDOT", "municipio_tipo_mgn": "MUNICIPIO", "area_km2_mgn_attribute": 130.05724956, "area_km2_calc": 130.05724955219512, "centroid_lat": 4.3381509839569317, "centroid_lon": -74.811443368307167 }, "geometry": { "type": "Point", "coordinates": [ -74.811443368307167, 4.338150983956932 ] } },
{ "type": "Feature", "properties": { "cod_dpto": "25", "cod_mpio": "25312", "departamento_mgn": "CUNDINAMARCA", "municipio_mgn": "GRANADA", "municipio_tipo_mgn": "MUNICIPIO", "area_km2_mgn_attribute": 60.63968296, "area_km2_calc": 60.639682963044038, "centroid_lat": 4.5234849302258597, "centroid_lon": -74.33724712735436 }, "geometry": { "type": "Point", "coordinates": [ -74.33724712735436, 4.52348493022586 ] } },
{ "type": "Feature", "properties": { "cod_dpto": "25", "cod_mpio": "25317", "departamento_mgn": "CUNDINAMARCA", "municipio_mgn": "GUACHETÁ", "municipio_tipo_mgn": "MUNICIPIO", "area_km2_mgn_attribute": 169.91833394, "area_km2_calc": 169.91833393350123, "centroid_lat": 5.3872914588799876, "centroid_lon": -73.693283693241511 }, "geometry": { "type": "Point", "coordinates": [ -73.693283693241511, 5.387291458879988 ] } },
{ "type": "Feature", "properties": { "cod_dpto": "25", "cod_mpio": "25320", "departamento_mgn": "CUNDINAMARCA", "municipio_mgn": "GUADUAS", "municipio_tipo_mgn": "MUNICIPIO", "area_km2_mgn_attribute": 763.00518804000001, "area_km2_calc": 763.00518802029467, "centroid_lat": 5.1735388535272833, "centroid_lon": -74.640142348708906 }, "geometry": { "type": "Point", "coordinates": [ -74.640142348708906, 5.173538853527283 ] } },
{ "type": "Feature", "properties": { "cod_dpto": "25", "cod_mpio": "25322", "departamento_mgn": "CUNDINAMARCA", "municipio_mgn": "GUASCA", "municipio_tipo_mgn": "MUNICIPIO", "area_km2_mgn_attribute": 360.08450011000002, "area_km2_calc": 360.08450010093696, "centroid_lat": 4.8012757819396104, "centroid_lon": -73.846433156138986 }, "geometry": { "type": "Point", "coordinates": [ -73.846433156138986, 4.80127578193961 ] } },
{ "type": "Feature", "properties": { "cod_dpto": "25", "cod_mpio": "25324", "departamento_mgn": "CUNDINAMARCA", "municipio_mgn": "GUATAQUÍ", "municipio_tipo_mgn": "MUNICIPIO", "area_km2_mgn_attribute": 90.88091765, "area_km2_calc": 90.880917651761536, "centroid_lat": 4.512299703886927, "centroid_lon": -74.781849736437763 }, "geometry": { "type": "Point", "coordinates": [ -74.781849736437763, 4.512299703886927 ] } },
{ "type": "Feature", "properties": { "cod_dpto": "25", "cod_mpio": "25326", "departamento_mgn": "CUNDINAMARCA", "municipio_mgn": "GUATAVITA", "municipio_tipo_mgn": "MUNICIPIO", "area_km2_mgn_attribute": 251.99785386, "area_km2_calc": 251.99785384787063, "centroid_lat": 4.9115850208029528, "centroid_lon": -73.786493192455183 }, "geometry": { "type": "Point", "coordinates": [ -73.786493192455183, 4.911585020802953 ] } },
{ "type": "Feature", "properties": { "cod_dpto": "25", "cod_mpio": "25328", "departamento_mgn": "CUNDINAMARCA", "municipio_mgn": "GUAYABAL DE SÍQUIMA", "municipio_tipo_mgn": "MUNICIPIO", "area_km2_mgn_attribute": 61.81279508, "area_km2_calc": 61.812795081819118, "centroid_lat": 4.87939469635928, "centroid_lon": -74.483476300648718 }, "geometry": { "type": "Point", "coordinates": [ -74.483476300648718, 4.87939469635928 ] } },
{ "type": "Feature", "properties": { "cod_dpto": "25", "cod_mpio": "25335", "departamento_mgn": "CUNDINAMARCA", "municipio_mgn": "GUAYABETAL", "municipio_tipo_mgn": "MUNICIPIO", "area_km2_mgn_attribute": 222.51181158, "area_km2_calc": 222.51181157126464, "centroid_lat": 4.2318757933143427, "centroid_lon": -73.835443586468344 }, "geometry": { "type": "Point", "coordinates": [ -73.835443586468344, 4.231875793314343 ] } },
{ "type": "Feature", "properties": { "cod_dpto": "25", "cod_mpio": "25339", "departamento_mgn": "CUNDINAMARCA", "municipio_mgn": "GUTIÉRREZ", "municipio_tipo_mgn": "MUNICIPIO", "area_km2_mgn_attribute": 452.64518872999997, "area_km2_calc": 452.64518871748794, "centroid_lat": 4.1660836884612511, "centroid_lon": -74.024660380880491 }, "geometry": { "type": "Point", "coordinates": [ -74.024660380880491, 4.166083688461251 ] } },
{ "type": "Feature", "properties": { "cod_dpto": "25", "cod_mpio": "25368", "departamento_mgn": "CUNDINAMARCA", "municipio_mgn": "JERUSALÉN", "municipio_tipo_mgn": "MUNICIPIO", "area_km2_mgn_attribute": 221.6727681, "area_km2_calc": 221.67276808892805, "centroid_lat": 4.571347033077986, "centroid_lon": -74.689163085393147 }, "geometry": { "type": "Point", "coordinates": [ -74.689163085393147, 4.571347033077986 ] } },
{ "type": "Feature", "properties": { "cod_dpto": "25", "cod_mpio": "25372", "departamento_mgn": "CUNDINAMARCA", "municipio_mgn": "JUNÍN", "municipio_tipo_mgn": "MUNICIPIO", "area_km2_mgn_attribute": 343.3102936, "area_km2_calc": 343.31029358462757, "centroid_lat": 4.7051651640665346, "centroid_lon": -73.692477257794778 }, "geometry": { "type": "Point", "coordinates": [ -73.692477257794778, 4.705165164066535 ] } },
{ "type": "Feature", "properties": { "cod_dpto": "25", "cod_mpio": "25377", "departamento_mgn": "CUNDINAMARCA", "municipio_mgn": "LA CALERA", "municipio_tipo_mgn": "MUNICIPIO", "area_km2_mgn_attribute": 326.51302964000001, "area_km2_calc": 326.51302962566223, "centroid_lat": 4.7009183535488281, "centroid_lon": -73.929499522957414 }, "geometry": { "type": "Point", "coordinates": [ -73.929499522957414, 4.700918353548828 ] } },
{ "type": "Feature", "properties": { "cod_dpto": "25", "cod_mpio": "25386", "departamento_mgn": "CUNDINAMARCA", "municipio_mgn": "LA MESA", "municipio_tipo_mgn": "MUNICIPIO", "area_km2_mgn_attribute": 148.05259512000001, "area_km2_calc": 148.05259511228815, "centroid_lat": 4.6507724244621329, "centroid_lon": -74.47321996487662 }, "geometry": { "type": "Point", "coordinates": [ -74.47321996487662, 4.650772424462133 ] } },
{ "type": "Feature", "properties": { "cod_dpto": "25", "cod_mpio": "25394", "departamento_mgn": "CUNDINAMARCA", "municipio_mgn": "LA PALMA", "municipio_tipo_mgn": "MUNICIPIO", "area_km2_mgn_attribute": 190.59407851, "area_km2_calc": 190.59407850345329, "centroid_lat": 5.3333977176894889, "centroid_lon": -74.408079771792629 }, "geometry": { "type": "Point", "coordinates": [ -74.408079771792629, 5.333397717689489 ] } },
{ "type": "Feature", "properties": { "cod_dpto": "25", "cod_mpio": "25398", "departamento_mgn": "CUNDINAMARCA", "municipio_mgn": "LA PEÑA", "municipio_tipo_mgn": "MUNICIPIO", "area_km2_mgn_attribute": 128.32002785, "area_km2_calc": 128.3200278480461, "centroid_lat": 5.2046077227524039, "centroid_lon": -74.407865610423954 }, "geometry": { "type": "Point", "coordinates": [ -74.407865610423954, 5.204607722752404 ] } },
{ "type": "Feature", "properties": { "cod_dpto": "25", "cod_mpio": "25402", "departamento_mgn": "CUNDINAMARCA", "municipio_mgn": "LA VEGA", "municipio_tipo_mgn": "MUNICIPIO", "area_km2_mgn_attribute": 155.27049845, "area_km2_calc": 155.2704984444652, "centroid_lat": 4.9786172044730401, "centroid_lon": -74.339360776256228 }, "geometry": { "type": "Point", "coordinates": [ -74.339360776256228, 4.97861720447304 ] } },
{ "type": "Feature", "properties": { "cod_dpto": "25", "cod_mpio": "25407", "departamento_mgn": "CUNDINAMARCA", "municipio_mgn": "LENGUAZAQUE", "municipio_tipo_mgn": "MUNICIPIO", "area_km2_mgn_attribute": 155.39600482, "area_km2_calc": 155.39600481743051, "centroid_lat": 5.3036367746691413, "centroid_lon": -73.681534672943656 }, "geometry": { "type": "Point", "coordinates": [ -73.681534672943656, 5.303636774669141 ] } },
{ "type": "Feature", "properties": { "cod_dpto": "25", "cod_mpio": "25426", "departamento_mgn": "CUNDINAMARCA", "municipio_mgn": "MACHETÁ", "municipio_tipo_mgn": "MUNICIPIO", "area_km2_mgn_attribute": 228.83674581, "area_km2_calc": 228.83674580505763, "centroid_lat": 5.0403537825914118, "centroid_lon": -73.617379351185164 }, "geometry": { "type": "Point", "coordinates": [ -73.617379351185164, 5.040353782591412 ] } },
{ "type": "Feature", "properties": { "cod_dpto": "25", "cod_mpio": "25430", "departamento_mgn": "CUNDINAMARCA", "municipio_mgn": "MADRID", "municipio_tipo_mgn": "MUNICIPIO", "area_km2_mgn_attribute": 119.44715693000001, "area_km2_calc": 119.44715692878533, "centroid_lat": 4.7726750866527841, "centroid_lon": -74.259771931449635 }, "geometry": { "type": "Point", "coordinates": [ -74.259771931449635, 4.772675086652784 ] } },
{ "type": "Feature", "properties": { "cod_dpto": "25", "cod_mpio": "25436", "departamento_mgn": "CUNDINAMARCA", "municipio_mgn": "MANTA", "municipio_tipo_mgn": "MUNICIPIO", "area_km2_mgn_attribute": 107.73565397, "area_km2_calc": 107.73565396764067, "centroid_lat": 4.9768796341782915, "centroid_lon": -73.563138886818578 }, "geometry": { "type": "Point", "coordinates": [ -73.563138886818578, 4.976879634178291 ] } },
{ "type": "Feature", "properties": { "cod_dpto": "25", "cod_mpio": "25438", "departamento_mgn": "CUNDINAMARCA", "municipio_mgn": "MEDINA", "municipio_tipo_mgn": "MUNICIPIO", "area_km2_mgn_attribute": 1194.9291100600001, "area_km2_calc": 1194.929110022071, "centroid_lat": 4.4844121451429499, "centroid_lon": -73.406020744148691 }, "geometry": { "type": "Point", "coordinates": [ -73.406020744148691, 4.48441214514295 ] } },
{ "type": "Feature", "properties": { "cod_dpto": "25", "cod_mpio": "25473", "departamento_mgn": "CUNDINAMARCA", "municipio_mgn": "MOSQUERA", "municipio_tipo_mgn": "MUNICIPIO", "area_km2_mgn_attribute": 105.81849543, "area_km2_calc": 105.81849542553148, "centroid_lat": 4.6727142099784889, "centroid_lon": -74.23573275759901 }, "geometry": { "type": "Point", "coordinates": [ -74.23573275759901, 4.672714209978489 ] } },
{ "type": "Feature", "properties": { "cod_dpto": "25", "cod_mpio": "25483", "departamento_mgn": "CUNDINAMARCA", "municipio_mgn": "NARIÑO", "municipio_tipo_mgn": "MUNICIPIO", "area_km2_mgn_attribute": 55.12026774, "area_km2_calc": 55.120267735369701, "centroid_lat": 4.4079496911233234, "centroid_lon": -74.805656690310116 }, "geometry": { "type": "Point", "coordinates": [ -74.805656690310116, 4.407949691123323 ] } },
{ "type": "Feature", "properties": { "cod_dpto": "25", "cod_mpio": "25486", "departamento_mgn": "CUNDINAMARCA", "municipio_mgn": "NEMOCÓN", "municipio_tipo_mgn": "MUNICIPIO", "area_km2_mgn_attribute": 98.24622915, "area_km2_calc": 98.246229142063584, "centroid_lat": 5.0937094665648655, "centroid_lon": -73.883807829240681 }, "geometry": { "type": "Point", "coordinates": [ -73.883807829240681, 5.093709466564865 ] } },
{ "type": "Feature", "properties": { "cod_dpto": "25", "cod_mpio": "25488", "departamento_mgn": "CUNDINAMARCA", "municipio_mgn": "NILO", "municipio_tipo_mgn": "MUNICIPIO", "area_km2_mgn_attribute": 224.44314924, "area_km2_calc": 224.44314923337737, "centroid_lat": 4.2947816043406011, "centroid_lon": -74.614692424204506 }, "geometry": { "type": "Point", "coordinates": [ -74.614692424204506, 4.294781604340601 ] } },
{ "type": "Feature", "properties": { "cod_dpto": "25", "cod_mpio": "25489", "departamento_mgn": "CUNDINAMARCA", "municipio_mgn": "NIMAIMA", "municipio_tipo_mgn": "MUNICIPIO", "area_km2_mgn_attribute": 59.45638402, "area_km2_calc": 59.456384014927295, "centroid_lat": 5.1337420963012059, "centroid_lon": -74.396392514903212 }, "geometry": { "type": "Point", "coordinates": [ -74.396392514903212, 5.133742096301206 ] } },
{ "type": "Feature", "properties": { "cod_dpto": "25", "cod_mpio": "25491", "departamento_mgn": "CUNDINAMARCA", "municipio_mgn": "NOCAIMA", "municipio_tipo_mgn": "MUNICIPIO", "area_km2_mgn_attribute": 68.86639627, "area_km2_calc": 68.866396266609343, "centroid_lat": 5.0661104613695791, "centroid_lon": -74.389755570462555 }, "geometry": { "type": "Point", "coordinates": [ -74.389755570462555, 5.066110461369579 ] } },
{ "type": "Feature", "properties": { "cod_dpto": "25", "cod_mpio": "25506", "departamento_mgn": "CUNDINAMARCA", "municipio_mgn": "VENECIA", "municipio_tipo_mgn": "MUNICIPIO", "area_km2_mgn_attribute": 122.08121329, "area_km2_calc": 122.08121328261367, "centroid_lat": 4.0633422466336757, "centroid_lon": -74.452599435000721 }, "geometry": { "type": "Point", "coordinates": [ -74.452599435000721, 4.063342246633676 ] } },
{ "type": "Feature", "properties": { "cod_dpto": "25", "cod_mpio": "25513", "departamento_mgn": "CUNDINAMARCA", "municipio_mgn": "PACHO", "municipio_tipo_mgn": "MUNICIPIO", "area_km2_mgn_attribute": 402.14745642999998, "area_km2_calc": 402.14745641248533, "centroid_lat": 5.1683674579117174, "centroid_lon": -74.163365233475247 }, "geometry": { "type": "Point", "coordinates": [ -74.163365233475247, 5.168367457911717 ] } },
{ "type": "Feature", "properties": { "cod_dpto": "25", "cod_mpio": "25518", "departamento_mgn": "CUNDINAMARCA", "municipio_mgn": "PAIME", "municipio_tipo_mgn": "MUNICIPIO", "area_km2_mgn_attribute": 173.42901784, "area_km2_calc": 173.42901783361984, "centroid_lat": 5.3876455598377486, "centroid_lon": -74.163958972081744 }, "geometry": { "type": "Point", "coordinates": [ -74.163958972081744, 5.387645559837749 ] } },
{ "type": "Feature", "properties": { "cod_dpto": "25", "cod_mpio": "25524", "departamento_mgn": "CUNDINAMARCA", "municipio_mgn": "PANDI", "municipio_tipo_mgn": "MUNICIPIO", "area_km2_mgn_attribute": 71.62680362, "area_km2_calc": 71.626803620762999, "centroid_lat": 4.1804968085115473, "centroid_lon": -74.47112030885215 }, "geometry": { "type": "Point", "coordinates": [ -74.47112030885215, 4.180496808511547 ] } },
{ "type": "Feature", "properties": { "cod_dpto": "25", "cod_mpio": "25530", "departamento_mgn": "CUNDINAMARCA", "municipio_mgn": "PARATEBUENO", "municipio_tipo_mgn": "MUNICIPIO", "area_km2_mgn_attribute": 883.91337237000005, "area_km2_calc": 883.91337234479397, "centroid_lat": 4.4523253780665, "centroid_lon": -73.186997851354249 }, "geometry": { "type": "Point", "coordinates": [ -73.186997851354249, 4.4523253780665 ] } },
{ "type": "Feature", "properties": { "cod_dpto": "25", "cod_mpio": "25535", "departamento_mgn": "CUNDINAMARCA", "municipio_mgn": "PASCA", "municipio_tipo_mgn": "MUNICIPIO", "area_km2_mgn_attribute": 271.41029434000001, "area_km2_calc": 271.41029432850991, "centroid_lat": 4.2937309537376533, "centroid_lon": -74.273970820800713 }, "geometry": { "type": "Point", "coordinates": [ -74.273970820800713, 4.293730953737653 ] } },
{ "type": "Feature", "properties": { "cod_dpto": "25", "cod_mpio": "25572", "departamento_mgn": "CUNDINAMARCA", "municipio_mgn": "PUERTO SALGAR", "municipio_tipo_mgn": "MUNICIPIO", "area_km2_mgn_attribute": 515.46756506999998, "area_km2_calc": 515.46756505045232, "centroid_lat": 5.6197345407571095, "centroid_lon": -74.580201251076502 }, "geometry": { "type": "Point", "coordinates": [ -74.580201251076502, 5.61973454075711 ] } },
{ "type": "Feature", "properties": { "cod_dpto": "25", "cod_mpio": "25580", "departamento_mgn": "CUNDINAMARCA", "municipio_mgn": "PULÍ", "municipio_tipo_mgn": "MUNICIPIO", "area_km2_mgn_attribute": 197.51974711, "area_km2_calc": 197.5197471050727, "centroid_lat": 4.6913362569173787, "centroid_lon": -74.680746768810963 }, "geometry": { "type": "Point", "coordinates": [ -74.680746768810963, 4.691336256917379 ] } },
{ "type": "Feature", "properties": { "cod_dpto": "25", "cod_mpio": "25592", "departamento_mgn": "CUNDINAMARCA", "municipio_mgn": "QUEBRADANEGRA", "municipio_tipo_mgn": "MUNICIPIO", "area_km2_mgn_attribute": 79.77869133, "area_km2_calc": 79.778691329639344, "centroid_lat": 5.0999807636514571, "centroid_lon": -74.49451142159532 }, "geometry": { "type": "Point", "coordinates": [ -74.49451142159532, 5.099980763651457 ] } },
{ "type": "Feature", "properties": { "cod_dpto": "25", "cod_mpio": "25594", "departamento_mgn": "CUNDINAMARCA", "municipio_mgn": "QUETAME", "municipio_tipo_mgn": "MUNICIPIO", "area_km2_mgn_attribute": 137.63648747, "area_km2_calc": 137.63648746696606, "centroid_lat": 4.3345902779865062, "centroid_lon": -73.852648161916832 }, "geometry": { "type": "Point", "coordinates": [ -73.852648161916832, 4.334590277986506 ] } },
{ "type": "Feature", "properties": { "cod_dpto": "25", "cod_mpio": "25596", "departamento_mgn": "CUNDINAMARCA", "municipio_mgn": "QUIPILE", "municipio_tipo_mgn": "MUNICIPIO", "area_km2_mgn_attribute": 127.59789212, "area_km2_calc": 127.59789211377036, "centroid_lat": 4.7150703152574795, "centroid_lon": -74.554113966770458 }, "geometry": { "type": "Point", "coordinates": [ -74.554113966770458, 4.71507031525748 ] } },
{ "type": "Feature", "properties": { "cod_dpto": "25", "cod_mpio": "25599", "departamento_mgn": "CUNDINAMARCA", "municipio_mgn": "APULO", "municipio_tipo_mgn": "MUNICIPIO", "area_km2_mgn_attribute": 121.87158812, "area_km2_calc": 121.87158811518738, "centroid_lat": 4.5203630045623537, "centroid_lon": -74.578420348783737 }, "geometry": { "type": "Point", "coordinates": [ -74.578420348783737, 4.520363004562354 ] } },
{ "type": "Feature", "properties": { "cod_dpto": "25", "cod_mpio": "25612", "departamento_mgn": "CUNDINAMARCA", "municipio_mgn": "RICAURTE", "municipio_tipo_mgn": "MUNICIPIO", "area_km2_mgn_attribute": 128.09956435000001, "area_km2_calc": 128.09956434623888, "centroid_lat": 4.3073187433443696, "centroid_lon": -74.729425401331028 }, "geometry": { "type": "Point", "coordinates": [ -74.729425401331028, 4.30731874334437 ] } },
{ "type": "Feature", "properties": { "cod_dpto": "25", "cod_mpio": "25645", "departamento_mgn": "CUNDINAMARCA", "municipio_mgn": "SAN ANTONIO DEL TEQUENDAMA", "municipio_tipo_mgn": "MUNICIPIO", "area_km2_mgn_attribute": 88.47142663, "area_km2_calc": 88.471426630541856, "centroid_lat": 4.5997410955538189, "centroid_lon": -74.34490383012033 }, "geometry": { "type": "Point", "coordinates": [ -74.34490383012033, 4.599741095553819 ] } },
{ "type": "Feature", "properties": { "cod_dpto": "25", "cod_mpio": "25649", "departamento_mgn": "CUNDINAMARCA", "municipio_mgn": "SAN BERNARDO", "municipio_tipo_mgn": "MUNICIPIO", "area_km2_mgn_attribute": 246.75257708000001, "area_km2_calc": 246.75257707110916, "centroid_lat": 4.1409600799974102, "centroid_lon": -74.353980076733038 }, "geometry": { "type": "Point", "coordinates": [ -74.353980076733038, 4.14096007999741 ] } },
{ "type": "Feature", "properties": { "cod_dpto": "25", "cod_mpio": "25653", "departamento_mgn": "CUNDINAMARCA", "municipio_mgn": "SAN CAYETANO", "municipio_tipo_mgn": "MUNICIPIO", "area_km2_mgn_attribute": 287.44811087, "area_km2_calc": 287.44811086447106, "centroid_lat": 5.3145988937072959, "centroid_lon": -74.072322743027229 }, "geometry": { "type": "Point", "coordinates": [ -74.072322743027229, 5.314598893707296 ] } },
{ "type": "Feature", "properties": { "cod_dpto": "25", "cod_mpio": "25658", "departamento_mgn": "CUNDINAMARCA", "municipio_mgn": "SAN FRANCISCO", "municipio_tipo_mgn": "MUNICIPIO", "area_km2_mgn_attribute": 118.6131072, "area_km2_calc": 118.6131071920627, "centroid_lat": 4.9640983816473625, "centroid_lon": -74.272172516642541 }, "geometry": { "type": "Point", "coordinates": [ -74.272172516642541, 4.964098381647363 ] } },
{ "type": "Feature", "properties": { "cod_dpto": "25", "cod_mpio": "25662", "departamento_mgn": "CUNDINAMARCA", "municipio_mgn": "SAN JUAN DE RIOSECO", "municipio_tipo_mgn": "MUNICIPIO", "area_km2_mgn_attribute": 313.81544765000001, "area_km2_calc": 313.81544763631172, "centroid_lat": 4.8410973134147044, "centroid_lon": -74.658490860765653 }, "geometry": { "type": "Point", "coordinates": [ -74.658490860765653, 4.841097313414704 ] } },
{ "type": "Feature", "properties": { "cod_dpto": "25", "cod_mpio": "25718", "departamento_mgn": "CUNDINAMARCA", "municipio_mgn": "SASAIMA", "municipio_tipo_mgn": "MUNICIPIO", "area_km2_mgn_attribute": 111.50061822000001, "area_km2_calc": 111.50061821921422, "centroid_lat": 4.9468043435804594, "centroid_lon": -74.412308650266183 }, "geometry": { "type": "Point", "coordinates": [ -74.412308650266183, 4.946804343580459 ] } },
{ "type": "Feature", "properties": { "cod_dpto": "25", "cod_mpio": "25736", "departamento_mgn": "CUNDINAMARCA", "municipio_mgn": "SESQUILÉ", "municipio_tipo_mgn": "MUNICIPIO", "area_km2_mgn_attribute": 140.98733182000001, "area_km2_calc": 140.98733181984326, "centroid_lat": 5.0086865796072599, "centroid_lon": -73.780915967079693 }, "geometry": { "type": "Point", "coordinates": [ -73.780915967079693, 5.00868657960726 ] } },
{ "type": "Feature", "properties": { "cod_dpto": "25", "cod_mpio": "25740", "departamento_mgn": "CUNDINAMARCA", "municipio_mgn": "SIBATÉ", "municipio_tipo_mgn": "MUNICIPIO", "area_km2_mgn_attribute": 121.99538808, "area_km2_calc": 121.99538807505402, "centroid_lat": 4.4659679380505697, "centroid_lon": -74.263290273961815 }, "geometry": { "type": "Point", "coordinates": [ -74.263290273961815, 4.46596793805057 ] } },
{ "type": "Feature", "properties": { "cod_dpto": "25", "cod_mpio": "25743", "departamento_mgn": "CUNDINAMARCA", "municipio_mgn": "SILVANIA", "municipio_tipo_mgn": "MUNICIPIO", "area_km2_mgn_attribute": 162.4032314, "area_km2_calc": 162.40323139197383, "centroid_lat": 4.4369659502723868, "centroid_lon": -74.370511913208162 }, "geometry": { "type": "Point", "coordinates": [ -74.370511913208162, 4.436965950272387 ] } },
{ "type": "Feature", "properties": { "cod_dpto": "25", "cod_mpio": "25745", "departamento_mgn": "CUNDINAMARCA", "municipio_mgn": "SIMIJACA", "municipio_tipo_mgn": "MUNICIPIO", "area_km2_mgn_attribute": 96.58023927000001, "area_km2_calc": 96.5802392664894, "centroid_lat": 5.5097728940625865, "centroid_lon": -73.845193519570842 }, "geometry": { "type": "Point", "coordinates": [ -73.845193519570842, 5.509772894062587 ] } },
{ "type": "Feature", "properties": { "cod_dpto": "25", "cod_mpio": "25754", "departamento_mgn": "CUNDINAMARCA", "municipio_mgn": "SOACHA", "municipio_tipo_mgn": "MUNICIPIO", "area_km2_mgn_attribute": 187.2311208, "area_km2_calc": 187.23112079838162, "centroid_lat": 4.5375962418331266, "centroid_lon": -74.229928064907739 }, "geometry": { "type": "Point", "coordinates": [ -74.229928064907739, 4.537596241833127 ] } },
{ "type": "Feature", "properties": { "cod_dpto": "25", "cod_mpio": "25758", "departamento_mgn": "CUNDINAMARCA", "municipio_mgn": "SOPÓ", "municipio_tipo_mgn": "MUNICIPIO", "area_km2_mgn_attribute": 110.95131906, "area_km2_calc": 110.95131905724965, "centroid_lat": 4.8880504115219185, "centroid_lon": -73.965878157370852 }, "geometry": { "type": "Point", "coordinates": [ -73.965878157370852, 4.888050411521919 ] } },
{ "type": "Feature", "properties": { "cod_dpto": "25", "cod_mpio": "25769", "departamento_mgn": "CUNDINAMARCA", "municipio_mgn": "SUBACHOQUE", "municipio_tipo_mgn": "MUNICIPIO", "area_km2_mgn_attribute": 208.96738227, "area_km2_calc": 208.96738226596997, "centroid_lat": 4.9703545856688605, "centroid_lon": -74.156902317719386 }, "geometry": { "type": "Point", "coordinates": [ -74.156902317719386, 4.97035458566886 ] } },
{ "type": "Feature", "properties": { "cod_dpto": "25", "cod_mpio": "25772", "departamento_mgn": "CUNDINAMARCA", "municipio_mgn": "SUESCA", "municipio_tipo_mgn": "MUNICIPIO", "area_km2_mgn_attribute": 173.01819104, "area_km2_calc": 173.01819103840108, "centroid_lat": 5.1359894460670219, "centroid_lon": -73.782707274757698 }, "geometry": { "type": "Point", "coordinates": [ -73.782707274757698, 5.135989446067022 ] } },
{ "type": "Feature", "properties": { "cod_dpto": "25", "cod_mpio": "25777", "departamento_mgn": "CUNDINAMARCA", "municipio_mgn": "SUPATÁ", "municipio_tipo_mgn": "MUNICIPIO", "area_km2_mgn_attribute": 130.24027807, "area_km2_calc": 130.24027806411678, "centroid_lat": 5.0616929172952618, "centroid_lon": -74.231383502466272 }, "geometry": { "type": "Point", "coordinates": [ -74.231383502466272, 5.061692917295262 ] } },
{ "type": "Feature", "properties": { "cod_dpto": "25", "cod_mpio": "25779", "departamento_mgn": "CUNDINAMARCA", "municipio_mgn": "SUSA", "municipio_tipo_mgn": "MUNICIPIO", "area_km2_mgn_attribute": 104.00741428000001, "area_km2_calc": 104.00741427307848, "centroid_lat": 5.4400912297529525, "centroid_lon": -73.82392711669948 }, "geometry": { "type": "Point", "coordinates": [ -73.82392711669948, 5.440091229752952 ] } },
{ "type": "Feature", "properties": { "cod_dpto": "25", "cod_mpio": "25781", "departamento_mgn": "CUNDINAMARCA", "municipio_mgn": "SUTATAUSA", "municipio_tipo_mgn": "MUNICIPIO", "area_km2_mgn_attribute": 64.76025616, "area_km2_calc": 64.760256155274192, "centroid_lat": 5.2429089509945026, "centroid_lon": -73.85540377892292 }, "geometry": { "type": "Point", "coordinates": [ -73.85540377892292, 5.242908950994503 ] } },
{ "type": "Feature", "properties": { "cod_dpto": "25", "cod_mpio": "25785", "departamento_mgn": "CUNDINAMARCA", "municipio_mgn": "TABIO", "municipio_tipo_mgn": "MUNICIPIO", "area_km2_mgn_attribute": 75.10238052, "area_km2_calc": 75.102380515447464, "centroid_lat": 4.9515187693094429, "centroid_lon": -74.084497886433653 }, "geometry": { "type": "Point", "coordinates": [ -74.084497886433653, 4.951518769309443 ] } },
{ "type": "Feature", "properties": { "cod_dpto": "25", "cod_mpio": "25793", "departamento_mgn": "CUNDINAMARCA", "municipio_mgn": "TAUSA", "municipio_tipo_mgn": "MUNICIPIO", "area_km2_mgn_attribute": 201.60432195000001, "area_km2_calc": 201.60432194824304, "centroid_lat": 5.1939981254474397, "centroid_lon": -73.956315781024045 }, "geometry": { "type": "Point", "coordinates": [ -73.956315781024045, 5.19399812544744 ] } },
{ "type": "Feature", "properties": { "cod_dpto": "25", "cod_mpio": "25797", "departamento_mgn": "CUNDINAMARCA", "municipio_mgn": "TENA", "municipio_tipo_mgn": "MUNICIPIO", "area_km2_mgn_attribute": 51.38377779, "area_km2_calc": 51.383777791454705, "centroid_lat": 4.6515978140993495, "centroid_lon": -74.391827122952591 }, "geometry": { "type": "Point", "coordinates": [ -74.391827122952591, 4.651597814099349 ] } },
{ "type": "Feature", "properties": { "cod_dpto": "25", "cod_mpio": "25799", "departamento_mgn": "CUNDINAMARCA", "municipio_mgn": "TENJO", "municipio_tipo_mgn": "MUNICIPIO", "area_km2_mgn_attribute": 114.07161847, "area_km2_calc": 114.07161846902156, "centroid_lat": 4.8385376009010708, "centroid_lon": -74.146820663879481 }, "geometry": { "type": "Point", "coordinates": [ -74.146820663879481, 4.838537600901071 ] } },
{ "type": "Feature", "properties": { "cod_dpto": "25", "cod_mpio": "25805", "departamento_mgn": "CUNDINAMARCA", "municipio_mgn": "TIBACUY", "municipio_tipo_mgn": "MUNICIPIO", "area_km2_mgn_attribute": 84.68041536, "area_km2_calc": 84.680415356139264, "centroid_lat": 4.3213490676073247, "centroid_lon": -74.486683589176309 }, "geometry": { "type": "Point", "coordinates": [ -74.486683589176309, 4.321349067607325 ] } },
{ "type": "Feature", "properties": { "cod_dpto": "25", "cod_mpio": "25807", "departamento_mgn": "CUNDINAMARCA", "municipio_mgn": "TIBIRITA", "municipio_tipo_mgn": "MUNICIPIO", "area_km2_mgn_attribute": 56.4560247, "area_km2_calc": 56.45602469338332, "centroid_lat": 5.0841019710923545, "centroid_lon": -73.513625293976233 }, "geometry": { "type": "Point", "coordinates": [ -73.513625293976233, 5.084101971092355 ] } },
{ "type": "Feature", "properties": { "cod_dpto": "25", "cod_mpio": "25815", "departamento_mgn": "CUNDINAMARCA", "municipio_mgn": "TOCAIMA", "municipio_tipo_mgn": "MUNICIPIO", "area_km2_mgn_attribute": 245.55271969, "area_km2_calc": 245.55271968481921, "centroid_lat": 4.4520837420064554, "centroid_lon": -74.648601739467892 }, "geometry": { "type": "Point", "coordinates": [ -74.648601739467892, 4.452083742006455 ] } },
{ "type": "Feature", "properties": { "cod_dpto": "25", "cod_mpio": "25817", "departamento_mgn": "CUNDINAMARCA", "municipio_mgn": "TOCANCIPÁ", "municipio_tipo_mgn": "MUNICIPIO", "area_km2_mgn_attribute": 73.14173579, "area_km2_calc": 73.141735783391184, "centroid_lat": 4.9688525608278384, "centroid_lon": -73.928870578343279 }, "geometry": { "type": "Point", "coordinates": [ -73.928870578343279, 4.968852560827838 ] } },
{ "type": "Feature", "properties": { "cod_dpto": "25", "cod_mpio": "25823", "departamento_mgn": "CUNDINAMARCA", "municipio_mgn": "TOPAIPÍ", "municipio_tipo_mgn": "MUNICIPIO", "area_km2_mgn_attribute": 143.55154759000001, "area_km2_calc": 143.55154758266576, "centroid_lat": 5.3556889329332744, "centroid_lon": -74.28963986915906 }, "geometry": { "type": "Point", "coordinates": [ -74.28963986915906, 5.355688932933274 ] } },
{ "type": "Feature", "properties": { "cod_dpto": "25", "cod_mpio": "25839", "departamento_mgn": "CUNDINAMARCA", "municipio_mgn": "UBALÁ", "municipio_tipo_mgn": "MUNICIPIO", "area_km2_mgn_attribute": 521.57835240999998, "area_km2_calc": 521.57835238971415, "centroid_lat": 4.7590244258561096, "centroid_lon": -73.408269882256704 }, "geometry": { "type": "Point", "coordinates": [ -73.408269882256704, 4.75902442585611 ] } },
{ "type": "Feature", "properties": { "cod_dpto": "25", "cod_mpio": "25841", "departamento_mgn": "CUNDINAMARCA", "municipio_mgn": "UBAQUE", "municipio_tipo_mgn": "MUNICIPIO", "area_km2_mgn_attribute": 106.9501975, "area_km2_calc": 106.95019749816167, "centroid_lat": 4.5007547247955451, "centroid_lon": -73.975644542416603 }, "geometry": { "type": "Point", "coordinates": [ -73.975644542416603, 4.500754724795545 ] } },
{ "type": "Feature", "properties": { "cod_dpto": "25", "cod_mpio": "25843", "departamento_mgn": "CUNDINAMARCA", "municipio_mgn": "VILLA DE SAN DIEGO DE UBATÉ", "municipio_tipo_mgn": "MUNICIPIO", "area_km2_mgn_attribute": 102.13212793, "area_km2_calc": 102.13212792435573, "centroid_lat": 5.3160801810313361, "centroid_lon": -73.820106241959365 }, "geometry": { "type": "Point", "coordinates": [ -73.820106241959365, 5.316080181031336 ] } },
{ "type": "Feature", "properties": { "cod_dpto": "25", "cod_mpio": "25845", "departamento_mgn": "CUNDINAMARCA", "municipio_mgn": "UNE", "municipio_tipo_mgn": "MUNICIPIO", "area_km2_mgn_attribute": 208.86644198, "area_km2_calc": 208.86644197144508, "centroid_lat": 4.3017267754773822, "centroid_lon": -74.068093187369783 }, "geometry": { "type": "Point", "coordinates": [ -74.068093187369783, 4.301726775477382 ] } },
{ "type": "Feature", "properties": { "cod_dpto": "25", "cod_mpio": "25851", "departamento_mgn": "CUNDINAMARCA", "municipio_mgn": "ÚTICA", "municipio_tipo_mgn": "MUNICIPIO", "area_km2_mgn_attribute": 91.99365521, "area_km2_calc": 91.99365521160621, "centroid_lat": 5.1927940409819984, "centroid_lon": -74.477800820163367 }, "geometry": { "type": "Point", "coordinates": [ -74.477800820163367, 5.192794040981998 ] } },
{ "type": "Feature", "properties": { "cod_dpto": "25", "cod_mpio": "25862", "departamento_mgn": "CUNDINAMARCA", "municipio_mgn": "VERGARA", "municipio_tipo_mgn": "MUNICIPIO", "area_km2_mgn_attribute": 144.49244983, "area_km2_calc": 144.49244982112978, "centroid_lat": 5.1312668766680307, "centroid_lon": -74.309793475204188 }, "geometry": { "type": "Point", "coordinates": [ -74.309793475204188, 5.131266876668031 ] } },
{ "type": "Feature", "properties": { "cod_dpto": "25", "cod_mpio": "25867", "departamento_mgn": "CUNDINAMARCA", "municipio_mgn": "VIANÍ", "municipio_tipo_mgn": "MUNICIPIO", "area_km2_mgn_attribute": 67.05566023, "area_km2_calc": 67.055660226542017, "centroid_lat": 4.8891600948463037, "centroid_lon": -74.553459761393867 }, "geometry": { "type": "Point", "coordinates": [ -74.553459761393867, 4.889160094846304 ] } },
{ "type": "Feature", "properties": { "cod_dpto": "25", "cod_mpio": "25871", "departamento_mgn": "CUNDINAMARCA", "municipio_mgn": "VILLAGÓMEZ", "municipio_tipo_mgn": "MUNICIPIO", "area_km2_mgn_attribute": 62.89508354, "area_km2_calc": 62.895083542686066, "centroid_lat": 5.2706934001191366, "centroid_lon": -74.190742581043281 }, "geometry": { "type": "Point", "coordinates": [ -74.190742581043281, 5.270693400119137 ] } },
{ "type": "Feature", "properties": { "cod_dpto": "25", "cod_mpio": "25873", "departamento_mgn": "CUNDINAMARCA", "municipio_mgn": "VILLAPINZÓN", "municipio_tipo_mgn": "MUNICIPIO", "area_km2_mgn_attribute": 225.80392575, "area_km2_calc": 225.80392574632936, "centroid_lat": 5.2272969895249419, "centroid_lon": -73.577256777949117 }, "geometry": { "type": "Point", "coordinates": [ -73.577256777949117, 5.227296989524942 ] } },
{ "type": "Feature", "properties": { "cod_dpto": "25", "cod_mpio": "25875", "departamento_mgn": "CUNDINAMARCA", "municipio_mgn": "VILLETA", "municipio_tipo_mgn": "MUNICIPIO", "area_km2_mgn_attribute": 140.74946661000001, "area_km2_calc": 140.74946660213516, "centroid_lat": 5.01166934305102, "centroid_lon": -74.487648958560328 }, "geometry": { "type": "Point", "coordinates": [ -74.487648958560328, 5.01166934305102 ] } },
{ "type": "Feature", "properties": { "cod_dpto": "25", "cod_mpio": "25878", "departamento_mgn": "CUNDINAMARCA", "municipio_mgn": "VIOTÁ", "municipio_tipo_mgn": "MUNICIPIO", "area_km2_mgn_attribute": 201.13234245000001, "area_km2_calc": 201.13234244624735, "centroid_lat": 4.4360522674195559, "centroid_lon": -74.485436643298513 }, "geometry": { "type": "Point", "coordinates": [ -74.485436643298513, 4.436052267419556 ] } },
{ "type": "Feature", "properties": { "cod_dpto": "25", "cod_mpio": "25885", "departamento_mgn": "CUNDINAMARCA", "municipio_mgn": "YACOPÍ", "municipio_tipo_mgn": "MUNICIPIO", "area_km2_mgn_attribute": 955.76972476000003, "area_km2_calc": 955.76972472500916, "centroid_lat": 5.5918983268977973, "centroid_lon": -74.364801587490263 }, "geometry": { "type": "Point", "coordinates": [ -74.364801587490263, 5.591898326897797 ] } },
{ "type": "Feature", "properties": { "cod_dpto": "25", "cod_mpio": "25898", "departamento_mgn": "CUNDINAMARCA", "municipio_mgn": "ZIPACÓN", "municipio_tipo_mgn": "MUNICIPIO", "area_km2_mgn_attribute": 54.21375137, "area_km2_calc": 54.213751372491245, "centroid_lat": 4.7543209022898969, "centroid_lon": -74.38673535501843 }, "geometry": { "type": "Point", "coordinates": [ -74.38673535501843, 4.754320902289897 ] } },
{ "type": "Feature", "properties": { "cod_dpto": "25", "cod_mpio": "25899", "departamento_mgn": "CUNDINAMARCA", "municipio_mgn": "ZIPAQUIRÁ", "municipio_tipo_mgn": "MUNICIPIO", "area_km2_mgn_attribute": 194.57058308000001, "area_km2_calc": 194.57058307607787, "centroid_lat": 5.0461912748635145, "centroid_lon": -74.023078151320817 }, "geometry": { "type": "Point", "coordinates": [ -74.023078151320817, 5.046191274863514 ] } },
{ "type": "Feature", "properties": { "cod_dpto": "27", "cod_mpio": "27001", "departamento_mgn": "CHOCÓ", "municipio_mgn": "QUIBDÓ", "municipio_tipo_mgn": "MUNICIPIO", "area_km2_mgn_attribute": 3508.6445687700002, "area_km2_calc": 3508.6445693933142, "centroid_lat": 5.9389952814129083, "centroid_lon": -76.663841470479994 }, "geometry": { "type": "Point", "coordinates": [ -76.663841470479994, 5.938995281412908 ] } },
{ "type": "Feature", "properties": { "cod_dpto": "27", "cod_mpio": "27006", "departamento_mgn": "CHOCÓ", "municipio_mgn": "ACANDÍ", "municipio_tipo_mgn": "MUNICIPIO", "area_km2_mgn_attribute": 798.05666922, "area_km2_calc": 798.05666953673415, "centroid_lat": 8.4341352627905053, "centroid_lon": -77.289651870942492 }, "geometry": { "type": "Point", "coordinates": [ -77.289651870942492, 8.434135262790505 ] } },
{ "type": "Feature", "properties": { "cod_dpto": "27", "cod_mpio": "27025", "departamento_mgn": "CHOCÓ", "municipio_mgn": "ALTO BAUDÓ", "municipio_tipo_mgn": "MUNICIPIO", "area_km2_mgn_attribute": 2051.8824915800001, "area_km2_calc": 2051.8824922977192, "centroid_lat": 5.6367164578669566, "centroid_lon": -77.084188668863248 }, "geometry": { "type": "Point", "coordinates": [ -77.084188668863248, 5.636716457866957 ] } },
{ "type": "Feature", "properties": { "cod_dpto": "27", "cod_mpio": "27050", "departamento_mgn": "CHOCÓ", "municipio_mgn": "ATRATO", "municipio_tipo_mgn": "MUNICIPIO", "area_km2_mgn_attribute": 421.77390931000002, "area_km2_calc": 421.77390937080304, "centroid_lat": 5.560634357664739, "centroid_lon": -76.606130098635887 }, "geometry": { "type": "Point", "coordinates": [ -76.606130098635887, 5.560634357664739 ] } },
{ "type": "Feature", "properties": { "cod_dpto": "27", "cod_mpio": "27073", "departamento_mgn": "CHOCÓ", "municipio_mgn": "BAGADÓ", "municipio_tipo_mgn": "MUNICIPIO", "area_km2_mgn_attribute": 807.56873765, "area_km2_calc": 807.56873769098593, "centroid_lat": 5.5030989638404559, "centroid_lon": -76.198007941362974 }, "geometry": { "type": "Point", "coordinates": [ -76.198007941362974, 5.503098963840456 ] } },
{ "type": "Feature", "properties": { "cod_dpto": "27", "cod_mpio": "27075", "departamento_mgn": "CHOCÓ", "municipio_mgn": "BAHÍA SOLANO", "municipio_tipo_mgn": "MUNICIPIO", "area_km2_mgn_attribute": 896.04560937999997, "area_km2_calc": 896.04560983925774, "centroid_lat": 6.2900813940125611, "centroid_lon": -77.353791104637253 }, "geometry": { "type": "Point", "coordinates": [ -77.353791104637253, 6.290081394012561 ] } },
{ "type": "Feature", "properties": { "cod_dpto": "27", "cod_mpio": "27077", "departamento_mgn": "CHOCÓ", "municipio_mgn": "BAJO BAUDÓ", "municipio_tipo_mgn": "MUNICIPIO", "area_km2_mgn_attribute": 3482.1193693, "area_km2_calc": 3482.1193708577157, "centroid_lat": 5.0117710543717271, "centroid_lon": -77.217620428759744 }, "geometry": { "type": "Point", "coordinates": [ -77.217620428759744, 5.011771054371727 ] } },
{ "type": "Feature", "properties": { "cod_dpto": "27", "cod_mpio": "27099", "departamento_mgn": "CHOCÓ", "municipio_mgn": "BOJAYÁ", "municipio_tipo_mgn": "MUNICIPIO", "area_km2_mgn_attribute": 3633.2060780500001, "area_km2_calc": 3633.2060792956713, "centroid_lat": 6.4746153610575794, "centroid_lon": -77.09936973793144 }, "geometry": { "type": "Point", "coordinates": [ -77.09936973793144, 6.474615361057579 ] } },
{ "type": "Feature", "properties": { "cod_dpto": "27", "cod_mpio": "27135", "departamento_mgn": "CHOCÓ", "municipio_mgn": "EL CANTÓN DEL SAN PABLO", "municipio_tipo_mgn": "MUNICIPIO", "area_km2_mgn_attribute": 380.69365542999998, "area_km2_calc": 380.69365550864541, "centroid_lat": 5.3596657817643081, "centroid_lon": -76.772557206177865 }, "geometry": { "type": "Point", "coordinates": [ -76.772557206177865, 5.359665781764308 ] } },
{ "type": "Feature", "properties": { "cod_dpto": "27", "cod_mpio": "27150", "departamento_mgn": "CHOCÓ", "municipio_mgn": "CARMEN DEL DARIÉN", "municipio_tipo_mgn": "MUNICIPIO", "area_km2_mgn_attribute": 3369.5159540099999, "area_km2_calc": 3369.5159549218656, "centroid_lat": 7.0454315151688078, "centroid_lon": -76.959138578308298 }, "geometry": { "type": "Point", "coordinates": [ -76.959138578308298, 7.045431515168808 ] } },
{ "type": "Feature", "properties": { "cod_dpto": "27", "cod_mpio": "27160", "departamento_mgn": "CHOCÓ", "municipio_mgn": "CÉRTEGUI", "municipio_tipo_mgn": "MUNICIPIO", "area_km2_mgn_attribute": 423.51123740999998, "area_km2_calc": 423.51123746155719, "centroid_lat": 5.3898275277208949, "centroid_lon": -76.522659403314535 }, "geometry": { "type": "Point", "coordinates": [ -76.522659403314535, 5.389827527720895 ] } },
{ "type": "Feature", "properties": { "cod_dpto": "27", "cod_mpio": "27205", "departamento_mgn": "CHOCÓ", "municipio_mgn": "CONDOTO", "municipio_tipo_mgn": "MUNICIPIO", "area_km2_mgn_attribute": 467.88622177000002, "area_km2_calc": 467.88622182880249, "centroid_lat": 5.0737102662735296, "centroid_lon": -76.527545470986126 }, "geometry": { "type": "Point", "coordinates": [ -76.527545470986126, 5.07371026627353 ] } },
{ "type": "Feature", "properties": { "cod_dpto": "27", "cod_mpio": "27245", "departamento_mgn": "CHOCÓ", "municipio_mgn": "EL CARMEN DE ATRATO", "municipio_tipo_mgn": "MUNICIPIO", "area_km2_mgn_attribute": 830.29381258000001, "area_km2_calc": 830.29381262567699, "centroid_lat": 5.810924415196749, "centroid_lon": -76.191915403137841 }, "geometry": { "type": "Point", "coordinates": [ -76.191915403137841, 5.810924415196749 ] } },
{ "type": "Feature", "properties": { "cod_dpto": "27", "cod_mpio": "27250", "departamento_mgn": "CHOCÓ", "municipio_mgn": "EL LITORAL DEL SAN JUAN", "municipio_tipo_mgn": "MUNICIPIO", "area_km2_mgn_attribute": 4137.6843464000003, "area_km2_calc": 4137.6843477617858, "centroid_lat": 4.2472410450522684, "centroid_lon": -76.96280389840004 }, "geometry": { "type": "Point", "coordinates": [ -76.96280389840004, 4.247241045052268 ] } },
{ "type": "Feature", "properties": { "cod_dpto": "27", "cod_mpio": "27361", "departamento_mgn": "CHOCÓ", "municipio_mgn": "ISTMINA", "municipio_tipo_mgn": "MUNICIPIO", "area_km2_mgn_attribute": 1881.07207561, "area_km2_calc": 1881.0720760928818, "centroid_lat": 4.7396922167662385, "centroid_lon": -76.869205807758817 }, "geometry": { "type": "Point", "coordinates": [ -76.869205807758817, 4.739692216766239 ] } },
{ "type": "Feature", "properties": { "cod_dpto": "27", "cod_mpio": "27372", "departamento_mgn": "CHOCÓ", "municipio_mgn": "JURADÓ", "municipio_tipo_mgn": "MUNICIPIO", "area_km2_mgn_attribute": 1253.5116993900001, "area_km2_calc": 1253.5117003548055, "centroid_lat": 7.1033434164733738, "centroid_lon": -77.679674542647035 }, "geometry": { "type": "Point", "coordinates": [ -77.679674542647035, 7.103343416473374 ] } },
{ "type": "Feature", "properties": { "cod_dpto": "27", "cod_mpio": "27413", "departamento_mgn": "CHOCÓ", "municipio_mgn": "LLORÓ", "municipio_tipo_mgn": "MUNICIPIO", "area_km2_mgn_attribute": 843.12532178000004, "area_km2_calc": 843.1253218591371, "centroid_lat": 5.5850919967838326, "centroid_lon": -76.38547749175649 }, "geometry": { "type": "Point", "coordinates": [ -76.38547749175649, 5.585091996783833 ] } },
{ "type": "Feature", "properties": { "cod_dpto": "27", "cod_mpio": "27425", "departamento_mgn": "CHOCÓ", "municipio_mgn": "MEDIO ATRATO", "municipio_tipo_mgn": "MUNICIPIO", "area_km2_mgn_attribute": 1813.7518698199999, "area_km2_calc": 1813.7518701296017, "centroid_lat": 6.0338662145846804, "centroid_lon": -76.673571132805918 }, "geometry": { "type": "Point", "coordinates": [ -76.673571132805918, 6.03386621458468 ] } },
{ "type": "Feature", "properties": { "cod_dpto": "27", "cod_mpio": "27430", "departamento_mgn": "CHOCÓ", "municipio_mgn": "MEDIO BAUDÓ", "municipio_tipo_mgn": "MUNICIPIO", "area_km2_mgn_attribute": 1372.9456921000001, "area_km2_calc": 1372.94569253247, "centroid_lat": 5.1103739141034623, "centroid_lon": -76.995972133129968 }, "geometry": { "type": "Point", "coordinates": [ -76.995972133129968, 5.110373914103462 ] } },
{ "type": "Feature", "properties": { "cod_dpto": "27", "cod_mpio": "27450", "departamento_mgn": "CHOCÓ", "municipio_mgn": "MEDIO SAN JUAN", "municipio_tipo_mgn": "MUNICIPIO", "area_km2_mgn_attribute": 663.78566816, "area_km2_calc": 663.78566830571117, "centroid_lat": 4.81417967294598, "centroid_lon": -76.803680551748513 }, "geometry": { "type": "Point", "coordinates": [ -76.803680551748513, 4.81417967294598 ] } },
{ "type": "Feature", "properties": { "cod_dpto": "27", "cod_mpio": "27491", "departamento_mgn": "CHOCÓ", "municipio_mgn": "NÓVITA", "municipio_tipo_mgn": "MUNICIPIO", "area_km2_mgn_attribute": 945.67386346000001, "area_km2_calc": 945.67386360659509, "centroid_lat": 4.8531594672973464, "centroid_lon": -76.618232141243681 }, "geometry": { "type": "Point", "coordinates": [ -76.618232141243681, 4.853159467297346 ] } },
{ "type": "Feature", "properties": { "cod_dpto": "27", "cod_mpio": "27493", "departamento_mgn": "CHOCÓ", "municipio_mgn": "NUEVO BELÉN DE BAJIRÁ", "municipio_tipo_mgn": "MUNICIPIO", "area_km2_mgn_attribute": 1289.26001079, "area_km2_calc": 1289.2600110549197, "centroid_lat": 7.4530513137521099, "centroid_lon": -76.836201790161354 }, "geometry": { "type": "Point", "coordinates": [ -76.836201790161354, 7.45305131375211 ] } },
{ "type": "Feature", "properties": { "cod_dpto": "27", "cod_mpio": "27495", "departamento_mgn": "CHOCÓ", "municipio_mgn": "NUQUÍ", "municipio_tipo_mgn": "MUNICIPIO", "area_km2_mgn_attribute": 704.65160805999994, "area_km2_calc": 704.65160840269687, "centroid_lat": 5.6900234326865835, "centroid_lon": -77.293000064516903 }, "geometry": { "type": "Point", "coordinates": [ -77.293000064516903, 5.690023432686584 ] } },
{ "type": "Feature", "properties": { "cod_dpto": "27", "cod_mpio": "27580", "departamento_mgn": "CHOCÓ", "municipio_mgn": "RÍO IRÓ", "municipio_tipo_mgn": "MUNICIPIO", "area_km2_mgn_attribute": 325.21652992999998, "area_km2_calc": 325.21652996986944, "centroid_lat": 5.1726706741703561, "centroid_lon": -76.484485698267378 }, "geometry": { "type": "Point", "coordinates": [ -76.484485698267378, 5.172670674170356 ] } },
{ "type": "Feature", "properties": { "cod_dpto": "27", "cod_mpio": "27600", "departamento_mgn": "CHOCÓ", "municipio_mgn": "RÍO QUITO", "municipio_tipo_mgn": "MUNICIPIO", "area_km2_mgn_attribute": 699.33724428000005, "area_km2_calc": 699.33724443180142, "centroid_lat": 5.5675334384524175, "centroid_lon": -76.811583787319179 }, "geometry": { "type": "Point", "coordinates": [ -76.811583787319179, 5.567533438452418 ] } },
{ "type": "Feature", "properties": { "cod_dpto": "27", "cod_mpio": "27615", "departamento_mgn": "CHOCÓ", "municipio_mgn": "RIOSUCIO", "municipio_tipo_mgn": "MUNICIPIO", "area_km2_mgn_attribute": 6139.6155714699998, "area_km2_calc": 6139.6155744021444, "centroid_lat": 7.3808850067523908, "centroid_lon": -77.342249124062974 }, "geometry": { "type": "Point", "coordinates": [ -77.342249124062974, 7.380885006752391 ] } },
{ "type": "Feature", "properties": { "cod_dpto": "27", "cod_mpio": "27660", "departamento_mgn": "CHOCÓ", "municipio_mgn": "SAN JOSÉ DEL PALMAR", "municipio_tipo_mgn": "MUNICIPIO", "area_km2_mgn_attribute": 1582.52436582, "area_km2_calc": 1582.5243659316354, "centroid_lat": 4.9587154659681802, "centroid_lon": -76.280064311615973 }, "geometry": { "type": "Point", "coordinates": [ -76.280064311615973, 4.95871546596818 ] } },
{ "type": "Feature", "properties": { "cod_dpto": "27", "cod_mpio": "27745", "departamento_mgn": "CHOCÓ", "municipio_mgn": "SIPÍ", "municipio_tipo_mgn": "MUNICIPIO", "area_km2_mgn_attribute": 1577.45326155, "area_km2_calc": 1577.453261769055, "centroid_lat": 4.5944102906641877, "centroid_lon": -76.541655372207842 }, "geometry": { "type": "Point", "coordinates": [ -76.541655372207842, 4.594410290664188 ] } },
{ "type": "Feature", "properties": { "cod_dpto": "27", "cod_mpio": "27787", "departamento_mgn": "CHOCÓ", "municipio_mgn": "TADÓ", "municipio_tipo_mgn": "MUNICIPIO", "area_km2_mgn_attribute": 714.99308701999996, "area_km2_calc": 714.99308708108447, "centroid_lat": 5.2661103775997447, "centroid_lon": -76.331124417698803 }, "geometry": { "type": "Point", "coordinates": [ -76.331124417698803, 5.266110377599745 ] } },
{ "type": "Feature", "properties": { "cod_dpto": "27", "cod_mpio": "27800", "departamento_mgn": "CHOCÓ", "municipio_mgn": "UNGUÍA", "municipio_tipo_mgn": "MUNICIPIO", "area_km2_mgn_attribute": 1191.1601389099999, "area_km2_calc": 1191.1601392692885, "centroid_lat": 8.1172690316816212, "centroid_lon": -77.103728852712024 }, "geometry": { "type": "Point", "coordinates": [ -77.103728852712024, 8.117269031681621 ] } },
{ "type": "Feature", "properties": { "cod_dpto": "27", "cod_mpio": "27810", "departamento_mgn": "CHOCÓ", "municipio_mgn": "UNIÓN PANAMERICANA", "municipio_tipo_mgn": "MUNICIPIO", "area_km2_mgn_attribute": 177.83753322000001, "area_km2_calc": 177.83753324731907, "centroid_lat": 5.2852750577734229, "centroid_lon": -76.645397800781879 }, "geometry": { "type": "Point", "coordinates": [ -76.645397800781879, 5.285275057773423 ] } },
{ "type": "Feature", "properties": { "cod_dpto": "41", "cod_mpio": "41001", "departamento_mgn": "HUILA", "municipio_mgn": "NEIVA", "municipio_tipo_mgn": "MUNICIPIO", "area_km2_mgn_attribute": 1269.2178537, "area_km2_calc": 1269.217853670079, "centroid_lat": 2.9933997665577263, "centroid_lon": -75.272378685200835 }, "geometry": { "type": "Point", "coordinates": [ -75.272378685200835, 2.993399766557726 ] } },
{ "type": "Feature", "properties": { "cod_dpto": "41", "cod_mpio": "41006", "departamento_mgn": "HUILA", "municipio_mgn": "ACEVEDO", "municipio_tipo_mgn": "MUNICIPIO", "area_km2_mgn_attribute": 521.80771888000004, "area_km2_calc": 521.80771889434357, "centroid_lat": 1.7121166683559055, "centroid_lon": -75.991590624248005 }, "geometry": { "type": "Point", "coordinates": [ -75.991590624248005, 1.712116668355905 ] } },
{ "type": "Feature", "properties": { "cod_dpto": "41", "cod_mpio": "41013", "departamento_mgn": "HUILA", "municipio_mgn": "AGRADO", "municipio_tipo_mgn": "MUNICIPIO", "area_km2_mgn_attribute": 273.68705437, "area_km2_calc": 273.68705437225282, "centroid_lat": 2.269749878593037, "centroid_lon": -75.716323985953764 }, "geometry": { "type": "Point", "coordinates": [ -75.716323985953764, 2.269749878593037 ] } },
{ "type": "Feature", "properties": { "cod_dpto": "41", "cod_mpio": "41016", "departamento_mgn": "HUILA", "municipio_mgn": "AIPE", "municipio_tipo_mgn": "MUNICIPIO", "area_km2_mgn_attribute": 795.30817987, "area_km2_calc": 795.30817985765361, "centroid_lat": 3.2623717903345741, "centroid_lon": -75.352637132552971 }, "geometry": { "type": "Point", "coordinates": [ -75.352637132552971, 3.262371790334574 ] } },
{ "type": "Feature", "properties": { "cod_dpto": "41", "cod_mpio": "41020", "departamento_mgn": "HUILA", "municipio_mgn": "ALGECIRAS", "municipio_tipo_mgn": "MUNICIPIO", "area_km2_mgn_attribute": 589.42711258999998, "area_km2_calc": 589.42711257852943, "centroid_lat": 2.4978349751666227, "centroid_lon": -75.291366197347855 }, "geometry": { "type": "Point", "coordinates": [ -75.291366197347855, 2.497834975166623 ] } },
{ "type": "Feature", "properties": { "cod_dpto": "41", "cod_mpio": "41026", "departamento_mgn": "HUILA", "municipio_mgn": "ALTAMIRA", "municipio_tipo_mgn": "MUNICIPIO", "area_km2_mgn_attribute": 180.95237477000001, "area_km2_calc": 180.95237476963075, "centroid_lat": 2.0792243668616965, "centroid_lon": -75.768587952413057 }, "geometry": { "type": "Point", "coordinates": [ -75.768587952413057, 2.079224366861697 ] } },
{ "type": "Feature", "properties": { "cod_dpto": "41", "cod_mpio": "41078", "departamento_mgn": "HUILA", "municipio_mgn": "BARAYA", "municipio_tipo_mgn": "MUNICIPIO", "area_km2_mgn_attribute": 785.47926633999998, "area_km2_calc": 785.47926631342648, "centroid_lat": 3.1354254995451507, "centroid_lon": -74.957984402386032 }, "geometry": { "type": "Point", "coordinates": [ -74.957984402386032, 3.135425499545151 ] } },
{ "type": "Feature", "properties": { "cod_dpto": "41", "cod_mpio": "41132", "departamento_mgn": "HUILA", "municipio_mgn": "CAMPOALEGRE", "municipio_tipo_mgn": "MUNICIPIO", "area_km2_mgn_attribute": 462.60528607999998, "area_km2_calc": 462.60528607052356, "centroid_lat": 2.6586644447343164, "centroid_lon": -75.32944438811991 }, "geometry": { "type": "Point", "coordinates": [ -75.32944438811991, 2.658664444734316 ] } },
{ "type": "Feature", "properties": { "cod_dpto": "41", "cod_mpio": "41206", "departamento_mgn": "HUILA", "municipio_mgn": "COLOMBIA", "municipio_tipo_mgn": "MUNICIPIO", "area_km2_mgn_attribute": 1583.6230539799999, "area_km2_calc": 1583.623053929374, "centroid_lat": 3.4519318737644822, "centroid_lon": -74.678332797393367 }, "geometry": { "type": "Point", "coordinates": [ -74.678332797393367, 3.451931873764482 ] } },
{ "type": "Feature", "properties": { "cod_dpto": "41", "cod_mpio": "41244", "departamento_mgn": "HUILA", "municipio_mgn": "ELÍAS", "municipio_tipo_mgn": "MUNICIPIO", "area_km2_mgn_attribute": 80.44114384, "area_km2_calc": 80.441143840680439, "centroid_lat": 2.0062466312057938, "centroid_lon": -75.950920859685283 }, "geometry": { "type": "Point", "coordinates": [ -75.950920859685283, 2.006246631205794 ] } },
{ "type": "Feature", "properties": { "cod_dpto": "41", "cod_mpio": "41298", "departamento_mgn": "HUILA", "municipio_mgn": "GARZÓN", "municipio_tipo_mgn": "MUNICIPIO", "area_km2_mgn_attribute": 606.35457874999997, "area_km2_calc": 606.35457874369649, "centroid_lat": 2.1724344922159973, "centroid_lon": -75.571323156715948 }, "geometry": { "type": "Point", "coordinates": [ -75.571323156715948, 2.172434492215997 ] } },
{ "type": "Feature", "properties": { "cod_dpto": "41", "cod_mpio": "41306", "departamento_mgn": "HUILA", "municipio_mgn": "GIGANTE", "municipio_tipo_mgn": "MUNICIPIO", "area_km2_mgn_attribute": 503.56427139, "area_km2_calc": 503.56427138428177, "centroid_lat": 2.3717781194855161, "centroid_lon": -75.517002437477657 }, "geometry": { "type": "Point", "coordinates": [ -75.517002437477657, 2.371778119485516 ] } },
{ "type": "Feature", "properties": { "cod_dpto": "41", "cod_mpio": "41319", "departamento_mgn": "HUILA", "municipio_mgn": "GUADALUPE", "municipio_tipo_mgn": "MUNICIPIO", "area_km2_mgn_attribute": 249.56357746, "area_km2_calc": 249.56357746014015, "centroid_lat": 1.9843938875117035, "centroid_lon": -75.696937845063786 }, "geometry": { "type": "Point", "coordinates": [ -75.696937845063786, 1.984393887511704 ] } },
{ "type": "Feature", "properties": { "cod_dpto": "41", "cod_mpio": "41349", "departamento_mgn": "HUILA", "municipio_mgn": "HOBO", "municipio_tipo_mgn": "MUNICIPIO", "area_km2_mgn_attribute": 194.1671999, "area_km2_calc": 194.1671998943591, "centroid_lat": 2.5416533100163967, "centroid_lon": -75.447811961141156 }, "geometry": { "type": "Point", "coordinates": [ -75.447811961141156, 2.541653310016397 ] } },
{ "type": "Feature", "properties": { "cod_dpto": "41", "cod_mpio": "41357", "departamento_mgn": "HUILA", "municipio_mgn": "ÍQUIRA", "municipio_tipo_mgn": "MUNICIPIO", "area_km2_mgn_attribute": 356.44701795999998, "area_km2_calc": 356.44701796357037, "centroid_lat": 2.6915205544111789, "centroid_lon": -75.673831495314872 }, "geometry": { "type": "Point", "coordinates": [ -75.673831495314872, 2.691520554411179 ] } },
{ "type": "Feature", "properties": { "cod_dpto": "41", "cod_mpio": "41359", "departamento_mgn": "HUILA", "municipio_mgn": "ISNOS", "municipio_tipo_mgn": "MUNICIPIO", "area_km2_mgn_attribute": 370.7286939, "area_km2_calc": 370.72869392569316, "centroid_lat": 2.006800146706512, "centroid_lon": -76.256366267398178 }, "geometry": { "type": "Point", "coordinates": [ -76.256366267398178, 2.006800146706512 ] } },
{ "type": "Feature", "properties": { "cod_dpto": "41", "cod_mpio": "41378", "departamento_mgn": "HUILA", "municipio_mgn": "LA ARGENTINA", "municipio_tipo_mgn": "MUNICIPIO", "area_km2_mgn_attribute": 356.45765858, "area_km2_calc": 356.45765860339094, "centroid_lat": 2.1814633091650633, "centroid_lon": -76.117852143680494 }, "geometry": { "type": "Point", "coordinates": [ -76.117852143680494, 2.181463309165063 ] } },
{ "type": "Feature", "properties": { "cod_dpto": "41", "cod_mpio": "41396", "departamento_mgn": "HUILA", "municipio_mgn": "LA PLATA", "municipio_tipo_mgn": "MUNICIPIO", "area_km2_mgn_attribute": 814.67135451000001, "area_km2_calc": 814.67135453871322, "centroid_lat": 2.3280654354274191, "centroid_lon": -76.001192086948379 }, "geometry": { "type": "Point", "coordinates": [ -76.001192086948379, 2.328065435427419 ] } },
{ "type": "Feature", "properties": { "cod_dpto": "41", "cod_mpio": "41483", "departamento_mgn": "HUILA", "municipio_mgn": "NÁTAGA", "municipio_tipo_mgn": "MUNICIPIO", "area_km2_mgn_attribute": 131.92458585, "area_km2_calc": 131.92458584956253, "centroid_lat": 2.5760628609523972, "centroid_lon": -75.7869385703669 }, "geometry": { "type": "Point", "coordinates": [ -75.7869385703669, 2.576062860952397 ] } },
{ "type": "Feature", "properties": { "cod_dpto": "41", "cod_mpio": "41503", "departamento_mgn": "HUILA", "municipio_mgn": "OPORAPA", "municipio_tipo_mgn": "MUNICIPIO", "area_km2_mgn_attribute": 155.82072211, "area_km2_calc": 155.82072211460454, "centroid_lat": 2.0611921759977792, "centroid_lon": -76.041106711117394 }, "geometry": { "type": "Point", "coordinates": [ -76.041106711117394, 2.061192175997779 ] } },
{ "type": "Feature", "properties": { "cod_dpto": "41", "cod_mpio": "41518", "departamento_mgn": "HUILA", "municipio_mgn": "PAICOL", "municipio_tipo_mgn": "MUNICIPIO", "area_km2_mgn_attribute": 278.26742359000002, "area_km2_calc": 278.26742358795468, "centroid_lat": 2.406899396085616, "centroid_lon": -75.72803876286271 }, "geometry": { "type": "Point", "coordinates": [ -75.72803876286271, 2.406899396085616 ] } },
{ "type": "Feature", "properties": { "cod_dpto": "41", "cod_mpio": "41524", "departamento_mgn": "HUILA", "municipio_mgn": "PALERMO", "municipio_tipo_mgn": "MUNICIPIO", "area_km2_mgn_attribute": 883.95689020999998, "area_km2_calc": 883.95689019448571, "centroid_lat": 2.9144915017168431, "centroid_lon": -75.440668066576023 }, "geometry": { "type": "Point", "coordinates": [ -75.440668066576023, 2.914491501716843 ] } },
{ "type": "Feature", "properties": { "cod_dpto": "41", "cod_mpio": "41530", "departamento_mgn": "HUILA", "municipio_mgn": "PALESTINA", "municipio_tipo_mgn": "MUNICIPIO", "area_km2_mgn_attribute": 196.96122927, "area_km2_calc": 196.9612292811629, "centroid_lat": 1.6789179159182399, "centroid_lon": -76.146912033201886 }, "geometry": { "type": "Point", "coordinates": [ -76.146912033201886, 1.67891791591824 ] } },
{ "type": "Feature", "properties": { "cod_dpto": "41", "cod_mpio": "41548", "departamento_mgn": "HUILA", "municipio_mgn": "PITAL", "municipio_tipo_mgn": "MUNICIPIO", "area_km2_mgn_attribute": 193.6432746, "area_km2_calc": 193.64327460532235, "centroid_lat": 2.2596020509772687, "centroid_lon": -75.831954038779344 }, "geometry": { "type": "Point", "coordinates": [ -75.831954038779344, 2.259602050977269 ] } },
{ "type": "Feature", "properties": { "cod_dpto": "41", "cod_mpio": "41551", "departamento_mgn": "HUILA", "municipio_mgn": "PITALITO", "municipio_tipo_mgn": "MUNICIPIO", "area_km2_mgn_attribute": 630.73166155000001, "area_km2_calc": 630.73166158185222, "centroid_lat": 1.8278903963153597, "centroid_lon": -76.119213363521482 }, "geometry": { "type": "Point", "coordinates": [ -76.119213363521482, 1.82789039631536 ] } },
{ "type": "Feature", "properties": { "cod_dpto": "41", "cod_mpio": "41615", "departamento_mgn": "HUILA", "municipio_mgn": "RIVERA", "municipio_tipo_mgn": "MUNICIPIO", "area_km2_mgn_attribute": 251.10959736000001, "area_km2_calc": 251.1095973539355, "centroid_lat": 2.7822254751467024, "centroid_lon": -75.235546887859229 }, "geometry": { "type": "Point", "coordinates": [ -75.235546887859229, 2.782225475146702 ] } },
{ "type": "Feature", "properties": { "cod_dpto": "41", "cod_mpio": "41660", "departamento_mgn": "HUILA", "municipio_mgn": "SALADOBLANCO", "municipio_tipo_mgn": "MUNICIPIO", "area_km2_mgn_attribute": 466.72716475, "area_km2_calc": 466.72716478468948, "centroid_lat": 2.1003981351916994, "centroid_lon": -76.228991571611544 }, "geometry": { "type": "Point", "coordinates": [ -76.228991571611544, 2.100398135191699 ] } },
{ "type": "Feature", "properties": { "cod_dpto": "41", "cod_mpio": "41668", "departamento_mgn": "HUILA", "municipio_mgn": "SAN AGUSTÍN", "municipio_tipo_mgn": "MUNICIPIO", "area_km2_mgn_attribute": 1390.85045984, "area_km2_calc": 1390.8504599985054, "centroid_lat": 1.9241763345359073, "centroid_lon": -76.416578098468293 }, "geometry": { "type": "Point", "coordinates": [ -76.416578098468293, 1.924176334535907 ] } },
{ "type": "Feature", "properties": { "cod_dpto": "41", "cod_mpio": "41676", "departamento_mgn": "HUILA", "municipio_mgn": "SANTA MARÍA", "municipio_tipo_mgn": "MUNICIPIO", "area_km2_mgn_attribute": 339.30521757000002, "area_km2_calc": 339.30521756948735, "centroid_lat": 2.9262647129260806, "centroid_lon": -75.633605453127302 }, "geometry": { "type": "Point", "coordinates": [ -75.633605453127302, 2.926264712926081 ] } },
{ "type": "Feature", "properties": { "cod_dpto": "41", "cod_mpio": "41770", "departamento_mgn": "HUILA", "municipio_mgn": "SUAZA", "municipio_tipo_mgn": "MUNICIPIO", "area_km2_mgn_attribute": 429.62347226000003, "area_km2_calc": 429.623472263667, "centroid_lat": 1.8709916532818971, "centroid_lon": -75.807989275194601 }, "geometry": { "type": "Point", "coordinates": [ -75.807989275194601, 1.870991653281897 ] } },
{ "type": "Feature", "properties": { "cod_dpto": "41", "cod_mpio": "41791", "departamento_mgn": "HUILA", "municipio_mgn": "TARQUI", "municipio_tipo_mgn": "MUNICIPIO", "area_km2_mgn_attribute": 362.79091684000002, "area_km2_calc": 362.79091685081579, "centroid_lat": 2.1302783443498665, "centroid_lon": -75.875356965420949 }, "geometry": { "type": "Point", "coordinates": [ -75.875356965420949, 2.130278344349867 ] } },
{ "type": "Feature", "properties": { "cod_dpto": "41", "cod_mpio": "41797", "departamento_mgn": "HUILA", "municipio_mgn": "TESALIA", "municipio_tipo_mgn": "MUNICIPIO", "area_km2_mgn_attribute": 366.95722575999997, "area_km2_calc": 366.9572257605389, "centroid_lat": 2.5268560357850229, "centroid_lon": -75.682599674941756 }, "geometry": { "type": "Point", "coordinates": [ -75.682599674941756, 2.526856035785023 ] } },
{ "type": "Feature", "properties": { "cod_dpto": "41", "cod_mpio": "41799", "departamento_mgn": "HUILA", "municipio_mgn": "TELLO", "municipio_tipo_mgn": "MUNICIPIO", "area_km2_mgn_attribute": 530.12226768999994, "area_km2_calc": 530.12226767762695, "centroid_lat": 3.030615503825882, "centroid_lon": -75.085367301914104 }, "geometry": { "type": "Point", "coordinates": [ -75.085367301914104, 3.030615503825882 ] } },
{ "type": "Feature", "properties": { "cod_dpto": "41", "cod_mpio": "41801", "departamento_mgn": "HUILA", "municipio_mgn": "TERUEL", "municipio_tipo_mgn": "MUNICIPIO", "area_km2_mgn_attribute": 471.6562079, "area_km2_calc": 471.65620790610245, "centroid_lat": 2.8241373373173957, "centroid_lon": -75.714380337021538 }, "geometry": { "type": "Point", "coordinates": [ -75.714380337021538, 2.824137337317396 ] } },
{ "type": "Feature", "properties": { "cod_dpto": "41", "cod_mpio": "41807", "departamento_mgn": "HUILA", "municipio_mgn": "TIMANÁ", "municipio_tipo_mgn": "MUNICIPIO", "area_km2_mgn_attribute": 185.72162668000001, "area_km2_calc": 185.72162668896442, "centroid_lat": 1.9507112225272765, "centroid_lon": -75.91758149239439 }, "geometry": { "type": "Point", "coordinates": [ -75.91758149239439, 1.950711222527276 ] } },
{ "type": "Feature", "properties": { "cod_dpto": "41", "cod_mpio": "41872", "departamento_mgn": "HUILA", "municipio_mgn": "VILLAVIEJA", "municipio_tipo_mgn": "MUNICIPIO", "area_km2_mgn_attribute": 543.62965785999995, "area_km2_calc": 543.62965784446396, "centroid_lat": 3.2870505739573113, "centroid_lon": -75.138389644327248 }, "geometry": { "type": "Point", "coordinates": [ -75.138389644327248, 3.287050573957311 ] } },
{ "type": "Feature", "properties": { "cod_dpto": "41", "cod_mpio": "41885", "departamento_mgn": "HUILA", "municipio_mgn": "YAGUARÁ", "municipio_tipo_mgn": "MUNICIPIO", "area_km2_mgn_attribute": 332.81672578000001, "area_km2_calc": 332.8167257723606, "centroid_lat": 2.6465570390247763, "centroid_lon": -75.515930625275473 }, "geometry": { "type": "Point", "coordinates": [ -75.515930625275473, 2.646557039024776 ] } },
{ "type": "Feature", "properties": { "cod_dpto": "44", "cod_mpio": "44001", "departamento_mgn": "LA GUAJIRA", "municipio_mgn": "RIOHACHA", "municipio_tipo_mgn": "MUNICIPIO", "area_km2_mgn_attribute": 3082.55855711, "area_km2_calc": 3082.5585570220146, "centroid_lat": 11.242948156384044, "centroid_lon": -72.958848110771754 }, "geometry": { "type": "Point", "coordinates": [ -72.958848110771754, 11.242948156384044 ] } },
{ "type": "Feature", "properties": { "cod_dpto": "44", "cod_mpio": "44035", "departamento_mgn": "LA GUAJIRA", "municipio_mgn": "ALBANIA", "municipio_tipo_mgn": "MUNICIPIO", "area_km2_mgn_attribute": 544.80449064000004, "area_km2_calc": 544.80449062726007, "centroid_lat": 11.228677794263643, "centroid_lon": -72.532096260970292 }, "geometry": { "type": "Point", "coordinates": [ -72.532096260970292, 11.228677794263643 ] } },
{ "type": "Feature", "properties": { "cod_dpto": "44", "cod_mpio": "44078", "departamento_mgn": "LA GUAJIRA", "municipio_mgn": "BARRANCAS", "municipio_tipo_mgn": "MUNICIPIO", "area_km2_mgn_attribute": 799.22704815999998, "area_km2_calc": 799.22704813462735, "centroid_lat": 10.98941390482803, "centroid_lon": -72.686750106150669 }, "geometry": { "type": "Point", "coordinates": [ -72.686750106150669, 10.98941390482803 ] } },
{ "type": "Feature", "properties": { "cod_dpto": "44", "cod_mpio": "44090", "departamento_mgn": "LA GUAJIRA", "municipio_mgn": "DIBULLA", "municipio_tipo_mgn": "MUNICIPIO", "area_km2_mgn_attribute": 1746.8232191899999, "area_km2_calc": 1746.8232191344939, "centroid_lat": 11.09032237612529, "centroid_lon": -73.435723853455173 }, "geometry": { "type": "Point", "coordinates": [ -73.435723853455173, 11.09032237612529 ] } },
{ "type": "Feature", "properties": { "cod_dpto": "44", "cod_mpio": "44098", "departamento_mgn": "LA GUAJIRA", "municipio_mgn": "DISTRACCIÓN", "municipio_tipo_mgn": "MUNICIPIO", "area_km2_mgn_attribute": 231.4143632, "area_km2_calc": 231.41436319375208, "centroid_lat": 10.92504197222971, "centroid_lon": -72.944432423591778 }, "geometry": { "type": "Point", "coordinates": [ -72.944432423591778, 10.92504197222971 ] } },
{ "type": "Feature", "properties": { "cod_dpto": "44", "cod_mpio": "44110", "departamento_mgn": "LA GUAJIRA", "municipio_mgn": "EL MOLINO", "municipio_tipo_mgn": "MUNICIPIO", "area_km2_mgn_attribute": 241.69672951000001, "area_km2_calc": 241.69672950414363, "centroid_lat": 10.636696246269638, "centroid_lon": -72.885835038336083 }, "geometry": { "type": "Point", "coordinates": [ -72.885835038336083, 10.636696246269638 ] } },
{ "type": "Feature", "properties": { "cod_dpto": "44", "cod_mpio": "44279", "departamento_mgn": "LA GUAJIRA", "municipio_mgn": "FONSECA", "municipio_tipo_mgn": "MUNICIPIO", "area_km2_mgn_attribute": 472.54303550999998, "area_km2_calc": 472.54303549966062, "centroid_lat": 10.828356809413927, "centroid_lon": -72.801798027136684 }, "geometry": { "type": "Point", "coordinates": [ -72.801798027136684, 10.828356809413927 ] } },
{ "type": "Feature", "properties": { "cod_dpto": "44", "cod_mpio": "44378", "departamento_mgn": "LA GUAJIRA", "municipio_mgn": "HATONUEVO", "municipio_tipo_mgn": "MUNICIPIO", "area_km2_mgn_attribute": 214.18672248, "area_km2_calc": 214.18672247067772, "centroid_lat": 11.099523160743283, "centroid_lon": -72.732489486569008 }, "geometry": { "type": "Point", "coordinates": [ -72.732489486569008, 11.099523160743283 ] } },
{ "type": "Feature", "properties": { "cod_dpto": "44", "cod_mpio": "44420", "departamento_mgn": "LA GUAJIRA", "municipio_mgn": "LA JAGUA DEL PILAR", "municipio_tipo_mgn": "MUNICIPIO", "area_km2_mgn_attribute": 179.25010935, "area_km2_calc": 179.25010934017456, "centroid_lat": 10.458096698317807, "centroid_lon": -73.072089375389311 }, "geometry": { "type": "Point", "coordinates": [ -73.072089375389311, 10.458096698317807 ] } },
{ "type": "Feature", "properties": { "cod_dpto": "44", "cod_mpio": "44430", "departamento_mgn": "LA GUAJIRA", "municipio_mgn": "MAICAO", "municipio_tipo_mgn": "MUNICIPIO", "area_km2_mgn_attribute": 1764.50970792, "area_km2_calc": 1764.5097078647982, "centroid_lat": 11.381568429977793, "centroid_lon": -72.295051197289666 }, "geometry": { "type": "Point", "coordinates": [ -72.295051197289666, 11.381568429977793 ] } },
{ "type": "Feature", "properties": { "cod_dpto": "44", "cod_mpio": "44560", "departamento_mgn": "LA GUAJIRA", "municipio_mgn": "MANAURE", "municipio_tipo_mgn": "MUNICIPIO", "area_km2_mgn_attribute": 1615.54764155, "area_km2_calc": 1615.5476414990105, "centroid_lat": 11.605526224637053, "centroid_lon": -72.571572769086728 }, "geometry": { "type": "Point", "coordinates": [ -72.571572769086728, 11.605526224637053 ] } },
{ "type": "Feature", "properties": { "cod_dpto": "44", "cod_mpio": "44650", "departamento_mgn": "LA GUAJIRA", "municipio_mgn": "SAN JUAN DEL CESAR", "municipio_tipo_mgn": "MUNICIPIO", "area_km2_mgn_attribute": 1308.5567966799999, "area_km2_calc": 1308.556796642994, "centroid_lat": 10.813187070639358, "centroid_lon": -73.086175395709461 }, "geometry": { "type": "Point", "coordinates": [ -73.086175395709461, 10.813187070639358 ] } },
{ "type": "Feature", "properties": { "cod_dpto": "44", "cod_mpio": "44847", "departamento_mgn": "LA GUAJIRA", "municipio_mgn": "URIBIA", "municipio_tipo_mgn": "MUNICIPIO", "area_km2_mgn_attribute": 7866.02090942, "area_km2_calc": 7866.0209092014102, "centroid_lat": 11.999772335251039, "centroid_lon": -71.749070321914957 }, "geometry": { "type": "Point", "coordinates": [ -71.749070321914957, 11.999772335251039 ] } },
{ "type": "Feature", "properties": { "cod_dpto": "44", "cod_mpio": "44855", "departamento_mgn": "LA GUAJIRA", "municipio_mgn": "URUMITA", "municipio_tipo_mgn": "MUNICIPIO", "area_km2_mgn_attribute": 245.79394937000001, "area_km2_calc": 245.79394936706441, "centroid_lat": 10.494705950708388, "centroid_lon": -72.9862339335466 }, "geometry": { "type": "Point", "coordinates": [ -72.9862339335466, 10.494705950708388 ] } },
{ "type": "Feature", "properties": { "cod_dpto": "44", "cod_mpio": "44874", "departamento_mgn": "LA GUAJIRA", "municipio_mgn": "VILLANUEVA", "municipio_tipo_mgn": "MUNICIPIO", "area_km2_mgn_attribute": 259.58652712999998, "area_km2_calc": 259.58652712201985, "centroid_lat": 10.583649556181621, "centroid_lon": -72.975193082596007 }, "geometry": { "type": "Point", "coordinates": [ -72.975193082596007, 10.583649556181621 ] } },
{ "type": "Feature", "properties": { "cod_dpto": "47", "cod_mpio": "47001", "departamento_mgn": "MAGDALENA", "municipio_mgn": "SANTA MARTA", "municipio_tipo_mgn": "MUNICIPIO", "area_km2_mgn_attribute": 2343.90329238, "area_km2_calc": 2343.9032923145714, "centroid_lat": 11.121900870179568, "centroid_lon": -73.885233954201738 }, "geometry": { "type": "Point", "coordinates": [ -73.885233954201738, 11.121900870179568 ] } },
{ "type": "Feature", "properties": { "cod_dpto": "47", "cod_mpio": "47030", "departamento_mgn": "MAGDALENA", "municipio_mgn": "ALGARROBO", "municipio_tipo_mgn": "MUNICIPIO", "area_km2_mgn_attribute": 405.8849845, "area_km2_calc": 405.88498448321644, "centroid_lat": 10.253554744941949, "centroid_lon": -74.103230283391525 }, "geometry": { "type": "Point", "coordinates": [ -74.103230283391525, 10.253554744941949 ] } },
{ "type": "Feature", "properties": { "cod_dpto": "47", "cod_mpio": "47053", "departamento_mgn": "MAGDALENA", "municipio_mgn": "ARACATACA", "municipio_tipo_mgn": "MUNICIPIO", "area_km2_mgn_attribute": 1738.4242561900001, "area_km2_calc": 1738.4242561356946, "centroid_lat": 10.644914100384026, "centroid_lon": -73.879800930754101 }, "geometry": { "type": "Point", "coordinates": [ -73.879800930754101, 10.644914100384026 ] } },
{ "type": "Feature", "properties": { "cod_dpto": "47", "cod_mpio": "47058", "departamento_mgn": "MAGDALENA", "municipio_mgn": "ARIGUANÍ", "municipio_tipo_mgn": "MUNICIPIO", "area_km2_mgn_attribute": 1130.32990167, "area_km2_calc": 1130.329901633396, "centroid_lat": 9.8342655136976767, "centroid_lon": -74.084602482593766 }, "geometry": { "type": "Point", "coordinates": [ -74.084602482593766, 9.834265513697677 ] } },
{ "type": "Feature", "properties": { "cod_dpto": "47", "cod_mpio": "47161", "departamento_mgn": "MAGDALENA", "municipio_mgn": "CERRO DE SAN ANTONIO", "municipio_tipo_mgn": "MUNICIPIO", "area_km2_mgn_attribute": 177.06561263, "area_km2_calc": 177.06561262576756, "centroid_lat": 10.29372963919368, "centroid_lon": -74.819819148753808 }, "geometry": { "type": "Point", "coordinates": [ -74.819819148753808, 10.29372963919368 ] } },
{ "type": "Feature", "properties": { "cod_dpto": "47", "cod_mpio": "47170", "departamento_mgn": "MAGDALENA", "municipio_mgn": "CHIVOLO", "municipio_tipo_mgn": "MUNICIPIO", "area_km2_mgn_attribute": 536.03085683999996, "area_km2_calc": 536.03085682111248, "centroid_lat": 10.099511901323208, "centroid_lon": -74.526077224195745 }, "geometry": { "type": "Point", "coordinates": [ -74.526077224195745, 10.099511901323208 ] } },
{ "type": "Feature", "properties": { "cod_dpto": "47", "cod_mpio": "47189", "departamento_mgn": "MAGDALENA", "municipio_mgn": "CIÉNAGA", "municipio_tipo_mgn": "MUNICIPIO", "area_km2_mgn_attribute": 1329.35596405, "area_km2_calc": 1329.3559640146236, "centroid_lat": 10.888584507095025, "centroid_lon": -74.042409364849547 }, "geometry": { "type": "Point", "coordinates": [ -74.042409364849547, 10.888584507095025 ] } },
{ "type": "Feature", "properties": { "cod_dpto": "47", "cod_mpio": "47205", "departamento_mgn": "MAGDALENA", "municipio_mgn": "CONCORDIA", "municipio_tipo_mgn": "MUNICIPIO", "area_km2_mgn_attribute": 109.39533771000001, "area_km2_calc": 109.3953377050542, "centroid_lat": 10.23285023090815, "centroid_lon": -74.778101443538432 }, "geometry": { "type": "Point", "coordinates": [ -74.778101443538432, 10.23285023090815 ] } },
{ "type": "Feature", "properties": { "cod_dpto": "47", "cod_mpio": "47245", "departamento_mgn": "MAGDALENA", "municipio_mgn": "EL BANCO", "municipio_tipo_mgn": "MUNICIPIO", "area_km2_mgn_attribute": 813.80183924999994, "area_km2_calc": 813.80183922567073, "centroid_lat": 9.1149231099813743, "centroid_lon": -73.981048816873326 }, "geometry": { "type": "Point", "coordinates": [ -73.981048816873326, 9.114923109981374 ] } },
{ "type": "Feature", "properties": { "cod_dpto": "47", "cod_mpio": "47258", "departamento_mgn": "MAGDALENA", "municipio_mgn": "EL PIÑÓN", "municipio_tipo_mgn": "MUNICIPIO", "area_km2_mgn_attribute": 556.65678337999998, "area_km2_calc": 556.65678336518454, "centroid_lat": 10.343113043710007, "centroid_lon": -74.678162860772815 }, "geometry": { "type": "Point", "coordinates": [ -74.678162860772815, 10.343113043710007 ] } },
{ "type": "Feature", "properties": { "cod_dpto": "47", "cod_mpio": "47268", "departamento_mgn": "MAGDALENA", "municipio_mgn": "EL RETÉN", "municipio_tipo_mgn": "MUNICIPIO", "area_km2_mgn_attribute": 261.89434053000002, "area_km2_calc": 261.89434051972086, "centroid_lat": 10.659618447412743, "centroid_lon": -74.325148364376531 }, "geometry": { "type": "Point", "coordinates": [ -74.325148364376531, 10.659618447412743 ] } },
{ "type": "Feature", "properties": { "cod_dpto": "47", "cod_mpio": "47288", "departamento_mgn": "MAGDALENA", "municipio_mgn": "FUNDACIÓN", "municipio_tipo_mgn": "MUNICIPIO", "area_km2_mgn_attribute": 970.56939286, "area_km2_calc": 970.56939282742246, "centroid_lat": 10.459407293415065, "centroid_lon": -73.884137998153648 }, "geometry": { "type": "Point", "coordinates": [ -73.884137998153648, 10.459407293415065 ] } },
{ "type": "Feature", "properties": { "cod_dpto": "47", "cod_mpio": "47318", "departamento_mgn": "MAGDALENA", "municipio_mgn": "GUAMAL", "municipio_tipo_mgn": "MUNICIPIO", "area_km2_mgn_attribute": 563.8436604, "area_km2_calc": 563.84366038049257, "centroid_lat": 9.2479883074483631, "centroid_lon": -74.139712446481496 }, "geometry": { "type": "Point", "coordinates": [ -74.139712446481496, 9.247988307448363 ] } },
{ "type": "Feature", "properties": { "cod_dpto": "47", "cod_mpio": "47460", "departamento_mgn": "MAGDALENA", "municipio_mgn": "NUEVA GRANADA", "municipio_tipo_mgn": "MUNICIPIO", "area_km2_mgn_attribute": 841.14445088000002, "area_km2_calc": 841.14445085613465, "centroid_lat": 9.7359782090465412, "centroid_lon": -74.328393052380747 }, "geometry": { "type": "Point", "coordinates": [ -74.328393052380747, 9.735978209046541 ] } },
{ "type": "Feature", "properties": { "cod_dpto": "47", "cod_mpio": "47541", "departamento_mgn": "MAGDALENA", "municipio_mgn": "PEDRAZA", "municipio_tipo_mgn": "MUNICIPIO", "area_km2_mgn_attribute": 305.54740803, "area_km2_calc": 305.54740802367792, "centroid_lat": 10.155984813479602, "centroid_lon": -74.837578811331937 }, "geometry": { "type": "Point", "coordinates": [ -74.837578811331937, 10.155984813479602 ] } },
{ "type": "Feature", "properties": { "cod_dpto": "47", "cod_mpio": "47545", "departamento_mgn": "MAGDALENA", "municipio_mgn": "PIJIÑO DEL CARMEN", "municipio_tipo_mgn": "MUNICIPIO", "area_km2_mgn_attribute": 660.76343467000004, "area_km2_calc": 660.76343464784532, "centroid_lat": 9.5307433197640119, "centroid_lon": -74.144905089054731 }, "geometry": { "type": "Point", "coordinates": [ -74.144905089054731, 9.530743319764012 ] } },
{ "type": "Feature", "properties": { "cod_dpto": "47", "cod_mpio": "47551", "departamento_mgn": "MAGDALENA", "municipio_mgn": "PIVIJAY", "municipio_tipo_mgn": "MUNICIPIO", "area_km2_mgn_attribute": 1638.73568716, "area_km2_calc": 1638.7356871133973, "centroid_lat": 10.433025017779572, "centroid_lon": -74.412522785069129 }, "geometry": { "type": "Point", "coordinates": [ -74.412522785069129, 10.433025017779572 ] } },
{ "type": "Feature", "properties": { "cod_dpto": "47", "cod_mpio": "47555", "departamento_mgn": "MAGDALENA", "municipio_mgn": "PLATO", "municipio_tipo_mgn": "MUNICIPIO", "area_km2_mgn_attribute": 1455.97522675, "area_km2_calc": 1455.9752267062433, "centroid_lat": 9.7694316044128193, "centroid_lon": -74.601852941299782 }, "geometry": { "type": "Point", "coordinates": [ -74.601852941299782, 9.769431604412819 ] } },
{ "type": "Feature", "properties": { "cod_dpto": "47", "cod_mpio": "47570", "departamento_mgn": "MAGDALENA", "municipio_mgn": "PUEBLOVIEJO", "municipio_tipo_mgn": "MUNICIPIO", "area_km2_mgn_attribute": 679.03927966000003, "area_km2_calc": 679.03927964045772, "centroid_lat": 10.848288082091207, "centroid_lon": -74.359961998141188 }, "geometry": { "type": "Point", "coordinates": [ -74.359961998141188, 10.848288082091207 ] } },
{ "type": "Feature", "properties": { "cod_dpto": "47", "cod_mpio": "47605", "departamento_mgn": "MAGDALENA", "municipio_mgn": "REMOLINO", "municipio_tipo_mgn": "MUNICIPIO", "area_km2_mgn_attribute": 594.37497069000005, "area_km2_calc": 594.37497067352035, "centroid_lat": 10.648604252596995, "centroid_lon": -74.581075676432647 }, "geometry": { "type": "Point", "coordinates": [ -74.581075676432647, 10.648604252596995 ] } },
{ "type": "Feature", "properties": { "cod_dpto": "47", "cod_mpio": "47660", "departamento_mgn": "MAGDALENA", "municipio_mgn": "SABANAS DE SAN ÁNGEL", "municipio_tipo_mgn": "MUNICIPIO", "area_km2_mgn_attribute": 1237.56066435, "area_km2_calc": 1237.5606643181063, "centroid_lat": 10.105310618909652, "centroid_lon": -74.264444824582043 }, "geometry": { "type": "Point", "coordinates": [ -74.264444824582043, 10.105310618909652 ] } },
{ "type": "Feature", "properties": { "cod_dpto": "47", "cod_mpio": "47675", "departamento_mgn": "MAGDALENA", "municipio_mgn": "SALAMINA", "municipio_tipo_mgn": "MUNICIPIO", "area_km2_mgn_attribute": 170.33479571000001, "area_km2_calc": 170.33479570832458, "centroid_lat": 10.515378401516942, "centroid_lon": -74.722975076188291 }, "geometry": { "type": "Point", "coordinates": [ -74.722975076188291, 10.515378401516942 ] } },
{ "type": "Feature", "properties": { "cod_dpto": "47", "cod_mpio": "47692", "departamento_mgn": "MAGDALENA", "municipio_mgn": "SAN SEBASTIÁN DE BUENAVISTA", "municipio_tipo_mgn": "MUNICIPIO", "area_km2_mgn_attribute": 437.13067926999997, "area_km2_calc": 437.13067926169066, "centroid_lat": 9.3525493616791699, "centroid_lon": -74.201252999665755 }, "geometry": { "type": "Point", "coordinates": [ -74.201252999665755, 9.35254936167917 ] } },
{ "type": "Feature", "properties": { "cod_dpto": "47", "cod_mpio": "47703", "departamento_mgn": "MAGDALENA", "municipio_mgn": "SAN ZENÓN", "municipio_tipo_mgn": "MUNICIPIO", "area_km2_mgn_attribute": 268.59449703000001, "area_km2_calc": 268.59449702128933, "centroid_lat": 9.3276484263795023, "centroid_lon": -74.356755174998312 }, "geometry": { "type": "Point", "coordinates": [ -74.356755174998312, 9.327648426379502 ] } },
{ "type": "Feature", "properties": { "cod_dpto": "47", "cod_mpio": "47707", "departamento_mgn": "MAGDALENA", "municipio_mgn": "SANTA ANA", "municipio_tipo_mgn": "MUNICIPIO", "area_km2_mgn_attribute": 1119.2075225900001, "area_km2_calc": 1119.2075225529061, "centroid_lat": 9.5194685983706844, "centroid_lon": -74.339510596567393 }, "geometry": { "type": "Point", "coordinates": [ -74.339510596567393, 9.519468598370684 ] } },
{ "type": "Feature", "properties": { "cod_dpto": "47", "cod_mpio": "47720", "departamento_mgn": "MAGDALENA", "municipio_mgn": "SANTA BÁRBARA DE PINTO", "municipio_tipo_mgn": "MUNICIPIO", "area_km2_mgn_attribute": 494.2661997, "area_km2_calc": 494.26619968577091, "centroid_lat": 9.522106045637992, "centroid_lon": -74.647913157019985 }, "geometry": { "type": "Point", "coordinates": [ -74.647913157019985, 9.522106045637992 ] } },
{ "type": "Feature", "properties": { "cod_dpto": "47", "cod_mpio": "47745", "departamento_mgn": "MAGDALENA", "municipio_mgn": "SITIONUEVO", "municipio_tipo_mgn": "MUNICIPIO", "area_km2_mgn_attribute": 970.02269502000001, "area_km2_calc": 970.02269499204795, "centroid_lat": 10.890265408036795, "centroid_lon": -74.629645118998056 }, "geometry": { "type": "Point", "coordinates": [ -74.629645118998056, 10.890265408036795 ] } },
{ "type": "Feature", "properties": { "cod_dpto": "47", "cod_mpio": "47798", "departamento_mgn": "MAGDALENA", "municipio_mgn": "TENERIFE", "municipio_tipo_mgn": "MUNICIPIO", "area_km2_mgn_attribute": 491.7800696, "area_km2_calc": 491.78006958125843, "centroid_lat": 9.9247026720610911, "centroid_lon": -74.732650367923853 }, "geometry": { "type": "Point", "coordinates": [ -74.732650367923853, 9.924702672061091 ] } },
{ "type": "Feature", "properties": { "cod_dpto": "47", "cod_mpio": "47960", "departamento_mgn": "MAGDALENA", "municipio_mgn": "ZAPAYÁN", "municipio_tipo_mgn": "MUNICIPIO", "area_km2_mgn_attribute": 372.60592563, "area_km2_calc": 372.60592561945816, "centroid_lat": 10.118336256130769, "centroid_lon": -74.693827862447876 }, "geometry": { "type": "Point", "coordinates": [ -74.693827862447876, 10.118336256130769 ] } },
{ "type": "Feature", "properties": { "cod_dpto": "47", "cod_mpio": "47980", "departamento_mgn": "MAGDALENA", "municipio_mgn": "ZONA BANANERA", "municipio_tipo_mgn": "MUNICIPIO", "area_km2_mgn_attribute": 435.41743407000001, "area_km2_calc": 435.41743406096913, "centroid_lat": 10.795332092787449, "centroid_lon": -74.180163348697079 }, "geometry": { "type": "Point", "coordinates": [ -74.180163348697079, 10.795332092787449 ] } },
{ "type": "Feature", "properties": { "cod_dpto": "50", "cod_mpio": "50001", "departamento_mgn": "META", "municipio_mgn": "VILLAVICENCIO", "municipio_tipo_mgn": "MUNICIPIO", "area_km2_mgn_attribute": 1283.70518072, "area_km2_calc": 1283.7051806748873, "centroid_lat": 4.0916894260278003, "centroid_lon": -73.492911411196573 }, "geometry": { "type": "Point", "coordinates": [ -73.492911411196573, 4.0916894260278 ] } },
{ "type": "Feature", "properties": { "cod_dpto": "50", "cod_mpio": "50006", "departamento_mgn": "META", "municipio_mgn": "ACACÍAS", "municipio_tipo_mgn": "MUNICIPIO", "area_km2_mgn_attribute": 1121.92013877, "area_km2_calc": 1121.9201387287837, "centroid_lat": 4.0096692303852111, "centroid_lon": -73.723944984624453 }, "geometry": { "type": "Point", "coordinates": [ -73.723944984624453, 4.009669230385211 ] } },
{ "type": "Feature", "properties": { "cod_dpto": "50", "cod_mpio": "50110", "departamento_mgn": "META", "municipio_mgn": "BARRANCA DE UPÍA", "municipio_tipo_mgn": "MUNICIPIO", "area_km2_mgn_attribute": 403.03293015999998, "area_km2_calc": 403.03293014616702, "centroid_lat": 4.5190721266877212, "centroid_lon": -72.995483756701205 }, "geometry": { "type": "Point", "coordinates": [ -72.995483756701205, 4.519072126687721 ] } },
{ "type": "Feature", "properties": { "cod_dpto": "50", "cod_mpio": "50124", "departamento_mgn": "META", "municipio_mgn": "CABUYARO", "municipio_tipo_mgn": "MUNICIPIO", "area_km2_mgn_attribute": 911.85058641000001, "area_km2_calc": 911.85058638231396, "centroid_lat": 4.3152443520238828, "centroid_lon": -72.952688347811133 }, "geometry": { "type": "Point", "coordinates": [ -72.952688347811133, 4.315244352023883 ] } },
{ "type": "Feature", "properties": { "cod_dpto": "50", "cod_mpio": "50150", "departamento_mgn": "META", "municipio_mgn": "CASTILLA LA NUEVA", "municipio_tipo_mgn": "MUNICIPIO", "area_km2_mgn_attribute": 513.8628757, "area_km2_calc": 513.86287568620116, "centroid_lat": 3.8051596321405352, "centroid_lon": -73.538865141710417 }, "geometry": { "type": "Point", "coordinates": [ -73.538865141710417, 3.805159632140535 ] } },
{ "type": "Feature", "properties": { "cod_dpto": "50", "cod_mpio": "50223", "departamento_mgn": "META", "municipio_mgn": "CUBARRAL", "municipio_tipo_mgn": "MUNICIPIO", "area_km2_mgn_attribute": 1156.4215784800001, "area_km2_calc": 1156.4215784401144, "centroid_lat": 3.8282553444507665, "centroid_lon": -74.075315815252011 }, "geometry": { "type": "Point", "coordinates": [ -74.075315815252011, 3.828255344450767 ] } },
{ "type": "Feature", "properties": { "cod_dpto": "50", "cod_mpio": "50226", "departamento_mgn": "META", "municipio_mgn": "CUMARAL", "municipio_tipo_mgn": "MUNICIPIO", "area_km2_mgn_attribute": 623.78198282999995, "area_km2_calc": 623.78198280953632, "centroid_lat": 4.2324928917283104, "centroid_lon": -73.314689748332128 }, "geometry": { "type": "Point", "coordinates": [ -73.314689748332128, 4.23249289172831 ] } },
{ "type": "Feature", "properties": { "cod_dpto": "50", "cod_mpio": "50245", "departamento_mgn": "META", "municipio_mgn": "EL CALVARIO", "municipio_tipo_mgn": "MUNICIPIO", "area_km2_mgn_attribute": 269.9059076, "area_km2_calc": 269.90590759204446, "centroid_lat": 4.3523905497067323, "centroid_lon": -73.714383816573317 }, "geometry": { "type": "Point", "coordinates": [ -73.714383816573317, 4.352390549706732 ] } },
{ "type": "Feature", "properties": { "cod_dpto": "50", "cod_mpio": "50251", "departamento_mgn": "META", "municipio_mgn": "EL CASTILLO", "municipio_tipo_mgn": "MUNICIPIO", "area_km2_mgn_attribute": 567.4397075000001, "area_km2_calc": 567.43970747712297, "centroid_lat": 3.6156257006059467, "centroid_lon": -73.888005721232417 }, "geometry": { "type": "Point", "coordinates": [ -73.888005721232417, 3.615625700605947 ] } },
{ "type": "Feature", "properties": { "cod_dpto": "50", "cod_mpio": "50270", "departamento_mgn": "META", "municipio_mgn": "EL DORADO", "municipio_tipo_mgn": "MUNICIPIO", "area_km2_mgn_attribute": 117.17599535, "area_km2_calc": 117.17599535105971, "centroid_lat": 3.7069698256920769, "centroid_lon": -73.831618852210582 }, "geometry": { "type": "Point", "coordinates": [ -73.831618852210582, 3.706969825692077 ] } },
{ "type": "Feature", "properties": { "cod_dpto": "50", "cod_mpio": "50287", "departamento_mgn": "META", "municipio_mgn": "FUENTE DE ORO", "municipio_tipo_mgn": "MUNICIPIO", "area_km2_mgn_attribute": 570.09958332999997, "area_km2_calc": 570.09958331016946, "centroid_lat": 3.3823699354622123, "centroid_lon": -73.596253746461116 }, "geometry": { "type": "Point", "coordinates": [ -73.596253746461116, 3.382369935462212 ] } },
{ "type": "Feature", "properties": { "cod_dpto": "50", "cod_mpio": "50313", "departamento_mgn": "META", "municipio_mgn": "GRANADA", "municipio_tipo_mgn": "MUNICIPIO", "area_km2_mgn_attribute": 347.8023911, "area_km2_calc": 347.80239108857063, "centroid_lat": 3.4965589079387138, "centroid_lon": -73.746963872019066 }, "geometry": { "type": "Point", "coordinates": [ -73.746963872019066, 3.496558907938714 ] } },
{ "type": "Feature", "properties": { "cod_dpto": "50", "cod_mpio": "50318", "departamento_mgn": "META", "municipio_mgn": "GUAMAL", "municipio_tipo_mgn": "MUNICIPIO", "area_km2_mgn_attribute": 594.91591913000002, "area_km2_calc": 594.91591911150931, "centroid_lat": 3.9477858543646303, "centroid_lon": -73.959838643782703 }, "geometry": { "type": "Point", "coordinates": [ -73.959838643782703, 3.94778585436463 ] } },
{ "type": "Feature", "properties": { "cod_dpto": "50", "cod_mpio": "50325", "departamento_mgn": "META", "municipio_mgn": "MAPIRIPÁN", "municipio_tipo_mgn": "MUNICIPIO", "area_km2_mgn_attribute": 11917.478785310001, "area_km2_calc": 11917.478784932489, "centroid_lat": 3.1176390235858746, "centroid_lon": -71.937885662515882 }, "geometry": { "type": "Point", "coordinates": [ -71.937885662515882, 3.117639023585875 ] } },
{ "type": "Feature", "properties": { "cod_dpto": "50", "cod_mpio": "50330", "departamento_mgn": "META", "municipio_mgn": "MESETAS", "municipio_tipo_mgn": "MUNICIPIO", "area_km2_mgn_attribute": 2277.8614419, "area_km2_calc": 2277.8614418274601, "centroid_lat": 3.1547297931166907, "centroid_lon": -74.1245245604795 }, "geometry": { "type": "Point", "coordinates": [ -74.1245245604795, 3.154729793116691 ] } },
{ "type": "Feature", "properties": { "cod_dpto": "50", "cod_mpio": "50350", "departamento_mgn": "META", "municipio_mgn": "LA MACARENA", "municipio_tipo_mgn": "MUNICIPIO", "area_km2_mgn_attribute": 8108.4629008000002, "area_km2_calc": 8108.4629005383767, "centroid_lat": 2.2623537329966088, "centroid_lon": -74.058111583829486 }, "geometry": { "type": "Point", "coordinates": [ -74.058111583829486, 2.262353732996609 ] } },
{ "type": "Feature", "properties": { "cod_dpto": "50", "cod_mpio": "50370", "departamento_mgn": "META", "municipio_mgn": "URIBE", "municipio_tipo_mgn": "MUNICIPIO", "area_km2_mgn_attribute": 6454.4246198199999, "area_km2_calc": 6454.4246196156837, "centroid_lat": 3.047223139840292, "centroid_lon": -74.432452848327188 }, "geometry": { "type": "Point", "coordinates": [ -74.432452848327188, 3.047223139840292 ] } },
{ "type": "Feature", "properties": { "cod_dpto": "50", "cod_mpio": "50400", "departamento_mgn": "META", "municipio_mgn": "LEJANÍAS", "municipio_tipo_mgn": "MUNICIPIO", "area_km2_mgn_attribute": 814.42101272000002, "area_km2_calc": 814.42101269409613, "centroid_lat": 3.6147154345322403, "centroid_lon": -74.09627969549328 }, "geometry": { "type": "Point", "coordinates": [ -74.09627969549328, 3.61471543453224 ] } },
{ "type": "Feature", "properties": { "cod_dpto": "50", "cod_mpio": "50450", "departamento_mgn": "META", "municipio_mgn": "PUERTO CONCORDIA", "municipio_tipo_mgn": "MUNICIPIO", "area_km2_mgn_attribute": 1256.28337674, "area_km2_calc": 1256.2833766997319, "centroid_lat": 2.7517003473352877, "centroid_lon": -72.722890854864318 }, "geometry": { "type": "Point", "coordinates": [ -72.722890854864318, 2.751700347335288 ] } },
{ "type": "Feature", "properties": { "cod_dpto": "50", "cod_mpio": "50568", "departamento_mgn": "META", "municipio_mgn": "PUERTO GAITÁN", "municipio_tipo_mgn": "MUNICIPIO", "area_km2_mgn_attribute": 17200.784013820001, "area_km2_calc": 17200.784013281565, "centroid_lat": 4.004998742869371, "centroid_lon": -71.63159652593238 }, "geometry": { "type": "Point", "coordinates": [ -71.63159652593238, 4.004998742869371 ] } },
{ "type": "Feature", "properties": { "cod_dpto": "50", "cod_mpio": "50573", "departamento_mgn": "META", "municipio_mgn": "PUERTO LÓPEZ", "municipio_tipo_mgn": "MUNICIPIO", "area_km2_mgn_attribute": 6898.2361495300001, "area_km2_calc": 6898.2361493015987, "centroid_lat": 4.0143159130828074, "centroid_lon": -72.645730240520678 }, "geometry": { "type": "Point", "coordinates": [ -72.645730240520678, 4.014315913082807 ] } },
{ "type": "Feature", "properties": { "cod_dpto": "50", "cod_mpio": "50577", "departamento_mgn": "META", "municipio_mgn": "PUERTO LLERAS", "municipio_tipo_mgn": "MUNICIPIO", "area_km2_mgn_attribute": 2531.2148433500001, "area_km2_calc": 2531.2148432641397, "centroid_lat": 3.1930944229584926, "centroid_lon": -73.236711027482301 }, "geometry": { "type": "Point", "coordinates": [ -73.236711027482301, 3.193094422958493 ] } },
{ "type": "Feature", "properties": { "cod_dpto": "50", "cod_mpio": "50590", "departamento_mgn": "META", "municipio_mgn": "PUERTO RICO", "municipio_tipo_mgn": "MUNICIPIO", "area_km2_mgn_attribute": 3405.7167191799999, "area_km2_calc": 3405.7167190644827, "centroid_lat": 2.7583048052496744, "centroid_lon": -73.139094568359198 }, "geometry": { "type": "Point", "coordinates": [ -73.139094568359198, 2.758304805249674 ] } },
{ "type": "Feature", "properties": { "cod_dpto": "50", "cod_mpio": "50606", "departamento_mgn": "META", "municipio_mgn": "RESTREPO", "municipio_tipo_mgn": "MUNICIPIO", "area_km2_mgn_attribute": 364.5380411, "area_km2_calc": 364.53804108378671, "centroid_lat": 4.2374777072712018, "centroid_lon": -73.473652765946525 }, "geometry": { "type": "Point", "coordinates": [ -73.473652765946525, 4.237477707271202 ] } },
{ "type": "Feature", "properties": { "cod_dpto": "50", "cod_mpio": "50680", "departamento_mgn": "META", "municipio_mgn": "SAN CARLOS DE GUAROA", "municipio_tipo_mgn": "MUNICIPIO", "area_km2_mgn_attribute": 806.59933044000002, "area_km2_calc": 806.59933041360011, "centroid_lat": 3.8476414355367479, "centroid_lon": -73.275878853785429 }, "geometry": { "type": "Point", "coordinates": [ -73.275878853785429, 3.847641435536748 ] } },
{ "type": "Feature", "properties": { "cod_dpto": "50", "cod_mpio": "50683", "departamento_mgn": "META", "municipio_mgn": "SAN JUAN DE ARAMA", "municipio_tipo_mgn": "MUNICIPIO", "area_km2_mgn_attribute": 1165.3669269, "area_km2_calc": 1165.3669268599263, "centroid_lat": 3.288866774132547, "centroid_lon": -73.819809970751791 }, "geometry": { "type": "Point", "coordinates": [ -73.819809970751791, 3.288866774132547 ] } },
{ "type": "Feature", "properties": { "cod_dpto": "50", "cod_mpio": "50686", "departamento_mgn": "META", "municipio_mgn": "SAN JUANITO", "municipio_tipo_mgn": "MUNICIPIO", "area_km2_mgn_attribute": 244.52355646000001, "area_km2_calc": 244.52355645508246, "centroid_lat": 4.4692448688038384, "centroid_lon": -73.662115199909096 }, "geometry": { "type": "Point", "coordinates": [ -73.662115199909096, 4.469244868803838 ] } },
{ "type": "Feature", "properties": { "cod_dpto": "50", "cod_mpio": "50689", "departamento_mgn": "META", "municipio_mgn": "SAN MARTÍN", "municipio_tipo_mgn": "MUNICIPIO", "area_km2_mgn_attribute": 5922.0038852500002, "area_km2_calc": 5922.0038850563242, "centroid_lat": 3.5359767479638022, "centroid_lon": -72.985350023580608 }, "geometry": { "type": "Point", "coordinates": [ -72.985350023580608, 3.535976747963802 ] } },
{ "type": "Feature", "properties": { "cod_dpto": "50", "cod_mpio": "50711", "departamento_mgn": "META", "municipio_mgn": "VISTAHERMOSA", "municipio_tipo_mgn": "MUNICIPIO", "area_km2_mgn_attribute": 4813.9919378100003, "area_km2_calc": 4813.9919376571179, "centroid_lat": 2.8120561817113541, "centroid_lon": -73.665725873387217 }, "geometry": { "type": "Point", "coordinates": [ -73.665725873387217, 2.812056181711354 ] } },
{ "type": "Feature", "properties": { "cod_dpto": "52", "cod_mpio": "52001", "departamento_mgn": "NARIÑO", "municipio_mgn": "PASTO", "municipio_tipo_mgn": "MUNICIPIO", "area_km2_mgn_attribute": 1100.30727247, "area_km2_calc": 1100.3072730121619, "centroid_lat": 1.083618799795828, "centroid_lon": -77.206105699456188 }, "geometry": { "type": "Point", "coordinates": [ -77.206105699456188, 1.083618799795828 ] } },
{ "type": "Feature", "properties": { "cod_dpto": "52", "cod_mpio": "52019", "departamento_mgn": "NARIÑO", "municipio_mgn": "ALBÁN", "municipio_tipo_mgn": "MUNICIPIO", "area_km2_mgn_attribute": 38.63843129, "area_km2_calc": 38.638431305506117, "centroid_lat": 1.4698531860806283, "centroid_lon": -77.068810563655688 }, "geometry": { "type": "Point", "coordinates": [ -77.068810563655688, 1.469853186080628 ] } },
{ "type": "Feature", "properties": { "cod_dpto": "52", "cod_mpio": "52022", "departamento_mgn": "NARIÑO", "municipio_mgn": "ALDANA", "municipio_tipo_mgn": "MUNICIPIO", "area_km2_mgn_attribute": 47.69421424, "area_km2_calc": 47.694214283773398, "centroid_lat": 0.91343370149926062, "centroid_lon": -77.695387421661408 }, "geometry": { "type": "Point", "coordinates": [ -77.695387421661408, 0.913433701499261 ] } },
{ "type": "Feature", "properties": { "cod_dpto": "52", "cod_mpio": "52036", "departamento_mgn": "NARIÑO", "municipio_mgn": "ANCUYA", "municipio_tipo_mgn": "MUNICIPIO", "area_km2_mgn_attribute": 68.97813357, "area_km2_calc": 68.978133624002112, "centroid_lat": 1.2452530793097525, "centroid_lon": -77.53115781016642 }, "geometry": { "type": "Point", "coordinates": [ -77.53115781016642, 1.245253079309752 ] } },
{ "type": "Feature", "properties": { "cod_dpto": "52", "cod_mpio": "52051", "departamento_mgn": "NARIÑO", "municipio_mgn": "ARBOLEDA", "municipio_tipo_mgn": "MUNICIPIO", "area_km2_mgn_attribute": 60.23238374, "area_km2_calc": 60.232383762451008, "centroid_lat": 1.4800510333288421, "centroid_lon": -77.129851045145031 }, "geometry": { "type": "Point", "coordinates": [ -77.129851045145031, 1.480051033328842 ] } },
{ "type": "Feature", "properties": { "cod_dpto": "52", "cod_mpio": "52079", "departamento_mgn": "NARIÑO", "municipio_mgn": "BARBACOAS", "municipio_tipo_mgn": "MUNICIPIO", "area_km2_mgn_attribute": 2736.9150034600002, "area_km2_calc": 2736.9150084074799, "centroid_lat": 1.4455536168958998, "centroid_lon": -78.156303354032417 }, "geometry": { "type": "Point", "coordinates": [ -78.156303354032417, 1.4455536168959 ] } },
{ "type": "Feature", "properties": { "cod_dpto": "52", "cod_mpio": "52083", "departamento_mgn": "NARIÑO", "municipio_mgn": "BELÉN", "municipio_tipo_mgn": "MUNICIPIO", "area_km2_mgn_attribute": 41.87539393, "area_km2_calc": 41.875393946374807, "centroid_lat": 1.5907640612432823, "centroid_lon": -77.042896477430872 }, "geometry": { "type": "Point", "coordinates": [ -77.042896477430872, 1.590764061243282 ] } },
{ "type": "Feature", "properties": { "cod_dpto": "52", "cod_mpio": "52110", "departamento_mgn": "NARIÑO", "municipio_mgn": "BUESACO", "municipio_tipo_mgn": "MUNICIPIO", "area_km2_mgn_attribute": 636.44796615999996, "area_km2_calc": 636.44796642748906, "centroid_lat": 1.3152219869826594, "centroid_lon": -77.116377815881691 }, "geometry": { "type": "Point", "coordinates": [ -77.116377815881691, 1.315221986982659 ] } },
{ "type": "Feature", "properties": { "cod_dpto": "52", "cod_mpio": "52203", "departamento_mgn": "NARIÑO", "municipio_mgn": "COLÓN", "municipio_tipo_mgn": "MUNICIPIO", "area_km2_mgn_attribute": 61.79495724, "area_km2_calc": 61.794957259857625, "centroid_lat": 1.6363339424425507, "centroid_lon": -77.0473178626807 }, "geometry": { "type": "Point", "coordinates": [ -77.0473178626807, 1.636333942442551 ] } },
{ "type": "Feature", "properties": { "cod_dpto": "52", "cod_mpio": "52207", "departamento_mgn": "NARIÑO", "municipio_mgn": "CONSACÁ", "municipio_tipo_mgn": "MUNICIPIO", "area_km2_mgn_attribute": 119.47078255, "area_km2_calc": 119.4707826341223, "centroid_lat": 1.2090676365614976, "centroid_lon": -77.440642924917526 }, "geometry": { "type": "Point", "coordinates": [ -77.440642924917526, 1.209067636561498 ] } },
{ "type": "Feature", "properties": { "cod_dpto": "52", "cod_mpio": "52210", "departamento_mgn": "NARIÑO", "municipio_mgn": "CONTADERO", "municipio_tipo_mgn": "MUNICIPIO", "area_km2_mgn_attribute": 43.25398754, "area_km2_calc": 43.253987573821306, "centroid_lat": 0.93266737482620721, "centroid_lon": -77.528089514839081 }, "geometry": { "type": "Point", "coordinates": [ -77.528089514839081, 0.932667374826207 ] } },
{ "type": "Feature", "properties": { "cod_dpto": "52", "cod_mpio": "52215", "departamento_mgn": "NARIÑO", "municipio_mgn": "CÓRDOBA", "municipio_tipo_mgn": "MUNICIPIO", "area_km2_mgn_attribute": 304.91742359, "area_km2_calc": 304.91742378129743, "centroid_lat": 0.77082338485731106, "centroid_lon": -77.360357949703044 }, "geometry": { "type": "Point", "coordinates": [ -77.360357949703044, 0.770823384857311 ] } },
{ "type": "Feature", "properties": { "cod_dpto": "52", "cod_mpio": "52224", "departamento_mgn": "NARIÑO", "municipio_mgn": "CUASPUD CARLOSAMA", "municipio_tipo_mgn": "MUNICIPIO", "area_km2_mgn_attribute": 57.18590282, "area_km2_calc": 57.185902878922178, "centroid_lat": 0.87542793128347574, "centroid_lon": -77.735917279864481 }, "geometry": { "type": "Point", "coordinates": [ -77.735917279864481, 0.875427931283476 ] } },
{ "type": "Feature", "properties": { "cod_dpto": "52", "cod_mpio": "52227", "departamento_mgn": "NARIÑO", "municipio_mgn": "CUMBAL", "municipio_tipo_mgn": "MUNICIPIO", "area_km2_mgn_attribute": 916.54238194000004, "area_km2_calc": 916.54238322844014, "centroid_lat": 0.94423513518427293, "centroid_lon": -77.959622295869423 }, "geometry": { "type": "Point", "coordinates": [ -77.959622295869423, 0.944235135184273 ] } },
{ "type": "Feature", "properties": { "cod_dpto": "52", "cod_mpio": "52233", "departamento_mgn": "NARIÑO", "municipio_mgn": "CUMBITARA", "municipio_tipo_mgn": "MUNICIPIO", "area_km2_mgn_attribute": 355.55104645, "area_km2_calc": 355.5510467566458, "centroid_lat": 1.7256018013115411, "centroid_lon": -77.592817930583635 }, "geometry": { "type": "Point", "coordinates": [ -77.592817930583635, 1.725601801311541 ] } },
{ "type": "Feature", "properties": { "cod_dpto": "52", "cod_mpio": "52240", "departamento_mgn": "NARIÑO", "municipio_mgn": "CHACHAGÜÍ", "municipio_tipo_mgn": "MUNICIPIO", "area_km2_mgn_attribute": 146.39866754, "area_km2_calc": 146.39866762306727, "centroid_lat": 1.386498067763978, "centroid_lon": -77.269689415783319 }, "geometry": { "type": "Point", "coordinates": [ -77.269689415783319, 1.386498067763978 ] } },
{ "type": "Feature", "properties": { "cod_dpto": "52", "cod_mpio": "52250", "departamento_mgn": "NARIÑO", "municipio_mgn": "EL CHARCO", "municipio_tipo_mgn": "MUNICIPIO", "area_km2_mgn_attribute": 2493.6224776099998, "area_km2_calc": 2493.6224805541374, "centroid_lat": 2.1832905088694496, "centroid_lon": -77.795978299636616 }, "geometry": { "type": "Point", "coordinates": [ -77.795978299636616, 2.18329050886945 ] } },
{ "type": "Feature", "properties": { "cod_dpto": "52", "cod_mpio": "52254", "departamento_mgn": "NARIÑO", "municipio_mgn": "EL PEÑOL", "municipio_tipo_mgn": "MUNICIPIO", "area_km2_mgn_attribute": 121.23729532, "area_km2_calc": 121.23729540382743, "centroid_lat": 1.5119025528234706, "centroid_lon": -77.430455016381387 }, "geometry": { "type": "Point", "coordinates": [ -77.430455016381387, 1.511902552823471 ] } },
{ "type": "Feature", "properties": { "cod_dpto": "52", "cod_mpio": "52256", "departamento_mgn": "NARIÑO", "municipio_mgn": "EL ROSARIO", "municipio_tipo_mgn": "MUNICIPIO", "area_km2_mgn_attribute": 520.80059702000005, "area_km2_calc": 520.80059737871397, "centroid_lat": 1.8451097744269866, "centroid_lon": -77.43827536047111 }, "geometry": { "type": "Point", "coordinates": [ -77.43827536047111, 1.845109774426987 ] } },
{ "type": "Feature", "properties": { "cod_dpto": "52", "cod_mpio": "52258", "departamento_mgn": "NARIÑO", "municipio_mgn": "EL TABLÓN DE GÓMEZ", "municipio_tipo_mgn": "MUNICIPIO", "area_km2_mgn_attribute": 307.1109372, "area_km2_calc": 307.11093730959522, "centroid_lat": 1.4094306482459706, "centroid_lon": -76.985272223451247 }, "geometry": { "type": "Point", "coordinates": [ -76.985272223451247, 1.409430648245971 ] } },
{ "type": "Feature", "properties": { "cod_dpto": "52", "cod_mpio": "52260", "departamento_mgn": "NARIÑO", "municipio_mgn": "EL TAMBO", "municipio_tipo_mgn": "MUNICIPIO", "area_km2_mgn_attribute": 246.54730468, "area_km2_calc": 246.54730484141524, "centroid_lat": 1.4301539319534999, "centroid_lon": -77.382950823580089 }, "geometry": { "type": "Point", "coordinates": [ -77.382950823580089, 1.4301539319535 ] } },
{ "type": "Feature", "properties": { "cod_dpto": "52", "cod_mpio": "52287", "departamento_mgn": "NARIÑO", "municipio_mgn": "FUNES", "municipio_tipo_mgn": "MUNICIPIO", "area_km2_mgn_attribute": 395.12059934000001, "area_km2_calc": 395.12059957900817, "centroid_lat": 0.91424026277165793, "centroid_lon": -77.328457679114862 }, "geometry": { "type": "Point", "coordinates": [ -77.328457679114862, 0.914240262771658 ] } },
{ "type": "Feature", "properties": { "cod_dpto": "52", "cod_mpio": "52317", "departamento_mgn": "NARIÑO", "municipio_mgn": "GUACHUCAL", "municipio_tipo_mgn": "MUNICIPIO", "area_km2_mgn_attribute": 155.8504795, "area_km2_calc": 155.85047966011538, "centroid_lat": 0.9750366569596014, "centroid_lon": -77.73759778483965 }, "geometry": { "type": "Point", "coordinates": [ -77.73759778483965, 0.975036656959601 ] } },
{ "type": "Feature", "properties": { "cod_dpto": "52", "cod_mpio": "52320", "departamento_mgn": "NARIÑO", "municipio_mgn": "GUAITARILLA", "municipio_tipo_mgn": "MUNICIPIO", "area_km2_mgn_attribute": 116.861317, "area_km2_calc": 116.86131709086885, "centroid_lat": 1.1513658428307363, "centroid_lon": -77.530116315303417 }, "geometry": { "type": "Point", "coordinates": [ -77.530116315303417, 1.151365842830736 ] } },
{ "type": "Feature", "properties": { "cod_dpto": "52", "cod_mpio": "52323", "departamento_mgn": "NARIÑO", "municipio_mgn": "GUALMATÁN", "municipio_tipo_mgn": "MUNICIPIO", "area_km2_mgn_attribute": 29.99411519, "area_km2_calc": 29.994115213889518, "centroid_lat": 0.92864296729741691, "centroid_lon": -77.582619096726816 }, "geometry": { "type": "Point", "coordinates": [ -77.582619096726816, 0.928642967297417 ] } },
{ "type": "Feature", "properties": { "cod_dpto": "52", "cod_mpio": "52352", "departamento_mgn": "NARIÑO", "municipio_mgn": "ILES", "municipio_tipo_mgn": "MUNICIPIO", "area_km2_mgn_attribute": 80.61478839, "area_km2_calc": 80.61478845275461, "centroid_lat": 0.98053384057114967, "centroid_lon": -77.518660819443127 }, "geometry": { "type": "Point", "coordinates": [ -77.518660819443127, 0.98053384057115 ] } },
{ "type": "Feature", "properties": { "cod_dpto": "52", "cod_mpio": "52354", "departamento_mgn": "NARIÑO", "municipio_mgn": "IMUÉS", "municipio_tipo_mgn": "MUNICIPIO", "area_km2_mgn_attribute": 81.8134095, "area_km2_calc": 81.813409560263977, "centroid_lat": 1.0728780170903067, "centroid_lon": -77.501510875529505 }, "geometry": { "type": "Point", "coordinates": [ -77.501510875529505, 1.072878017090307 ] } },
{ "type": "Feature", "properties": { "cod_dpto": "52", "cod_mpio": "52356", "departamento_mgn": "NARIÑO", "municipio_mgn": "IPIALES", "municipio_tipo_mgn": "MUNICIPIO", "area_km2_mgn_attribute": 1573.2237072099999, "area_km2_calc": 1573.2237082180136, "centroid_lat": 0.55866377885949958, "centroid_lon": -77.37041860841984 }, "geometry": { "type": "Point", "coordinates": [ -77.37041860841984, 0.5586637788595 ] } },
{ "type": "Feature", "properties": { "cod_dpto": "52", "cod_mpio": "52378", "departamento_mgn": "NARIÑO", "municipio_mgn": "LA CRUZ", "municipio_tipo_mgn": "MUNICIPIO", "area_km2_mgn_attribute": 238.99855383, "area_km2_calc": 238.99855389841071, "centroid_lat": 1.5841759816057686, "centroid_lon": -76.923357543260295 }, "geometry": { "type": "Point", "coordinates": [ -76.923357543260295, 1.584175981605769 ] } },
{ "type": "Feature", "properties": { "cod_dpto": "52", "cod_mpio": "52381", "departamento_mgn": "NARIÑO", "municipio_mgn": "LA FLORIDA", "municipio_tipo_mgn": "MUNICIPIO", "area_km2_mgn_attribute": 136.4419327, "area_km2_calc": 136.44193279148658, "centroid_lat": 1.3339240187367518, "centroid_lon": -77.388234619081928 }, "geometry": { "type": "Point", "coordinates": [ -77.388234619081928, 1.333924018736752 ] } },
{ "type": "Feature", "properties": { "cod_dpto": "52", "cod_mpio": "52385", "departamento_mgn": "NARIÑO", "municipio_mgn": "LA LLANADA", "municipio_tipo_mgn": "MUNICIPIO", "area_km2_mgn_attribute": 245.26696136000001, "area_km2_calc": 245.26696160277132, "centroid_lat": 1.5540299778091067, "centroid_lon": -77.703201766165478 }, "geometry": { "type": "Point", "coordinates": [ -77.703201766165478, 1.554029977809107 ] } },
{ "type": "Feature", "properties": { "cod_dpto": "52", "cod_mpio": "52390", "departamento_mgn": "NARIÑO", "municipio_mgn": "LA TOLA", "municipio_tipo_mgn": "MUNICIPIO", "area_km2_mgn_attribute": 416.52843023999998, "area_km2_calc": 416.52843101871258, "centroid_lat": 2.4193005405864763, "centroid_lon": -78.20988585569431 }, "geometry": { "type": "Point", "coordinates": [ -78.20988585569431, 2.419300540586476 ] } },
{ "type": "Feature", "properties": { "cod_dpto": "52", "cod_mpio": "52399", "departamento_mgn": "NARIÑO", "municipio_mgn": "LA UNIÓN", "municipio_tipo_mgn": "MUNICIPIO", "area_km2_mgn_attribute": 142.26366766000001, "area_km2_calc": 142.26366772020774, "centroid_lat": 1.6196989388348115, "centroid_lon": -77.142849081541229 }, "geometry": { "type": "Point", "coordinates": [ -77.142849081541229, 1.619698938834812 ] } },
{ "type": "Feature", "properties": { "cod_dpto": "52", "cod_mpio": "52405", "departamento_mgn": "NARIÑO", "municipio_mgn": "LEIVA", "municipio_tipo_mgn": "MUNICIPIO", "area_km2_mgn_attribute": 310.69804097999997, "area_km2_calc": 310.69804116125005, "centroid_lat": 1.9389751211042021, "centroid_lon": -77.311950905535824 }, "geometry": { "type": "Point", "coordinates": [ -77.311950905535824, 1.938975121104202 ] } },
{ "type": "Feature", "properties": { "cod_dpto": "52", "cod_mpio": "52411", "departamento_mgn": "NARIÑO", "municipio_mgn": "LINARES", "municipio_tipo_mgn": "MUNICIPIO", "area_km2_mgn_attribute": 135.77191367, "area_km2_calc": 135.77191377890841, "centroid_lat": 1.3951552160414906, "centroid_lon": -77.520946984055982 }, "geometry": { "type": "Point", "coordinates": [ -77.520946984055982, 1.395155216041491 ] } },
{ "type": "Feature", "properties": { "cod_dpto": "52", "cod_mpio": "52418", "departamento_mgn": "NARIÑO", "municipio_mgn": "LOS ANDES", "municipio_tipo_mgn": "MUNICIPIO", "area_km2_mgn_attribute": 957.98128084999996, "area_km2_calc": 957.98128181658683, "centroid_lat": 1.6726312116165081, "centroid_lon": -77.710585581695199 }, "geometry": { "type": "Point", "coordinates": [ -77.710585581695199, 1.672631211616508 ] } },
{ "type": "Feature", "properties": { "cod_dpto": "52", "cod_mpio": "52427", "departamento_mgn": "NARIÑO", "municipio_mgn": "MAGÜÍ", "municipio_tipo_mgn": "MUNICIPIO", "area_km2_mgn_attribute": 1810.6043115699999, "area_km2_calc": 1810.604314395197, "centroid_lat": 1.9068556603900195, "centroid_lon": -78.044803810152274 }, "geometry": { "type": "Point", "coordinates": [ -78.044803810152274, 1.90685566039002 ] } },
{ "type": "Feature", "properties": { "cod_dpto": "52", "cod_mpio": "52435", "departamento_mgn": "NARIÑO", "municipio_mgn": "MALLAMA", "municipio_tipo_mgn": "MUNICIPIO", "area_km2_mgn_attribute": 569.75763636, "area_km2_calc": 569.75763705195823, "centroid_lat": 1.1559520304874584, "centroid_lon": -77.846654003338358 }, "geometry": { "type": "Point", "coordinates": [ -77.846654003338358, 1.155952030487458 ] } },
{ "type": "Feature", "properties": { "cod_dpto": "52", "cod_mpio": "52473", "departamento_mgn": "NARIÑO", "municipio_mgn": "MOSQUERA", "municipio_tipo_mgn": "MUNICIPIO", "area_km2_mgn_attribute": 769.31284228000004, "area_km2_calc": 769.31284416239487, "centroid_lat": 2.4424743281930232, "centroid_lon": -78.438838769257217 }, "geometry": { "type": "Point", "coordinates": [ -78.438838769257217, 2.442474328193023 ] } },
{ "type": "Feature", "properties": { "cod_dpto": "52", "cod_mpio": "52480", "departamento_mgn": "NARIÑO", "municipio_mgn": "NARIÑO", "municipio_tipo_mgn": "MUNICIPIO", "area_km2_mgn_attribute": 25.33619716, "area_km2_calc": 25.33619717867618, "centroid_lat": 1.280859140257061, "centroid_lon": -77.353888491993004 }, "geometry": { "type": "Point", "coordinates": [ -77.353888491993004, 1.280859140257061 ] } },
{ "type": "Feature", "properties": { "cod_dpto": "52", "cod_mpio": "52490", "departamento_mgn": "NARIÑO", "municipio_mgn": "OLAYA HERRERA", "municipio_tipo_mgn": "MUNICIPIO", "area_km2_mgn_attribute": 1004.66826904, "area_km2_calc": 1004.6682711288262, "centroid_lat": 2.2898809586389266, "centroid_lon": -78.294708807541468 }, "geometry": { "type": "Point", "coordinates": [ -78.294708807541468, 2.289880958638927 ] } },
{ "type": "Feature", "properties": { "cod_dpto": "52", "cod_mpio": "52506", "departamento_mgn": "NARIÑO", "municipio_mgn": "OSPINA", "municipio_tipo_mgn": "MUNICIPIO", "area_km2_mgn_attribute": 64.91169049, "area_km2_calc": 64.911690547343213, "centroid_lat": 1.0298153079564178, "centroid_lon": -77.552351218290781 }, "geometry": { "type": "Point", "coordinates": [ -77.552351218290781, 1.029815307956418 ] } },
{ "type": "Feature", "properties": { "cod_dpto": "52", "cod_mpio": "52520", "departamento_mgn": "NARIÑO", "municipio_mgn": "FRANCISCO PIZARRO", "municipio_tipo_mgn": "MUNICIPIO", "area_km2_mgn_attribute": 526.10039535, "area_km2_calc": 526.10039689567316, "centroid_lat": 2.0885268381273137, "centroid_lon": -78.591938173424452 }, "geometry": { "type": "Point", "coordinates": [ -78.591938173424452, 2.088526838127314 ] } },
{ "type": "Feature", "properties": { "cod_dpto": "52", "cod_mpio": "52540", "departamento_mgn": "NARIÑO", "municipio_mgn": "POLICARPA", "municipio_tipo_mgn": "MUNICIPIO", "area_km2_mgn_attribute": 434.66530157, "area_km2_calc": 434.66530188318404, "centroid_lat": 1.7354033445659975, "centroid_lon": -77.481363660027057 }, "geometry": { "type": "Point", "coordinates": [ -77.481363660027057, 1.735403344565998 ] } },
{ "type": "Feature", "properties": { "cod_dpto": "52", "cod_mpio": "52560", "departamento_mgn": "NARIÑO", "municipio_mgn": "POTOSÍ", "municipio_tipo_mgn": "MUNICIPIO", "area_km2_mgn_attribute": 388.67689179000001, "area_km2_calc": 388.6768920520949, "centroid_lat": 0.72269973633075169, "centroid_lon": -77.424845481035916 }, "geometry": { "type": "Point", "coordinates": [ -77.424845481035916, 0.722699736330752 ] } },
{ "type": "Feature", "properties": { "cod_dpto": "52", "cod_mpio": "52565", "departamento_mgn": "NARIÑO", "municipio_mgn": "PROVIDENCIA", "municipio_tipo_mgn": "MUNICIPIO", "area_km2_mgn_attribute": 40.02681012, "area_km2_calc": 40.026810158326263, "centroid_lat": 1.2329192630886323, "centroid_lon": -77.598456507346711 }, "geometry": { "type": "Point", "coordinates": [ -77.598456507346711, 1.232919263088632 ] } },
{ "type": "Feature", "properties": { "cod_dpto": "52", "cod_mpio": "52573", "departamento_mgn": "NARIÑO", "municipio_mgn": "PUERRES", "municipio_tipo_mgn": "MUNICIPIO", "area_km2_mgn_attribute": 350.4603319, "area_km2_calc": 350.46033210232525, "centroid_lat": 0.82653744059945611, "centroid_lon": -77.322278046808265 }, "geometry": { "type": "Point", "coordinates": [ -77.322278046808265, 0.826537440599456 ] } },
{ "type": "Feature", "properties": { "cod_dpto": "52", "cod_mpio": "52585", "departamento_mgn": "NARIÑO", "municipio_mgn": "PUPIALES", "municipio_tipo_mgn": "MUNICIPIO", "area_km2_mgn_attribute": 129.8037353, "area_km2_calc": 129.8037354194332, "centroid_lat": 0.91676949053262324, "centroid_lon": -77.633371029347643 }, "geometry": { "type": "Point", "coordinates": [ -77.633371029347643, 0.916769490532623 ] } },
{ "type": "Feature", "properties": { "cod_dpto": "52", "cod_mpio": "52612", "departamento_mgn": "NARIÑO", "municipio_mgn": "RICAURTE", "municipio_tipo_mgn": "MUNICIPIO", "area_km2_mgn_attribute": 1057.19519655, "area_km2_calc": 1057.1951982123926, "centroid_lat": 1.2027081133247999, "centroid_lon": -78.047691259809881 }, "geometry": { "type": "Point", "coordinates": [ -78.047691259809881, 1.2027081133248 ] } },
{ "type": "Feature", "properties": { "cod_dpto": "52", "cod_mpio": "52621", "departamento_mgn": "NARIÑO", "municipio_mgn": "ROBERTO PAYÁN", "municipio_tipo_mgn": "MUNICIPIO", "area_km2_mgn_attribute": 1460.0405887, "area_km2_calc": 1460.0405920814453, "centroid_lat": 1.8975990280863015, "centroid_lon": -78.381102040169765 }, "geometry": { "type": "Point", "coordinates": [ -78.381102040169765, 1.897599028086302 ] } },
{ "type": "Feature", "properties": { "cod_dpto": "52", "cod_mpio": "52678", "departamento_mgn": "NARIÑO", "municipio_mgn": "SAMANIEGO", "municipio_tipo_mgn": "MUNICIPIO", "area_km2_mgn_attribute": 605.73850578999998, "area_km2_calc": 605.73850638810268, "centroid_lat": 1.4305765083663577, "centroid_lon": -77.691814901196565 }, "geometry": { "type": "Point", "coordinates": [ -77.691814901196565, 1.430576508366358 ] } },
{ "type": "Feature", "properties": { "cod_dpto": "52", "cod_mpio": "52683", "departamento_mgn": "NARIÑO", "municipio_mgn": "SANDONÁ", "municipio_tipo_mgn": "MUNICIPIO", "area_km2_mgn_attribute": 101.71331605, "area_km2_calc": 101.71331611915087, "centroid_lat": 1.2881079421114174, "centroid_lon": -77.456703298674014 }, "geometry": { "type": "Point", "coordinates": [ -77.456703298674014, 1.288107942111417 ] } },
{ "type": "Feature", "properties": { "cod_dpto": "52", "cod_mpio": "52685", "departamento_mgn": "NARIÑO", "municipio_mgn": "SAN BERNARDO", "municipio_tipo_mgn": "MUNICIPIO", "area_km2_mgn_attribute": 65.21026402, "area_km2_calc": 65.210264041924233, "centroid_lat": 1.5297824894801049, "centroid_lon": -77.020708965908739 }, "geometry": { "type": "Point", "coordinates": [ -77.020708965908739, 1.529782489480105 ] } },
{ "type": "Feature", "properties": { "cod_dpto": "52", "cod_mpio": "52687", "departamento_mgn": "NARIÑO", "municipio_mgn": "SAN LORENZO", "municipio_tipo_mgn": "MUNICIPIO", "area_km2_mgn_attribute": 249.35495437, "area_km2_calc": 249.3549544906831, "centroid_lat": 1.5421406535078392, "centroid_lon": -77.218729002696364 }, "geometry": { "type": "Point", "coordinates": [ -77.218729002696364, 1.542140653507839 ] } },
{ "type": "Feature", "properties": { "cod_dpto": "52", "cod_mpio": "52693", "departamento_mgn": "NARIÑO", "municipio_mgn": "SAN PABLO", "municipio_tipo_mgn": "MUNICIPIO", "area_km2_mgn_attribute": 111.93476788, "area_km2_calc": 111.93476792096037, "centroid_lat": 1.6815773254563624, "centroid_lon": -76.975284542418976 }, "geometry": { "type": "Point", "coordinates": [ -76.975284542418976, 1.681577325456362 ] } },
{ "type": "Feature", "properties": { "cod_dpto": "52", "cod_mpio": "52694", "departamento_mgn": "NARIÑO", "municipio_mgn": "SAN PEDRO DE CARTAGO", "municipio_tipo_mgn": "MUNICIPIO", "area_km2_mgn_attribute": 55.68932278, "area_km2_calc": 55.689322799747529, "centroid_lat": 1.5368236948738152, "centroid_lon": -77.101404155740681 }, "geometry": { "type": "Point", "coordinates": [ -77.101404155740681, 1.536823694873815 ] } },
{ "type": "Feature", "properties": { "cod_dpto": "52", "cod_mpio": "52696", "departamento_mgn": "NARIÑO", "municipio_mgn": "SANTA BÁRBARA", "municipio_tipo_mgn": "MUNICIPIO", "area_km2_mgn_attribute": 1226.1264679799999, "area_km2_calc": 1226.1264695016787, "centroid_lat": 2.3022403386887409, "centroid_lon": -77.874377339230662 }, "geometry": { "type": "Point", "coordinates": [ -77.874377339230662, 2.302240338688741 ] } },
{ "type": "Feature", "properties": { "cod_dpto": "52", "cod_mpio": "52699", "departamento_mgn": "NARIÑO", "municipio_mgn": "SANTACRUZ", "municipio_tipo_mgn": "MUNICIPIO", "area_km2_mgn_attribute": 541.17976583999996, "area_km2_calc": 541.17976641244957, "centroid_lat": 1.2851859120298448, "centroid_lon": -77.744602414668222 }, "geometry": { "type": "Point", "coordinates": [ -77.744602414668222, 1.285185912029845 ] } },
{ "type": "Feature", "properties": { "cod_dpto": "52", "cod_mpio": "52720", "departamento_mgn": "NARIÑO", "municipio_mgn": "SAPUYES", "municipio_tipo_mgn": "MUNICIPIO", "area_km2_mgn_attribute": 115.6803778, "area_km2_calc": 115.68037790778452, "centroid_lat": 1.0361907445847343, "centroid_lon": -77.680457302849788 }, "geometry": { "type": "Point", "coordinates": [ -77.680457302849788, 1.036190744584734 ] } },
{ "type": "Feature", "properties": { "cod_dpto": "52", "cod_mpio": "52786", "departamento_mgn": "NARIÑO", "municipio_mgn": "TAMINANGO", "municipio_tipo_mgn": "MUNICIPIO", "area_km2_mgn_attribute": 234.79956527, "area_km2_calc": 234.79956540954461, "centroid_lat": 1.5916601921226692, "centroid_lon": -77.325237538729311 }, "geometry": { "type": "Point", "coordinates": [ -77.325237538729311, 1.591660192122669 ] } },
{ "type": "Feature", "properties": { "cod_dpto": "52", "cod_mpio": "52788", "departamento_mgn": "NARIÑO", "municipio_mgn": "TANGUA", "municipio_tipo_mgn": "MUNICIPIO", "area_km2_mgn_attribute": 218.17328065000001, "area_km2_calc": 218.17328077875314, "centroid_lat": 1.0640860655720226, "centroid_lon": -77.350636286974321 }, "geometry": { "type": "Point", "coordinates": [ -77.350636286974321, 1.064086065572023 ] } },
{ "type": "Feature", "properties": { "cod_dpto": "52", "cod_mpio": "52835", "departamento_mgn": "NARIÑO", "municipio_mgn": "SAN ANDRÉS DE TUMACO", "municipio_tipo_mgn": "MUNICIPIO", "area_km2_mgn_attribute": 3617.4580482000001, "area_km2_calc": 3617.45805758903, "centroid_lat": 1.636095448514824, "centroid_lon": -78.613927641839297 }, "geometry": { "type": "Point", "coordinates": [ -78.613927641839297, 1.636095448514824 ] } },
{ "type": "Feature", "properties": { "cod_dpto": "52", "cod_mpio": "52838", "departamento_mgn": "NARIÑO", "municipio_mgn": "TÚQUERRES", "municipio_tipo_mgn": "MUNICIPIO", "area_km2_mgn_attribute": 216.56880007000001, "area_km2_calc": 216.56880026501531, "centroid_lat": 1.1344792054077808, "centroid_lon": -77.630729485133486 }, "geometry": { "type": "Point", "coordinates": [ -77.630729485133486, 1.134479205407781 ] } },
{ "type": "Feature", "properties": { "cod_dpto": "52", "cod_mpio": "52885", "departamento_mgn": "NARIÑO", "municipio_mgn": "YACUANQUER", "municipio_tipo_mgn": "MUNICIPIO", "area_km2_mgn_attribute": 102.8345792, "area_km2_calc": 102.83457926563061, "centroid_lat": 1.1255462435219992, "centroid_lon": -77.424678247642774 }, "geometry": { "type": "Point", "coordinates": [ -77.424678247642774, 1.125546243521999 ] } },
{ "type": "Feature", "properties": { "cod_dpto": "54", "cod_mpio": "54001", "departamento_mgn": "NORTE DE SANTANDER", "municipio_mgn": "SAN JOSÉ DE CÚCUTA", "municipio_tipo_mgn": "MUNICIPIO", "area_km2_mgn_attribute": 1131.2195361300001, "area_km2_calc": 1131.2195360945223, "centroid_lat": 8.1119312948259363, "centroid_lon": -72.488647231594129 }, "geometry": { "type": "Point", "coordinates": [ -72.488647231594129, 8.111931294825936 ] } },
{ "type": "Feature", "properties": { "cod_dpto": "54", "cod_mpio": "54003", "departamento_mgn": "NORTE DE SANTANDER", "municipio_mgn": "ÁBREGO", "municipio_tipo_mgn": "MUNICIPIO", "area_km2_mgn_attribute": 1379.8987162799999, "area_km2_calc": 1379.8987162410433, "centroid_lat": 8.0198046408095234, "centroid_lon": -73.158523441347953 }, "geometry": { "type": "Point", "coordinates": [ -73.158523441347953, 8.019804640809523 ] } },
{ "type": "Feature", "properties": { "cod_dpto": "54", "cod_mpio": "54051", "departamento_mgn": "NORTE DE SANTANDER", "municipio_mgn": "ARBOLEDAS", "municipio_tipo_mgn": "MUNICIPIO", "area_km2_mgn_attribute": 455.21919894000001, "area_km2_calc": 455.21919892109457, "centroid_lat": 7.6132301862549587, "centroid_lon": -72.861375086148243 }, "geometry": { "type": "Point", "coordinates": [ -72.861375086148243, 7.613230186254959 ] } },
{ "type": "Feature", "properties": { "cod_dpto": "54", "cod_mpio": "54099", "departamento_mgn": "NORTE DE SANTANDER", "municipio_mgn": "BOCHALEMA", "municipio_tipo_mgn": "MUNICIPIO", "area_km2_mgn_attribute": 169.90880706, "area_km2_calc": 169.9088070520566, "centroid_lat": 7.6334607942757451, "centroid_lon": -72.657820732403906 }, "geometry": { "type": "Point", "coordinates": [ -72.657820732403906, 7.633460794275745 ] } },
{ "type": "Feature", "properties": { "cod_dpto": "54", "cod_mpio": "54109", "departamento_mgn": "NORTE DE SANTANDER", "municipio_mgn": "BUCARASICA", "municipio_tipo_mgn": "MUNICIPIO", "area_km2_mgn_attribute": 270.2510342, "area_km2_calc": 270.25103419327377, "centroid_lat": 8.07979812335285, "centroid_lon": -72.92919565293947 }, "geometry": { "type": "Point", "coordinates": [ -72.92919565293947, 8.07979812335285 ] } },
{ "type": "Feature", "properties": { "cod_dpto": "54", "cod_mpio": "54125", "departamento_mgn": "NORTE DE SANTANDER", "municipio_mgn": "CÁCOTA", "municipio_tipo_mgn": "MUNICIPIO", "area_km2_mgn_attribute": 138.62005604000001, "area_km2_calc": 138.62005603695457, "centroid_lat": 7.270559428771918, "centroid_lon": -72.652121254743051 }, "geometry": { "type": "Point", "coordinates": [ -72.652121254743051, 7.270559428771918 ] } },
{ "type": "Feature", "properties": { "cod_dpto": "54", "cod_mpio": "54128", "departamento_mgn": "NORTE DE SANTANDER", "municipio_mgn": "CÁCHIRA", "municipio_tipo_mgn": "MUNICIPIO", "area_km2_mgn_attribute": 614.67166700999996, "area_km2_calc": 614.67166699332324, "centroid_lat": 7.6841893199043003, "centroid_lon": -73.129410267054325 }, "geometry": { "type": "Point", "coordinates": [ -73.129410267054325, 7.6841893199043 ] } },
{ "type": "Feature", "properties": { "cod_dpto": "54", "cod_mpio": "54172", "departamento_mgn": "NORTE DE SANTANDER", "municipio_mgn": "CHINÁCOTA", "municipio_tipo_mgn": "MUNICIPIO", "area_km2_mgn_attribute": 165.8850049, "area_km2_calc": 165.88500489572971, "centroid_lat": 7.5833461664183028, "centroid_lon": -72.583908008740096 }, "geometry": { "type": "Point", "coordinates": [ -72.583908008740096, 7.583346166418303 ] } },
{ "type": "Feature", "properties": { "cod_dpto": "54", "cod_mpio": "54174", "departamento_mgn": "NORTE DE SANTANDER", "municipio_mgn": "CHITAGÁ", "municipio_tipo_mgn": "MUNICIPIO", "area_km2_mgn_attribute": 1182.50538923, "area_km2_calc": 1182.5053891932173, "centroid_lat": 7.0516152020140339, "centroid_lon": -72.525422379388829 }, "geometry": { "type": "Point", "coordinates": [ -72.525422379388829, 7.051615202014034 ] } },
{ "type": "Feature", "properties": { "cod_dpto": "54", "cod_mpio": "54206", "departamento_mgn": "NORTE DE SANTANDER", "municipio_mgn": "CONVENCIÓN", "municipio_tipo_mgn": "MUNICIPIO", "area_km2_mgn_attribute": 930.09000459000004, "area_km2_calc": 930.09000455893135, "centroid_lat": 8.8730926169849109, "centroid_lon": -73.200188637860123 }, "geometry": { "type": "Point", "coordinates": [ -73.200188637860123, 8.873092616984911 ] } },
{ "type": "Feature", "properties": { "cod_dpto": "54", "cod_mpio": "54223", "departamento_mgn": "NORTE DE SANTANDER", "municipio_mgn": "CUCUTILLA", "municipio_tipo_mgn": "MUNICIPIO", "area_km2_mgn_attribute": 374.1306249, "area_km2_calc": 374.13062488520751, "centroid_lat": 7.5021757578081258, "centroid_lon": -72.797040125216427 }, "geometry": { "type": "Point", "coordinates": [ -72.797040125216427, 7.502175757808126 ] } },
{ "type": "Feature", "properties": { "cod_dpto": "54", "cod_mpio": "54239", "departamento_mgn": "NORTE DE SANTANDER", "municipio_mgn": "DURANIA", "municipio_tipo_mgn": "MUNICIPIO", "area_km2_mgn_attribute": 174.62230746, "area_km2_calc": 174.62230745354705, "centroid_lat": 7.746993268587457, "centroid_lon": -72.67208419471514 }, "geometry": { "type": "Point", "coordinates": [ -72.67208419471514, 7.746993268587457 ] } },
{ "type": "Feature", "properties": { "cod_dpto": "54", "cod_mpio": "54245", "departamento_mgn": "NORTE DE SANTANDER", "municipio_mgn": "EL CARMEN", "municipio_tipo_mgn": "MUNICIPIO", "area_km2_mgn_attribute": 1724.75946712, "area_km2_calc": 1724.7594670702881, "centroid_lat": 8.8678604900254658, "centroid_lon": -73.345961280458781 }, "geometry": { "type": "Point", "coordinates": [ -73.345961280458781, 8.867860490025466 ] } },
{ "type": "Feature", "properties": { "cod_dpto": "54", "cod_mpio": "54250", "departamento_mgn": "NORTE DE SANTANDER", "municipio_mgn": "EL TARRA", "municipio_tipo_mgn": "MUNICIPIO", "area_km2_mgn_attribute": 702.7440662, "area_km2_calc": 702.74406617650811, "centroid_lat": 8.6782472615954109, "centroid_lon": -73.031769350720552 }, "geometry": { "type": "Point", "coordinates": [ -73.031769350720552, 8.678247261595411 ] } },
{ "type": "Feature", "properties": { "cod_dpto": "54", "cod_mpio": "54261", "departamento_mgn": "NORTE DE SANTANDER", "municipio_mgn": "EL ZULIA", "municipio_tipo_mgn": "MUNICIPIO", "area_km2_mgn_attribute": 504.22173436000003, "area_km2_calc": 504.22173434066798, "centroid_lat": 8.0811740442342899, "centroid_lon": -72.631534702497007 }, "geometry": { "type": "Point", "coordinates": [ -72.631534702497007, 8.08117404423429 ] } },
{ "type": "Feature", "properties": { "cod_dpto": "54", "cod_mpio": "54313", "departamento_mgn": "NORTE DE SANTANDER", "municipio_mgn": "GRAMALOTE", "municipio_tipo_mgn": "MUNICIPIO", "area_km2_mgn_attribute": 148.71499924, "area_km2_calc": 148.71499923796941, "centroid_lat": 7.9065199939331938, "centroid_lon": -72.807058254395159 }, "geometry": { "type": "Point", "coordinates": [ -72.807058254395159, 7.906519993933194 ] } },
{ "type": "Feature", "properties": { "cod_dpto": "54", "cod_mpio": "54344", "departamento_mgn": "NORTE DE SANTANDER", "municipio_mgn": "HACARÍ", "municipio_tipo_mgn": "MUNICIPIO", "area_km2_mgn_attribute": 418.21020655000001, "area_km2_calc": 418.21020653464444, "centroid_lat": 8.3618282444076524, "centroid_lon": -73.078266251434627 }, "geometry": { "type": "Point", "coordinates": [ -73.078266251434627, 8.361828244407652 ] } },
{ "type": "Feature", "properties": { "cod_dpto": "54", "cod_mpio": "54347", "departamento_mgn": "NORTE DE SANTANDER", "municipio_mgn": "HERRÁN", "municipio_tipo_mgn": "MUNICIPIO", "area_km2_mgn_attribute": 106.71441529000001, "area_km2_calc": 106.71441528403938, "centroid_lat": 7.4939526441959163, "centroid_lon": -72.492696323592085 }, "geometry": { "type": "Point", "coordinates": [ -72.492696323592085, 7.493952644195916 ] } },
{ "type": "Feature", "properties": { "cod_dpto": "54", "cod_mpio": "54377", "departamento_mgn": "NORTE DE SANTANDER", "municipio_mgn": "LABATECA", "municipio_tipo_mgn": "MUNICIPIO", "area_km2_mgn_attribute": 255.46142365, "area_km2_calc": 255.4614236452513, "centroid_lat": 7.2655061171037261, "centroid_lon": -72.522660363140119 }, "geometry": { "type": "Point", "coordinates": [ -72.522660363140119, 7.265506117103726 ] } },
{ "type": "Feature", "properties": { "cod_dpto": "54", "cod_mpio": "54385", "departamento_mgn": "NORTE DE SANTANDER", "municipio_mgn": "LA ESPERANZA", "municipio_tipo_mgn": "MUNICIPIO", "area_km2_mgn_attribute": 668.75090393000005, "area_km2_calc": 668.7509039099632, "centroid_lat": 7.6952327628834354, "centroid_lon": -73.36141423238243 }, "geometry": { "type": "Point", "coordinates": [ -73.36141423238243, 7.695232762883435 ] } },
{ "type": "Feature", "properties": { "cod_dpto": "54", "cod_mpio": "54398", "departamento_mgn": "NORTE DE SANTANDER", "municipio_mgn": "LA PLAYA", "municipio_tipo_mgn": "MUNICIPIO", "area_km2_mgn_attribute": 241.77237225, "area_km2_calc": 241.77237224426017, "centroid_lat": 8.2567577950390518, "centroid_lon": -73.187892443307632 }, "geometry": { "type": "Point", "coordinates": [ -73.187892443307632, 8.256757795039052 ] } },
{ "type": "Feature", "properties": { "cod_dpto": "54", "cod_mpio": "54405", "departamento_mgn": "NORTE DE SANTANDER", "municipio_mgn": "LOS PATIOS", "municipio_tipo_mgn": "MUNICIPIO", "area_km2_mgn_attribute": 126.0892249, "area_km2_calc": 126.08922489434157, "centroid_lat": 7.7414259686648474, "centroid_lon": -72.527251347695611 }, "geometry": { "type": "Point", "coordinates": [ -72.527251347695611, 7.741425968664847 ] } },
{ "type": "Feature", "properties": { "cod_dpto": "54", "cod_mpio": "54418", "departamento_mgn": "NORTE DE SANTANDER", "municipio_mgn": "LOURDES", "municipio_tipo_mgn": "MUNICIPIO", "area_km2_mgn_attribute": 86.41008339, "area_km2_calc": 86.410083387823221, "centroid_lat": 7.9637118364324362, "centroid_lon": -72.846703517494092 }, "geometry": { "type": "Point", "coordinates": [ -72.846703517494092, 7.963711836432436 ] } },
{ "type": "Feature", "properties": { "cod_dpto": "54", "cod_mpio": "54480", "departamento_mgn": "NORTE DE SANTANDER", "municipio_mgn": "MUTISCUA", "municipio_tipo_mgn": "MUNICIPIO", "area_km2_mgn_attribute": 158.49037009, "area_km2_calc": 158.49037008584133, "centroid_lat": 7.3169432761421564, "centroid_lon": -72.768347072999433 }, "geometry": { "type": "Point", "coordinates": [ -72.768347072999433, 7.316943276142156 ] } },
{ "type": "Feature", "properties": { "cod_dpto": "54", "cod_mpio": "54498", "departamento_mgn": "NORTE DE SANTANDER", "municipio_mgn": "OCAÑA", "municipio_tipo_mgn": "MUNICIPIO", "area_km2_mgn_attribute": 552.82986781, "area_km2_calc": 552.82986779132807, "centroid_lat": 8.2302662594579097, "centroid_lon": -73.35634787638979 }, "geometry": { "type": "Point", "coordinates": [ -73.35634787638979, 8.23026625945791 ] } },
{ "type": "Feature", "properties": { "cod_dpto": "54", "cod_mpio": "54518", "departamento_mgn": "NORTE DE SANTANDER", "municipio_mgn": "PAMPLONA", "municipio_tipo_mgn": "MUNICIPIO", "area_km2_mgn_attribute": 297.65003041, "area_km2_calc": 297.6500304007385, "centroid_lat": 7.3790579385561399, "centroid_lon": -72.675894752659431 }, "geometry": { "type": "Point", "coordinates": [ -72.675894752659431, 7.37905793855614 ] } },
{ "type": "Feature", "properties": { "cod_dpto": "54", "cod_mpio": "54520", "departamento_mgn": "NORTE DE SANTANDER", "municipio_mgn": "PAMPLONITA", "municipio_tipo_mgn": "MUNICIPIO", "area_km2_mgn_attribute": 170.55879822, "area_km2_calc": 170.55879821454363, "centroid_lat": 7.4828768300412269, "centroid_lon": -72.635151773533366 }, "geometry": { "type": "Point", "coordinates": [ -72.635151773533366, 7.482876830041227 ] } },
{ "type": "Feature", "properties": { "cod_dpto": "54", "cod_mpio": "54553", "departamento_mgn": "NORTE DE SANTANDER", "municipio_mgn": "PUERTO SANTANDER", "municipio_tipo_mgn": "MUNICIPIO", "area_km2_mgn_attribute": 44.84603519, "area_km2_calc": 44.846035185871067, "centroid_lat": 8.3291414523633325, "centroid_lon": -72.411189600576051 }, "geometry": { "type": "Point", "coordinates": [ -72.411189600576051, 8.329141452363332 ] } },
{ "type": "Feature", "properties": { "cod_dpto": "54", "cod_mpio": "54599", "departamento_mgn": "NORTE DE SANTANDER", "municipio_mgn": "RAGONVALIA", "municipio_tipo_mgn": "MUNICIPIO", "area_km2_mgn_attribute": 97.50416884000001, "area_km2_calc": 97.504168840586615, "centroid_lat": 7.59535525194923, "centroid_lon": -72.507566057401348 }, "geometry": { "type": "Point", "coordinates": [ -72.507566057401348, 7.59535525194923 ] } },
{ "type": "Feature", "properties": { "cod_dpto": "54", "cod_mpio": "54660", "departamento_mgn": "NORTE DE SANTANDER", "municipio_mgn": "SALAZAR", "municipio_tipo_mgn": "MUNICIPIO", "area_km2_mgn_attribute": 492.90551498000002, "area_km2_calc": 492.90551496020862, "centroid_lat": 7.7727480873552262, "centroid_lon": -72.867700985978118 }, "geometry": { "type": "Point", "coordinates": [ -72.867700985978118, 7.772748087355226 ] } },
{ "type": "Feature", "properties": { "cod_dpto": "54", "cod_mpio": "54670", "departamento_mgn": "NORTE DE SANTANDER", "municipio_mgn": "SAN CALIXTO", "municipio_tipo_mgn": "MUNICIPIO", "area_km2_mgn_attribute": 397.28756024, "area_km2_calc": 397.28756022683842, "centroid_lat": 8.4538380814284526, "centroid_lon": -73.1579949663181 }, "geometry": { "type": "Point", "coordinates": [ -73.1579949663181, 8.453838081428453 ] } },
{ "type": "Feature", "properties": { "cod_dpto": "54", "cod_mpio": "54673", "departamento_mgn": "NORTE DE SANTANDER", "municipio_mgn": "SAN CAYETANO", "municipio_tipo_mgn": "MUNICIPIO", "area_km2_mgn_attribute": 138.74468604, "area_km2_calc": 138.74468603890222, "centroid_lat": 7.8478075971970345, "centroid_lon": -72.609803845579421 }, "geometry": { "type": "Point", "coordinates": [ -72.609803845579421, 7.847807597197034 ] } },
{ "type": "Feature", "properties": { "cod_dpto": "54", "cod_mpio": "54680", "departamento_mgn": "NORTE DE SANTANDER", "municipio_mgn": "SANTIAGO", "municipio_tipo_mgn": "MUNICIPIO", "area_km2_mgn_attribute": 172.17061513, "area_km2_calc": 172.17061512791184, "centroid_lat": 7.8892301522139983, "centroid_lon": -72.718253261574247 }, "geometry": { "type": "Point", "coordinates": [ -72.718253261574247, 7.889230152213998 ] } },
{ "type": "Feature", "properties": { "cod_dpto": "54", "cod_mpio": "54720", "departamento_mgn": "NORTE DE SANTANDER", "municipio_mgn": "SARDINATA", "municipio_tipo_mgn": "MUNICIPIO", "area_km2_mgn_attribute": 1464.6649685899999, "area_km2_calc": 1464.6649685487471, "centroid_lat": 8.2641065637323852, "centroid_lon": -72.806304602003465 }, "geometry": { "type": "Point", "coordinates": [ -72.806304602003465, 8.264106563732385 ] } },
{ "type": "Feature", "properties": { "cod_dpto": "54", "cod_mpio": "54743", "departamento_mgn": "NORTE DE SANTANDER", "municipio_mgn": "SILOS", "municipio_tipo_mgn": "MUNICIPIO", "area_km2_mgn_attribute": 391.50790087000001, "area_km2_calc": 391.50790085380555, "centroid_lat": 7.1583962230966414, "centroid_lon": -72.792628096255783 }, "geometry": { "type": "Point", "coordinates": [ -72.792628096255783, 7.158396223096641 ] } },
{ "type": "Feature", "properties": { "cod_dpto": "54", "cod_mpio": "54800", "departamento_mgn": "NORTE DE SANTANDER", "municipio_mgn": "TEORAMA", "municipio_tipo_mgn": "MUNICIPIO", "area_km2_mgn_attribute": 925.34338126, "area_km2_calc": 925.34338123171426, "centroid_lat": 8.759927253508474, "centroid_lon": -73.157224485711666 }, "geometry": { "type": "Point", "coordinates": [ -73.157224485711666, 8.759927253508474 ] } },
{ "type": "Feature", "properties": { "cod_dpto": "54", "cod_mpio": "54810", "departamento_mgn": "NORTE DE SANTANDER", "municipio_mgn": "TIBÚ", "municipio_tipo_mgn": "MUNICIPIO", "area_km2_mgn_attribute": 2674.5089351900001, "area_km2_calc": 2674.5089351047004, "centroid_lat": 8.7134023958122278, "centroid_lon": -72.799179607985351 }, "geometry": { "type": "Point", "coordinates": [ -72.799179607985351, 8.713402395812228 ] } },
{ "type": "Feature", "properties": { "cod_dpto": "54", "cod_mpio": "54820", "departamento_mgn": "NORTE DE SANTANDER", "municipio_mgn": "TOLEDO", "municipio_tipo_mgn": "MUNICIPIO", "area_km2_mgn_attribute": 1498.1187710700001, "area_km2_calc": 1498.1187710276615, "centroid_lat": 7.2230344591227515, "centroid_lon": -72.30352265919808 }, "geometry": { "type": "Point", "coordinates": [ -72.30352265919808, 7.223034459122752 ] } },
{ "type": "Feature", "properties": { "cod_dpto": "54", "cod_mpio": "54871", "departamento_mgn": "NORTE DE SANTANDER", "municipio_mgn": "VILLA CARO", "municipio_tipo_mgn": "MUNICIPIO", "area_km2_mgn_attribute": 400.2739777, "area_km2_calc": 400.27397768587934, "centroid_lat": 7.9362839642687328, "centroid_lon": -72.987591589511595 }, "geometry": { "type": "Point", "coordinates": [ -72.987591589511595, 7.936283964268733 ] } },
{ "type": "Feature", "properties": { "cod_dpto": "54", "cod_mpio": "54874", "departamento_mgn": "NORTE DE SANTANDER", "municipio_mgn": "VILLA DEL ROSARIO", "municipio_tipo_mgn": "MUNICIPIO", "area_km2_mgn_attribute": 91.55974104000001, "area_km2_calc": 91.559741039660494, "centroid_lat": 7.7571728568114748, "centroid_lon": -72.482032552765673 }, "geometry": { "type": "Point", "coordinates": [ -72.482032552765673, 7.757172856811475 ] } },
{ "type": "Feature", "properties": { "cod_dpto": "63", "cod_mpio": "63001", "departamento_mgn": "QUINDÍO", "municipio_mgn": "ARMENIA", "municipio_tipo_mgn": "MUNICIPIO", "area_km2_mgn_attribute": 121.24894658, "area_km2_calc": 121.24894658305871, "centroid_lat": 4.4993256169884557, "centroid_lon": -75.724834894201962 }, "geometry": { "type": "Point", "coordinates": [ -75.724834894201962, 4.499325616988456 ] } },
{ "type": "Feature", "properties": { "cod_dpto": "63", "cod_mpio": "63111", "departamento_mgn": "QUINDÍO", "municipio_mgn": "BUENAVISTA", "municipio_tipo_mgn": "MUNICIPIO", "area_km2_mgn_attribute": 38.26465713, "area_km2_calc": 38.264657129982197, "centroid_lat": 4.3668392620293721, "centroid_lon": -75.743990373548797 }, "geometry": { "type": "Point", "coordinates": [ -75.743990373548797, 4.366839262029372 ] } },
{ "type": "Feature", "properties": { "cod_dpto": "63", "cod_mpio": "63130", "departamento_mgn": "QUINDÍO", "municipio_mgn": "CALARCÁ", "municipio_tipo_mgn": "MUNICIPIO", "area_km2_mgn_attribute": 220.04465041, "area_km2_calc": 220.04465040593112, "centroid_lat": 4.4681230580509199, "centroid_lon": -75.656393473230821 }, "geometry": { "type": "Point", "coordinates": [ -75.656393473230821, 4.46812305805092 ] } },
{ "type": "Feature", "properties": { "cod_dpto": "63", "cod_mpio": "63190", "departamento_mgn": "QUINDÍO", "municipio_mgn": "CIRCASIA", "municipio_tipo_mgn": "MUNICIPIO", "area_km2_mgn_attribute": 90.68949358, "area_km2_calc": 90.689493579393925, "centroid_lat": 4.6048921228726645, "centroid_lon": -75.666921395512873 }, "geometry": { "type": "Point", "coordinates": [ -75.666921395512873, 4.604892122872664 ] } },
{ "type": "Feature", "properties": { "cod_dpto": "63", "cod_mpio": "63212", "departamento_mgn": "QUINDÍO", "municipio_mgn": "CÓRDOBA", "municipio_tipo_mgn": "MUNICIPIO", "area_km2_mgn_attribute": 93.8003141, "area_km2_calc": 93.800314101192683, "centroid_lat": 4.3961204198077493, "centroid_lon": -75.652022003828847 }, "geometry": { "type": "Point", "coordinates": [ -75.652022003828847, 4.396120419807749 ] } },
{ "type": "Feature", "properties": { "cod_dpto": "63", "cod_mpio": "63272", "departamento_mgn": "QUINDÍO", "municipio_mgn": "FILANDIA", "municipio_tipo_mgn": "MUNICIPIO", "area_km2_mgn_attribute": 106.55858967, "area_km2_calc": 106.55858966955365, "centroid_lat": 4.6693667946052484, "centroid_lon": -75.671451391130148 }, "geometry": { "type": "Point", "coordinates": [ -75.671451391130148, 4.669366794605248 ] } },
{ "type": "Feature", "properties": { "cod_dpto": "63", "cod_mpio": "63302", "departamento_mgn": "QUINDÍO", "municipio_mgn": "GÉNOVA", "municipio_tipo_mgn": "MUNICIPIO", "area_km2_mgn_attribute": 295.69497441, "area_km2_calc": 295.69497440829724, "centroid_lat": 4.1802495052119566, "centroid_lon": -75.76039770599283 }, "geometry": { "type": "Point", "coordinates": [ -75.76039770599283, 4.180249505211957 ] } },
{ "type": "Feature", "properties": { "cod_dpto": "63", "cod_mpio": "63401", "departamento_mgn": "QUINDÍO", "municipio_mgn": "LA TEBAIDA", "municipio_tipo_mgn": "MUNICIPIO", "area_km2_mgn_attribute": 89.38531537, "area_km2_calc": 89.385315367841997, "centroid_lat": 4.4357623107844413, "centroid_lon": -75.817360404861674 }, "geometry": { "type": "Point", "coordinates": [ -75.817360404861674, 4.435762310784441 ] } },
{ "type": "Feature", "properties": { "cod_dpto": "63", "cod_mpio": "63470", "departamento_mgn": "QUINDÍO", "municipio_mgn": "MONTENEGRO", "municipio_tipo_mgn": "MUNICIPIO", "area_km2_mgn_attribute": 149.26024283000001, "area_km2_calc": 149.26024283224535, "centroid_lat": 4.5219635625624521, "centroid_lon": -75.817997296747023 }, "geometry": { "type": "Point", "coordinates": [ -75.817997296747023, 4.521963562562452 ] } },
{ "type": "Feature", "properties": { "cod_dpto": "63", "cod_mpio": "63548", "departamento_mgn": "QUINDÍO", "municipio_mgn": "PIJAO", "municipio_tipo_mgn": "MUNICIPIO", "area_km2_mgn_attribute": 247.92998586, "area_km2_calc": 247.92998586453126, "centroid_lat": 4.3042295700303654, "centroid_lon": -75.683422045324022 }, "geometry": { "type": "Point", "coordinates": [ -75.683422045324022, 4.304229570030365 ] } },
{ "type": "Feature", "properties": { "cod_dpto": "63", "cod_mpio": "63594", "departamento_mgn": "QUINDÍO", "municipio_mgn": "QUIMBAYA", "municipio_tipo_mgn": "MUNICIPIO", "area_km2_mgn_attribute": 133.28299445, "area_km2_calc": 133.2829944502493, "centroid_lat": 4.6102872581688557, "centroid_lon": -75.792120544071139 }, "geometry": { "type": "Point", "coordinates": [ -75.792120544071139, 4.610287258168856 ] } },
{ "type": "Feature", "properties": { "cod_dpto": "63", "cod_mpio": "63690", "departamento_mgn": "QUINDÍO", "municipio_mgn": "SALENTO", "municipio_tipo_mgn": "MUNICIPIO", "area_km2_mgn_attribute": 346.99889646000003, "area_km2_calc": 346.99889645265728, "centroid_lat": 4.6112934943722266, "centroid_lon": -75.530893311600636 }, "geometry": { "type": "Point", "coordinates": [ -75.530893311600636, 4.611293494372227 ] } },
{ "type": "Feature", "properties": { "cod_dpto": "66", "cod_mpio": "66001", "departamento_mgn": "RISARALDA", "municipio_mgn": "PEREIRA", "municipio_tipo_mgn": "MUNICIPIO", "area_km2_mgn_attribute": 607.90289836, "area_km2_calc": 607.90289836556155, "centroid_lat": 4.7812905210380761, "centroid_lon": -75.712355977845263 }, "geometry": { "type": "Point", "coordinates": [ -75.712355977845263, 4.781290521038076 ] } },
{ "type": "Feature", "properties": { "cod_dpto": "66", "cod_mpio": "66045", "departamento_mgn": "RISARALDA", "municipio_mgn": "APÍA", "municipio_tipo_mgn": "MUNICIPIO", "area_km2_mgn_attribute": 149.97852767000001, "area_km2_calc": 149.97852767210392, "centroid_lat": 5.1396339332055838, "centroid_lon": -75.953539456953152 }, "geometry": { "type": "Point", "coordinates": [ -75.953539456953152, 5.139633933205584 ] } },
{ "type": "Feature", "properties": { "cod_dpto": "66", "cod_mpio": "66075", "departamento_mgn": "RISARALDA", "municipio_mgn": "BALBOA", "municipio_tipo_mgn": "MUNICIPIO", "area_km2_mgn_attribute": 119.48327607, "area_km2_calc": 119.48327607430035, "centroid_lat": 4.9183488881060269, "centroid_lon": -75.94275490139691 }, "geometry": { "type": "Point", "coordinates": [ -75.94275490139691, 4.918348888106027 ] } },
{ "type": "Feature", "properties": { "cod_dpto": "66", "cod_mpio": "66088", "departamento_mgn": "RISARALDA", "municipio_mgn": "BELÉN DE UMBRÍA", "municipio_tipo_mgn": "MUNICIPIO", "area_km2_mgn_attribute": 180.58722332, "area_km2_calc": 180.58722332539946, "centroid_lat": 5.2003971979950583, "centroid_lon": -75.867940347443593 }, "geometry": { "type": "Point", "coordinates": [ -75.867940347443593, 5.200397197995058 ] } },
{ "type": "Feature", "properties": { "cod_dpto": "66", "cod_mpio": "66170", "departamento_mgn": "RISARALDA", "municipio_mgn": "DOSQUEBRADAS", "municipio_tipo_mgn": "MUNICIPIO", "area_km2_mgn_attribute": 70.11514942, "area_km2_calc": 70.115149415468693, "centroid_lat": 4.8420211057102902, "centroid_lon": -75.669937317482422 }, "geometry": { "type": "Point", "coordinates": [ -75.669937317482422, 4.84202110571029 ] } },
{ "type": "Feature", "properties": { "cod_dpto": "66", "cod_mpio": "66318", "departamento_mgn": "RISARALDA", "municipio_mgn": "GUÁTICA", "municipio_tipo_mgn": "MUNICIPIO", "area_km2_mgn_attribute": 100.80899614, "area_km2_calc": 100.80899614362137, "centroid_lat": 5.320294938274797, "centroid_lon": -75.804368304228774 }, "geometry": { "type": "Point", "coordinates": [ -75.804368304228774, 5.320294938274797 ] } },
{ "type": "Feature", "properties": { "cod_dpto": "66", "cod_mpio": "66383", "departamento_mgn": "RISARALDA", "municipio_mgn": "LA CELIA", "municipio_tipo_mgn": "MUNICIPIO", "area_km2_mgn_attribute": 92.47551204, "area_km2_calc": 92.475512039270782, "centroid_lat": 4.9881274452795799, "centroid_lon": -76.008227365043467 }, "geometry": { "type": "Point", "coordinates": [ -76.008227365043467, 4.98812744527958 ] } },
{ "type": "Feature", "properties": { "cod_dpto": "66", "cod_mpio": "66400", "departamento_mgn": "RISARALDA", "municipio_mgn": "LA VIRGINIA", "municipio_tipo_mgn": "MUNICIPIO", "area_km2_mgn_attribute": 32.93886241, "area_km2_calc": 32.93886240984434, "centroid_lat": 4.9045435284663554, "centroid_lon": -75.852055767752688 }, "geometry": { "type": "Point", "coordinates": [ -75.852055767752688, 4.904543528466355 ] } },
{ "type": "Feature", "properties": { "cod_dpto": "66", "cod_mpio": "66440", "departamento_mgn": "RISARALDA", "municipio_mgn": "MARSELLA", "municipio_tipo_mgn": "MUNICIPIO", "area_km2_mgn_attribute": 149.29714096000001, "area_km2_calc": 149.29714096490022, "centroid_lat": 4.9429342698538017, "centroid_lon": -75.753214582152722 }, "geometry": { "type": "Point", "coordinates": [ -75.753214582152722, 4.942934269853802 ] } },
{ "type": "Feature", "properties": { "cod_dpto": "66", "cod_mpio": "66456", "departamento_mgn": "RISARALDA", "municipio_mgn": "MISTRATÓ", "municipio_tipo_mgn": "MUNICIPIO", "area_km2_mgn_attribute": 564.73616071000004, "area_km2_calc": 564.73616072179914, "centroid_lat": 5.4140799459498439, "centroid_lon": -75.961352598602744 }, "geometry": { "type": "Point", "coordinates": [ -75.961352598602744, 5.414079945949844 ] } },
{ "type": "Feature", "properties": { "cod_dpto": "66", "cod_mpio": "66572", "departamento_mgn": "RISARALDA", "municipio_mgn": "PUEBLO RICO", "municipio_tipo_mgn": "MUNICIPIO", "area_km2_mgn_attribute": 613.80549630999997, "area_km2_calc": 613.80549632904695, "centroid_lat": 5.2862954739748655, "centroid_lon": -76.073596192747146 }, "geometry": { "type": "Point", "coordinates": [ -76.073596192747146, 5.286295473974866 ] } },
{ "type": "Feature", "properties": { "cod_dpto": "66", "cod_mpio": "66594", "departamento_mgn": "RISARALDA", "municipio_mgn": "QUINCHÍA", "municipio_tipo_mgn": "MUNICIPIO", "area_km2_mgn_attribute": 140.11841615, "area_km2_calc": 140.118416153288, "centroid_lat": 5.3239012367039722, "centroid_lon": -75.713392866001016 }, "geometry": { "type": "Point", "coordinates": [ -75.713392866001016, 5.323901236703972 ] } },
{ "type": "Feature", "properties": { "cod_dpto": "66", "cod_mpio": "66682", "departamento_mgn": "RISARALDA", "municipio_mgn": "SANTA ROSA DE CABAL", "municipio_tipo_mgn": "MUNICIPIO", "area_km2_mgn_attribute": 543.34323358999995, "area_km2_calc": 543.34323358115807, "centroid_lat": 4.8337920175752878, "centroid_lon": -75.549503807437972 }, "geometry": { "type": "Point", "coordinates": [ -75.549503807437972, 4.833792017575288 ] } },
{ "type": "Feature", "properties": { "cod_dpto": "66", "cod_mpio": "66687", "departamento_mgn": "RISARALDA", "municipio_mgn": "SANTUARIO", "municipio_tipo_mgn": "MUNICIPIO", "area_km2_mgn_attribute": 190.84271702000001, "area_km2_calc": 190.84271702628388, "centroid_lat": 5.0459939606179525, "centroid_lon": -75.981994770928836 }, "geometry": { "type": "Point", "coordinates": [ -75.981994770928836, 5.045993960617952 ] } },
{ "type": "Feature", "properties": { "cod_dpto": "68", "cod_mpio": "68001", "departamento_mgn": "SANTANDER", "municipio_mgn": "BUCARAMANGA", "municipio_tipo_mgn": "MUNICIPIO", "area_km2_mgn_attribute": 153.49940597, "area_km2_calc": 153.49940596093577, "centroid_lat": 7.1553832993514925, "centroid_lon": -73.111785959005516 }, "geometry": { "type": "Point", "coordinates": [ -73.111785959005516, 7.155383299351493 ] } },
{ "type": "Feature", "properties": { "cod_dpto": "68", "cod_mpio": "68013", "departamento_mgn": "SANTANDER", "municipio_mgn": "AGUADA", "municipio_tipo_mgn": "MUNICIPIO", "area_km2_mgn_attribute": 75.11051561, "area_km2_calc": 75.110515609553545, "centroid_lat": 6.1822071499357074, "centroid_lon": -73.530385023993759 }, "geometry": { "type": "Point", "coordinates": [ -73.530385023993759, 6.182207149935707 ] } },
{ "type": "Feature", "properties": { "cod_dpto": "68", "cod_mpio": "68020", "departamento_mgn": "SANTANDER", "municipio_mgn": "ALBANIA", "municipio_tipo_mgn": "MUNICIPIO", "area_km2_mgn_attribute": 165.98257919, "area_km2_calc": 165.98257918264721, "centroid_lat": 5.7780728626074529, "centroid_lon": -73.828465661044291 }, "geometry": { "type": "Point", "coordinates": [ -73.828465661044291, 5.778072862607453 ] } },
{ "type": "Feature", "properties": { "cod_dpto": "68", "cod_mpio": "68051", "departamento_mgn": "SANTANDER", "municipio_mgn": "ARATOCA", "municipio_tipo_mgn": "MUNICIPIO", "area_km2_mgn_attribute": 169.46175879, "area_km2_calc": 169.46175878631038, "centroid_lat": 6.7167642608163165, "centroid_lon": -73.011627307843696 }, "geometry": { "type": "Point", "coordinates": [ -73.011627307843696, 6.716764260816317 ] } },
{ "type": "Feature", "properties": { "cod_dpto": "68", "cod_mpio": "68077", "departamento_mgn": "SANTANDER", "municipio_mgn": "BARBOSA", "municipio_tipo_mgn": "MUNICIPIO", "area_km2_mgn_attribute": 46.64324957, "area_km2_calc": 46.64324957135711, "centroid_lat": 5.9555867578659045, "centroid_lon": -73.623442350767618 }, "geometry": { "type": "Point", "coordinates": [ -73.623442350767618, 5.955586757865905 ] } },
{ "type": "Feature", "properties": { "cod_dpto": "68", "cod_mpio": "68079", "departamento_mgn": "SANTANDER", "municipio_mgn": "BARICHARA", "municipio_tipo_mgn": "MUNICIPIO", "area_km2_mgn_attribute": 137.02734716000001, "area_km2_calc": 137.02734715447389, "centroid_lat": 6.6470596477216235, "centroid_lon": -73.215183641382637 }, "geometry": { "type": "Point", "coordinates": [ -73.215183641382637, 6.647059647721623 ] } },
{ "type": "Feature", "properties": { "cod_dpto": "68", "cod_mpio": "68081", "departamento_mgn": "SANTANDER", "municipio_mgn": "BARRANCABERMEJA", "municipio_tipo_mgn": "MUNICIPIO", "area_km2_mgn_attribute": 1324.9291493400001, "area_km2_calc": 1324.9291492965822, "centroid_lat": 7.0540586649957024, "centroid_lon": -73.782143397812149 }, "geometry": { "type": "Point", "coordinates": [ -73.782143397812149, 7.054058664995702 ] } },
{ "type": "Feature", "properties": { "cod_dpto": "68", "cod_mpio": "68092", "departamento_mgn": "SANTANDER", "municipio_mgn": "BETULIA", "municipio_tipo_mgn": "MUNICIPIO", "area_km2_mgn_attribute": 430.51656746999998, "area_km2_calc": 430.51656745803962, "centroid_lat": 7.0132032645348303, "centroid_lon": -73.38741695806948 }, "geometry": { "type": "Point", "coordinates": [ -73.38741695806948, 7.01320326453483 ] } },
{ "type": "Feature", "properties": { "cod_dpto": "68", "cod_mpio": "68101", "departamento_mgn": "SANTANDER", "municipio_mgn": "BOLÍVAR", "municipio_tipo_mgn": "MUNICIPIO", "area_km2_mgn_attribute": 1008.8888938600001, "area_km2_calc": 1008.8888938253227, "centroid_lat": 6.0937240071296399, "centroid_lon": -74.113438531527024 }, "geometry": { "type": "Point", "coordinates": [ -74.113438531527024, 6.09372400712964 ] } },
{ "type": "Feature", "properties": { "cod_dpto": "68", "cod_mpio": "68121", "departamento_mgn": "SANTANDER", "municipio_mgn": "CABRERA", "municipio_tipo_mgn": "MUNICIPIO", "area_km2_mgn_attribute": 65.45711863, "area_km2_calc": 65.457118623978658, "centroid_lat": 6.5625423625395367, "centroid_lon": -73.250348624406129 }, "geometry": { "type": "Point", "coordinates": [ -73.250348624406129, 6.562542362539537 ] } },
{ "type": "Feature", "properties": { "cod_dpto": "68", "cod_mpio": "68132", "departamento_mgn": "SANTANDER", "municipio_mgn": "CALIFORNIA", "municipio_tipo_mgn": "MUNICIPIO", "area_km2_mgn_attribute": 44.92358028, "area_km2_calc": 44.923580275306122, "centroid_lat": 7.3532874268814785, "centroid_lon": -72.926346216561697 }, "geometry": { "type": "Point", "coordinates": [ -72.926346216561697, 7.353287426881479 ] } },
{ "type": "Feature", "properties": { "cod_dpto": "68", "cod_mpio": "68147", "departamento_mgn": "SANTANDER", "municipio_mgn": "CAPITANEJO", "municipio_tipo_mgn": "MUNICIPIO", "area_km2_mgn_attribute": 85.09966185, "area_km2_calc": 85.099661847001755, "centroid_lat": 6.5201976489845128, "centroid_lon": -72.674348991344331 }, "geometry": { "type": "Point", "coordinates": [ -72.674348991344331, 6.520197648984513 ] } },
{ "type": "Feature", "properties": { "cod_dpto": "68", "cod_mpio": "68152", "departamento_mgn": "SANTANDER", "municipio_mgn": "CARCASÍ", "municipio_tipo_mgn": "MUNICIPIO", "area_km2_mgn_attribute": 258.36870334000002, "area_km2_calc": 258.3687033305913, "centroid_lat": 6.6596736177137714, "centroid_lon": -72.569685695164452 }, "geometry": { "type": "Point", "coordinates": [ -72.569685695164452, 6.659673617713771 ] } },
{ "type": "Feature", "properties": { "cod_dpto": "68", "cod_mpio": "68160", "departamento_mgn": "SANTANDER", "municipio_mgn": "CEPITÁ", "municipio_tipo_mgn": "MUNICIPIO", "area_km2_mgn_attribute": 107.75161974, "area_km2_calc": 107.75161973259729, "centroid_lat": 6.7524641566109826, "centroid_lon": -72.929245936932645 }, "geometry": { "type": "Point", "coordinates": [ -72.929245936932645, 6.752464156610983 ] } },
{ "type": "Feature", "properties": { "cod_dpto": "68", "cod_mpio": "68162", "departamento_mgn": "SANTANDER", "municipio_mgn": "CERRITO", "municipio_tipo_mgn": "MUNICIPIO", "area_km2_mgn_attribute": 420.06462882, "area_km2_calc": 420.06462880942246, "centroid_lat": 6.9039015630703515, "centroid_lon": -72.645340821324282 }, "geometry": { "type": "Point", "coordinates": [ -72.645340821324282, 6.903901563070352 ] } },
{ "type": "Feature", "properties": { "cod_dpto": "68", "cod_mpio": "68167", "departamento_mgn": "SANTANDER", "municipio_mgn": "CHARALÁ", "municipio_tipo_mgn": "MUNICIPIO", "area_km2_mgn_attribute": 418.44254874000001, "area_km2_calc": 418.44254872589374, "centroid_lat": 6.1955269639043316, "centroid_lon": -73.154023052418239 }, "geometry": { "type": "Point", "coordinates": [ -73.154023052418239, 6.195526963904332 ] } },
{ "type": "Feature", "properties": { "cod_dpto": "68", "cod_mpio": "68169", "departamento_mgn": "SANTANDER", "municipio_mgn": "CHARTA", "municipio_tipo_mgn": "MUNICIPIO", "area_km2_mgn_attribute": 126.45829224000001, "area_km2_calc": 126.45829223809498, "centroid_lat": 7.2589651248082143, "centroid_lon": -72.987881737827678 }, "geometry": { "type": "Point", "coordinates": [ -72.987881737827678, 7.258965124808214 ] } },
{ "type": "Feature", "properties": { "cod_dpto": "68", "cod_mpio": "68176", "departamento_mgn": "SANTANDER", "municipio_mgn": "CHIMA", "municipio_tipo_mgn": "MUNICIPIO", "area_km2_mgn_attribute": 172.92798651000001, "area_km2_calc": 172.92798650569438, "centroid_lat": 6.3726765457869314, "centroid_lon": -73.41476063541225 }, "geometry": { "type": "Point", "coordinates": [ -73.41476063541225, 6.372676545786931 ] } },
{ "type": "Feature", "properties": { "cod_dpto": "68", "cod_mpio": "68179", "departamento_mgn": "SANTANDER", "municipio_mgn": "CHIPATÁ", "municipio_tipo_mgn": "MUNICIPIO", "area_km2_mgn_attribute": 94.79078096000001, "area_km2_calc": 94.790780958842817, "centroid_lat": 6.0679440187472462, "centroid_lon": -73.632392016650158 }, "geometry": { "type": "Point", "coordinates": [ -73.632392016650158, 6.067944018747246 ] } },
{ "type": "Feature", "properties": { "cod_dpto": "68", "cod_mpio": "68190", "departamento_mgn": "SANTANDER", "municipio_mgn": "CIMITARRA", "municipio_tipo_mgn": "MUNICIPIO", "area_km2_mgn_attribute": 3170.5183518, "area_km2_calc": 3170.5183516953339, "centroid_lat": 6.4097077643970426, "centroid_lon": -74.170336440427235 }, "geometry": { "type": "Point", "coordinates": [ -74.170336440427235, 6.409707764397043 ] } },
{ "type": "Feature", "properties": { "cod_dpto": "68", "cod_mpio": "68207", "departamento_mgn": "SANTANDER", "municipio_mgn": "CONCEPCIÓN", "municipio_tipo_mgn": "MUNICIPIO", "area_km2_mgn_attribute": 336.37615265, "area_km2_calc": 336.37615264145671, "centroid_lat": 6.78453412699763, "centroid_lon": -72.60571953652007 }, "geometry": { "type": "Point", "coordinates": [ -72.60571953652007, 6.78453412699763 ] } },
{ "type": "Feature", "properties": { "cod_dpto": "68", "cod_mpio": "68209", "departamento_mgn": "SANTANDER", "municipio_mgn": "CONFINES", "municipio_tipo_mgn": "MUNICIPIO", "area_km2_mgn_attribute": 71.29356016, "area_km2_calc": 71.293560161366372, "centroid_lat": 6.3556203345694877, "centroid_lon": -73.239853518989108 }, "geometry": { "type": "Point", "coordinates": [ -73.239853518989108, 6.355620334569488 ] } },
{ "type": "Feature", "properties": { "cod_dpto": "68", "cod_mpio": "68211", "departamento_mgn": "SANTANDER", "municipio_mgn": "CONTRATACIÓN", "municipio_tipo_mgn": "MUNICIPIO", "area_km2_mgn_attribute": 136.94941288000001, "area_km2_calc": 136.94941287964855, "centroid_lat": 6.3031166284500229, "centroid_lon": -73.502115473919645 }, "geometry": { "type": "Point", "coordinates": [ -73.502115473919645, 6.303116628450023 ] } },
{ "type": "Feature", "properties": { "cod_dpto": "68", "cod_mpio": "68217", "departamento_mgn": "SANTANDER", "municipio_mgn": "COROMORO", "municipio_tipo_mgn": "MUNICIPIO", "area_km2_mgn_attribute": 576.37556461999998, "area_km2_calc": 576.37556460385304, "centroid_lat": 6.2347321863824661, "centroid_lon": -72.981770144743962 }, "geometry": { "type": "Point", "coordinates": [ -72.981770144743962, 6.234732186382466 ] } },
{ "type": "Feature", "properties": { "cod_dpto": "68", "cod_mpio": "68229", "departamento_mgn": "SANTANDER", "municipio_mgn": "CURITÍ", "municipio_tipo_mgn": "MUNICIPIO", "area_km2_mgn_attribute": 243.76459652, "area_km2_calc": 243.7645965157526, "centroid_lat": 6.6183422341868425, "centroid_lon": -73.018732048097078 }, "geometry": { "type": "Point", "coordinates": [ -73.018732048097078, 6.618342234186843 ] } },
{ "type": "Feature", "properties": { "cod_dpto": "68", "cod_mpio": "68235", "departamento_mgn": "SANTANDER", "municipio_mgn": "EL CARMEN DE CHUCURÍ", "municipio_tipo_mgn": "MUNICIPIO", "area_km2_mgn_attribute": 922.57037698, "area_km2_calc": 922.57037695365625, "centroid_lat": 6.6642581139038679, "centroid_lon": -73.564752091278137 }, "geometry": { "type": "Point", "coordinates": [ -73.564752091278137, 6.664258113903868 ] } },
{ "type": "Feature", "properties": { "cod_dpto": "68", "cod_mpio": "68245", "departamento_mgn": "SANTANDER", "municipio_mgn": "EL GUACAMAYO", "municipio_tipo_mgn": "MUNICIPIO", "area_km2_mgn_attribute": 92.81876871, "area_km2_calc": 92.818768711678075, "centroid_lat": 6.2535495021094363, "centroid_lon": -73.535907689239536 }, "geometry": { "type": "Point", "coordinates": [ -73.535907689239536, 6.253549502109436 ] } },
{ "type": "Feature", "properties": { "cod_dpto": "68", "cod_mpio": "68250", "departamento_mgn": "SANTANDER", "municipio_mgn": "EL PEÑÓN", "municipio_tipo_mgn": "MUNICIPIO", "area_km2_mgn_attribute": 397.68177026000001, "area_km2_calc": 397.68177024843499, "centroid_lat": 6.0967307191800009, "centroid_lon": -73.927180520977757 }, "geometry": { "type": "Point", "coordinates": [ -73.927180520977757, 6.096730719180001 ] } },
{ "type": "Feature", "properties": { "cod_dpto": "68", "cod_mpio": "68255", "departamento_mgn": "SANTANDER", "municipio_mgn": "EL PLAYÓN", "municipio_tipo_mgn": "MUNICIPIO", "area_km2_mgn_attribute": 454.14887506999997, "area_km2_calc": 454.14887505240904, "centroid_lat": 7.524283365460863, "centroid_lon": -73.181585795003869 }, "geometry": { "type": "Point", "coordinates": [ -73.181585795003869, 7.524283365460863 ] } },
{ "type": "Feature", "properties": { "cod_dpto": "68", "cod_mpio": "68264", "departamento_mgn": "SANTANDER", "municipio_mgn": "ENCINO", "municipio_tipo_mgn": "MUNICIPIO", "area_km2_mgn_attribute": 399.66774119000002, "area_km2_calc": 399.66774118195798, "centroid_lat": 6.079060122755501, "centroid_lon": -73.062064312459725 }, "geometry": { "type": "Point", "coordinates": [ -73.062064312459725, 6.079060122755501 ] } },
{ "type": "Feature", "properties": { "cod_dpto": "68", "cod_mpio": "68266", "departamento_mgn": "SANTANDER", "municipio_mgn": "ENCISO", "municipio_tipo_mgn": "MUNICIPIO", "area_km2_mgn_attribute": 74.65457664, "area_km2_calc": 74.654576637453786, "centroid_lat": 6.6582397586464603, "centroid_lon": -72.680280230196857 }, "geometry": { "type": "Point", "coordinates": [ -72.680280230196857, 6.65823975864646 ] } },
{ "type": "Feature", "properties": { "cod_dpto": "68", "cod_mpio": "68271", "departamento_mgn": "SANTANDER", "municipio_mgn": "FLORIÁN", "municipio_tipo_mgn": "MUNICIPIO", "area_km2_mgn_attribute": 176.36525046, "area_km2_calc": 176.36525045215106, "centroid_lat": 5.8011075824096432, "centroid_lon": -73.955251475232728 }, "geometry": { "type": "Point", "coordinates": [ -73.955251475232728, 5.801107582409643 ] } },
{ "type": "Feature", "properties": { "cod_dpto": "68", "cod_mpio": "68276", "departamento_mgn": "SANTANDER", "municipio_mgn": "FLORIDABLANCA", "municipio_tipo_mgn": "MUNICIPIO", "area_km2_mgn_attribute": 99.98664481, "area_km2_calc": 99.986644806578369, "centroid_lat": 7.0797689479446717, "centroid_lon": -73.067962079310789 }, "geometry": { "type": "Point", "coordinates": [ -73.067962079310789, 7.079768947944672 ] } },
{ "type": "Feature", "properties": { "cod_dpto": "68", "cod_mpio": "68296", "departamento_mgn": "SANTANDER", "municipio_mgn": "GALÁN", "municipio_tipo_mgn": "MUNICIPIO", "area_km2_mgn_attribute": 201.380826, "area_km2_calc": 201.38082599327046, "centroid_lat": 6.6718079234398688, "centroid_lon": -73.324669463025828 }, "geometry": { "type": "Point", "coordinates": [ -73.324669463025828, 6.671807923439869 ] } },
{ "type": "Feature", "properties": { "cod_dpto": "68", "cod_mpio": "68298", "departamento_mgn": "SANTANDER", "municipio_mgn": "GÁMBITA", "municipio_tipo_mgn": "MUNICIPIO", "area_km2_mgn_attribute": 607.17320132999998, "area_km2_calc": 607.17320131436691, "centroid_lat": 5.9243763108982685, "centroid_lon": -73.319407251270633 }, "geometry": { "type": "Point", "coordinates": [ -73.319407251270633, 5.924376310898269 ] } },
{ "type": "Feature", "properties": { "cod_dpto": "68", "cod_mpio": "68307", "departamento_mgn": "SANTANDER", "municipio_mgn": "GIRÓN", "municipio_tipo_mgn": "MUNICIPIO", "area_km2_mgn_attribute": 491.26461772, "area_km2_calc": 491.26461770267389, "centroid_lat": 7.0366061919207121, "centroid_lon": -73.248881089239063 }, "geometry": { "type": "Point", "coordinates": [ -73.248881089239063, 7.036606191920712 ] } },
{ "type": "Feature", "properties": { "cod_dpto": "68", "cod_mpio": "68318", "departamento_mgn": "SANTANDER", "municipio_mgn": "GUACA", "municipio_tipo_mgn": "MUNICIPIO", "area_km2_mgn_attribute": 268.98355066, "area_km2_calc": 268.98355064823869, "centroid_lat": 6.9316586497639401, "centroid_lon": -72.828913728169198 }, "geometry": { "type": "Point", "coordinates": [ -72.828913728169198, 6.93165864976394 ] } },
{ "type": "Feature", "properties": { "cod_dpto": "68", "cod_mpio": "68320", "departamento_mgn": "SANTANDER", "municipio_mgn": "GUADALUPE", "municipio_tipo_mgn": "MUNICIPIO", "area_km2_mgn_attribute": 146.08436852, "area_km2_calc": 146.08436851377212, "centroid_lat": 6.2332764611443281, "centroid_lon": -73.409776266924823 }, "geometry": { "type": "Point", "coordinates": [ -73.409776266924823, 6.233276461144328 ] } },
{ "type": "Feature", "properties": { "cod_dpto": "68", "cod_mpio": "68322", "departamento_mgn": "SANTANDER", "municipio_mgn": "GUAPOTÁ", "municipio_tipo_mgn": "MUNICIPIO", "area_km2_mgn_attribute": 67.18362036000001, "area_km2_calc": 67.183620359732203, "centroid_lat": 6.3192994254171246, "centroid_lon": -73.331153449250991 }, "geometry": { "type": "Point", "coordinates": [ -73.331153449250991, 6.319299425417125 ] } },
{ "type": "Feature", "properties": { "cod_dpto": "68", "cod_mpio": "68324", "departamento_mgn": "SANTANDER", "municipio_mgn": "GUAVATÁ", "municipio_tipo_mgn": "MUNICIPIO", "area_km2_mgn_attribute": 83.67144477, "area_km2_calc": 83.671444768792298, "centroid_lat": 5.9448944037232252, "centroid_lon": -73.721736693069403 }, "geometry": { "type": "Point", "coordinates": [ -73.721736693069403, 5.944894403723225 ] } },
{ "type": "Feature", "properties": { "cod_dpto": "68", "cod_mpio": "68327", "departamento_mgn": "SANTANDER", "municipio_mgn": "GÜEPSA", "municipio_tipo_mgn": "MUNICIPIO", "area_km2_mgn_attribute": 30.10930901, "area_km2_calc": 30.109309006598121, "centroid_lat": 6.0333733071315345, "centroid_lon": -73.578995797441095 }, "geometry": { "type": "Point", "coordinates": [ -73.578995797441095, 6.033373307131535 ] } },
{ "type": "Feature", "properties": { "cod_dpto": "68", "cod_mpio": "68344", "departamento_mgn": "SANTANDER", "municipio_mgn": "HATO", "municipio_tipo_mgn": "MUNICIPIO", "area_km2_mgn_attribute": 168.72777638, "area_km2_calc": 168.72777637061523, "centroid_lat": 6.5598777492536353, "centroid_lon": -73.361787451244595 }, "geometry": { "type": "Point", "coordinates": [ -73.361787451244595, 6.559877749253635 ] } },
{ "type": "Feature", "properties": { "cod_dpto": "68", "cod_mpio": "68368", "departamento_mgn": "SANTANDER", "municipio_mgn": "JESÚS MARÍA", "municipio_tipo_mgn": "MUNICIPIO", "area_km2_mgn_attribute": 89.46644801, "area_km2_calc": 89.466448003331294, "centroid_lat": 5.8542886307243371, "centroid_lon": -73.823425351512469 }, "geometry": { "type": "Point", "coordinates": [ -73.823425351512469, 5.854288630724337 ] } },
{ "type": "Feature", "properties": { "cod_dpto": "68", "cod_mpio": "68370", "departamento_mgn": "SANTANDER", "municipio_mgn": "JORDÁN", "municipio_tipo_mgn": "MUNICIPIO", "area_km2_mgn_attribute": 39.82396351, "area_km2_calc": 39.823963509749518, "centroid_lat": 6.7137803570825714, "centroid_lon": -73.099613556452738 }, "geometry": { "type": "Point", "coordinates": [ -73.099613556452738, 6.713780357082571 ] } },
{ "type": "Feature", "properties": { "cod_dpto": "68", "cod_mpio": "68377", "departamento_mgn": "SANTANDER", "municipio_mgn": "LA BELLEZA", "municipio_tipo_mgn": "MUNICIPIO", "area_km2_mgn_attribute": 334.7775231, "area_km2_calc": 334.77752309038016, "centroid_lat": 5.9102353261657408, "centroid_lon": -74.050723642235681 }, "geometry": { "type": "Point", "coordinates": [ -74.050723642235681, 5.910235326165741 ] } },
{ "type": "Feature", "properties": { "cod_dpto": "68", "cod_mpio": "68385", "departamento_mgn": "SANTANDER", "municipio_mgn": "LANDÁZURI", "municipio_tipo_mgn": "MUNICIPIO", "area_km2_mgn_attribute": 589.3412256, "area_km2_calc": 589.34122558483364, "centroid_lat": 6.3314812419174036, "centroid_lon": -73.818704637663132 }, "geometry": { "type": "Point", "coordinates": [ -73.818704637663132, 6.331481241917404 ] } },
{ "type": "Feature", "properties": { "cod_dpto": "68", "cod_mpio": "68397", "departamento_mgn": "SANTANDER", "municipio_mgn": "LA PAZ", "municipio_tipo_mgn": "MUNICIPIO", "area_km2_mgn_attribute": 283.90907269000002, "area_km2_calc": 283.90907268451281, "centroid_lat": 6.2173690377115589, "centroid_lon": -73.629765314073708 }, "geometry": { "type": "Point", "coordinates": [ -73.629765314073708, 6.217369037711559 ] } },
{ "type": "Feature", "properties": { "cod_dpto": "68", "cod_mpio": "68406", "departamento_mgn": "SANTANDER", "municipio_mgn": "LEBRIJA", "municipio_tipo_mgn": "MUNICIPIO", "area_km2_mgn_attribute": 549.489591, "area_km2_calc": 549.48959098520129, "centroid_lat": 7.2040480522714256, "centroid_lon": -73.291366645142247 }, "geometry": { "type": "Point", "coordinates": [ -73.291366645142247, 7.204048052271426 ] } },
{ "type": "Feature", "properties": { "cod_dpto": "68", "cod_mpio": "68418", "departamento_mgn": "SANTANDER", "municipio_mgn": "LOS SANTOS", "municipio_tipo_mgn": "MUNICIPIO", "area_km2_mgn_attribute": 289.57636349000001, "area_km2_calc": 289.57636348463996, "centroid_lat": 6.8121603472310728, "centroid_lon": -73.10785222192672 }, "geometry": { "type": "Point", "coordinates": [ -73.10785222192672, 6.812160347231073 ] } },
{ "type": "Feature", "properties": { "cod_dpto": "68", "cod_mpio": "68425", "departamento_mgn": "SANTANDER", "municipio_mgn": "MACARAVITA", "municipio_tipo_mgn": "MUNICIPIO", "area_km2_mgn_attribute": 102.68901504, "area_km2_calc": 102.68901503391682, "centroid_lat": 6.5137437202175237, "centroid_lon": -72.585367107528597 }, "geometry": { "type": "Point", "coordinates": [ -72.585367107528597, 6.513743720217524 ] } },
{ "type": "Feature", "properties": { "cod_dpto": "68", "cod_mpio": "68432", "departamento_mgn": "SANTANDER", "municipio_mgn": "MÁLAGA", "municipio_tipo_mgn": "MUNICIPIO", "area_km2_mgn_attribute": 57.04645437, "area_km2_calc": 57.04645436700747, "centroid_lat": 6.7202292581238137, "centroid_lon": -72.738412506748006 }, "geometry": { "type": "Point", "coordinates": [ -72.738412506748006, 6.720229258123814 ] } },
{ "type": "Feature", "properties": { "cod_dpto": "68", "cod_mpio": "68444", "departamento_mgn": "SANTANDER", "municipio_mgn": "MATANZA", "municipio_tipo_mgn": "MUNICIPIO", "area_km2_mgn_attribute": 235.29742599, "area_km2_calc": 235.29742597997895, "centroid_lat": 7.3487718648488158, "centroid_lon": -73.054390791325503 }, "geometry": { "type": "Point", "coordinates": [ -73.054390791325503, 7.348771864848816 ] } },
{ "type": "Feature", "properties": { "cod_dpto": "68", "cod_mpio": "68464", "departamento_mgn": "SANTANDER", "municipio_mgn": "MOGOTES", "municipio_tipo_mgn": "MUNICIPIO", "area_km2_mgn_attribute": 483.01315312000003, "area_km2_calc": 483.01315310519868, "centroid_lat": 6.4925265246556894, "centroid_lon": -72.958354975050938 }, "geometry": { "type": "Point", "coordinates": [ -72.958354975050938, 6.492526524655689 ] } },
{ "type": "Feature", "properties": { "cod_dpto": "68", "cod_mpio": "68468", "departamento_mgn": "SANTANDER", "municipio_mgn": "MOLAGAVITA", "municipio_tipo_mgn": "MUNICIPIO", "area_km2_mgn_attribute": 180.09854161000001, "area_km2_calc": 180.09854160604155, "centroid_lat": 6.6432881160733581, "centroid_lon": -72.819162283382269 }, "geometry": { "type": "Point", "coordinates": [ -72.819162283382269, 6.643288116073358 ] } },
{ "type": "Feature", "properties": { "cod_dpto": "68", "cod_mpio": "68498", "departamento_mgn": "SANTANDER", "municipio_mgn": "OCAMONTE", "municipio_tipo_mgn": "MUNICIPIO", "area_km2_mgn_attribute": 75.08055133000001, "area_km2_calc": 75.080551324875486, "centroid_lat": 6.3553679559113458, "centroid_lon": -73.122118450759203 }, "geometry": { "type": "Point", "coordinates": [ -73.122118450759203, 6.355367955911346 ] } },
{ "type": "Feature", "properties": { "cod_dpto": "68", "cod_mpio": "68500", "departamento_mgn": "SANTANDER", "municipio_mgn": "OIBA", "municipio_tipo_mgn": "MUNICIPIO", "area_km2_mgn_attribute": 287.3383136, "area_km2_calc": 287.33831358745647, "centroid_lat": 6.2251054389236158, "centroid_lon": -73.280068535603661 }, "geometry": { "type": "Point", "coordinates": [ -73.280068535603661, 6.225105438923616 ] } },
{ "type": "Feature", "properties": { "cod_dpto": "68", "cod_mpio": "68502", "departamento_mgn": "SANTANDER", "municipio_mgn": "ONZAGA", "municipio_tipo_mgn": "MUNICIPIO", "area_km2_mgn_attribute": 488.21431846000002, "area_km2_calc": 488.21431844557532, "centroid_lat": 6.3351811251664367, "centroid_lon": -72.812064065396186 }, "geometry": { "type": "Point", "coordinates": [ -72.812064065396186, 6.335181125166437 ] } },
{ "type": "Feature", "properties": { "cod_dpto": "68", "cod_mpio": "68522", "departamento_mgn": "SANTANDER", "municipio_mgn": "PALMAR", "municipio_tipo_mgn": "MUNICIPIO", "area_km2_mgn_attribute": 19.65974005, "area_km2_calc": 19.659740051558042, "centroid_lat": 6.5247530325412599, "centroid_lon": -73.28900682937244 }, "geometry": { "type": "Point", "coordinates": [ -73.28900682937244, 6.52475303254126 ] } },
{ "type": "Feature", "properties": { "cod_dpto": "68", "cod_mpio": "68524", "departamento_mgn": "SANTANDER", "municipio_mgn": "PALMAS DEL SOCORRO", "municipio_tipo_mgn": "MUNICIPIO", "area_km2_mgn_attribute": 58.43772592, "area_km2_calc": 58.437725921628946, "centroid_lat": 6.3917502499239225, "centroid_lon": -73.282732217619454 }, "geometry": { "type": "Point", "coordinates": [ -73.282732217619454, 6.391750249923922 ] } },
{ "type": "Feature", "properties": { "cod_dpto": "68", "cod_mpio": "68533", "departamento_mgn": "SANTANDER", "municipio_mgn": "PÁRAMO", "municipio_tipo_mgn": "MUNICIPIO", "area_km2_mgn_attribute": 72.84693385, "area_km2_calc": 72.846933847746143, "centroid_lat": 6.4166278812447839, "centroid_lon": -73.171484783064955 }, "geometry": { "type": "Point", "coordinates": [ -73.171484783064955, 6.416627881244784 ] } },
{ "type": "Feature", "properties": { "cod_dpto": "68", "cod_mpio": "68547", "departamento_mgn": "SANTANDER", "municipio_mgn": "PIEDECUESTA", "municipio_tipo_mgn": "MUNICIPIO", "area_km2_mgn_attribute": 483.77067006, "area_km2_calc": 483.77067004134886, "centroid_lat": 6.962465565188019, "centroid_lon": -73.005195886785287 }, "geometry": { "type": "Point", "coordinates": [ -73.005195886785287, 6.962465565188019 ] } },
{ "type": "Feature", "properties": { "cod_dpto": "68", "cod_mpio": "68549", "departamento_mgn": "SANTANDER", "municipio_mgn": "PINCHOTE", "municipio_tipo_mgn": "MUNICIPIO", "area_km2_mgn_attribute": 55.43309703, "area_km2_calc": 55.433097024229689, "centroid_lat": 6.5138918654383708, "centroid_lon": -73.175709934565589 }, "geometry": { "type": "Point", "coordinates": [ -73.175709934565589, 6.513891865438371 ] } },
{ "type": "Feature", "properties": { "cod_dpto": "68", "cod_mpio": "68572", "departamento_mgn": "SANTANDER", "municipio_mgn": "PUENTE NACIONAL", "municipio_tipo_mgn": "MUNICIPIO", "area_km2_mgn_attribute": 251.29897756, "area_km2_calc": 251.29897755629739, "centroid_lat": 5.8311271465005285, "centroid_lon": -73.678418543561421 }, "geometry": { "type": "Point", "coordinates": [ -73.678418543561421, 5.831127146500529 ] } },
{ "type": "Feature", "properties": { "cod_dpto": "68", "cod_mpio": "68573", "departamento_mgn": "SANTANDER", "municipio_mgn": "PUERTO PARRA", "municipio_tipo_mgn": "MUNICIPIO", "area_km2_mgn_attribute": 761.33317378000004, "area_km2_calc": 761.33317376069908, "centroid_lat": 6.6852744660779804, "centroid_lon": -73.957601950079237 }, "geometry": { "type": "Point", "coordinates": [ -73.957601950079237, 6.68527446607798 ] } },
{ "type": "Feature", "properties": { "cod_dpto": "68", "cod_mpio": "68575", "departamento_mgn": "SANTANDER", "municipio_mgn": "PUERTO WILCHES", "municipio_tipo_mgn": "MUNICIPIO", "area_km2_mgn_attribute": 1479.73954119, "area_km2_calc": 1479.7395411403766, "centroid_lat": 7.5833593296012625, "centroid_lon": -73.787319193739521 }, "geometry": { "type": "Point", "coordinates": [ -73.787319193739521, 7.583359329601262 ] } },
{ "type": "Feature", "properties": { "cod_dpto": "68", "cod_mpio": "68615", "departamento_mgn": "SANTANDER", "municipio_mgn": "RIONEGRO", "municipio_tipo_mgn": "MUNICIPIO", "area_km2_mgn_attribute": 1166.4373313399999, "area_km2_calc": 1166.437331302476, "centroid_lat": 7.4742291842777213, "centroid_lon": -73.372360986374133 }, "geometry": { "type": "Point", "coordinates": [ -73.372360986374133, 7.474229184277721 ] } },
{ "type": "Feature", "properties": { "cod_dpto": "68", "cod_mpio": "68655", "departamento_mgn": "SANTANDER", "municipio_mgn": "SABANA DE TORRES", "municipio_tipo_mgn": "MUNICIPIO", "area_km2_mgn_attribute": 1426.7476587900001, "area_km2_calc": 1426.7476587485289, "centroid_lat": 7.4030297963737208, "centroid_lon": -73.571547357389463 }, "geometry": { "type": "Point", "coordinates": [ -73.571547357389463, 7.403029796373721 ] } },
{ "type": "Feature", "properties": { "cod_dpto": "68", "cod_mpio": "68669", "departamento_mgn": "SANTANDER", "municipio_mgn": "SAN ANDRÉS", "municipio_tipo_mgn": "MUNICIPIO", "area_km2_mgn_attribute": 280.97620796000001, "area_km2_calc": 280.97620795524836, "centroid_lat": 6.796478302753771, "centroid_lon": -72.81613766127461 }, "geometry": { "type": "Point", "coordinates": [ -72.81613766127461, 6.796478302753771 ] } },
{ "type": "Feature", "properties": { "cod_dpto": "68", "cod_mpio": "68673", "departamento_mgn": "SANTANDER", "municipio_mgn": "SAN BENITO", "municipio_tipo_mgn": "MUNICIPIO", "area_km2_mgn_attribute": 59.01804493, "area_km2_calc": 59.018044929548559, "centroid_lat": 6.1016797961238423, "centroid_lon": -73.52749288066255 }, "geometry": { "type": "Point", "coordinates": [ -73.52749288066255, 6.101679796123842 ] } },
{ "type": "Feature", "properties": { "cod_dpto": "68", "cod_mpio": "68679", "departamento_mgn": "SANTANDER", "municipio_mgn": "SAN GIL", "municipio_tipo_mgn": "MUNICIPIO", "area_km2_mgn_attribute": 146.58745158, "area_km2_calc": 146.58745157593921, "centroid_lat": 6.5507762986657596, "centroid_lon": -73.118878316862705 }, "geometry": { "type": "Point", "coordinates": [ -73.118878316862705, 6.55077629866576 ] } },
{ "type": "Feature", "properties": { "cod_dpto": "68", "cod_mpio": "68682", "departamento_mgn": "SANTANDER", "municipio_mgn": "SAN JOAQUÍN", "municipio_tipo_mgn": "MUNICIPIO", "area_km2_mgn_attribute": 142.84073592, "area_km2_calc": 142.84073591506987, "centroid_lat": 6.4598757085709044, "centroid_lon": -72.854720726927539 }, "geometry": { "type": "Point", "coordinates": [ -72.854720726927539, 6.459875708570904 ] } },
{ "type": "Feature", "properties": { "cod_dpto": "68", "cod_mpio": "68684", "departamento_mgn": "SANTANDER", "municipio_mgn": "SAN JOSÉ DE MIRANDA", "municipio_tipo_mgn": "MUNICIPIO", "area_km2_mgn_attribute": 75.15815669, "area_km2_calc": 75.158156689103109, "centroid_lat": 6.6294095635430059, "centroid_lon": -72.739762633007089 }, "geometry": { "type": "Point", "coordinates": [ -72.739762633007089, 6.629409563543006 ] } },
{ "type": "Feature", "properties": { "cod_dpto": "68", "cod_mpio": "68686", "departamento_mgn": "SANTANDER", "municipio_mgn": "SAN MIGUEL", "municipio_tipo_mgn": "MUNICIPIO", "area_km2_mgn_attribute": 71.05593887000001, "area_km2_calc": 71.055938868035028, "centroid_lat": 6.5681206555680385, "centroid_lon": -72.643223780261465 }, "geometry": { "type": "Point", "coordinates": [ -72.643223780261465, 6.568120655568038 ] } },
{ "type": "Feature", "properties": { "cod_dpto": "68", "cod_mpio": "68689", "departamento_mgn": "SANTANDER", "municipio_mgn": "SAN VICENTE DE CHUCURÍ", "municipio_tipo_mgn": "MUNICIPIO", "area_km2_mgn_attribute": 1114.5722825400001, "area_km2_calc": 1114.572282506371, "centroid_lat": 6.8942872730125648, "centroid_lon": -73.539001783619128 }, "geometry": { "type": "Point", "coordinates": [ -73.539001783619128, 6.894287273012565 ] } },
{ "type": "Feature", "properties": { "cod_dpto": "68", "cod_mpio": "68705", "departamento_mgn": "SANTANDER", "municipio_mgn": "SANTA BÁRBARA", "municipio_tipo_mgn": "MUNICIPIO", "area_km2_mgn_attribute": 178.27660563000001, "area_km2_calc": 178.27660562883491, "centroid_lat": 6.9656712656832642, "centroid_lon": -72.907129644454344 }, "geometry": { "type": "Point", "coordinates": [ -72.907129644454344, 6.965671265683264 ] } },
{ "type": "Feature", "properties": { "cod_dpto": "68", "cod_mpio": "68720", "departamento_mgn": "SANTANDER", "municipio_mgn": "SANTA HELENA DEL OPÓN", "municipio_tipo_mgn": "MUNICIPIO", "area_km2_mgn_attribute": 373.26689306999998, "area_km2_calc": 373.26689305469017, "centroid_lat": 6.4089030487936967, "centroid_lon": -73.582067383778011 }, "geometry": { "type": "Point", "coordinates": [ -73.582067383778011, 6.408903048793697 ] } },
{ "type": "Feature", "properties": { "cod_dpto": "68", "cod_mpio": "68745", "departamento_mgn": "SANTANDER", "municipio_mgn": "SIMACOTA", "municipio_tipo_mgn": "MUNICIPIO", "area_km2_mgn_attribute": 903.35804212999994, "area_km2_calc": 903.35804209643561, "centroid_lat": 6.6481069180835304, "centroid_lon": -73.690035289825971 }, "geometry": { "type": "Point", "coordinates": [ -73.690035289825971, 6.64810691808353 ] } },
{ "type": "Feature", "properties": { "cod_dpto": "68", "cod_mpio": "68755", "departamento_mgn": "SANTANDER", "municipio_mgn": "SOCORRO", "municipio_tipo_mgn": "MUNICIPIO", "area_km2_mgn_attribute": 127.59688358, "area_km2_calc": 127.59688357986536, "centroid_lat": 6.4620878258128238, "centroid_lon": -73.244360610630082 }, "geometry": { "type": "Point", "coordinates": [ -73.244360610630082, 6.462087825812824 ] } },
{ "type": "Feature", "properties": { "cod_dpto": "68", "cod_mpio": "68770", "departamento_mgn": "SANTANDER", "municipio_mgn": "SUAITA", "municipio_tipo_mgn": "MUNICIPIO", "area_km2_mgn_attribute": 282.92988473999998, "area_km2_calc": 282.92988473191321, "centroid_lat": 6.1145650935762275, "centroid_lon": -73.366295794427899 }, "geometry": { "type": "Point", "coordinates": [ -73.366295794427899, 6.114565093576227 ] } },
{ "type": "Feature", "properties": { "cod_dpto": "68", "cod_mpio": "68773", "departamento_mgn": "SANTANDER", "municipio_mgn": "SUCRE", "municipio_tipo_mgn": "MUNICIPIO", "area_km2_mgn_attribute": 521.84692467000002, "area_km2_calc": 521.84692465024625, "centroid_lat": 5.9832083040418569, "centroid_lon": -73.959353013764087 }, "geometry": { "type": "Point", "coordinates": [ -73.959353013764087, 5.983208304041857 ] } },
{ "type": "Feature", "properties": { "cod_dpto": "68", "cod_mpio": "68780", "departamento_mgn": "SANTANDER", "municipio_mgn": "SURATÁ", "municipio_tipo_mgn": "MUNICIPIO", "area_km2_mgn_attribute": 362.29848832, "area_km2_calc": 362.2984883083202, "centroid_lat": 7.4753929866257627, "centroid_lon": -72.987791164670227 }, "geometry": { "type": "Point", "coordinates": [ -72.987791164670227, 7.475392986625763 ] } },
{ "type": "Feature", "properties": { "cod_dpto": "68", "cod_mpio": "68820", "departamento_mgn": "SANTANDER", "municipio_mgn": "TONA", "municipio_tipo_mgn": "MUNICIPIO", "area_km2_mgn_attribute": 330.12094158000002, "area_km2_calc": 330.12094157403766, "centroid_lat": 7.1708838589549924, "centroid_lon": -72.939690100210356 }, "geometry": { "type": "Point", "coordinates": [ -72.939690100210356, 7.170883858954992 ] } },
{ "type": "Feature", "properties": { "cod_dpto": "68", "cod_mpio": "68855", "departamento_mgn": "SANTANDER", "municipio_mgn": "VALLE DE SAN JOSÉ", "municipio_tipo_mgn": "MUNICIPIO", "area_km2_mgn_attribute": 80.96255015, "area_km2_calc": 80.962550142949098, "centroid_lat": 6.4345783177517966, "centroid_lon": -73.109972227182709 }, "geometry": { "type": "Point", "coordinates": [ -73.109972227182709, 6.434578317751797 ] } },
{ "type": "Feature", "properties": { "cod_dpto": "68", "cod_mpio": "68861", "departamento_mgn": "SANTANDER", "municipio_mgn": "VÉLEZ", "municipio_tipo_mgn": "MUNICIPIO", "area_km2_mgn_attribute": 447.04753453000001, "area_km2_calc": 447.04753451558958, "centroid_lat": 6.2205258149735911, "centroid_lon": -73.702436824861763 }, "geometry": { "type": "Point", "coordinates": [ -73.702436824861763, 6.220525814973591 ] } },
{ "type": "Feature", "properties": { "cod_dpto": "68", "cod_mpio": "68867", "departamento_mgn": "SANTANDER", "municipio_mgn": "VETAS", "municipio_tipo_mgn": "MUNICIPIO", "area_km2_mgn_attribute": 92.23515396000001, "area_km2_calc": 92.235153960842197, "centroid_lat": 7.322218507680164, "centroid_lon": -72.881569352510297 }, "geometry": { "type": "Point", "coordinates": [ -72.881569352510297, 7.322218507680164 ] } },
{ "type": "Feature", "properties": { "cod_dpto": "68", "cod_mpio": "68872", "departamento_mgn": "SANTANDER", "municipio_mgn": "VILLANUEVA", "municipio_tipo_mgn": "MUNICIPIO", "area_km2_mgn_attribute": 97.42699835000001, "area_km2_calc": 97.426998346825329, "centroid_lat": 6.685864824305316, "centroid_lon": -73.163966597027596 }, "geometry": { "type": "Point", "coordinates": [ -73.163966597027596, 6.685864824305316 ] } },
{ "type": "Feature", "properties": { "cod_dpto": "68", "cod_mpio": "68895", "departamento_mgn": "SANTANDER", "municipio_mgn": "ZAPATOCA", "municipio_tipo_mgn": "MUNICIPIO", "area_km2_mgn_attribute": 363.77432692000002, "area_km2_calc": 363.77432690974797, "centroid_lat": 6.8346208013536272, "centroid_lon": -73.279752763582735 }, "geometry": { "type": "Point", "coordinates": [ -73.279752763582735, 6.834620801353627 ] } },
{ "type": "Feature", "properties": { "cod_dpto": "70", "cod_mpio": "70001", "departamento_mgn": "SUCRE", "municipio_mgn": "SINCELEJO", "municipio_tipo_mgn": "MUNICIPIO", "area_km2_mgn_attribute": 279.63454276, "area_km2_calc": 279.63454275669523, "centroid_lat": 9.3166992070664225, "centroid_lon": -75.431743228327619 }, "geometry": { "type": "Point", "coordinates": [ -75.431743228327619, 9.316699207066423 ] } },
{ "type": "Feature", "properties": { "cod_dpto": "70", "cod_mpio": "70110", "departamento_mgn": "SUCRE", "municipio_mgn": "BUENAVISTA", "municipio_tipo_mgn": "MUNICIPIO", "area_km2_mgn_attribute": 146.37447154, "area_km2_calc": 146.37447153433402, "centroid_lat": 9.3200157528729957, "centroid_lon": -74.952045488399193 }, "geometry": { "type": "Point", "coordinates": [ -74.952045488399193, 9.320015752872996 ] } },
{ "type": "Feature", "properties": { "cod_dpto": "70", "cod_mpio": "70124", "departamento_mgn": "SUCRE", "municipio_mgn": "CAIMITO", "municipio_tipo_mgn": "MUNICIPIO", "area_km2_mgn_attribute": 412.23384284000002, "area_km2_calc": 412.23384283239665, "centroid_lat": 8.7923110341422337, "centroid_lon": -75.131909089818009 }, "geometry": { "type": "Point", "coordinates": [ -75.131909089818009, 8.792311034142234 ] } },
{ "type": "Feature", "properties": { "cod_dpto": "70", "cod_mpio": "70204", "departamento_mgn": "SUCRE", "municipio_mgn": "COLOSÓ", "municipio_tipo_mgn": "MUNICIPIO", "area_km2_mgn_attribute": 131.10670619000001, "area_km2_calc": 131.10670618769461, "centroid_lat": 9.5279445746899789, "centroid_lon": -75.364468586280907 }, "geometry": { "type": "Point", "coordinates": [ -75.364468586280907, 9.527944574689979 ] } },
{ "type": "Feature", "properties": { "cod_dpto": "70", "cod_mpio": "70215", "departamento_mgn": "SUCRE", "municipio_mgn": "COROZAL", "municipio_tipo_mgn": "MUNICIPIO", "area_km2_mgn_attribute": 285.98127501, "area_km2_calc": 285.98127500735694, "centroid_lat": 9.204054012830186, "centroid_lon": -75.250556542750417 }, "geometry": { "type": "Point", "coordinates": [ -75.250556542750417, 9.204054012830186 ] } },
{ "type": "Feature", "properties": { "cod_dpto": "70", "cod_mpio": "70221", "departamento_mgn": "SUCRE", "municipio_mgn": "COVEÑAS", "municipio_tipo_mgn": "MUNICIPIO", "area_km2_mgn_attribute": 56.60860048, "area_km2_calc": 56.608600483892594, "centroid_lat": 9.394453925878306, "centroid_lon": -75.657540339180215 }, "geometry": { "type": "Point", "coordinates": [ -75.657540339180215, 9.394453925878306 ] } },
{ "type": "Feature", "properties": { "cod_dpto": "70", "cod_mpio": "70230", "departamento_mgn": "SUCRE", "municipio_mgn": "CHALÁN", "municipio_tipo_mgn": "MUNICIPIO", "area_km2_mgn_attribute": 83.67209312, "area_km2_calc": 83.672093115813468, "centroid_lat": 9.5695825400847276, "centroid_lon": -75.32420678061564 }, "geometry": { "type": "Point", "coordinates": [ -75.32420678061564, 9.569582540084728 ] } },
{ "type": "Feature", "properties": { "cod_dpto": "70", "cod_mpio": "70233", "departamento_mgn": "SUCRE", "municipio_mgn": "EL ROBLE", "municipio_tipo_mgn": "MUNICIPIO", "area_km2_mgn_attribute": 198.3213716, "area_km2_calc": 198.32137159897667, "centroid_lat": 9.0710119362771415, "centroid_lon": -75.138188944543614 }, "geometry": { "type": "Point", "coordinates": [ -75.138188944543614, 9.071011936277142 ] } },
{ "type": "Feature", "properties": { "cod_dpto": "70", "cod_mpio": "70235", "departamento_mgn": "SUCRE", "municipio_mgn": "GALERAS", "municipio_tipo_mgn": "MUNICIPIO", "area_km2_mgn_attribute": 321.64045731, "area_km2_calc": 321.64045730093198, "centroid_lat": 9.1351692296550659, "centroid_lon": -74.981351657237397 }, "geometry": { "type": "Point", "coordinates": [ -74.981351657237397, 9.135169229655066 ] } },
{ "type": "Feature", "properties": { "cod_dpto": "70", "cod_mpio": "70265", "departamento_mgn": "SUCRE", "municipio_mgn": "GUARANDA", "municipio_tipo_mgn": "MUNICIPIO", "area_km2_mgn_attribute": 361.55479631999998, "area_km2_calc": 361.55479630731173, "centroid_lat": 8.3839169811634928, "centroid_lon": -74.676206640399727 }, "geometry": { "type": "Point", "coordinates": [ -74.676206640399727, 8.383916981163493 ] } },
{ "type": "Feature", "properties": { "cod_dpto": "70", "cod_mpio": "70400", "departamento_mgn": "SUCRE", "municipio_mgn": "LA UNIÓN", "municipio_tipo_mgn": "MUNICIPIO", "area_km2_mgn_attribute": 232.24014193, "area_km2_calc": 232.2401419212305, "centroid_lat": 8.8119926913022315, "centroid_lon": -75.283226359323066 }, "geometry": { "type": "Point", "coordinates": [ -75.283226359323066, 8.811992691302232 ] } },
{ "type": "Feature", "properties": { "cod_dpto": "70", "cod_mpio": "70418", "departamento_mgn": "SUCRE", "municipio_mgn": "LOS PALMITOS", "municipio_tipo_mgn": "MUNICIPIO", "area_km2_mgn_attribute": 198.78070291, "area_km2_calc": 198.78070290071489, "centroid_lat": 9.4223797679551424, "centroid_lon": -75.21302530765621 }, "geometry": { "type": "Point", "coordinates": [ -75.21302530765621, 9.422379767955142 ] } },
{ "type": "Feature", "properties": { "cod_dpto": "70", "cod_mpio": "70429", "departamento_mgn": "SUCRE", "municipio_mgn": "MAJAGUAL", "municipio_tipo_mgn": "MUNICIPIO", "area_km2_mgn_attribute": 844.35944822, "area_km2_calc": 844.35944819980841, "centroid_lat": 8.5461088718690998, "centroid_lon": -74.710396895463319 }, "geometry": { "type": "Point", "coordinates": [ -74.710396895463319, 8.5461088718691 ] } },
{ "type": "Feature", "properties": { "cod_dpto": "70", "cod_mpio": "70473", "departamento_mgn": "SUCRE", "municipio_mgn": "MORROA", "municipio_tipo_mgn": "MUNICIPIO", "area_km2_mgn_attribute": 169.92627485, "area_km2_calc": 169.92627484896758, "centroid_lat": 9.3924979066461329, "centroid_lon": -75.327191236060088 }, "geometry": { "type": "Point", "coordinates": [ -75.327191236060088, 9.392497906646133 ] } },
{ "type": "Feature", "properties": { "cod_dpto": "70", "cod_mpio": "70508", "departamento_mgn": "SUCRE", "municipio_mgn": "OVEJAS", "municipio_tipo_mgn": "MUNICIPIO", "area_km2_mgn_attribute": 459.79989739000001, "area_km2_calc": 459.7998973829167, "centroid_lat": 9.5496586321210639, "centroid_lon": -75.188553238075741 }, "geometry": { "type": "Point", "coordinates": [ -75.188553238075741, 9.549658632121064 ] } },
{ "type": "Feature", "properties": { "cod_dpto": "70", "cod_mpio": "70523", "departamento_mgn": "SUCRE", "municipio_mgn": "PALMITO", "municipio_tipo_mgn": "MUNICIPIO", "area_km2_mgn_attribute": 174.66677218000001, "area_km2_calc": 174.66677217762879, "centroid_lat": 9.3348991540164636, "centroid_lon": -75.561934834145021 }, "geometry": { "type": "Point", "coordinates": [ -75.561934834145021, 9.334899154016464 ] } },
{ "type": "Feature", "properties": { "cod_dpto": "70", "cod_mpio": "70670", "departamento_mgn": "SUCRE", "municipio_mgn": "SAMPUÉS", "municipio_tipo_mgn": "MUNICIPIO", "area_km2_mgn_attribute": 213.7659507, "area_km2_calc": 213.76595069550621, "centroid_lat": 9.1651710453124746, "centroid_lon": -75.360262452120452 }, "geometry": { "type": "Point", "coordinates": [ -75.360262452120452, 9.165171045312475 ] } },
{ "type": "Feature", "properties": { "cod_dpto": "70", "cod_mpio": "70678", "departamento_mgn": "SUCRE", "municipio_mgn": "SAN BENITO ABAD", "municipio_tipo_mgn": "MUNICIPIO", "area_km2_mgn_attribute": 1493.14658854, "area_km2_calc": 1493.146588502186, "centroid_lat": 8.8355763197079114, "centroid_lon": -74.964681172718201 }, "geometry": { "type": "Point", "coordinates": [ -74.964681172718201, 8.835576319707911 ] } },
{ "type": "Feature", "properties": { "cod_dpto": "70", "cod_mpio": "70702", "departamento_mgn": "SUCRE", "municipio_mgn": "SAN JUAN DE BETULIA", "municipio_tipo_mgn": "MUNICIPIO", "area_km2_mgn_attribute": 168.02413407, "area_km2_calc": 168.02413406458217, "centroid_lat": 9.2920449280445752, "centroid_lon": -75.213640995555295 }, "geometry": { "type": "Point", "coordinates": [ -75.213640995555295, 9.292044928044575 ] } },
{ "type": "Feature", "properties": { "cod_dpto": "70", "cod_mpio": "70708", "departamento_mgn": "SUCRE", "municipio_mgn": "SAN MARCOS", "municipio_tipo_mgn": "MUNICIPIO", "area_km2_mgn_attribute": 969.82623765000005, "area_km2_calc": 969.82623762333174, "centroid_lat": 8.5892189736928497, "centroid_lon": -75.172502678062003 }, "geometry": { "type": "Point", "coordinates": [ -75.172502678062003, 8.58921897369285 ] } },
{ "type": "Feature", "properties": { "cod_dpto": "70", "cod_mpio": "70713", "departamento_mgn": "SUCRE", "municipio_mgn": "SAN ONOFRE", "municipio_tipo_mgn": "MUNICIPIO", "area_km2_mgn_attribute": 1034.9772097499999, "area_km2_calc": 1034.9772097290743, "centroid_lat": 9.8145636932508751, "centroid_lon": -75.505261157494985 }, "geometry": { "type": "Point", "coordinates": [ -75.505261157494985, 9.814563693250875 ] } },
{ "type": "Feature", "properties": { "cod_dpto": "70", "cod_mpio": "70717", "departamento_mgn": "SUCRE", "municipio_mgn": "SAN PEDRO", "municipio_tipo_mgn": "MUNICIPIO", "area_km2_mgn_attribute": 212.85722598000001, "area_km2_calc": 212.85722597405038, "centroid_lat": 9.3968337857085391, "centroid_lon": -75.037420668061202 }, "geometry": { "type": "Point", "coordinates": [ -75.037420668061202, 9.396833785708539 ] } },
{ "type": "Feature", "properties": { "cod_dpto": "70", "cod_mpio": "70742", "departamento_mgn": "SUCRE", "municipio_mgn": "SAN LUIS DE SINCÉ", "municipio_tipo_mgn": "MUNICIPIO", "area_km2_mgn_attribute": 418.72873552, "area_km2_calc": 418.72873550755776, "centroid_lat": 9.2562943229916268, "centroid_lon": -75.093973720123529 }, "geometry": { "type": "Point", "coordinates": [ -75.093973720123529, 9.256294322991627 ] } },
{ "type": "Feature", "properties": { "cod_dpto": "70", "cod_mpio": "70771", "departamento_mgn": "SUCRE", "municipio_mgn": "SUCRE", "municipio_tipo_mgn": "MUNICIPIO", "area_km2_mgn_attribute": 1130.3384555600001, "area_km2_calc": 1130.3384555237346, "centroid_lat": 8.814296121849706, "centroid_lon": -74.747552292994698 }, "geometry": { "type": "Point", "coordinates": [ -74.747552292994698, 8.814296121849706 ] } },
{ "type": "Feature", "properties": { "cod_dpto": "70", "cod_mpio": "70820", "departamento_mgn": "SUCRE", "municipio_mgn": "SANTIAGO DE TOLÚ", "municipio_tipo_mgn": "MUNICIPIO", "area_km2_mgn_attribute": 302.43956788999998, "area_km2_calc": 302.43956788137922, "centroid_lat": 9.5337928751186478, "centroid_lon": -75.535448220555352 }, "geometry": { "type": "Point", "coordinates": [ -75.535448220555352, 9.533792875118648 ] } },
{ "type": "Feature", "properties": { "cod_dpto": "70", "cod_mpio": "70823", "departamento_mgn": "SUCRE", "municipio_mgn": "SAN JOSÉ DE TOLUVIEJO", "municipio_tipo_mgn": "MUNICIPIO", "area_km2_mgn_attribute": 284.90738239000001, "area_km2_calc": 284.90738238120224, "centroid_lat": 9.4902857945479919, "centroid_lon": -75.444514080705858 }, "geometry": { "type": "Point", "coordinates": [ -75.444514080705858, 9.490285794547992 ] } },
{ "type": "Feature", "properties": { "cod_dpto": "73", "cod_mpio": "73001", "departamento_mgn": "TOLIMA", "municipio_mgn": "IBAGUÉ", "municipio_tipo_mgn": "MUNICIPIO", "area_km2_mgn_attribute": 1376.59802896, "area_km2_calc": 1376.5980289302104, "centroid_lat": 4.4519274929657717, "centroid_lon": -75.252605721506185 }, "geometry": { "type": "Point", "coordinates": [ -75.252605721506185, 4.451927492965772 ] } },
{ "type": "Feature", "properties": { "cod_dpto": "73", "cod_mpio": "73024", "departamento_mgn": "TOLIMA", "municipio_mgn": "ALPUJARRA", "municipio_tipo_mgn": "MUNICIPIO", "area_km2_mgn_attribute": 501.17185590999998, "area_km2_calc": 501.17185589706548, "centroid_lat": 3.3900114420732308, "centroid_lon": -74.940789183552397 }, "geometry": { "type": "Point", "coordinates": [ -74.940789183552397, 3.390011442073231 ] } },
{ "type": "Feature", "properties": { "cod_dpto": "73", "cod_mpio": "73026", "departamento_mgn": "TOLIMA", "municipio_mgn": "ALVARADO", "municipio_tipo_mgn": "MUNICIPIO", "area_km2_mgn_attribute": 344.11188285999998, "area_km2_calc": 344.11188284584654, "centroid_lat": 4.5826211623233615, "centroid_lon": -74.986310923445913 }, "geometry": { "type": "Point", "coordinates": [ -74.986310923445913, 4.582621162323361 ] } },
{ "type": "Feature", "properties": { "cod_dpto": "73", "cod_mpio": "73030", "departamento_mgn": "TOLIMA", "municipio_mgn": "AMBALEMA", "municipio_tipo_mgn": "MUNICIPIO", "area_km2_mgn_attribute": 237.85440982, "area_km2_calc": 237.85440981242675, "centroid_lat": 4.8249069428583926, "centroid_lon": -74.804423922453836 }, "geometry": { "type": "Point", "coordinates": [ -74.804423922453836, 4.824906942858393 ] } },
{ "type": "Feature", "properties": { "cod_dpto": "73", "cod_mpio": "73043", "departamento_mgn": "TOLIMA", "municipio_mgn": "ANZOÁTEGUI", "municipio_tipo_mgn": "MUNICIPIO", "area_km2_mgn_attribute": 469.4692893, "area_km2_calc": 469.46928929146452, "centroid_lat": 4.6317880910563316, "centroid_lon": -75.19118504530951 }, "geometry": { "type": "Point", "coordinates": [ -75.19118504530951, 4.631788091056332 ] } },
{ "type": "Feature", "properties": { "cod_dpto": "73", "cod_mpio": "73055", "departamento_mgn": "TOLIMA", "municipio_mgn": "ARMERO", "municipio_tipo_mgn": "MUNICIPIO", "area_km2_mgn_attribute": 440.30394149, "area_km2_calc": 440.30394147686076, "centroid_lat": 5.0067573031759176, "centroid_lon": -74.847505848970059 }, "geometry": { "type": "Point", "coordinates": [ -74.847505848970059, 5.006757303175918 ] } },
{ "type": "Feature", "properties": { "cod_dpto": "73", "cod_mpio": "73067", "departamento_mgn": "TOLIMA", "municipio_mgn": "ATACO", "municipio_tipo_mgn": "MUNICIPIO", "area_km2_mgn_attribute": 1017.33394614, "area_km2_calc": 1017.3339461266427, "centroid_lat": 3.4284117005316821, "centroid_lon": -75.48232471603373 }, "geometry": { "type": "Point", "coordinates": [ -75.48232471603373, 3.428411700531682 ] } },
{ "type": "Feature", "properties": { "cod_dpto": "73", "cod_mpio": "73124", "departamento_mgn": "TOLIMA", "municipio_mgn": "CAJAMARCA", "municipio_tipo_mgn": "MUNICIPIO", "area_km2_mgn_attribute": 508.37871733999998, "area_km2_calc": 508.37871733765752, "centroid_lat": 4.406957542083707, "centroid_lon": -75.49747676666442 }, "geometry": { "type": "Point", "coordinates": [ -75.49747676666442, 4.406957542083707 ] } },
{ "type": "Feature", "properties": { "cod_dpto": "73", "cod_mpio": "73148", "departamento_mgn": "TOLIMA", "municipio_mgn": "CARMEN DE APICALÁ", "municipio_tipo_mgn": "MUNICIPIO", "area_km2_mgn_attribute": 190.67219653000001, "area_km2_calc": 190.67219652285411, "centroid_lat": 4.1234112539767702, "centroid_lon": -74.747006669566872 }, "geometry": { "type": "Point", "coordinates": [ -74.747006669566872, 4.12341125397677 ] } },
{ "type": "Feature", "properties": { "cod_dpto": "73", "cod_mpio": "73152", "departamento_mgn": "TOLIMA", "municipio_mgn": "CASABIANCA", "municipio_tipo_mgn": "MUNICIPIO", "area_km2_mgn_attribute": 174.83997333, "area_km2_calc": 174.83997332529327, "centroid_lat": 5.0166801397001892, "centroid_lon": -75.189069740799937 }, "geometry": { "type": "Point", "coordinates": [ -75.189069740799937, 5.016680139700189 ] } },
{ "type": "Feature", "properties": { "cod_dpto": "73", "cod_mpio": "73168", "departamento_mgn": "TOLIMA", "municipio_mgn": "CHAPARRAL", "municipio_tipo_mgn": "MUNICIPIO", "area_km2_mgn_attribute": 2101.5371663000001, "area_km2_calc": 2101.5371662881084, "centroid_lat": 3.7437088590889442, "centroid_lon": -75.589886298474056 }, "geometry": { "type": "Point", "coordinates": [ -75.589886298474056, 3.743708859088944 ] } },
{ "type": "Feature", "properties": { "cod_dpto": "73", "cod_mpio": "73200", "departamento_mgn": "TOLIMA", "municipio_mgn": "COELLO", "municipio_tipo_mgn": "MUNICIPIO", "area_km2_mgn_attribute": 343.35819083000001, "area_km2_calc": 343.35819082060272, "centroid_lat": 4.354150548524121, "centroid_lon": -74.911485125464623 }, "geometry": { "type": "Point", "coordinates": [ -74.911485125464623, 4.354150548524121 ] } },
{ "type": "Feature", "properties": { "cod_dpto": "73", "cod_mpio": "73217", "departamento_mgn": "TOLIMA", "municipio_mgn": "COYAIMA", "municipio_tipo_mgn": "MUNICIPIO", "area_km2_mgn_attribute": 668.69382816999996, "area_km2_calc": 668.69382815617189, "centroid_lat": 3.7386195259153787, "centroid_lon": -75.148553140617864 }, "geometry": { "type": "Point", "coordinates": [ -75.148553140617864, 3.738619525915379 ] } },
{ "type": "Feature", "properties": { "cod_dpto": "73", "cod_mpio": "73226", "departamento_mgn": "TOLIMA", "municipio_mgn": "CUNDAY", "municipio_tipo_mgn": "MUNICIPIO", "area_km2_mgn_attribute": 507.08843192, "area_km2_calc": 507.08843190124458, "centroid_lat": 3.9825173358282835, "centroid_lon": -74.689379013373923 }, "geometry": { "type": "Point", "coordinates": [ -74.689379013373923, 3.982517335828283 ] } },
{ "type": "Feature", "properties": { "cod_dpto": "73", "cod_mpio": "73236", "departamento_mgn": "TOLIMA", "municipio_mgn": "DOLORES", "municipio_tipo_mgn": "MUNICIPIO", "area_km2_mgn_attribute": 651.4495391, "area_km2_calc": 651.44953908171601, "centroid_lat": 3.5978515616199394, "centroid_lon": -74.802590978739573 }, "geometry": { "type": "Point", "coordinates": [ -74.802590978739573, 3.597851561619939 ] } },
{ "type": "Feature", "properties": { "cod_dpto": "73", "cod_mpio": "73268", "departamento_mgn": "TOLIMA", "municipio_mgn": "ESPINAL", "municipio_tipo_mgn": "MUNICIPIO", "area_km2_mgn_attribute": 216.34531614, "area_km2_calc": 216.34531612954444, "centroid_lat": 4.1664780639091843, "centroid_lon": -74.89353010205545 }, "geometry": { "type": "Point", "coordinates": [ -74.89353010205545, 4.166478063909184 ] } },
{ "type": "Feature", "properties": { "cod_dpto": "73", "cod_mpio": "73270", "departamento_mgn": "TOLIMA", "municipio_mgn": "FALAN", "municipio_tipo_mgn": "MUNICIPIO", "area_km2_mgn_attribute": 181.20067651, "area_km2_calc": 181.20067650081739, "centroid_lat": 5.0792540563170023, "centroid_lon": -74.957037206800521 }, "geometry": { "type": "Point", "coordinates": [ -74.957037206800521, 5.079254056317002 ] } },
{ "type": "Feature", "properties": { "cod_dpto": "73", "cod_mpio": "73275", "departamento_mgn": "TOLIMA", "municipio_mgn": "FLANDES", "municipio_tipo_mgn": "MUNICIPIO", "area_km2_mgn_attribute": 96.72487926, "area_km2_calc": 96.724879254394409, "centroid_lat": 4.2428130317423234, "centroid_lon": -74.837087562138862 }, "geometry": { "type": "Point", "coordinates": [ -74.837087562138862, 4.242813031742323 ] } },
{ "type": "Feature", "properties": { "cod_dpto": "73", "cod_mpio": "73283", "departamento_mgn": "TOLIMA", "municipio_mgn": "FRESNO", "municipio_tipo_mgn": "MUNICIPIO", "area_km2_mgn_attribute": 219.52789042000001, "area_km2_calc": 219.52789041871227, "centroid_lat": 5.1866919094803672, "centroid_lon": -75.052294486865904 }, "geometry": { "type": "Point", "coordinates": [ -75.052294486865904, 5.186691909480367 ] } },
{ "type": "Feature", "properties": { "cod_dpto": "73", "cod_mpio": "73319", "departamento_mgn": "TOLIMA", "municipio_mgn": "GUAMO", "municipio_tipo_mgn": "MUNICIPIO", "area_km2_mgn_attribute": 505.4126621, "area_km2_calc": 505.41266209029237, "centroid_lat": 4.0765007289254509, "centroid_lon": -74.976573619232596 }, "geometry": { "type": "Point", "coordinates": [ -74.976573619232596, 4.076500728925451 ] } },
{ "type": "Feature", "properties": { "cod_dpto": "73", "cod_mpio": "73347", "departamento_mgn": "TOLIMA", "municipio_mgn": "HERVEO", "municipio_tipo_mgn": "MUNICIPIO", "area_km2_mgn_attribute": 322.58769224000002, "area_km2_calc": 322.58769223256661, "centroid_lat": 5.0685497492359106, "centroid_lon": -75.243238541268155 }, "geometry": { "type": "Point", "coordinates": [ -75.243238541268155, 5.068549749235911 ] } },
{ "type": "Feature", "properties": { "cod_dpto": "73", "cod_mpio": "73349", "departamento_mgn": "TOLIMA", "municipio_mgn": "HONDA", "municipio_tipo_mgn": "MUNICIPIO", "area_km2_mgn_attribute": 304.64071156, "area_km2_calc": 304.64071155184473, "centroid_lat": 5.1794103938988068, "centroid_lon": -74.78303096157623 }, "geometry": { "type": "Point", "coordinates": [ -74.78303096157623, 5.179410393898807 ] } },
{ "type": "Feature", "properties": { "cod_dpto": "73", "cod_mpio": "73352", "departamento_mgn": "TOLIMA", "municipio_mgn": "ICONONZO", "municipio_tipo_mgn": "MUNICIPIO", "area_km2_mgn_attribute": 214.9649171, "area_km2_calc": 214.96491709201837, "centroid_lat": 4.1332641669669288, "centroid_lon": -74.53964260335195 }, "geometry": { "type": "Point", "coordinates": [ -74.53964260335195, 4.133264166966929 ] } },
{ "type": "Feature", "properties": { "cod_dpto": "73", "cod_mpio": "73408", "departamento_mgn": "TOLIMA", "municipio_mgn": "LÉRIDA", "municipio_tipo_mgn": "MUNICIPIO", "area_km2_mgn_attribute": 271.76635082000001, "area_km2_calc": 271.76635081098527, "centroid_lat": 4.8660331202019735, "centroid_lon": -74.923373245848282 }, "geometry": { "type": "Point", "coordinates": [ -74.923373245848282, 4.866033120201974 ] } },
{ "type": "Feature", "properties": { "cod_dpto": "73", "cod_mpio": "73411", "departamento_mgn": "TOLIMA", "municipio_mgn": "LÍBANO", "municipio_tipo_mgn": "MUNICIPIO", "area_km2_mgn_attribute": 282.20028932000002, "area_km2_calc": 282.20028931045118, "centroid_lat": 4.8779311043689901, "centroid_lon": -75.047633867648287 }, "geometry": { "type": "Point", "coordinates": [ -75.047633867648287, 4.87793110436899 ] } },
{ "type": "Feature", "properties": { "cod_dpto": "73", "cod_mpio": "73443", "departamento_mgn": "TOLIMA", "municipio_mgn": "SAN SEBASTIÁN DE MARIQUITA", "municipio_tipo_mgn": "MUNICIPIO", "area_km2_mgn_attribute": 293.14370103, "area_km2_calc": 293.14370102155851, "centroid_lat": 5.2353220105793952, "centroid_lon": -74.906681129522354 }, "geometry": { "type": "Point", "coordinates": [ -74.906681129522354, 5.235322010579395 ] } },
{ "type": "Feature", "properties": { "cod_dpto": "73", "cod_mpio": "73449", "departamento_mgn": "TOLIMA", "municipio_mgn": "MELGAR", "municipio_tipo_mgn": "MUNICIPIO", "area_km2_mgn_attribute": 202.03149702, "area_km2_calc": 202.03149701593463, "centroid_lat": 4.1860539506062153, "centroid_lon": -74.637839689636508 }, "geometry": { "type": "Point", "coordinates": [ -74.637839689636508, 4.186053950606215 ] } },
{ "type": "Feature", "properties": { "cod_dpto": "73", "cod_mpio": "73461", "departamento_mgn": "TOLIMA", "municipio_mgn": "MURILLO", "municipio_tipo_mgn": "MUNICIPIO", "area_km2_mgn_attribute": 423.7214733, "area_km2_calc": 423.72147328735423, "centroid_lat": 4.82673541783958, "centroid_lon": -75.219948083559004 }, "geometry": { "type": "Point", "coordinates": [ -75.219948083559004, 4.82673541783958 ] } },
{ "type": "Feature", "properties": { "cod_dpto": "73", "cod_mpio": "73483", "departamento_mgn": "TOLIMA", "municipio_mgn": "NATAGAIMA", "municipio_tipo_mgn": "MUNICIPIO", "area_km2_mgn_attribute": 859.35036778000006, "area_km2_calc": 859.35036775963476, "centroid_lat": 3.5405116151728198, "centroid_lon": -75.12202615734104 }, "geometry": { "type": "Point", "coordinates": [ -75.12202615734104, 3.54051161517282 ] } },
{ "type": "Feature", "properties": { "cod_dpto": "73", "cod_mpio": "73504", "departamento_mgn": "TOLIMA", "municipio_mgn": "ORTEGA", "municipio_tipo_mgn": "MUNICIPIO", "area_km2_mgn_attribute": 953.36938095999994, "area_km2_calc": 953.36938094184165, "centroid_lat": 3.9377908026108979, "centroid_lon": -75.278251810485244 }, "geometry": { "type": "Point", "coordinates": [ -75.278251810485244, 3.937790802610898 ] } },
{ "type": "Feature", "properties": { "cod_dpto": "73", "cod_mpio": "73520", "departamento_mgn": "TOLIMA", "municipio_mgn": "PALOCABILDO", "municipio_tipo_mgn": "MUNICIPIO", "area_km2_mgn_attribute": 64.97016899, "area_km2_calc": 64.970168987415988, "centroid_lat": 5.0940349642752167, "centroid_lon": -75.018451202124865 }, "geometry": { "type": "Point", "coordinates": [ -75.018451202124865, 5.094034964275217 ] } },
{ "type": "Feature", "properties": { "cod_dpto": "73", "cod_mpio": "73547", "departamento_mgn": "TOLIMA", "municipio_mgn": "PIEDRAS", "municipio_tipo_mgn": "MUNICIPIO", "area_km2_mgn_attribute": 354.17992345, "area_km2_calc": 354.17992344415251, "centroid_lat": 4.4849953820928361, "centroid_lon": -74.920910222715477 }, "geometry": { "type": "Point", "coordinates": [ -74.920910222715477, 4.484995382092836 ] } },
{ "type": "Feature", "properties": { "cod_dpto": "73", "cod_mpio": "73555", "departamento_mgn": "TOLIMA", "municipio_mgn": "PLANADAS", "municipio_tipo_mgn": "MUNICIPIO", "area_km2_mgn_attribute": 1753.9281932399999, "area_km2_calc": 1753.9281932582151, "centroid_lat": 3.0989624064841625, "centroid_lon": -75.816880250965781 }, "geometry": { "type": "Point", "coordinates": [ -75.816880250965781, 3.098962406484163 ] } },
{ "type": "Feature", "properties": { "cod_dpto": "73", "cod_mpio": "73563", "departamento_mgn": "TOLIMA", "municipio_mgn": "PRADO", "municipio_tipo_mgn": "MUNICIPIO", "area_km2_mgn_attribute": 422.70737063000001, "area_km2_calc": 422.7073706162206, "centroid_lat": 3.7291661794475806, "centroid_lon": -74.872484159703177 }, "geometry": { "type": "Point", "coordinates": [ -74.872484159703177, 3.729166179447581 ] } },
{ "type": "Feature", "properties": { "cod_dpto": "73", "cod_mpio": "73585", "departamento_mgn": "TOLIMA", "municipio_mgn": "PURIFICACIÓN", "municipio_tipo_mgn": "MUNICIPIO", "area_km2_mgn_attribute": 401.91344256999997, "area_km2_calc": 401.9134425606432, "centroid_lat": 3.854283482783603, "centroid_lon": -74.874519163590989 }, "geometry": { "type": "Point", "coordinates": [ -74.874519163590989, 3.854283482783603 ] } },
{ "type": "Feature", "properties": { "cod_dpto": "73", "cod_mpio": "73616", "departamento_mgn": "TOLIMA", "municipio_mgn": "RIOBLANCO", "municipio_tipo_mgn": "MUNICIPIO", "area_km2_mgn_attribute": 2046.0660902, "area_km2_calc": 2046.066090230091, "centroid_lat": 3.468050369856845, "centroid_lon": -75.854842461788451 }, "geometry": { "type": "Point", "coordinates": [ -75.854842461788451, 3.468050369856845 ] } },
{ "type": "Feature", "properties": { "cod_dpto": "73", "cod_mpio": "73622", "departamento_mgn": "TOLIMA", "municipio_mgn": "RONCESVALLES", "municipio_tipo_mgn": "MUNICIPIO", "area_km2_mgn_attribute": 775.65672465, "area_km2_calc": 775.65672464256204, "centroid_lat": 4.0978559172239875, "centroid_lon": -75.594292647467412 }, "geometry": { "type": "Point", "coordinates": [ -75.594292647467412, 4.097855917223987 ] } },
{ "type": "Feature", "properties": { "cod_dpto": "73", "cod_mpio": "73624", "departamento_mgn": "TOLIMA", "municipio_mgn": "ROVIRA", "municipio_tipo_mgn": "MUNICIPIO", "area_km2_mgn_attribute": 739.17212027000005, "area_km2_calc": 739.17212025184267, "centroid_lat": 4.2167286854095751, "centroid_lon": -75.347597178439997 }, "geometry": { "type": "Point", "coordinates": [ -75.347597178439997, 4.216728685409575 ] } },
{ "type": "Feature", "properties": { "cod_dpto": "73", "cod_mpio": "73671", "departamento_mgn": "TOLIMA", "municipio_mgn": "SALDAÑA", "municipio_tipo_mgn": "MUNICIPIO", "area_km2_mgn_attribute": 193.10566978, "area_km2_calc": 193.10566977780536, "centroid_lat": 3.9125412263547643, "centroid_lon": -75.018600719840933 }, "geometry": { "type": "Point", "coordinates": [ -75.018600719840933, 3.912541226354764 ] } },
{ "type": "Feature", "properties": { "cod_dpto": "73", "cod_mpio": "73675", "departamento_mgn": "TOLIMA", "municipio_mgn": "SAN ANTONIO", "municipio_tipo_mgn": "MUNICIPIO", "area_km2_mgn_attribute": 383.28784337000002, "area_km2_calc": 383.28784336300174, "centroid_lat": 3.9551360476476796, "centroid_lon": -75.499091176745353 }, "geometry": { "type": "Point", "coordinates": [ -75.499091176745353, 3.95513604764768 ] } },
{ "type": "Feature", "properties": { "cod_dpto": "73", "cod_mpio": "73678", "departamento_mgn": "TOLIMA", "municipio_mgn": "SAN LUIS", "municipio_tipo_mgn": "MUNICIPIO", "area_km2_mgn_attribute": 411.9930748, "area_km2_calc": 411.99307479250598, "centroid_lat": 4.1286039467394886, "centroid_lon": -75.112449969127923 }, "geometry": { "type": "Point", "coordinates": [ -75.112449969127923, 4.128603946739489 ] } },
{ "type": "Feature", "properties": { "cod_dpto": "73", "cod_mpio": "73686", "departamento_mgn": "TOLIMA", "municipio_mgn": "SANTA ISABEL", "municipio_tipo_mgn": "MUNICIPIO", "area_km2_mgn_attribute": 270.05014817, "area_km2_calc": 270.05014816178914, "centroid_lat": 4.7291162744311332, "centroid_lon": -75.207144445449003 }, "geometry": { "type": "Point", "coordinates": [ -75.207144445449003, 4.729116274431133 ] } },
{ "type": "Feature", "properties": { "cod_dpto": "73", "cod_mpio": "73770", "departamento_mgn": "TOLIMA", "municipio_mgn": "SUÁREZ", "municipio_tipo_mgn": "MUNICIPIO", "area_km2_mgn_attribute": 189.93398926, "area_km2_calc": 189.9339892542082, "centroid_lat": 4.0489244271887275, "centroid_lon": -74.818582550279842 }, "geometry": { "type": "Point", "coordinates": [ -74.818582550279842, 4.048924427188727 ] } },
{ "type": "Feature", "properties": { "cod_dpto": "73", "cod_mpio": "73854", "departamento_mgn": "TOLIMA", "municipio_mgn": "VALLE DE SAN JUAN", "municipio_tipo_mgn": "MUNICIPIO", "area_km2_mgn_attribute": 197.74215951, "area_km2_calc": 197.74215950601655, "centroid_lat": 4.1821232504881252, "centroid_lon": -75.17148579523446 }, "geometry": { "type": "Point", "coordinates": [ -75.17148579523446, 4.182123250488125 ] } },
{ "type": "Feature", "properties": { "cod_dpto": "73", "cod_mpio": "73861", "departamento_mgn": "TOLIMA", "municipio_mgn": "VENADILLO", "municipio_tipo_mgn": "MUNICIPIO", "area_km2_mgn_attribute": 334.40088529000002, "area_km2_calc": 334.40088527780642, "centroid_lat": 4.7098854997229456, "centroid_lon": -74.920899689154496 }, "geometry": { "type": "Point", "coordinates": [ -74.920899689154496, 4.709885499722946 ] } },
{ "type": "Feature", "properties": { "cod_dpto": "73", "cod_mpio": "73870", "departamento_mgn": "TOLIMA", "municipio_mgn": "VILLAHERMOSA", "municipio_tipo_mgn": "MUNICIPIO", "area_km2_mgn_attribute": 279.06489948000001, "area_km2_calc": 279.06489947665773, "centroid_lat": 4.9658558530791517, "centroid_lon": -75.155835331440116 }, "geometry": { "type": "Point", "coordinates": [ -75.155835331440116, 4.965855853079152 ] } },
{ "type": "Feature", "properties": { "cod_dpto": "73", "cod_mpio": "73873", "departamento_mgn": "TOLIMA", "municipio_mgn": "VILLARRICA", "municipio_tipo_mgn": "MUNICIPIO", "area_km2_mgn_attribute": 430.08011918, "area_km2_calc": 430.0801191633438, "centroid_lat": 3.8543764690152469, "centroid_lon": -74.618972183962342 }, "geometry": { "type": "Point", "coordinates": [ -74.618972183962342, 3.854376469015247 ] } },
{ "type": "Feature", "properties": { "cod_dpto": "76", "cod_mpio": "76001", "departamento_mgn": "VALLE DEL CAUCA", "municipio_mgn": "SANTIAGO DE CALI", "municipio_tipo_mgn": "MUNICIPIO", "area_km2_mgn_attribute": 563.26630565999994, "area_km2_calc": 563.26630574472256, "centroid_lat": 3.3990428725769211, "centroid_lon": -76.57650124089723 }, "geometry": { "type": "Point", "coordinates": [ -76.57650124089723, 3.399042872576921 ] } },
{ "type": "Feature", "properties": { "cod_dpto": "76", "cod_mpio": "76020", "departamento_mgn": "VALLE DEL CAUCA", "municipio_mgn": "ALCALÁ", "municipio_tipo_mgn": "MUNICIPIO", "area_km2_mgn_attribute": 62.34625058, "area_km2_calc": 62.346250583786755, "centroid_lat": 4.6788976473575143, "centroid_lon": -75.782980182758521 }, "geometry": { "type": "Point", "coordinates": [ -75.782980182758521, 4.678897647357514 ] } },
{ "type": "Feature", "properties": { "cod_dpto": "76", "cod_mpio": "76036", "departamento_mgn": "VALLE DEL CAUCA", "municipio_mgn": "ANDALUCÍA", "municipio_tipo_mgn": "MUNICIPIO", "area_km2_mgn_attribute": 110.47444024000001, "area_km2_calc": 110.47444025021356, "centroid_lat": 4.1448573212066613, "centroid_lon": -76.164705707383646 }, "geometry": { "type": "Point", "coordinates": [ -76.164705707383646, 4.144857321206661 ] } },
{ "type": "Feature", "properties": { "cod_dpto": "76", "cod_mpio": "76041", "departamento_mgn": "VALLE DEL CAUCA", "municipio_mgn": "ANSERMANUEVO", "municipio_tipo_mgn": "MUNICIPIO", "area_km2_mgn_attribute": 305.46237344999997, "area_km2_calc": 305.4623734635361, "centroid_lat": 4.7959247810401946, "centroid_lon": -76.029639241508292 }, "geometry": { "type": "Point", "coordinates": [ -76.029639241508292, 4.795924781040195 ] } },
{ "type": "Feature", "properties": { "cod_dpto": "76", "cod_mpio": "76054", "departamento_mgn": "VALLE DEL CAUCA", "municipio_mgn": "ARGELIA", "municipio_tipo_mgn": "MUNICIPIO", "area_km2_mgn_attribute": 90.80595366, "area_km2_calc": 90.805953668555603, "centroid_lat": 4.7042866804037091, "centroid_lon": -76.141651525205504 }, "geometry": { "type": "Point", "coordinates": [ -76.141651525205504, 4.704286680403709 ] } },
{ "type": "Feature", "properties": { "cod_dpto": "76", "cod_mpio": "76100", "departamento_mgn": "VALLE DEL CAUCA", "municipio_mgn": "BOLÍVAR", "municipio_tipo_mgn": "MUNICIPIO", "area_km2_mgn_attribute": 743.7632345, "area_km2_calc": 743.76323457124522, "centroid_lat": 4.3636824630438342, "centroid_lon": -76.364884936445449 }, "geometry": { "type": "Point", "coordinates": [ -76.364884936445449, 4.363682463043834 ] } },
{ "type": "Feature", "properties": { "cod_dpto": "76", "cod_mpio": "76109", "departamento_mgn": "VALLE DEL CAUCA", "municipio_mgn": "BUENAVENTURA", "municipio_tipo_mgn": "MUNICIPIO", "area_km2_mgn_attribute": 6300.9861909000001, "area_km2_calc": 6300.9861933746943, "centroid_lat": 3.6117231488769352, "centroid_lon": -77.086030065778857 }, "geometry": { "type": "Point", "coordinates": [ -77.086030065778857, 3.611723148876935 ] } },
{ "type": "Feature", "properties": { "cod_dpto": "76", "cod_mpio": "76111", "departamento_mgn": "VALLE DEL CAUCA", "municipio_mgn": "GUADALAJARA DE BUGA", "municipio_tipo_mgn": "MUNICIPIO", "area_km2_mgn_attribute": 825.95104432000005, "area_km2_calc": 825.95104436304428, "centroid_lat": 3.8552654248977998, "centroid_lon": -76.105191240977788 }, "geometry": { "type": "Point", "coordinates": [ -76.105191240977788, 3.8552654248978 ] } },
{ "type": "Feature", "properties": { "cod_dpto": "76", "cod_mpio": "76113", "departamento_mgn": "VALLE DEL CAUCA", "municipio_mgn": "BUGALAGRANDE", "municipio_tipo_mgn": "MUNICIPIO", "area_km2_mgn_attribute": 396.811973, "area_km2_calc": 396.81197301545649, "centroid_lat": 4.1968581558900819, "centroid_lon": -76.089615356229828 }, "geometry": { "type": "Point", "coordinates": [ -76.089615356229828, 4.196858155890082 ] } },
{ "type": "Feature", "properties": { "cod_dpto": "76", "cod_mpio": "76122", "departamento_mgn": "VALLE DEL CAUCA", "municipio_mgn": "CAICEDONIA", "municipio_tipo_mgn": "MUNICIPIO", "area_km2_mgn_attribute": 166.97168873000001, "area_km2_calc": 166.97168872877151, "centroid_lat": 4.3089943642339126, "centroid_lon": -75.836725385797692 }, "geometry": { "type": "Point", "coordinates": [ -75.836725385797692, 4.308994364233913 ] } },
{ "type": "Feature", "properties": { "cod_dpto": "76", "cod_mpio": "76126", "departamento_mgn": "VALLE DEL CAUCA", "municipio_mgn": "CALIMA", "municipio_tipo_mgn": "MUNICIPIO", "area_km2_mgn_attribute": 793.84176127000001, "area_km2_calc": 793.84176140145598, "centroid_lat": 3.9443901247211191, "centroid_lon": -76.627830891786928 }, "geometry": { "type": "Point", "coordinates": [ -76.627830891786928, 3.944390124721119 ] } },
{ "type": "Feature", "properties": { "cod_dpto": "76", "cod_mpio": "76130", "departamento_mgn": "VALLE DEL CAUCA", "municipio_mgn": "CANDELARIA", "municipio_tipo_mgn": "MUNICIPIO", "area_km2_mgn_attribute": 296.5582478, "area_km2_calc": 296.55824782508023, "centroid_lat": 3.3820930020568873, "centroid_lon": -76.383179699163236 }, "geometry": { "type": "Point", "coordinates": [ -76.383179699163236, 3.382093002056887 ] } },
{ "type": "Feature", "properties": { "cod_dpto": "76", "cod_mpio": "76147", "departamento_mgn": "VALLE DEL CAUCA", "municipio_mgn": "CARTAGO", "municipio_tipo_mgn": "MUNICIPIO", "area_km2_mgn_attribute": 248.21459818, "area_km2_calc": 248.21459818874524, "centroid_lat": 4.7068474223086296, "centroid_lon": -75.917910912395413 }, "geometry": { "type": "Point", "coordinates": [ -75.917910912395413, 4.70684742230863 ] } },
{ "type": "Feature", "properties": { "cod_dpto": "76", "cod_mpio": "76233", "departamento_mgn": "VALLE DEL CAUCA", "municipio_mgn": "DAGUA", "municipio_tipo_mgn": "MUNICIPIO", "area_km2_mgn_attribute": 917.03825285999994, "area_km2_calc": 917.03825304910924, "centroid_lat": 3.6498596600596942, "centroid_lon": -76.720418355181607 }, "geometry": { "type": "Point", "coordinates": [ -76.720418355181607, 3.649859660059694 ] } },
{ "type": "Feature", "properties": { "cod_dpto": "76", "cod_mpio": "76243", "departamento_mgn": "VALLE DEL CAUCA", "municipio_mgn": "EL ÁGUILA", "municipio_tipo_mgn": "MUNICIPIO", "area_km2_mgn_attribute": 187.82409344000001, "area_km2_calc": 187.82409344850373, "centroid_lat": 4.9175595597708552, "centroid_lon": -76.066011459548989 }, "geometry": { "type": "Point", "coordinates": [ -76.066011459548989, 4.917559559770855 ] } },
{ "type": "Feature", "properties": { "cod_dpto": "76", "cod_mpio": "76246", "departamento_mgn": "VALLE DEL CAUCA", "municipio_mgn": "EL CAIRO", "municipio_tipo_mgn": "MUNICIPIO", "area_km2_mgn_attribute": 214.23701935, "area_km2_calc": 214.2370193587351, "centroid_lat": 4.7560603495486422, "centroid_lon": -76.215033882176101 }, "geometry": { "type": "Point", "coordinates": [ -76.215033882176101, 4.756060349548642 ] } },
{ "type": "Feature", "properties": { "cod_dpto": "76", "cod_mpio": "76248", "departamento_mgn": "VALLE DEL CAUCA", "municipio_mgn": "EL CERRITO", "municipio_tipo_mgn": "MUNICIPIO", "area_km2_mgn_attribute": 441.95851057, "area_km2_calc": 441.95851060284321, "centroid_lat": 3.6759924497237493, "centroid_lon": -76.209197765810316 }, "geometry": { "type": "Point", "coordinates": [ -76.209197765810316, 3.675992449723749 ] } },
{ "type": "Feature", "properties": { "cod_dpto": "76", "cod_mpio": "76250", "departamento_mgn": "VALLE DEL CAUCA", "municipio_mgn": "EL DOVIO", "municipio_tipo_mgn": "MUNICIPIO", "area_km2_mgn_attribute": 236.23675598, "area_km2_calc": 236.2367559986393, "centroid_lat": 4.5398018612729372, "centroid_lon": -76.287394091400031 }, "geometry": { "type": "Point", "coordinates": [ -76.287394091400031, 4.539801861272937 ] } },
{ "type": "Feature", "properties": { "cod_dpto": "76", "cod_mpio": "76275", "departamento_mgn": "VALLE DEL CAUCA", "municipio_mgn": "FLORIDA", "municipio_tipo_mgn": "MUNICIPIO", "area_km2_mgn_attribute": 401.60796655000001, "area_km2_calc": 401.60796657056824, "centroid_lat": 3.3041076262078044, "centroid_lon": -76.164785833671758 }, "geometry": { "type": "Point", "coordinates": [ -76.164785833671758, 3.304107626207804 ] } },
{ "type": "Feature", "properties": { "cod_dpto": "76", "cod_mpio": "76306", "departamento_mgn": "VALLE DEL CAUCA", "municipio_mgn": "GINEBRA", "municipio_tipo_mgn": "MUNICIPIO", "area_km2_mgn_attribute": 268.78350514, "area_km2_calc": 268.78350515255391, "centroid_lat": 3.7441031759488936, "centroid_lon": -76.190832108546346 }, "geometry": { "type": "Point", "coordinates": [ -76.190832108546346, 3.744103175948894 ] } },
{ "type": "Feature", "properties": { "cod_dpto": "76", "cod_mpio": "76318", "departamento_mgn": "VALLE DEL CAUCA", "municipio_mgn": "GUACARÍ", "municipio_tipo_mgn": "MUNICIPIO", "area_km2_mgn_attribute": 162.52193118, "area_km2_calc": 162.52193119620691, "centroid_lat": 3.7837790396646738, "centroid_lon": -76.294502779556012 }, "geometry": { "type": "Point", "coordinates": [ -76.294502779556012, 3.783779039664674 ] } },
{ "type": "Feature", "properties": { "cod_dpto": "76", "cod_mpio": "76364", "departamento_mgn": "VALLE DEL CAUCA", "municipio_mgn": "JAMUNDÍ", "municipio_tipo_mgn": "MUNICIPIO", "area_km2_mgn_attribute": 629.35683805999997, "area_km2_calc": 629.35683817119173, "centroid_lat": 3.2138736595606399, "centroid_lon": -76.62762526940891 }, "geometry": { "type": "Point", "coordinates": [ -76.62762526940891, 3.21387365956064 ] } },
{ "type": "Feature", "properties": { "cod_dpto": "76", "cod_mpio": "76377", "departamento_mgn": "VALLE DEL CAUCA", "municipio_mgn": "LA CUMBRE", "municipio_tipo_mgn": "MUNICIPIO", "area_km2_mgn_attribute": 255.51104607, "area_km2_calc": 255.51104610990771, "centroid_lat": 3.6942895481943432, "centroid_lon": -76.589911581842358 }, "geometry": { "type": "Point", "coordinates": [ -76.589911581842358, 3.694289548194343 ] } },
{ "type": "Feature", "properties": { "cod_dpto": "76", "cod_mpio": "76400", "departamento_mgn": "VALLE DEL CAUCA", "municipio_mgn": "LA UNIÓN", "municipio_tipo_mgn": "MUNICIPIO", "area_km2_mgn_attribute": 120.88518843, "area_km2_calc": 120.88518843211945, "centroid_lat": 4.5379365544759338, "centroid_lon": -76.103293837361818 }, "geometry": { "type": "Point", "coordinates": [ -76.103293837361818, 4.537936554475934 ] } },
{ "type": "Feature", "properties": { "cod_dpto": "76", "cod_mpio": "76403", "departamento_mgn": "VALLE DEL CAUCA", "municipio_mgn": "LA VICTORIA", "municipio_tipo_mgn": "MUNICIPIO", "area_km2_mgn_attribute": 264.69651507999998, "area_km2_calc": 264.69651508211376, "centroid_lat": 4.4835122801763818, "centroid_lon": -75.966777312043803 }, "geometry": { "type": "Point", "coordinates": [ -75.966777312043803, 4.483512280176382 ] } },
{ "type": "Feature", "properties": { "cod_dpto": "76", "cod_mpio": "76497", "departamento_mgn": "VALLE DEL CAUCA", "municipio_mgn": "OBANDO", "municipio_tipo_mgn": "MUNICIPIO", "area_km2_mgn_attribute": 214.67338111000001, "area_km2_calc": 214.67338111292352, "centroid_lat": 4.5975895457837703, "centroid_lon": -75.949202399706223 }, "geometry": { "type": "Point", "coordinates": [ -75.949202399706223, 4.59758954578377 ] } },
{ "type": "Feature", "properties": { "cod_dpto": "76", "cod_mpio": "76520", "departamento_mgn": "VALLE DEL CAUCA", "municipio_mgn": "PALMIRA", "municipio_tipo_mgn": "MUNICIPIO", "area_km2_mgn_attribute": 1005.31673518, "area_km2_calc": 1005.3167352532508, "centroid_lat": 3.5583954395825068, "centroid_lon": -76.227860867899835 }, "geometry": { "type": "Point", "coordinates": [ -76.227860867899835, 3.558395439582507 ] } },
{ "type": "Feature", "properties": { "cod_dpto": "76", "cod_mpio": "76563", "departamento_mgn": "VALLE DEL CAUCA", "municipio_mgn": "PRADERA", "municipio_tipo_mgn": "MUNICIPIO", "area_km2_mgn_attribute": 356.78156959, "area_km2_calc": 356.78156961119043, "centroid_lat": 3.4206378216892173, "centroid_lon": -76.178433389253371 }, "geometry": { "type": "Point", "coordinates": [ -76.178433389253371, 3.420637821689217 ] } },
{ "type": "Feature", "properties": { "cod_dpto": "76", "cod_mpio": "76606", "departamento_mgn": "VALLE DEL CAUCA", "municipio_mgn": "RESTREPO", "municipio_tipo_mgn": "MUNICIPIO", "area_km2_mgn_attribute": 137.26966359, "area_km2_calc": 137.26966360796328, "centroid_lat": 3.8062706008648965, "centroid_lon": -76.534640719559121 }, "geometry": { "type": "Point", "coordinates": [ -76.534640719559121, 3.806270600864897 ] } },
{ "type": "Feature", "properties": { "cod_dpto": "76", "cod_mpio": "76616", "departamento_mgn": "VALLE DEL CAUCA", "municipio_mgn": "RIOFRÍO", "municipio_tipo_mgn": "MUNICIPIO", "area_km2_mgn_attribute": 308.16605893000002, "area_km2_calc": 308.16605896320652, "centroid_lat": 4.1094960825122477, "centroid_lon": -76.371066714077571 }, "geometry": { "type": "Point", "coordinates": [ -76.371066714077571, 4.109496082512248 ] } },
{ "type": "Feature", "properties": { "cod_dpto": "76", "cod_mpio": "76622", "departamento_mgn": "VALLE DEL CAUCA", "municipio_mgn": "ROLDANILLO", "municipio_tipo_mgn": "MUNICIPIO", "area_km2_mgn_attribute": 234.97866975, "area_km2_calc": 234.97866976461663, "centroid_lat": 4.4434316193567547, "centroid_lon": -76.168092899748316 }, "geometry": { "type": "Point", "coordinates": [ -76.168092899748316, 4.443431619356755 ] } },
{ "type": "Feature", "properties": { "cod_dpto": "76", "cod_mpio": "76670", "departamento_mgn": "VALLE DEL CAUCA", "municipio_mgn": "SAN PEDRO", "municipio_tipo_mgn": "MUNICIPIO", "area_km2_mgn_attribute": 202.16022377, "area_km2_calc": 202.16022378511354, "centroid_lat": 3.9814356939744466, "centroid_lon": -76.208365429256034 }, "geometry": { "type": "Point", "coordinates": [ -76.208365429256034, 3.981435693974447 ] } },
{ "type": "Feature", "properties": { "cod_dpto": "76", "cod_mpio": "76736", "departamento_mgn": "VALLE DEL CAUCA", "municipio_mgn": "SEVILLA", "municipio_tipo_mgn": "MUNICIPIO", "area_km2_mgn_attribute": 537.14458835999994, "area_km2_calc": 537.14458705217896, "centroid_lat": 4.1934066294731638, "centroid_lon": -75.88817021922776 }, "geometry": { "type": "Point", "coordinates": [ -75.88817021922776, 4.193406629473164 ] } },
{ "type": "Feature", "properties": { "cod_dpto": "76", "cod_mpio": "76823", "departamento_mgn": "VALLE DEL CAUCA", "municipio_mgn": "TORO", "municipio_tipo_mgn": "MUNICIPIO", "area_km2_mgn_attribute": 175.77588792, "area_km2_calc": 175.77588792755844, "centroid_lat": 4.6384183875878282, "centroid_lon": -76.08106536996462 }, "geometry": { "type": "Point", "coordinates": [ -76.08106536996462, 4.638418387587828 ] } },
{ "type": "Feature", "properties": { "cod_dpto": "76", "cod_mpio": "76828", "departamento_mgn": "VALLE DEL CAUCA", "municipio_mgn": "TRUJILLO", "municipio_tipo_mgn": "MUNICIPIO", "area_km2_mgn_attribute": 307.72048822, "area_km2_calc": 307.72048825100336, "centroid_lat": 4.2332670838362239, "centroid_lon": -76.342936322066734 }, "geometry": { "type": "Point", "coordinates": [ -76.342936322066734, 4.233267083836224 ] } },
{ "type": "Feature", "properties": { "cod_dpto": "76", "cod_mpio": "76834", "departamento_mgn": "VALLE DEL CAUCA", "municipio_mgn": "TULUÁ", "municipio_tipo_mgn": "MUNICIPIO", "area_km2_mgn_attribute": 909.3956597, "area_km2_calc": 909.39565973653544, "centroid_lat": 4.0284202610650803, "centroid_lon": -76.032529414778523 }, "geometry": { "type": "Point", "coordinates": [ -76.032529414778523, 4.02842026106508 ] } },
{ "type": "Feature", "properties": { "cod_dpto": "76", "cod_mpio": "76845", "departamento_mgn": "VALLE DEL CAUCA", "municipio_mgn": "ULLOA", "municipio_tipo_mgn": "MUNICIPIO", "area_km2_mgn_attribute": 41.8585262, "area_km2_calc": 41.858526195868471, "centroid_lat": 4.7077208051087442, "centroid_lon": -75.77836223592027 }, "geometry": { "type": "Point", "coordinates": [ -75.77836223592027, 4.707720805108744 ] } },
{ "type": "Feature", "properties": { "cod_dpto": "76", "cod_mpio": "76863", "departamento_mgn": "VALLE DEL CAUCA", "municipio_mgn": "VERSALLES", "municipio_tipo_mgn": "MUNICIPIO", "area_km2_mgn_attribute": 200.62929946, "area_km2_calc": 200.62929947605051, "centroid_lat": 4.6225913183239618, "centroid_lon": -76.217898533681293 }, "geometry": { "type": "Point", "coordinates": [ -76.217898533681293, 4.622591318323962 ] } },
{ "type": "Feature", "properties": { "cod_dpto": "76", "cod_mpio": "76869", "departamento_mgn": "VALLE DEL CAUCA", "municipio_mgn": "VIJES", "municipio_tipo_mgn": "MUNICIPIO", "area_km2_mgn_attribute": 112.97110681, "area_km2_calc": 112.97110682665546, "centroid_lat": 3.7433671256907841, "centroid_lon": -76.47036022792534 }, "geometry": { "type": "Point", "coordinates": [ -76.47036022792534, 3.743367125690784 ] } },
{ "type": "Feature", "properties": { "cod_dpto": "76", "cod_mpio": "76890", "departamento_mgn": "VALLE DEL CAUCA", "municipio_mgn": "YOTOCO", "municipio_tipo_mgn": "MUNICIPIO", "area_km2_mgn_attribute": 327.77719145999998, "area_km2_calc": 327.77719149484676, "centroid_lat": 3.9041754046864878, "centroid_lon": -76.390803630067012 }, "geometry": { "type": "Point", "coordinates": [ -76.390803630067012, 3.904175404686488 ] } },
{ "type": "Feature", "properties": { "cod_dpto": "76", "cod_mpio": "76892", "departamento_mgn": "VALLE DEL CAUCA", "municipio_mgn": "YUMBO", "municipio_tipo_mgn": "MUNICIPIO", "area_km2_mgn_attribute": 230.67219602, "area_km2_calc": 230.67219605527876, "centroid_lat": 3.5959083393830209, "centroid_lon": -76.510991509198519 }, "geometry": { "type": "Point", "coordinates": [ -76.510991509198519, 3.595908339383021 ] } },
{ "type": "Feature", "properties": { "cod_dpto": "76", "cod_mpio": "76895", "departamento_mgn": "VALLE DEL CAUCA", "municipio_mgn": "ZARZAL", "municipio_tipo_mgn": "MUNICIPIO", "area_km2_mgn_attribute": 367.96563913, "area_km2_calc": 367.96564045858844, "centroid_lat": 4.3535965363874114, "centroid_lon": -76.050658129427958 }, "geometry": { "type": "Point", "coordinates": [ -76.050658129427958, 4.353596536387411 ] } },
{ "type": "Feature", "properties": { "cod_dpto": "81", "cod_mpio": "81001", "departamento_mgn": "ARAUCA", "municipio_mgn": "ARAUCA", "municipio_tipo_mgn": "MUNICIPIO", "area_km2_mgn_attribute": 5767.2261112300002, "area_km2_calc": 5767.2261111772368, "centroid_lat": 6.7963175634509527, "centroid_lon": -70.508933408720608 }, "geometry": { "type": "Point", "coordinates": [ -70.508933408720608, 6.796317563450953 ] } },
{ "type": "Feature", "properties": { "cod_dpto": "81", "cod_mpio": "81065", "departamento_mgn": "ARAUCA", "municipio_mgn": "ARAUQUITA", "municipio_tipo_mgn": "MUNICIPIO", "area_km2_mgn_attribute": 3037.5829872600002, "area_km2_calc": 3037.5829871681321, "centroid_lat": 6.799314940929472, "centroid_lon": -71.298162855319745 }, "geometry": { "type": "Point", "coordinates": [ -71.298162855319745, 6.799314940929472 ] } },
{ "type": "Feature", "properties": { "cod_dpto": "81", "cod_mpio": "81220", "departamento_mgn": "ARAUCA", "municipio_mgn": "CRAVO NORTE", "municipio_tipo_mgn": "MUNICIPIO", "area_km2_mgn_attribute": 5192.4132761499995, "area_km2_calc": 5192.4132762830141, "centroid_lat": 6.3467181286024088, "centroid_lon": -70.069511792722182 }, "geometry": { "type": "Point", "coordinates": [ -70.069511792722182, 6.346718128602409 ] } },
{ "type": "Feature", "properties": { "cod_dpto": "81", "cod_mpio": "81300", "departamento_mgn": "ARAUCA", "municipio_mgn": "FORTUL", "municipio_tipo_mgn": "MUNICIPIO", "area_km2_mgn_attribute": 1155.45461563, "area_km2_calc": 1155.4546155986664, "centroid_lat": 6.7053470463979554, "centroid_lon": -71.829451733815617 }, "geometry": { "type": "Point", "coordinates": [ -71.829451733815617, 6.705347046397955 ] } },
{ "type": "Feature", "properties": { "cod_dpto": "81", "cod_mpio": "81591", "departamento_mgn": "ARAUCA", "municipio_mgn": "PUERTO RONDÓN", "municipio_tipo_mgn": "MUNICIPIO", "area_km2_mgn_attribute": 2273.9886992299998, "area_km2_calc": 2273.9886991704439, "centroid_lat": 6.4117738450458912, "centroid_lon": -70.966743628877836 }, "geometry": { "type": "Point", "coordinates": [ -70.966743628877836, 6.411773845045891 ] } },
{ "type": "Feature", "properties": { "cod_dpto": "81", "cod_mpio": "81736", "departamento_mgn": "ARAUCA", "municipio_mgn": "SARAVENA", "municipio_tipo_mgn": "MUNICIPIO", "area_km2_mgn_attribute": 942.58736174000001, "area_km2_calc": 942.58736170598979, "centroid_lat": 6.9069432549710497, "centroid_lon": -71.850713523640522 }, "geometry": { "type": "Point", "coordinates": [ -71.850713523640522, 6.90694325497105 ] } },
{ "type": "Feature", "properties": { "cod_dpto": "81", "cod_mpio": "81794", "departamento_mgn": "ARAUCA", "municipio_mgn": "TAME", "municipio_tipo_mgn": "MUNICIPIO", "area_km2_mgn_attribute": 5403.8756577000004, "area_km2_calc": 5403.875657525914, "centroid_lat": 6.3907045111209095, "centroid_lon": -71.791770127389199 }, "geometry": { "type": "Point", "coordinates": [ -71.791770127389199, 6.39070451112091 ] } },
{ "type": "Feature", "properties": { "cod_dpto": "85", "cod_mpio": "85001", "departamento_mgn": "CASANARE", "municipio_mgn": "YOPAL", "municipio_tipo_mgn": "MUNICIPIO", "area_km2_mgn_attribute": 2476.88779273, "area_km2_calc": 2476.8877926499308, "centroid_lat": 5.2427116871768371, "centroid_lon": -72.257983241436591 }, "geometry": { "type": "Point", "coordinates": [ -72.257983241436591, 5.242711687176837 ] } },
{ "type": "Feature", "properties": { "cod_dpto": "85", "cod_mpio": "85010", "departamento_mgn": "CASANARE", "municipio_mgn": "AGUAZUL", "municipio_tipo_mgn": "MUNICIPIO", "area_km2_mgn_attribute": 1439.26466927, "area_km2_calc": 1439.2646692284322, "centroid_lat": 5.1261103921295739, "centroid_lon": -72.548197345832492 }, "geometry": { "type": "Point", "coordinates": [ -72.548197345832492, 5.126110392129574 ] } },
{ "type": "Feature", "properties": { "cod_dpto": "85", "cod_mpio": "85015", "departamento_mgn": "CASANARE", "municipio_mgn": "CHÁMEZA", "municipio_tipo_mgn": "MUNICIPIO", "area_km2_mgn_attribute": 309.16338114000001, "area_km2_calc": 309.16338112656985, "centroid_lat": 5.2292330497438888, "centroid_lon": -72.866091774135654 }, "geometry": { "type": "Point", "coordinates": [ -72.866091774135654, 5.229233049743889 ] } },
{ "type": "Feature", "properties": { "cod_dpto": "85", "cod_mpio": "85125", "departamento_mgn": "CASANARE", "municipio_mgn": "HATO COROZAL", "municipio_tipo_mgn": "MUNICIPIO", "area_km2_mgn_attribute": 5492.2661093899997, "area_km2_calc": 5492.2661092716417, "centroid_lat": 6.1093607120910667, "centroid_lon": -71.136078107326028 }, "geometry": { "type": "Point", "coordinates": [ -71.136078107326028, 6.109360712091067 ] } },
{ "type": "Feature", "properties": { "cod_dpto": "85", "cod_mpio": "85136", "departamento_mgn": "CASANARE", "municipio_mgn": "LA SALINA", "municipio_tipo_mgn": "MUNICIPIO", "area_km2_mgn_attribute": 199.41924572, "area_km2_calc": 199.41924571792902, "centroid_lat": 6.1782770311695927, "centroid_lon": -72.346931191208455 }, "geometry": { "type": "Point", "coordinates": [ -72.346931191208455, 6.178277031169593 ] } },
{ "type": "Feature", "properties": { "cod_dpto": "85", "cod_mpio": "85139", "departamento_mgn": "CASANARE", "municipio_mgn": "MANÍ", "municipio_tipo_mgn": "MUNICIPIO", "area_km2_mgn_attribute": 3745.2813597200002, "area_km2_calc": 3745.2813596036808, "centroid_lat": 4.6757568480665839, "centroid_lon": -72.212758532699695 }, "geometry": { "type": "Point", "coordinates": [ -72.212758532699695, 4.675756848066584 ] } },
{ "type": "Feature", "properties": { "cod_dpto": "85", "cod_mpio": "85162", "departamento_mgn": "CASANARE", "municipio_mgn": "MONTERREY", "municipio_tipo_mgn": "MUNICIPIO", "area_km2_mgn_attribute": 777.57342520999998, "area_km2_calc": 777.57342518948246, "centroid_lat": 4.841300234727731, "centroid_lon": -72.847333949991594 }, "geometry": { "type": "Point", "coordinates": [ -72.847333949991594, 4.841300234727731 ] } },
{ "type": "Feature", "properties": { "cod_dpto": "85", "cod_mpio": "85225", "departamento_mgn": "CASANARE", "municipio_mgn": "NUNCHÍA", "municipio_tipo_mgn": "MUNICIPIO", "area_km2_mgn_attribute": 1099.2560232599999, "area_km2_calc": 1099.2560232277083, "centroid_lat": 5.5291452825173648, "centroid_lon": -72.092445667037666 }, "geometry": { "type": "Point", "coordinates": [ -72.092445667037666, 5.529145282517365 ] } },
{ "type": "Feature", "properties": { "cod_dpto": "85", "cod_mpio": "85230", "departamento_mgn": "CASANARE", "municipio_mgn": "OROCUÉ", "municipio_tipo_mgn": "MUNICIPIO", "area_km2_mgn_attribute": 4739.8429133299996, "area_km2_calc": 4739.8429131865587, "centroid_lat": 4.9151689813303765, "centroid_lon": -71.598693128691067 }, "geometry": { "type": "Point", "coordinates": [ -71.598693128691067, 4.915168981330376 ] } },
{ "type": "Feature", "properties": { "cod_dpto": "85", "cod_mpio": "85250", "departamento_mgn": "CASANARE", "municipio_mgn": "PAZ DE ARIPORO", "municipio_tipo_mgn": "MUNICIPIO", "area_km2_mgn_attribute": 12074.52977282, "area_km2_calc": 12074.529772607224, "centroid_lat": 5.7801497696765365, "centroid_lon": -70.869123604861031 }, "geometry": { "type": "Point", "coordinates": [ -70.869123604861031, 5.780149769676536 ] } },
{ "type": "Feature", "properties": { "cod_dpto": "85", "cod_mpio": "85263", "departamento_mgn": "CASANARE", "municipio_mgn": "PORE", "municipio_tipo_mgn": "MUNICIPIO", "area_km2_mgn_attribute": 779.3901543, "area_km2_calc": 779.39015427072263, "centroid_lat": 5.6630421824707655, "centroid_lon": -71.925709179328351 }, "geometry": { "type": "Point", "coordinates": [ -71.925709179328351, 5.663042182470766 ] } },
{ "type": "Feature", "properties": { "cod_dpto": "85", "cod_mpio": "85279", "departamento_mgn": "CASANARE", "municipio_mgn": "RECETOR", "municipio_tipo_mgn": "MUNICIPIO", "area_km2_mgn_attribute": 180.845873, "area_km2_calc": 180.84587299402725, "centroid_lat": 5.2630657732061197, "centroid_lon": -72.77081875964744 }, "geometry": { "type": "Point", "coordinates": [ -72.77081875964744, 5.26306577320612 ] } },
{ "type": "Feature", "properties": { "cod_dpto": "85", "cod_mpio": "85300", "departamento_mgn": "CASANARE", "municipio_mgn": "SABANALARGA", "municipio_tipo_mgn": "MUNICIPIO", "area_km2_mgn_attribute": 400.1582052, "area_km2_calc": 400.15820518615789, "centroid_lat": 4.8111793894837396, "centroid_lon": -72.995804121329812 }, "geometry": { "type": "Point", "coordinates": [ -72.995804121329812, 4.81117938948374 ] } },
{ "type": "Feature", "properties": { "cod_dpto": "85", "cod_mpio": "85315", "departamento_mgn": "CASANARE", "municipio_mgn": "SÁCAMA", "municipio_tipo_mgn": "MUNICIPIO", "area_km2_mgn_attribute": 311.46707275, "area_km2_calc": 311.46707273689253, "centroid_lat": 6.0499099443274931, "centroid_lon": -72.210757207756131 }, "geometry": { "type": "Point", "coordinates": [ -72.210757207756131, 6.049909944327493 ] } },
{ "type": "Feature", "properties": { "cod_dpto": "85", "cod_mpio": "85325", "departamento_mgn": "CASANARE", "municipio_mgn": "SAN LUIS DE PALENQUE", "municipio_tipo_mgn": "MUNICIPIO", "area_km2_mgn_attribute": 2980.8899448699999, "area_km2_calc": 2980.8899447754929, "centroid_lat": 5.231864750390165, "centroid_lon": -71.593345174062478 }, "geometry": { "type": "Point", "coordinates": [ -71.593345174062478, 5.231864750390165 ] } },
{ "type": "Feature", "properties": { "cod_dpto": "85", "cod_mpio": "85400", "departamento_mgn": "CASANARE", "municipio_mgn": "TÁMARA", "municipio_tipo_mgn": "MUNICIPIO", "area_km2_mgn_attribute": 1088.5301225200001, "area_km2_calc": 1088.5301224804984, "centroid_lat": 5.8789267560722269, "centroid_lon": -72.200678521112494 }, "geometry": { "type": "Point", "coordinates": [ -72.200678521112494, 5.878926756072227 ] } },
{ "type": "Feature", "properties": { "cod_dpto": "85", "cod_mpio": "85410", "departamento_mgn": "CASANARE", "municipio_mgn": "TAURAMENA", "municipio_tipo_mgn": "MUNICIPIO", "area_km2_mgn_attribute": 2380.1742128800001, "area_km2_calc": 2380.1742128010878, "centroid_lat": 4.6981149041529937, "centroid_lon": -72.629388910194876 }, "geometry": { "type": "Point", "coordinates": [ -72.629388910194876, 4.698114904152994 ] } },
{ "type": "Feature", "properties": { "cod_dpto": "85", "cod_mpio": "85430", "departamento_mgn": "CASANARE", "municipio_mgn": "TRINIDAD", "municipio_tipo_mgn": "MUNICIPIO", "area_km2_mgn_attribute": 2959.9088354300002, "area_km2_calc": 2959.9088353426023, "centroid_lat": 5.3674053903637304, "centroid_lon": -71.193743851863843 }, "geometry": { "type": "Point", "coordinates": [ -71.193743851863843, 5.36740539036373 ] } },
{ "type": "Feature", "properties": { "cod_dpto": "85", "cod_mpio": "85440", "departamento_mgn": "CASANARE", "municipio_mgn": "VILLANUEVA", "municipio_tipo_mgn": "MUNICIPIO", "area_km2_mgn_attribute": 832.16059716999996, "area_km2_calc": 832.16059714671223, "centroid_lat": 4.5282955062930501, "centroid_lon": -72.823123553835984 }, "geometry": { "type": "Point", "coordinates": [ -72.823123553835984, 4.52829550629305 ] } },
{ "type": "Feature", "properties": { "cod_dpto": "86", "cod_mpio": "86001", "departamento_mgn": "PUTUMAYO", "municipio_mgn": "MOCOA", "municipio_tipo_mgn": "MUNICIPIO", "area_km2_mgn_attribute": 1305.26361705, "area_km2_calc": 1305.263617312396, "centroid_lat": 1.2285904884406995, "centroid_lon": -76.684373830720872 }, "geometry": { "type": "Point", "coordinates": [ -76.684373830720872, 1.2285904884407 ] } },
{ "type": "Feature", "properties": { "cod_dpto": "86", "cod_mpio": "86219", "departamento_mgn": "PUTUMAYO", "municipio_mgn": "COLÓN", "municipio_tipo_mgn": "MUNICIPIO", "area_km2_mgn_attribute": 64.31747923, "area_km2_calc": 64.317479255649133, "centroid_lat": 1.2232166754609599, "centroid_lon": -76.966730065186539 }, "geometry": { "type": "Point", "coordinates": [ -76.966730065186539, 1.22321667546096 ] } },
{ "type": "Feature", "properties": { "cod_dpto": "86", "cod_mpio": "86320", "departamento_mgn": "PUTUMAYO", "municipio_mgn": "ORITO", "municipio_tipo_mgn": "MUNICIPIO", "area_km2_mgn_attribute": 1940.5941735900001, "area_km2_calc": 1940.5941742228279, "centroid_lat": 0.67376270127692839, "centroid_lon": -76.943190495418818 }, "geometry": { "type": "Point", "coordinates": [ -76.943190495418818, 0.673762701276928 ] } },
{ "type": "Feature", "properties": { "cod_dpto": "86", "cod_mpio": "86568", "departamento_mgn": "PUTUMAYO", "municipio_mgn": "PUERTO ASÍS", "municipio_tipo_mgn": "MUNICIPIO", "area_km2_mgn_attribute": 2819.8437496400002, "area_km2_calc": 2819.8437499243837, "centroid_lat": 0.47860066451734185, "centroid_lon": -76.328341744291691 }, "geometry": { "type": "Point", "coordinates": [ -76.328341744291691, 0.478600664517342 ] } },
{ "type": "Feature", "properties": { "cod_dpto": "86", "cod_mpio": "86569", "departamento_mgn": "PUTUMAYO", "municipio_mgn": "PUERTO CAICEDO", "municipio_tipo_mgn": "MUNICIPIO", "area_km2_mgn_attribute": 926.84282756000005, "area_km2_calc": 926.84282768829326, "centroid_lat": 0.72507321373504019, "centroid_lon": -76.48104220542352 }, "geometry": { "type": "Point", "coordinates": [ -76.48104220542352, 0.72507321373504 ] } },
{ "type": "Feature", "properties": { "cod_dpto": "86", "cod_mpio": "86571", "departamento_mgn": "PUTUMAYO", "municipio_mgn": "PUERTO GUZMÁN", "municipio_tipo_mgn": "MUNICIPIO", "area_km2_mgn_attribute": 4576.3516623699998, "area_km2_calc": 4576.3516624921949, "centroid_lat": 0.74649850319755495, "centroid_lon": -75.880385605306628 }, "geometry": { "type": "Point", "coordinates": [ -75.880385605306628, 0.746498503197555 ] } },
{ "type": "Feature", "properties": { "cod_dpto": "86", "cod_mpio": "86573", "departamento_mgn": "PUTUMAYO", "municipio_mgn": "PUERTO LEGUÍZAMO", "municipio_tipo_mgn": "MUNICIPIO", "area_km2_mgn_attribute": 10900.425985809999, "area_km2_calc": 10900.425985603111, "centroid_lat": 0.05967718915960192, "centroid_lon": -75.065180467706725 }, "geometry": { "type": "Point", "coordinates": [ -75.065180467706725, 0.059677189159602 ] } },
{ "type": "Feature", "properties": { "cod_dpto": "86", "cod_mpio": "86749", "departamento_mgn": "PUTUMAYO", "municipio_mgn": "SIBUNDOY", "municipio_tipo_mgn": "MUNICIPIO", "area_km2_mgn_attribute": 97.79631883, "area_km2_calc": 97.796318863620499, "centroid_lat": 1.2287456895730677, "centroid_lon": -76.913076098531576 }, "geometry": { "type": "Point", "coordinates": [ -76.913076098531576, 1.228745689573068 ] } },
{ "type": "Feature", "properties": { "cod_dpto": "86", "cod_mpio": "86755", "departamento_mgn": "PUTUMAYO", "municipio_mgn": "SAN FRANCISCO", "municipio_tipo_mgn": "MUNICIPIO", "area_km2_mgn_attribute": 407.59616233999998, "area_km2_calc": 407.59616244666114, "centroid_lat": 1.1360709332785224, "centroid_lon": -76.847273272585099 }, "geometry": { "type": "Point", "coordinates": [ -76.847273272585099, 1.136070933278522 ] } },
{ "type": "Feature", "properties": { "cod_dpto": "86", "cod_mpio": "86757", "departamento_mgn": "PUTUMAYO", "municipio_mgn": "SAN MIGUEL", "municipio_tipo_mgn": "MUNICIPIO", "area_km2_mgn_attribute": 379.96831072999998, "area_km2_calc": 379.96831083697947, "centroid_lat": 0.30587716870434667, "centroid_lon": -76.857790341049693 }, "geometry": { "type": "Point", "coordinates": [ -76.857790341049693, 0.305877168704347 ] } },
{ "type": "Feature", "properties": { "cod_dpto": "86", "cod_mpio": "86760", "departamento_mgn": "PUTUMAYO", "municipio_mgn": "SANTIAGO", "municipio_tipo_mgn": "MUNICIPIO", "area_km2_mgn_attribute": 342.16073335, "area_km2_calc": 342.1607334696983, "centroid_lat": 1.0858171168366419, "centroid_lon": -77.00563417267179 }, "geometry": { "type": "Point", "coordinates": [ -77.00563417267179, 1.085817116836642 ] } },
{ "type": "Feature", "properties": { "cod_dpto": "86", "cod_mpio": "86865", "departamento_mgn": "PUTUMAYO", "municipio_mgn": "VALLE DEL GUAMUEZ", "municipio_tipo_mgn": "MUNICIPIO", "area_km2_mgn_attribute": 815.66121418, "area_km2_calc": 815.66121442416386, "centroid_lat": 0.41296359537378374, "centroid_lon": -76.884139191214061 }, "geometry": { "type": "Point", "coordinates": [ -76.884139191214061, 0.412963595373784 ] } },
{ "type": "Feature", "properties": { "cod_dpto": "86", "cod_mpio": "86885", "departamento_mgn": "PUTUMAYO", "municipio_mgn": "VILLAGARZÓN", "municipio_tipo_mgn": "MUNICIPIO", "area_km2_mgn_attribute": 1397.7027332600001, "area_km2_calc": 1397.7027335809244, "centroid_lat": 0.91115483561993038, "centroid_lon": -76.745009717130287 }, "geometry": { "type": "Point", "coordinates": [ -76.745009717130287, 0.91115483561993 ] } },
{ "type": "Feature", "properties": { "cod_dpto": "88", "cod_mpio": "88001", "departamento_mgn": "ARCHIPIÉLAGO DE SAN ANDRÉS, PROVIDENCIA Y SANTA CATALINA", "municipio_mgn": "SAN ANDRÉS", "municipio_tipo_mgn": "ISLA", "area_km2_mgn_attribute": 27.26527266, "area_km2_calc": 27.265273194169833, "centroid_lat": 12.543181671080536, "centroid_lon": -81.717593705512797 }, "geometry": { "type": "Point", "coordinates": [ -81.717593705512797, 12.543181671080536 ] } },
{ "type": "Feature", "properties": { "cod_dpto": "88", "cod_mpio": "88564", "departamento_mgn": "ARCHIPIÉLAGO DE SAN ANDRÉS, PROVIDENCIA Y SANTA CATALINA", "municipio_mgn": "PROVIDENCIA", "municipio_tipo_mgn": "MUNICIPIO", "area_km2_mgn_attribute": 22.32331173, "area_km2_calc": 22.323312011500928, "centroid_lat": 13.353271032812021, "centroid_lon": -81.373907399606139 }, "geometry": { "type": "Point", "coordinates": [ -81.373907399606139, 13.353271032812021 ] } },
{ "type": "Feature", "properties": { "cod_dpto": "91", "cod_mpio": "91001", "departamento_mgn": "AMAZONAS", "municipio_mgn": "LETICIA", "municipio_tipo_mgn": "MUNICIPIO", "area_km2_mgn_attribute": 6158.3309823299996, "area_km2_calc": 6158.3309825012293, "centroid_lat": -3.5299613604521807, "centroid_lon": -70.045108374728187 }, "geometry": { "type": "Point", "coordinates": [ -70.045108374728187, -3.529961360452181 ] } },
{ "type": "Feature", "properties": { "cod_dpto": "91", "cod_mpio": "91263", "departamento_mgn": "AMAZONAS", "municipio_mgn": "EL ENCANTO", "municipio_tipo_mgn": "ÁREA NO MUNICIPALIZADA", "area_km2_mgn_attribute": 10874.26468095, "area_km2_calc": 10874.264680589189, "centroid_lat": -1.9972500132442634, "centroid_lon": -72.723655808336005 }, "geometry": { "type": "Point", "coordinates": [ -72.723655808336005, -1.997250013244263 ] } },
{ "type": "Feature", "properties": { "cod_dpto": "91", "cod_mpio": "91405", "departamento_mgn": "AMAZONAS", "municipio_mgn": "LA CHORRERA", "municipio_tipo_mgn": "ÁREA NO MUNICIPALIZADA", "area_km2_mgn_attribute": 12641.44908998, "area_km2_calc": 12641.449089565493, "centroid_lat": -1.2380945912539867, "centroid_lon": -72.764117680997529 }, "geometry": { "type": "Point", "coordinates": [ -72.764117680997529, -1.238094591253987 ] } },
{ "type": "Feature", "properties": { "cod_dpto": "91", "cod_mpio": "91407", "departamento_mgn": "AMAZONAS", "municipio_mgn": "LA PEDRERA", "municipio_tipo_mgn": "ÁREA NO MUNICIPALIZADA", "area_km2_mgn_attribute": 13614.796487269999, "area_km2_calc": 13614.796487796302, "centroid_lat": -1.4271992124406105, "centroid_lon": -70.038173063157885 }, "geometry": { "type": "Point", "coordinates": [ -70.038173063157885, -1.427199212440611 ] } },
{ "type": "Feature", "properties": { "cod_dpto": "91", "cod_mpio": "91430", "departamento_mgn": "AMAZONAS", "municipio_mgn": "LA VICTORIA", "municipio_tipo_mgn": "ÁREA NO MUNICIPALIZADA", "area_km2_mgn_attribute": 1428.2028148300001, "area_km2_calc": 1428.2028147862727, "centroid_lat": -0.12503004898756281, "centroid_lon": -71.104858100785947 }, "geometry": { "type": "Point", "coordinates": [ -71.104858100785947, -0.125030048987563 ] } },
{ "type": "Feature", "properties": { "cod_dpto": "91", "cod_mpio": "91460", "departamento_mgn": "AMAZONAS", "municipio_mgn": "MIRITÍ - PARANÁ", "municipio_tipo_mgn": "ÁREA NO MUNICIPALIZADA", "area_km2_mgn_attribute": 16814.373499329999, "area_km2_calc": 16814.373498879027, "centroid_lat": -0.68713325126082991, "centroid_lon": -71.185319914103871 }, "geometry": { "type": "Point", "coordinates": [ -71.185319914103871, -0.68713325126083 ] } },
{ "type": "Feature", "properties": { "cod_dpto": "91", "cod_mpio": "91530", "departamento_mgn": "AMAZONAS", "municipio_mgn": "PUERTO ALEGRÍA", "municipio_tipo_mgn": "ÁREA NO MUNICIPALIZADA", "area_km2_mgn_attribute": 8481.8244621199992, "area_km2_calc": 8481.8244618381104, "centroid_lat": -0.95209493124087752, "centroid_lon": -73.757314953620622 }, "geometry": { "type": "Point", "coordinates": [ -73.757314953620622, -0.952094931240878 ] } },
{ "type": "Feature", "properties": { "cod_dpto": "91", "cod_mpio": "91536", "departamento_mgn": "AMAZONAS", "municipio_mgn": "PUERTO ARICA", "municipio_tipo_mgn": "ÁREA NO MUNICIPALIZADA", "area_km2_mgn_attribute": 13806.075730529999, "area_km2_calc": 13806.075730164102, "centroid_lat": -1.9102339919807945, "centroid_lon": -71.15177125189588 }, "geometry": { "type": "Point", "coordinates": [ -71.15177125189588, -1.910233991980794 ] } },
{ "type": "Feature", "properties": { "cod_dpto": "91", "cod_mpio": "91540", "departamento_mgn": "AMAZONAS", "municipio_mgn": "PUERTO NARIÑO", "municipio_tipo_mgn": "MUNICIPIO", "area_km2_mgn_attribute": 1503.7499648800001, "area_km2_calc": 1503.749964861742, "centroid_lat": -3.6312904541233464, "centroid_lon": -70.471972405093851 }, "geometry": { "type": "Point", "coordinates": [ -70.471972405093851, -3.631290454123346 ] } },
{ "type": "Feature", "properties": { "cod_dpto": "91", "cod_mpio": "91669", "departamento_mgn": "AMAZONAS", "municipio_mgn": "PUERTO SANTANDER", "municipio_tipo_mgn": "ÁREA NO MUNICIPALIZADA", "area_km2_mgn_attribute": 14691.98551601, "area_km2_calc": 14691.985515532795, "centroid_lat": -1.1011346198401442, "centroid_lon": -71.938813889939084 }, "geometry": { "type": "Point", "coordinates": [ -71.938813889939084, -1.101134619840144 ] } },
{ "type": "Feature", "properties": { "cod_dpto": "91", "cod_mpio": "91798", "departamento_mgn": "AMAZONAS", "municipio_mgn": "TARAPACÁ", "municipio_tipo_mgn": "ÁREA NO MUNICIPALIZADA", "area_km2_mgn_attribute": 9159.7753206899997, "area_km2_calc": 9159.7753210323808, "centroid_lat": -2.4517600678395839, "centroid_lon": -70.006437758272128 }, "geometry": { "type": "Point", "coordinates": [ -70.006437758272128, -2.451760067839584 ] } },
{ "type": "Feature", "properties": { "cod_dpto": "94", "cod_mpio": "94001", "departamento_mgn": "GUAINÍA", "municipio_mgn": "INÍRIDA", "municipio_tipo_mgn": "MUNICIPIO", "area_km2_mgn_attribute": 15891.23252904, "area_km2_calc": 15891.232543271268, "centroid_lat": 3.3198908046521014, "centroid_lon": -68.456827278842226 }, "geometry": { "type": "Point", "coordinates": [ -68.456827278842226, 3.319890804652101 ] } },
{ "type": "Feature", "properties": { "cod_dpto": "94", "cod_mpio": "94343", "departamento_mgn": "GUAINÍA", "municipio_mgn": "BARRANCOMINAS", "municipio_tipo_mgn": "MUNICIPIO", "area_km2_mgn_attribute": 14342.99540854, "area_km2_calc": 14342.995410394347, "centroid_lat": 3.1407014287971999, "centroid_lon": -69.697162580788003 }, "geometry": { "type": "Point", "coordinates": [ -69.697162580788003, 3.1407014287972 ] } },
{ "type": "Feature", "properties": { "cod_dpto": "94", "cod_mpio": "94883", "departamento_mgn": "GUAINÍA", "municipio_mgn": "SAN FELIPE", "municipio_tipo_mgn": "ÁREA NO MUNICIPALIZADA", "area_km2_mgn_attribute": 2909.7089526, "area_km2_calc": 2909.7089619443141, "centroid_lat": 2.1557500958490072, "centroid_lon": -67.339752529190463 }, "geometry": { "type": "Point", "coordinates": [ -67.339752529190463, 2.155750095849007 ] } },
{ "type": "Feature", "properties": { "cod_dpto": "94", "cod_mpio": "94884", "departamento_mgn": "GUAINÍA", "municipio_mgn": "PUERTO COLOMBIA", "municipio_tipo_mgn": "ÁREA NO MUNICIPALIZADA", "area_km2_mgn_attribute": 15620.422798899999, "area_km2_calc": 15620.422817932083, "centroid_lat": 2.5076049926398483, "centroid_lon": -68.208497572868964 }, "geometry": { "type": "Point", "coordinates": [ -68.208497572868964, 2.507604992639848 ] } },
{ "type": "Feature", "properties": { "cod_dpto": "94", "cod_mpio": "94885", "departamento_mgn": "GUAINÍA", "municipio_mgn": "LA GUADALUPE", "municipio_tipo_mgn": "ÁREA NO MUNICIPALIZADA", "area_km2_mgn_attribute": 1171.8917317600001, "area_km2_calc": 1171.8917371595901, "centroid_lat": 1.4045263487295758, "centroid_lon": -67.001513305009212 }, "geometry": { "type": "Point", "coordinates": [ -67.001513305009212, 1.404526348729576 ] } },
{ "type": "Feature", "properties": { "cod_dpto": "94", "cod_mpio": "94886", "departamento_mgn": "GUAINÍA", "municipio_mgn": "CACAHUAL", "municipio_tipo_mgn": "ÁREA NO MUNICIPALIZADA", "area_km2_mgn_attribute": 2322.4322806300002, "area_km2_calc": 2322.4322860646062, "centroid_lat": 3.3861786969629732, "centroid_lon": -67.585042402872887 }, "geometry": { "type": "Point", "coordinates": [ -67.585042402872887, 3.386178696962973 ] } },
{ "type": "Feature", "properties": { "cod_dpto": "94", "cod_mpio": "94887", "departamento_mgn": "GUAINÍA", "municipio_mgn": "PANA PANA", "municipio_tipo_mgn": "ÁREA NO MUNICIPALIZADA", "area_km2_mgn_attribute": 10180.94665364, "area_km2_calc": 10180.94665728839, "centroid_lat": 1.9811150097077739, "centroid_lon": -69.113769055614426 }, "geometry": { "type": "Point", "coordinates": [ -69.113769055614426, 1.981115009707774 ] } },
{ "type": "Feature", "properties": { "cod_dpto": "94", "cod_mpio": "94888", "departamento_mgn": "GUAINÍA", "municipio_mgn": "MORICHAL", "municipio_tipo_mgn": "ÁREA NO MUNICIPALIZADA", "area_km2_mgn_attribute": 8513.7919055000002, "area_km2_calc": 8513.7919061110424, "centroid_lat": 2.4214480074476215, "centroid_lon": -69.839194530674831 }, "geometry": { "type": "Point", "coordinates": [ -69.839194530674831, 2.421448007447621 ] } },
{ "type": "Feature", "properties": { "cod_dpto": "95", "cod_mpio": "95001", "departamento_mgn": "GUAVIARE", "municipio_mgn": "SAN JOSÉ DEL GUAVIARE", "municipio_tipo_mgn": "MUNICIPIO", "area_km2_mgn_attribute": 16712.393975070001, "area_km2_calc": 16712.39397455104, "centroid_lat": 2.4847520830597278, "centroid_lon": -71.917627150570112 }, "geometry": { "type": "Point", "coordinates": [ -71.917627150570112, 2.484752083059728 ] } },
{ "type": "Feature", "properties": { "cod_dpto": "95", "cod_mpio": "95015", "departamento_mgn": "GUAVIARE", "municipio_mgn": "CALAMAR", "municipio_tipo_mgn": "MUNICIPIO", "area_km2_mgn_attribute": 13510.320246830001, "area_km2_calc": 13510.320246382191, "centroid_lat": 1.6132841647650917, "centroid_lon": -73.033349172171981 }, "geometry": { "type": "Point", "coordinates": [ -73.033349172171981, 1.613284164765092 ] } },
{ "type": "Feature", "properties": { "cod_dpto": "95", "cod_mpio": "95025", "departamento_mgn": "GUAVIARE", "municipio_mgn": "EL RETORNO", "municipio_tipo_mgn": "MUNICIPIO", "area_km2_mgn_attribute": 12405.905499820001, "area_km2_calc": 12405.905499488994, "centroid_lat": 2.086258150077998, "centroid_lon": -71.535898777224546 }, "geometry": { "type": "Point", "coordinates": [ -71.535898777224546, 2.086258150077998 ] } },
{ "type": "Feature", "properties": { "cod_dpto": "95", "cod_mpio": "95200", "departamento_mgn": "GUAVIARE", "municipio_mgn": "MIRAFLORES", "municipio_tipo_mgn": "MUNICIPIO", "area_km2_mgn_attribute": 12774.74386678, "area_km2_calc": 12774.743866362813, "centroid_lat": 1.3639688877192027, "centroid_lon": -72.01807305444585 }, "geometry": { "type": "Point", "coordinates": [ -72.01807305444585, 1.363968887719203 ] } },
{ "type": "Feature", "properties": { "cod_dpto": "97", "cod_mpio": "97001", "departamento_mgn": "VAUPÉS", "municipio_mgn": "MITÚ", "municipio_tipo_mgn": "MUNICIPIO", "area_km2_mgn_attribute": 16156.419019430001, "area_km2_calc": 16156.419019425961, "centroid_lat": 1.0155972364252821, "centroid_lon": -70.417447159213083 }, "geometry": { "type": "Point", "coordinates": [ -70.417447159213083, 1.015597236425282 ] } },
{ "type": "Feature", "properties": { "cod_dpto": "97", "cod_mpio": "97161", "departamento_mgn": "VAUPÉS", "municipio_mgn": "CARURÚ", "municipio_tipo_mgn": "MUNICIPIO", "area_km2_mgn_attribute": 6349.0372644899999, "area_km2_calc": 6349.0372642993952, "centroid_lat": 1.0527488352551115, "centroid_lon": -71.33091588351904 }, "geometry": { "type": "Point", "coordinates": [ -71.33091588351904, 1.052748835255112 ] } },
{ "type": "Feature", "properties": { "cod_dpto": "97", "cod_mpio": "97511", "departamento_mgn": "VAUPÉS", "municipio_mgn": "PACOA", "municipio_tipo_mgn": "ÁREA NO MUNICIPALIZADA", "area_km2_mgn_attribute": 13946.84218491, "area_km2_calc": 13946.842184641442, "centroid_lat": 0.19456909429317046, "centroid_lon": -70.936073794810383 }, "geometry": { "type": "Point", "coordinates": [ -70.936073794810383, 0.19456909429317 ] } },
{ "type": "Feature", "properties": { "cod_dpto": "97", "cod_mpio": "97666", "departamento_mgn": "VAUPÉS", "municipio_mgn": "TARAIRA", "municipio_tipo_mgn": "MUNICIPIO", "area_km2_mgn_attribute": 6484.23610285, "area_km2_calc": 6484.2361031986047, "centroid_lat": -0.71987278017542222, "centroid_lon": -69.907686573968704 }, "geometry": { "type": "Point", "coordinates": [ -69.907686573968704, -0.719872780175422 ] } },
{ "type": "Feature", "properties": { "cod_dpto": "97", "cod_mpio": "97777", "departamento_mgn": "VAUPÉS", "municipio_mgn": "PAPUNAHUA", "municipio_tipo_mgn": "ÁREA NO MUNICIPALIZADA", "area_km2_mgn_attribute": 5531.9087623300002, "area_km2_calc": 5531.9087622427469, "centroid_lat": 1.681701627394411, "centroid_lon": -70.706031708921287 }, "geometry": { "type": "Point", "coordinates": [ -70.706031708921287, 1.681701627394411 ] } },
{ "type": "Feature", "properties": { "cod_dpto": "97", "cod_mpio": "97889", "departamento_mgn": "VAUPÉS", "municipio_mgn": "YAVARATÉ", "municipio_tipo_mgn": "ÁREA NO MUNICIPALIZADA", "area_km2_mgn_attribute": 4640.8946087699996, "area_km2_calc": 4640.8946093132045, "centroid_lat": 0.83333539639187981, "centroid_lon": -69.618515590528531 }, "geometry": { "type": "Point", "coordinates": [ -69.618515590528531, 0.83333539639188 ] } },
{ "type": "Feature", "properties": { "cod_dpto": "99", "cod_mpio": "99001", "departamento_mgn": "VICHADA", "municipio_mgn": "PUERTO CARREÑO", "municipio_tipo_mgn": "MUNICIPIO", "area_km2_mgn_attribute": 12142.32335203, "area_km2_calc": 12142.323366018352, "centroid_lat": 5.8366082064989966, "centroid_lon": -68.140808607770623 }, "geometry": { "type": "Point", "coordinates": [ -68.140808607770623, 5.836608206498997 ] } },
{ "type": "Feature", "properties": { "cod_dpto": "99", "cod_mpio": "99524", "departamento_mgn": "VICHADA", "municipio_mgn": "LA PRIMAVERA", "municipio_tipo_mgn": "MUNICIPIO", "area_km2_mgn_attribute": 18492.10724139, "area_km2_calc": 18492.107243640909, "centroid_lat": 5.517831082515305, "centroid_lon": -69.620205090078457 }, "geometry": { "type": "Point", "coordinates": [ -69.620205090078457, 5.517831082515305 ] } },
{ "type": "Feature", "properties": { "cod_dpto": "99", "cod_mpio": "99624", "departamento_mgn": "VICHADA", "municipio_mgn": "SANTA ROSALÍA", "municipio_tipo_mgn": "MUNICIPIO", "area_km2_mgn_attribute": 3679.0050208399998, "area_km2_calc": 3679.0050207748905, "centroid_lat": 4.9685808901938406, "centroid_lon": -70.65989332610549 }, "geometry": { "type": "Point", "coordinates": [ -70.65989332610549, 4.968580890193841 ] } },
{ "type": "Feature", "properties": { "cod_dpto": "99", "cod_mpio": "99773", "departamento_mgn": "VICHADA", "municipio_mgn": "CUMARIBO", "municipio_tipo_mgn": "MUNICIPIO", "area_km2_mgn_attribute": 65319.285136589999, "area_km2_calc": 65319.285157948907, "centroid_lat": 4.2636435606332235, "centroid_lon": -69.519927821675225 }, "geometry": { "type": "Point", "coordinates": [ -69.519927821675225, 4.263643560633223 ] } }
]
}
