cod_dpto,departamento,cod_mpio,municipio,departamento_mgn,municipio_mgn,municipio_tipo_mgn,area_km2_mgn_attribute,area_km2_calc,centroid_lat,centroid_lon,sedes_reps,prestadores_reps,reps_rows,sedes_ips_reps,sedes_publicas_reps,sedes_privadas_reps,fecha_corte_reps,has_mgn_centroid,has_reps_supply
05,Antioquia,05001,Medellín,ANTIOQUIA,MEDELLÍN,MUNICIPIO,374.74148449,374.7414844857945,6.257590449164816,-75.61103932249718,10056.0,8077.0,10056.0,1200.0,83.0,9968.0,Fecha corte REPS: Mar 12 2026  3:11PM,True,True
05,Antioquia,05002,Abejorral,ANTIOQUIA,ABEJORRAL,MUNICIPIO,506.95978227,506.95978225803674,5.803723883325457,-75.43848561982225,20.0,17.0,20.0,4.0,4.0,16.0,Fecha corte REPS: Mar 12 2026  3:11PM,True,True
05,Antioquia,05004,Abriaquí,ANTIOQUIA,ABRIAQUÍ,MUNICIPIO,296.97418843,296.97418844393604,6.62756659324941,-76.08597800187653,1.0,1.0,1.0,1.0,1.0,0.0,Fecha corte REPS: Mar 12 2026  3:11PM,True,True
05,Antioquia,05021,Alejandría,ANTIOQUIA,ALEJANDRÍA,MUNICIPIO,128.85643129,128.8564312828481,6.365533635272281,-75.09060211479547,2.0,2.0,2.0,1.0,1.0,1.0,Fecha corte REPS: Mar 12 2026  3:11PM,True,True
05,Antioquia,05030,Amagá,ANTIOQUIA,AMAGÁ,MUNICIPIO,84.1171447,84.1171446963717,6.0329210777343105,-75.70800415198428,40.0,40.0,40.0,6.0,1.0,39.0,Fecha corte REPS: Mar 12 2026  3:11PM,True,True
05,Antioquia,05031,Amalfi,ANTIOQUIA,AMALFI,MUNICIPIO,1208.3461881,1208.3461880632449,6.977657060120218,-74.98129809484985,21.0,21.0,21.0,2.0,1.0,20.0,Fecha corte REPS: Mar 12 2026  3:11PM,True,True
05,Antioquia,05034,Andes,ANTIOQUIA,ANDES,MUNICIPIO,402.4505988,402.4505988078562,5.623944826398129,-75.92460407614821,75.0,67.0,75.0,15.0,7.0,68.0,Fecha corte REPS: Mar 12 2026  3:11PM,True,True
05,Antioquia,05036,Angelópolis,ANTIOQUIA,ANGELÓPOLIS,MUNICIPIO,81.86176766,81.86176766066194,6.121429291256687,-75.71595116711116,3.0,3.0,3.0,1.0,1.0,2.0,Fecha corte REPS: Mar 12 2026  3:11PM,True,True
05,Antioquia,05038,Angostura,ANTIOQUIA,ANGOSTURA,MUNICIPIO,338.36184953,338.36184952657015,6.861454209724957,-75.35834186134296,3.0,3.0,3.0,1.0,1.0,2.0,Fecha corte REPS: Mar 12 2026  3:11PM,True,True
05,Antioquia,05040,Anorí,ANTIOQUIA,ANORÍ,MUNICIPIO,1412.95695698,1412.9569569443386,7.193075754328268,-75.10852543178588,14.0,13.0,14.0,3.0,2.0,12.0,Fecha corte REPS: Mar 12 2026  3:11PM,True,True
05,Antioquia,05042,Santafé de Antioquia,ANTIOQUIA,SANTA FÉ DE ANTIOQUIA,MUNICIPIO,525.55322523,525.5532252409316,6.535703780544026,-75.90427261184455,48.0,45.0,48.0,6.0,3.0,45.0,Fecha corte REPS: Mar 12 2026  3:11PM,True,True
05,Antioquia,05044,Anzá,ANTIOQUIA,ANZÁ,MUNICIPIO,255.91052741,255.91052741760544,6.308036388834979,-75.91259614219582,4.0,4.0,4.0,1.0,1.0,3.0,Fecha corte REPS: Mar 12 2026  3:11PM,True,True
05,Antioquia,05045,Apartadó,ANTIOQUIA,APARTADÓ,MUNICIPIO,535.35135739,535.3513574481755,7.896129148454935,-76.5669816441487,222.0,189.0,222.0,76.0,0.0,221.0,Fecha corte REPS: Mar 12 2026  3:11PM,True,True
05,Antioquia,05051,Arboletes,ANTIOQUIA,ARBOLETES,MUNICIPIO,754.27645511,754.2764551615558,8.611320966536674,-76.41477813388326,19.0,19.0,19.0,6.0,1.0,18.0,Fecha corte REPS: Mar 12 2026  3:11PM,True,True
05,Antioquia,05055,Argelia,ANTIOQUIA,ARGELIA,MUNICIPIO,245.19895072,245.19895071875476,5.7081173267908785,-75.09471015901241,2.0,2.0,2.0,1.0,1.0,1.0,Fecha corte REPS: Mar 12 2026  3:11PM,True,True
05,Antioquia,05059,Armenia,ANTIOQUIA,ARMENIA,MUNICIPIO,110.42213658,110.4221365844057,6.163682678243244,-75.80995593301984,2.0,2.0,2.0,1.0,1.0,1.0,Fecha corte REPS: Mar 12 2026  3:11PM,True,True
05,Antioquia,05079,Barbosa,ANTIOQUIA,BARBOSA,MUNICIPIO,205.55297576,205.55297575243554,6.443421494589512,-75.32923805895442,72.0,69.0,72.0,6.0,1.0,71.0,Fecha corte REPS: Mar 12 2026  3:11PM,True,True
05,Antioquia,05086,Belmira,ANTIOQUIA,BELMIRA,MUNICIPIO,295.8587326,295.858732596684,6.653765343156343,-75.65388314869847,6.0,6.0,6.0,1.0,1.0,5.0,Fecha corte REPS: Mar 12 2026  3:11PM,True,True
05,Antioquia,05088,Bello,ANTIOQUIA,BELLO,MUNICIPIO,147.70069491,147.70069490622717,6.358893201753729,-75.58980734272605,569.0,510.0,569.0,95.0,11.0,558.0,Fecha corte REPS: Mar 12 2026  3:11PM,True,True
05,Antioquia,05091,Betania,ANTIOQUIA,BETANIA,MUNICIPIO,180.52530289,180.5253028909099,5.727080759217893,-75.98689804719247,6.0,6.0,6.0,1.0,1.0,5.0,Fecha corte REPS: Mar 12 2026  3:11PM,True,True
05,Antioquia,05093,Betulia,ANTIOQUIA,BETULIA,MUNICIPIO,262.36212141,262.3621214102692,6.185782771193611,-75.95649768102417,8.0,7.0,8.0,2.0,2.0,6.0,Fecha corte REPS: Mar 12 2026  3:11PM,True,True
05,Antioquia,05101,Ciudad Bolívar,ANTIOQUIA,CIUDAD BOLÍVAR,MUNICIPIO,263.7909105,263.79091050246,5.840843569863297,-76.00937808933121,40.0,37.0,40.0,5.0,3.0,37.0,Fecha corte REPS: Mar 12 2026  3:11PM,True,True
05,Antioquia,05107,Briceño,ANTIOQUIA,BRICEÑO,MUNICIPIO,376.24010705,376.2401070465092,7.11178243170278,-75.56224349923332,7.0,4.0,7.0,4.0,4.0,3.0,Fecha corte REPS: Mar 12 2026  3:11PM,True,True
05,Antioquia,05113,Buriticá,ANTIOQUIA,BURITICÁ,MUNICIPIO,355.2788721,355.27887210061516,6.809021757024714,-75.91206027525706,3.0,3.0,3.0,2.0,1.0,2.0,Fecha corte REPS: Mar 12 2026  3:11PM,True,True
05,Antioquia,05120,Cáceres,ANTIOQUIA,CÁCERES,MUNICIPIO,1872.78473236,1872.7847323164074,7.66514296058419,-75.22367750235321,6.0,5.0,6.0,2.0,2.0,4.0,Fecha corte REPS: Mar 12 2026  3:11PM,True,True
05,Antioquia,05125,Caicedo,ANTIOQUIA,CAICEDO,MUNICIPIO,200.13032896,200.1303289622784,6.423464310697152,-75.99351440849279,10.0,10.0,10.0,1.0,1.0,9.0,Fecha corte REPS: Mar 12 2026  3:11PM,True,True
05,Antioquia,05129,Caldas,ANTIOQUIA,CALDAS,MUNICIPIO,132.76524588,132.76524587579328,6.054459575004191,-75.62641130411524,151.0,142.0,151.0,13.0,2.0,149.0,Fecha corte REPS: Mar 12 2026  3:11PM,True,True
05,Antioquia,05134,Campamento,ANTIOQUIA,CAMPAMENTO,MUNICIPIO,232.0852357,232.08523569623355,7.0354243365453515,-75.2922486237134,3.0,3.0,3.0,1.0,1.0,2.0,Fecha corte REPS: Mar 12 2026  3:11PM,True,True
05,Antioquia,05138,Cañasgordas,ANTIOQUIA,CAÑASGORDAS,MUNICIPIO,364.84018792,364.8401879264918,6.814940709081627,-76.02689748821437,6.0,6.0,6.0,1.0,1.0,5.0,Fecha corte REPS: Mar 12 2026  3:11PM,True,True
05,Antioquia,05142,Caracolí,ANTIOQUIA,CARACOLÍ,MUNICIPIO,262.58321252,262.5832125130855,6.3379735729975835,-74.73354418160804,2.0,2.0,2.0,1.0,1.0,1.0,Fecha corte REPS: Mar 12 2026  3:11PM,True,True
05,Antioquia,05145,Caramanta,ANTIOQUIA,CARAMANTA,MUNICIPIO,92.06265409,92.06265409103125,5.555265744295169,-75.63081338398986,8.0,8.0,8.0,1.0,1.0,7.0,Fecha corte REPS: Mar 12 2026  3:11PM,True,True
05,Antioquia,05147,Carepa,ANTIOQUIA,CAREPA,MUNICIPIO,387.45091238,387.45091243636824,7.789178895770063,-76.6567117757335,37.0,31.0,37.0,17.0,4.0,33.0,Fecha corte REPS: Mar 12 2026  3:11PM,True,True
05,Antioquia,05148,El Carmen de Viboral,ANTIOQUIA,EL CARMEN DE VIBORAL,MUNICIPIO,409.12697103,409.1269710191902,5.980163349012686,-75.26801947780196,138.0,133.0,138.0,4.0,1.0,137.0,Fecha corte REPS: Mar 12 2026  3:11PM,True,True
05,Antioquia,05150,Carolina,ANTIOQUIA,CAROLINA,MUNICIPIO,149.51372546,149.5137254549381,6.754820622384784,-75.30590758482363,4.0,4.0,4.0,1.0,1.0,3.0,Fecha corte REPS: Mar 12 2026  3:11PM,True,True
05,Antioquia,05154,Caucasia,ANTIOQUIA,CAUCASIA,MUNICIPIO,1428.18198662,1428.181986585692,7.867941979831564,-75.0350012949078,138.0,120.0,138.0,34.0,1.0,137.0,Fecha corte REPS: Mar 12 2026  3:11PM,True,True
05,Antioquia,05172,Chigorodó,ANTIOQUIA,CHIGORODÓ,MUNICIPIO,721.98166552,721.981665622252,7.631668159940854,-76.63965168448212,48.0,41.0,48.0,12.0,1.0,47.0,Fecha corte REPS: Mar 12 2026  3:11PM,True,True
05,Antioquia,05190,Cisneros,ANTIOQUIA,CISNEROS,MUNICIPIO,46.85696234,46.856962338343486,6.550081158121316,-75.08253157937186,5.0,5.0,5.0,3.0,1.0,4.0,Fecha corte REPS: Mar 12 2026  3:11PM,True,True
05,Antioquia,05197,Cocorná,ANTIOQUIA,COCORNÁ,MUNICIPIO,257.80939689,257.80939688519567,6.0017597757341345,-75.16033593152301,8.0,8.0,8.0,1.0,1.0,7.0,Fecha corte REPS: Mar 12 2026  3:11PM,True,True
05,Antioquia,05206,Concepción,ANTIOQUIA,CONCEPCIÓN,MUNICIPIO,201.95259696,201.95259695396078,6.3761055387452625,-75.21786021853883,6.0,6.0,6.0,1.0,1.0,5.0,Fecha corte REPS: Mar 12 2026  3:11PM,True,True
05,Antioquia,05209,Concordia,ANTIOQUIA,CONCORDIA,MUNICIPIO,247.86635325,247.86635325488314,6.057464554577664,-75.9001475938245,30.0,30.0,30.0,3.0,1.0,29.0,Fecha corte REPS: Mar 12 2026  3:11PM,True,True
05,Antioquia,05212,Copacabana,ANTIOQUIA,COPACABANA,MUNICIPIO,67.83625809,67.83625808821104,6.351829600047937,-75.50077576565305,137.0,132.0,137.0,10.0,1.0,136.0,Fecha corte REPS: Mar 12 2026  3:11PM,True,True
05,Antioquia,05234,Dabeiba,ANTIOQUIA,DABEIBA,MUNICIPIO,1957.69910309,1957.6991032265234,6.992222908267447,-76.31436267009086,13.0,13.0,13.0,2.0,1.0,12.0,Fecha corte REPS: Mar 12 2026  3:11PM,True,True
05,Antioquia,05237,Donmatías,ANTIOQUIA,DONMATÍAS,MUNICIPIO,198.04976219,198.04976218692974,6.507140844517788,-75.36378175779416,36.0,34.0,36.0,2.0,1.0,35.0,Fecha corte REPS: Mar 12 2026  3:11PM,True,True
05,Antioquia,05240,Ebéjico,ANTIOQUIA,EBÉJICO,MUNICIPIO,237.71145109,237.71145109334427,6.326452817516449,-75.78331305813337,5.0,4.0,5.0,2.0,2.0,3.0,Fecha corte REPS: Mar 12 2026  3:11PM,True,True
05,Antioquia,05250,El Bagre,ANTIOQUIA,EL BAGRE,MUNICIPIO,1558.89049353,1558.8904934861334,7.704591520575299,-74.66427811854548,25.0,22.0,25.0,7.0,3.0,22.0,Fecha corte REPS: Mar 12 2026  3:11PM,True,True
05,Antioquia,05264,Entrerríos,ANTIOQUIA,ENTRERRÍOS,MUNICIPIO,214.22851874,214.22851873449105,6.594614154452669,-75.55913042924276,26.0,26.0,26.0,3.0,1.0,25.0,Fecha corte REPS: Mar 12 2026  3:11PM,True,True
05,Antioquia,05266,Envigado,ANTIOQUIA,ENVIGADO,MUNICIPIO,79.51026113,79.51026112515534,6.154003907079026,-75.5465030511229,929.0,849.0,929.0,100.0,7.0,921.0,Fecha corte REPS: Mar 12 2026  3:11PM,True,True
05,Antioquia,05282,Fredonia,ANTIOQUIA,FREDONIA,MUNICIPIO,254.06982939,254.0698293916684,5.88698379844124,-75.6783105766636,25.0,25.0,25.0,4.0,1.0,24.0,Fecha corte REPS: Mar 12 2026  3:11PM,True,True
05,Antioquia,05284,Frontino,ANTIOQUIA,FRONTINO,MUNICIPIO,1384.43815979,1384.438159889583,6.691353525050938,-76.33204506925708,24.0,20.0,24.0,5.0,4.0,20.0,Fecha corte REPS: Mar 12 2026  3:11PM,True,True
05,Antioquia,05306,Giraldo,ANTIOQUIA,GIRALDO,MUNICIPIO,93.42241949,93.4224194962282,6.663084607132526,-75.94807861484719,6.0,6.0,6.0,1.0,1.0,5.0,Fecha corte REPS: Mar 12 2026  3:11PM,True,True
05,Antioquia,05308,Girardota,ANTIOQUIA,GIRARDOTA,MUNICIPIO,82.82978908,82.82978907865134,6.379752999841814,-75.44794124374837,92.0,87.0,92.0,7.0,1.0,91.0,Fecha corte REPS: Mar 12 2026  3:11PM,True,True
05,Antioquia,05310,Gómez Plata,ANTIOQUIA,GÓMEZ PLATA,MUNICIPIO,332.03117214,332.0311721315016,6.709556695537852,-75.19270566888501,8.0,8.0,8.0,2.0,2.0,6.0,Fecha corte REPS: Mar 12 2026  3:11PM,True,True
05,Antioquia,05313,Granada,ANTIOQUIA,GRANADA,MUNICIPIO,190.11818463,190.118184623989,6.123379481937686,-75.12763628050936,9.0,9.0,9.0,2.0,1.0,8.0,Fecha corte REPS: Mar 12 2026  3:11PM,True,True
05,Antioquia,05315,Guadalupe,ANTIOQUIA,GUADALUPE,MUNICIPIO,118.14868986,118.14868985807509,6.861573026320336,-75.22591614856742,3.0,3.0,3.0,2.0,2.0,1.0,Fecha corte REPS: Mar 12 2026  3:11PM,True,True
05,Antioquia,05318,Guarne,ANTIOQUIA,GUARNE,MUNICIPIO,151.78828269,151.78828269222743,6.266617059220892,-75.43731832220195,81.0,78.0,81.0,11.0,1.0,80.0,Fecha corte REPS: Mar 12 2026  3:11PM,True,True
05,Antioquia,05321,Guatapé,ANTIOQUIA,GUATAPÉ,MUNICIPIO,83.28168694,83.28168694244782,6.245772909603673,-75.15851960496387,13.0,13.0,13.0,1.0,1.0,12.0,Fecha corte REPS: Mar 12 2026  3:11PM,True,True
05,Antioquia,05347,Heliconia,ANTIOQUIA,HELICONIA,MUNICIPIO,114.8668411,114.86684109524994,6.214525946860518,-75.74972264701165,2.0,2.0,2.0,1.0,1.0,1.0,Fecha corte REPS: Mar 12 2026  3:11PM,True,True
05,Antioquia,05353,Hispania,ANTIOQUIA,HISPANIA,MUNICIPIO,54.17935855,54.17935855357003,5.795062479429421,-75.90651125810739,9.0,9.0,9.0,2.0,1.0,8.0,Fecha corte REPS: Mar 12 2026  3:11PM,True,True
05,Antioquia,05360,Itagüí,ANTIOQUIA,ITAGÜÍ,MUNICIPIO,19.64475366,19.64475366296853,6.179279232315031,-75.6142043121819,470.0,420.0,470.0,55.0,5.0,465.0,Fecha corte REPS: Mar 12 2026  3:11PM,True,True
05,Antioquia,05361,Ituango,ANTIOQUIA,ITUANGO,MUNICIPIO,2840.84087614,2840.840876174324,7.302956921507255,-75.85048418660388,10.0,9.0,10.0,2.0,2.0,8.0,Fecha corte REPS: Mar 12 2026  3:11PM,True,True
05,Antioquia,05364,Jardín,ANTIOQUIA,JARDÍN,MUNICIPIO,201.17752401,201.17752401269624,5.5744527192251825,-75.81843760119648,49.0,47.0,49.0,2.0,2.0,47.0,Fecha corte REPS: Mar 12 2026  3:11PM,True,True
05,Antioquia,05368,Jericó,ANTIOQUIA,JERICÓ,MUNICIPIO,204.97123284,204.97123283978257,5.769816302301131,-75.76488764371719,32.0,32.0,32.0,2.0,1.0,31.0,Fecha corte REPS: Mar 12 2026  3:11PM,True,True
05,Antioquia,05376,La Ceja,ANTIOQUIA,LA CEJA,MUNICIPIO,132.66672321,132.6667232081344,5.992521286733039,-75.43087260819676,197.0,189.0,197.0,16.0,1.0,196.0,Fecha corte REPS: Mar 12 2026  3:11PM,True,True
05,Antioquia,05380,La Estrella,ANTIOQUIA,LA ESTRELLA,MUNICIPIO,36.79265231,36.792652314563625,6.137606546465093,-75.64886805280655,80.0,75.0,80.0,12.0,3.0,77.0,Fecha corte REPS: Mar 12 2026  3:11PM,True,True
05,Antioquia,05390,La Pintada,ANTIOQUIA,LA PINTADA,MUNICIPIO,54.28273395,54.2827339503641,5.74658185525879,-75.6022022595376,4.0,4.0,4.0,1.0,1.0,3.0,Fecha corte REPS: Mar 12 2026  3:11PM,True,True
05,Antioquia,05400,La Unión,ANTIOQUIA,LA UNIÓN,MUNICIPIO,167.67033763,167.67033763046143,5.940433950408531,-75.35429035049142,52.0,51.0,52.0,8.0,1.0,51.0,Fecha corte REPS: Mar 12 2026  3:11PM,True,True
05,Antioquia,05411,Liborina,ANTIOQUIA,LIBORINA,MUNICIPIO,216.38676218,216.38676218447338,6.7239899447790314,-75.78300239577506,2.0,2.0,2.0,1.0,1.0,1.0,Fecha corte REPS: Mar 12 2026  3:11PM,True,True
05,Antioquia,05425,Maceo,ANTIOQUIA,MACEO,MUNICIPIO,455.26906081,455.2690607994768,6.543297899899353,-74.72371621048576,2.0,2.0,2.0,1.0,1.0,1.0,Fecha corte REPS: Mar 12 2026  3:11PM,True,True
05,Antioquia,05440,Marinilla,ANTIOQUIA,MARINILLA,MUNICIPIO,112.2360458,112.23604579681658,6.187059965791657,-75.30472421263812,198.0,174.0,198.0,7.0,1.0,197.0,Fecha corte REPS: Mar 12 2026  3:11PM,True,True
05,Antioquia,05467,Montebello,ANTIOQUIA,MONTEBELLO,MUNICIPIO,75.99829567,75.99829566473827,5.916858327908447,-75.51972774903555,4.0,4.0,4.0,1.0,1.0,3.0,Fecha corte REPS: Mar 12 2026  3:11PM,True,True
05,Antioquia,05475,Murindó,ANTIOQUIA,MURINDÓ,MUNICIPIO,1266.79247443,1266.792474636996,6.828753092948842,-76.70863756273177,1.0,1.0,1.0,1.0,1.0,0.0,Fecha corte REPS: Mar 12 2026  3:11PM,True,True
05,Antioquia,05480,Mutatá,ANTIOQUIA,MUTATÁ,MUNICIPIO,1075.02109451,1075.0210946103682,7.329567953019042,-76.4630020594404,2.0,2.0,2.0,1.0,1.0,1.0,Fecha corte REPS: Mar 12 2026  3:11PM,True,True
05,Antioquia,05483,Nariño,ANTIOQUIA,NARIÑO,MUNICIPIO,316.60387267,316.603872664207,5.58126965668919,-75.19457777261925,3.0,2.0,3.0,2.0,2.0,1.0,Fecha corte REPS: Mar 12 2026  3:11PM,True,True
05,Antioquia,05490,Necoclí,ANTIOQUIA,NECOCLÍ,MUNICIPIO,1255.8653231,1255.8653232674528,8.493749696740938,-76.67698740927827,45.0,37.0,45.0,17.0,8.0,37.0,Fecha corte REPS: Mar 12 2026  3:11PM,True,True
05,Antioquia,05495,Nechí,ANTIOQUIA,NECHÍ,MUNICIPIO,936.58448418,936.5844841481508,7.990454779820206,-74.79243515512931,6.0,6.0,6.0,2.0,1.0,5.0,Fecha corte REPS: Mar 12 2026  3:11PM,True,True
05,Antioquia,05501,Olaya,ANTIOQUIA,OLAYA,MUNICIPIO,86.97390452,86.97390452384622,6.611416202994664,-75.77567195312083,2.0,1.0,2.0,2.0,2.0,0.0,Fecha corte REPS: Mar 12 2026  3:11PM,True,True
05,Antioquia,05541,Peñol,ANTIOQUIA,PEÑOL,MUNICIPIO,118.25519721,118.25519721038872,6.232394353949341,-75.22350864016927,33.0,33.0,33.0,1.0,1.0,32.0,Fecha corte REPS: Mar 12 2026  3:11PM,True,True
05,Antioquia,05543,Peque,ANTIOQUIA,PEQUE,MUNICIPIO,434.03883324,434.0388332472436,7.044173097109335,-75.8896859437468,4.0,4.0,4.0,1.0,1.0,3.0,Fecha corte REPS: Mar 12 2026  3:11PM,True,True
05,Antioquia,05576,Pueblorrico,ANTIOQUIA,PUEBLORRICO,MUNICIPIO,75.42674736,75.42674735608357,5.80970154165932,-75.86076448018272,16.0,16.0,16.0,1.0,1.0,15.0,Fecha corte REPS: Mar 12 2026  3:11PM,True,True
05,Antioquia,05579,Puerto Berrío,ANTIOQUIA,PUERTO BERRÍO,MUNICIPIO,1218.94481448,1218.9448144426224,6.481898104113396,-74.52876272850756,44.0,42.0,44.0,9.0,0.0,44.0,Fecha corte REPS: Mar 12 2026  3:11PM,True,True
05,Antioquia,05585,Puerto Nare,ANTIOQUIA,PUERTO NARE,MUNICIPIO,579.0660944,579.0660943849396,6.139168288756289,-74.68409214760328,6.0,5.0,6.0,2.0,2.0,4.0,Fecha corte REPS: Mar 12 2026  3:11PM,True,True
05,Antioquia,05591,Puerto Triunfo,ANTIOQUIA,PUERTO TRIUNFO,MUNICIPIO,369.2714945,369.2714944872356,5.954838505016184,-74.68621275710336,17.0,17.0,17.0,4.0,1.0,16.0,Fecha corte REPS: Mar 12 2026  3:11PM,True,True
05,Antioquia,05604,Remedios,ANTIOQUIA,REMEDIOS,MUNICIPIO,1964.99830698,1964.9983069158359,6.998213618088911,-74.55692380045011,18.0,18.0,18.0,2.0,1.0,17.0,Fecha corte REPS: Mar 12 2026  3:11PM,True,True
05,Antioquia,05607,Retiro,ANTIOQUIA,RETIRO,MUNICIPIO,241.92375201,241.92375200661397,6.052907207552341,-75.51565103907905,64.0,61.0,64.0,8.0,0.0,64.0,Fecha corte REPS: Mar 12 2026  3:11PM,True,True
05,Antioquia,05615,Rionegro,ANTIOQUIA,RIONEGRO,MUNICIPIO,195.86687913,195.86687912564997,6.150782716667241,-75.41076358047077,902.0,801.0,902.0,139.0,3.0,899.0,Fecha corte REPS: Mar 12 2026  3:11PM,True,True
05,Antioquia,05628,Sabanalarga,ANTIOQUIA,SABANALARGA,MUNICIPIO,265.7270116,265.7270116026083,6.900988614387037,-75.79223136442069,2.0,2.0,2.0,1.0,1.0,1.0,Fecha corte REPS: Mar 12 2026  3:11PM,True,True
05,Antioquia,05631,Sabaneta,ANTIOQUIA,SABANETA,MUNICIPIO,15.66193686,15.661936856303766,6.138288594344135,-75.60857608787555,402.0,378.0,402.0,51.0,1.0,400.0,Fecha corte REPS: Mar 12 2026  3:11PM,True,True
05,Antioquia,05642,Salgar,ANTIOQUIA,SALGAR,MUNICIPIO,288.23409323,288.23409323726656,5.9705045896826805,-75.98137361168006,19.0,19.0,19.0,2.0,1.0,18.0,Fecha corte REPS: Mar 12 2026  3:11PM,True,True
05,Antioquia,05647,San Andrés de Cuerquía,ANTIOQUIA,SAN ANDRÉS DE CUERQUÍA,MUNICIPIO,206.82019005,206.8201900525718,6.914558963770122,-75.66518722949785,6.0,6.0,6.0,1.0,1.0,5.0,Fecha corte REPS: Mar 12 2026  3:11PM,True,True
05,Antioquia,05649,San Carlos,ANTIOQUIA,SAN CARLOS,MUNICIPIO,716.41259938,716.4125993612433,6.193890354589229,-74.90721931220325,13.0,12.0,13.0,4.0,2.0,11.0,Fecha corte REPS: Mar 12 2026  3:11PM,True,True
05,Antioquia,05652,San Francisco,ANTIOQUIA,SAN FRANCISCO,MUNICIPIO,354.20160127,354.2016012618179,5.87913333019258,-74.97661223473597,3.0,3.0,3.0,1.0,1.0,2.0,Fecha corte REPS: Mar 12 2026  3:11PM,True,True
05,Antioquia,05656,San Jerónimo,ANTIOQUIA,SAN JERÓNIMO,MUNICIPIO,152.13958456,152.13958456439937,6.438693405198579,-75.70606303808597,19.0,19.0,19.0,2.0,1.0,18.0,Fecha corte REPS: Mar 12 2026  3:11PM,True,True
05,Antioquia,05658,San José de La Montaña,ANTIOQUIA,SAN JOSÉ DE LA MONTAÑA,MUNICIPIO,126.04755726,126.0475572558666,6.823257598958976,-75.67770924584218,3.0,3.0,3.0,1.0,1.0,2.0,Fecha corte REPS: Mar 12 2026  3:11PM,True,True
05,Antioquia,05659,San Juan de Urabá,ANTIOQUIA,SAN JUAN DE URABÁ,MUNICIPIO,252.11856585,252.11856586996754,8.707143004257796,-76.53250096249067,11.0,11.0,11.0,1.0,1.0,10.0,Fecha corte REPS: Mar 12 2026  3:11PM,True,True
05,Antioquia,05660,San Luis,ANTIOQUIA,SAN LUIS,MUNICIPIO,518.34595615,518.3459561363213,6.019690381925625,-74.93848736604994,18.0,18.0,18.0,1.0,1.0,17.0,Fecha corte REPS: Mar 12 2026  3:11PM,True,True
05,Antioquia,05664,San Pedro de Los Milagros,ANTIOQUIA,SAN PEDRO DE LOS MILAGROS,MUNICIPIO,235.24908379,235.249083792429,6.457251456934408,-75.56428635004902,57.0,55.0,57.0,7.0,3.0,54.0,Fecha corte REPS: Mar 12 2026  3:11PM,True,True
05,Antioquia,05665,San Pedro de Urabá,ANTIOQUIA,SAN PEDRO DE URABÁ,MUNICIPIO,602.64453448,602.6445345173356,8.37911697778412,-76.31666364423003,6.0,6.0,6.0,4.0,1.0,5.0,Fecha corte REPS: Mar 12 2026  3:11PM,True,True
05,Antioquia,05667,San Rafael,ANTIOQUIA,SAN RAFAEL,MUNICIPIO,363.69314216,363.69314214857894,6.310742927213333,-74.99860187858135,17.0,15.0,17.0,5.0,3.0,14.0,Fecha corte REPS: Mar 12 2026  3:11PM,True,True
05,Antioquia,05670,San Roque,ANTIOQUIA,SAN ROQUE,MUNICIPIO,424.5612338,424.5612337882452,6.448679365300128,-74.93185999862028,17.0,16.0,17.0,3.0,2.0,15.0,Fecha corte REPS: Mar 12 2026  3:11PM,True,True
05,Antioquia,05674,San Vicente,ANTIOQUIA,SAN VICENTE FERRER,MUNICIPIO,230.39150207,230.39150206922653,6.310386222652549,-75.32740358907591,24.0,24.0,24.0,1.0,0.0,24.0,Fecha corte REPS: Mar 12 2026  3:11PM,True,True
05,Antioquia,05679,Santa Bárbara,ANTIOQUIA,SANTA BÁRBARA,MUNICIPIO,196.1181382,196.1181381951381,5.878979695547798,-75.58330113679293,11.0,11.0,11.0,1.0,1.0,10.0,Fecha corte REPS: Mar 12 2026  3:11PM,True,True
05,Antioquia,05686,Santa Rosa de Osos,ANTIOQUIA,SANTA ROSA DE OSOS,MUNICIPIO,864.46428825,864.4642882359904,6.675837395467316,-75.43813845004917,64.0,63.0,64.0,6.0,0.0,63.0,Fecha corte REPS: Mar 12 2026  3:11PM,True,True
05,Antioquia,05690,Santo Domingo,ANTIOQUIA,SANTO DOMINGO,MUNICIPIO,265.8513629,265.85136289135033,6.481054847545877,-75.14259391539697,6.0,5.0,6.0,2.0,2.0,4.0,Fecha corte REPS: Mar 12 2026  3:11PM,True,True
05,Antioquia,05697,El Santuario,ANTIOQUIA,EL SANTUARIO,MUNICIPIO,83.52828945,83.52828944457757,6.12403080511536,-75.25232010975184,75.0,71.0,75.0,7.0,1.0,74.0,Fecha corte REPS: Mar 12 2026  3:11PM,True,True
05,Antioquia,05736,Segovia,ANTIOQUIA,SEGOVIA,MUNICIPIO,1132.78361066,1132.7836106247871,7.265263722366103,-74.62132596594249,51.0,50.0,51.0,8.0,2.0,49.0,Fecha corte REPS: Mar 12 2026  3:11PM,True,True
05,Antioquia,05756,Sonsón,ANTIOQUIA,SONSÓN,MUNICIPIO,1345.61034113,1345.6103410964552,5.762518029423183,-75.0594694585432,56.0,49.0,56.0,6.0,3.0,53.0,Fecha corte REPS: Mar 12 2026  3:11PM,True,True
05,Antioquia,05761,Sopetrán,ANTIOQUIA,SOPETRÁN,MUNICIPIO,219.03681492,219.03681492249046,6.520158155993898,-75.7458170594131,9.0,9.0,9.0,1.0,1.0,8.0,Fecha corte REPS: Mar 12 2026  3:11PM,True,True
05,Antioquia,05789,Támesis,ANTIOQUIA,TÁMESIS,MUNICIPIO,252.1945367,252.19453669658748,5.67375220808548,-75.70980290328629,16.0,16.0,16.0,2.0,1.0,15.0,Fecha corte REPS: Mar 12 2026  3:11PM,True,True
05,Antioquia,05790,Tarazá,ANTIOQUIA,TARAZÁ,MUNICIPIO,1148.60584382,1148.6058437996724,7.488882842837087,-75.40187384597505,10.0,10.0,10.0,1.0,1.0,9.0,Fecha corte REPS: Mar 12 2026  3:11PM,True,True
05,Antioquia,05792,Tarso,ANTIOQUIA,TARSO,MUNICIPIO,120.46673026,120.46673026564575,5.871064813990341,-75.82871200957403,5.0,5.0,5.0,1.0,1.0,4.0,Fecha corte REPS: Mar 12 2026  3:11PM,True,True
05,Antioquia,05809,Titiribí,ANTIOQUIA,TITIRIBÍ,MUNICIPIO,140.3286097,140.32860969947913,6.058349002330308,-75.79966183556827,4.0,4.0,4.0,1.0,1.0,3.0,Fecha corte REPS: Mar 12 2026  3:11PM,True,True
05,Antioquia,05819,Toledo,ANTIOQUIA,TOLEDO,MUNICIPIO,134.41754988,134.41754988299581,7.013693271036756,-75.71033090608348,5.0,5.0,5.0,2.0,2.0,3.0,Fecha corte REPS: Mar 12 2026  3:11PM,True,True
05,Antioquia,05837,Turbo,ANTIOQUIA,TURBO,MUNICIPIO,2923.2420818,2923.242082141997,7.998184935060665,-76.7240269050736,97.0,70.0,97.0,44.0,14.0,83.0,Fecha corte REPS: Mar 12 2026  3:11PM,True,True
05,Antioquia,05842,Uramita,ANTIOQUIA,URAMITA,MUNICIPIO,265.95321636,265.95321637457,6.913915471506135,-76.13320133625213,2.0,2.0,2.0,1.0,1.0,1.0,Fecha corte REPS: Mar 12 2026  3:11PM,True,True
05,Antioquia,05847,Urrao,ANTIOQUIA,URRAO,MUNICIPIO,2563.84966767,2563.849667836231,6.335349033339132,-76.25908440232492,68.0,59.0,68.0,1.0,1.0,67.0,Fecha corte REPS: Mar 12 2026  3:11PM,True,True
05,Antioquia,05854,Valdivia,ANTIOQUIA,VALDIVIA,MUNICIPIO,567.48166641,567.481666395106,7.265387190321692,-75.40095851172838,2.0,2.0,2.0,1.0,1.0,1.0,Fecha corte REPS: Mar 12 2026  3:11PM,True,True
05,Antioquia,05856,Valparaíso,ANTIOQUIA,VALPARAÍSO,MUNICIPIO,126.14562898,126.14562897586504,5.6519348171877715,-75.63083407987111,5.0,5.0,5.0,1.0,1.0,4.0,Fecha corte REPS: Mar 12 2026  3:11PM,True,True
05,Antioquia,05858,Vegachí,ANTIOQUIA,VEGACHÍ,MUNICIPIO,540.30196423,540.3019642190735,6.838267466378159,-74.75459013525382,19.0,19.0,19.0,1.0,1.0,18.0,Fecha corte REPS: Mar 12 2026  3:11PM,True,True
05,Antioquia,05861,Venecia,ANTIOQUIA,VENECIA,MUNICIPIO,143.62631416,143.62631416184237,5.9559391982876,-75.77620470154191,10.0,9.0,10.0,2.0,2.0,8.0,Fecha corte REPS: Mar 12 2026  3:11PM,True,True
05,Antioquia,05873,Vigía del Fuerte,ANTIOQUIA,VIGÍA DEL FUERTE,MUNICIPIO,1662.7019219,1662.7019221743828,6.453358343477706,-76.69503257973585,4.0,1.0,4.0,4.0,4.0,0.0,Fecha corte REPS: Mar 12 2026  3:11PM,True,True
05,Antioquia,05885,Yalí,ANTIOQUIA,YALÍ,MUNICIPIO,440.55208503,440.55208501511174,6.716875916007287,-74.75568464103186,9.0,9.0,9.0,1.0,1.0,8.0,Fecha corte REPS: Mar 12 2026  3:11PM,True,True
05,Antioquia,05887,Yarumal,ANTIOQUIA,YARUMAL,MUNICIPIO,712.32265692,712.3226569064944,6.986555105127187,-75.45895204120635,95.0,84.0,95.0,12.0,8.0,87.0,Fecha corte REPS: Mar 12 2026  3:11PM,True,True
05,Antioquia,05890,Yolombó,ANTIOQUIA,YOLOMBÓ,MUNICIPIO,943.34432224,943.3443222121981,6.649176425229422,-74.9333089345208,11.0,10.0,11.0,4.0,2.0,9.0,Fecha corte REPS: Mar 12 2026  3:11PM,True,True
05,Antioquia,05893,Yondó,ANTIOQUIA,YONDÓ,MUNICIPIO,1892.71392793,1892.713927875394,6.925121523538637,-74.15832182627183,5.0,5.0,5.0,1.0,1.0,4.0,Fecha corte REPS: Mar 12 2026  3:11PM,True,True
05,Antioquia,05895,Zaragoza,ANTIOQUIA,ZARAGOZA,MUNICIPIO,1166.5314442,1166.5314441622547,7.473999674179994,-74.8584827406251,17.0,17.0,17.0,2.0,0.0,17.0,Fecha corte REPS: Mar 12 2026  3:11PM,True,True
08,Atlántico,08001,Barranquilla,ATLÁNTICO,BARRANQUILLA,MUNICIPIO,154.12755133,154.12755132648854,10.981533792181546,-74.82773068059863,2164.0,1874.0,2164.0,804.0,7.0,2117.0,Fecha corte REPS: Mar 12 2026  3:11PM,True,True
08,Atlántico,08078,Baranoa,ATLÁNTICO,BARANOA,MUNICIPIO,121.26327267,121.26327266444515,10.793290323384513,-74.92219610105539,30.0,24.0,30.0,21.0,5.0,25.0,Fecha corte REPS: Mar 12 2026  3:11PM,True,True
08,Atlántico,08137,Campo de La Cruz,ATLÁNTICO,CAMPO DE LA CRUZ,MUNICIPIO,99.92062157,99.920621567901,10.402617707120733,-74.8784163451703,9.0,8.0,9.0,7.0,2.0,7.0,Fecha corte REPS: Mar 12 2026  3:11PM,True,True
08,Atlántico,08141,Candelaria,ATLÁNTICO,CANDELARIA,MUNICIPIO,135.66529893,135.6652989287184,10.489015641749425,-74.87756739711091,7.0,5.0,7.0,6.0,3.0,4.0,Fecha corte REPS: Mar 12 2026  3:11PM,True,True
08,Atlántico,08296,Galapa,ATLÁNTICO,GALAPA,MUNICIPIO,97.48123373,97.48123372656327,10.897740529856977,-74.88709793179432,20.0,19.0,20.0,12.0,2.0,18.0,Fecha corte REPS: Mar 12 2026  3:11PM,True,True
08,Atlántico,08372,Juan de Acosta,ATLÁNTICO,JUAN DE ACOSTA,MUNICIPIO,167.90924121,167.90924120684335,10.823094565211463,-75.07842661983656,9.0,6.0,9.0,8.0,5.0,4.0,Fecha corte REPS: Mar 12 2026  3:11PM,True,True
08,Atlántico,08421,Luruaco,ATLÁNTICO,LURUACO,MUNICIPIO,223.59548638,223.59548637778647,10.634992567206744,-75.15383658289791,11.0,6.0,11.0,7.0,6.0,5.0,Fecha corte REPS: Mar 12 2026  3:11PM,True,True
08,Atlántico,08433,Malambo,ATLÁNTICO,MALAMBO,MUNICIPIO,97.86520456,97.86520455494393,10.848289605246341,-74.80617809058786,34.0,28.0,34.0,24.0,6.0,28.0,Fecha corte REPS: Mar 12 2026  3:11PM,True,True
08,Atlántico,08436,Manatí,ATLÁNTICO,MANATÍ,MUNICIPIO,214.11263974,214.11263973503358,10.454147609670624,-74.98477329389777,7.0,6.0,7.0,5.0,2.0,5.0,Fecha corte REPS: Mar 12 2026  3:11PM,True,True
08,Atlántico,08520,Palmar de Varela,ATLÁNTICO,PALMAR DE VARELA,MUNICIPIO,92.26015192,92.26015192204031,10.694809662851705,-74.77015330938745,7.0,7.0,7.0,4.0,1.0,6.0,Fecha corte REPS: Mar 12 2026  3:11PM,True,True
08,Atlántico,08549,Piojó,ATLÁNTICO,PIOJÓ,MUNICIPIO,262.67861838,262.6786183691956,10.742520548428242,-75.14743440165468,2.0,1.0,2.0,2.0,2.0,0.0,Fecha corte REPS: Mar 12 2026  3:11PM,True,True
08,Atlántico,08558,Polonuevo,ATLÁNTICO,POLONUEVO,MUNICIPIO,73.8085139,73.80851389404444,10.767399682821878,-74.85414968734324,5.0,4.0,5.0,5.0,2.0,3.0,Fecha corte REPS: Mar 12 2026  3:11PM,True,True
08,Atlántico,08560,Ponedera,ATLÁNTICO,PONEDERA,MUNICIPIO,206.3698224,206.3698223973234,10.594646123879583,-74.79847112175668,9.0,5.0,9.0,7.0,5.0,4.0,Fecha corte REPS: Mar 12 2026  3:11PM,True,True
08,Atlántico,08573,Puerto Colombia,ATLÁNTICO,PUERTO COLOMBIA,MUNICIPIO,69.35860737,69.35860737145103,11.004686600944616,-74.90650332464304,323.0,319.0,323.0,55.0,3.0,320.0,Fecha corte REPS: Mar 12 2026  3:11PM,True,True
08,Atlántico,08606,Repelón,ATLÁNTICO,REPELÓN,MUNICIPIO,361.18207173,361.18207172358456,10.506951140659229,-75.12231451345394,11.0,6.0,11.0,8.0,6.0,5.0,Fecha corte REPS: Mar 12 2026  3:11PM,True,True
08,Atlántico,08634,Sabanagrande,ATLÁNTICO,SABANAGRANDE,MUNICIPIO,43.07423786,43.07423785939563,10.79894118937168,-74.76879762278645,18.0,17.0,18.0,13.0,1.0,17.0,Fecha corte REPS: Mar 12 2026  3:11PM,True,True
08,Atlántico,08638,Sabanalarga,ATLÁNTICO,SABANALARGA,MUNICIPIO,395.59944726,395.5994472543848,10.622505657217033,-74.95510955681523,52.0,40.0,52.0,41.0,12.0,40.0,Fecha corte REPS: Mar 12 2026  3:11PM,True,True
08,Atlántico,08675,Santa Lucía,ATLÁNTICO,SANTA LUCÍA,MUNICIPIO,57.28780405,57.28780404563285,10.353622943600218,-74.96536238783355,2.0,1.0,2.0,2.0,2.0,0.0,Fecha corte REPS: Mar 12 2026  3:11PM,True,True
08,Atlántico,08685,Santo Tomás,ATLÁNTICO,SANTO TOMÁS,MUNICIPIO,64.9556702,64.95567019703188,10.744048263075488,-74.79479696614963,20.0,19.0,20.0,17.0,1.0,19.0,Fecha corte REPS: Mar 12 2026  3:11PM,True,True
08,Atlántico,08758,Soledad,ATLÁNTICO,SOLEDAD,MUNICIPIO,59.31365698,59.31365697959506,10.906909912791786,-74.7784265969097,188.0,160.0,188.0,114.0,11.0,177.0,Fecha corte REPS: Mar 12 2026  3:11PM,True,True
08,Atlántico,08770,Suan,ATLÁNTICO,SUAN,MUNICIPIO,42.45572483,42.45572482406329,10.31090856609815,-74.90710153564275,2.0,2.0,2.0,2.0,1.0,1.0,Fecha corte REPS: Mar 12 2026  3:11PM,True,True
08,Atlántico,08832,Tubará,ATLÁNTICO,TUBARÁ,MUNICIPIO,182.70161874,182.70161873727292,10.907056508183114,-74.98448595634717,6.0,2.0,6.0,5.0,5.0,1.0,Fecha corte REPS: Mar 12 2026  3:11PM,True,True
08,Atlántico,08849,Usiacurí,ATLÁNTICO,USIACURÍ,MUNICIPIO,101.30926586,101.30926585825884,10.740522017985233,-74.98267500057048,2.0,2.0,2.0,2.0,1.0,1.0,Fecha corte REPS: Mar 12 2026  3:11PM,True,True
11,"Bogotá, D.C.",11001,"Bogotá, D.C.","BOGOTÁ, D.C.","BOGOTÁ, D.C.",MUNICIPIO,1620.54083433,1620.5408342789208,4.3158532202126825,-74.1811777205877,16181.0,13887.0,16181.0,2761.0,143.0,16036.0,Fecha corte REPS: Mar 12 2026  3:11PM,True,True
13,Bolívar,13001,Cartagena de Indias,BOLÍVAR,CARTAGENA DE INDIAS,MUNICIPIO,597.12113136,597.1211313506949,10.44916179075642,-75.46985647614623,1516.0,1256.0,1516.0,558.0,58.0,1457.0,Fecha corte REPS: Mar 12 2026  3:11PM,True,True
13,Bolívar,13006,Achí,BOLÍVAR,ACHÍ,MUNICIPIO,950.7872899,950.7872898753055,8.62292450520785,-74.47805829125059,7.0,2.0,7.0,7.0,6.0,1.0,Fecha corte REPS: Mar 12 2026  3:11PM,True,True
13,Bolívar,13030,Altos del Rosario,BOLÍVAR,ALTOS DEL ROSARIO,MUNICIPIO,303.33588526,303.33588524820584,8.757477487619914,-74.19516272739163,1.0,1.0,1.0,1.0,1.0,0.0,Fecha corte REPS: Mar 12 2026  3:11PM,True,True
13,Bolívar,13042,Arenal,BOLÍVAR,ARENAL,MUNICIPIO,461.41074019,461.41074017796103,8.340993297630435,-74.10704383326379,6.0,3.0,6.0,4.0,4.0,2.0,Fecha corte REPS: Mar 12 2026  3:11PM,True,True
13,Bolívar,13052,Arjona,BOLÍVAR,ARJONA,MUNICIPIO,587.17465022,587.1746502105834,10.164439440238896,-75.37142183571073,42.0,33.0,42.0,18.0,8.0,34.0,Fecha corte REPS: Mar 12 2026  3:11PM,True,True
13,Bolívar,13062,Arroyohondo,BOLÍVAR,ARROYOHONDO,MUNICIPIO,163.70340201,163.70340200601026,10.241714751715037,-75.02691121230922,2.0,2.0,2.0,2.0,1.0,1.0,Fecha corte REPS: Mar 12 2026  3:11PM,True,True
13,Bolívar,13074,Barranco de Loba,BOLÍVAR,BARRANCO DE LOBA,MUNICIPIO,430.26692062,430.26692060629796,8.836182258820038,-74.1627156584859,6.0,4.0,6.0,4.0,3.0,3.0,Fecha corte REPS: Mar 12 2026  3:11PM,True,True
13,Bolívar,13140,Calamar,BOLÍVAR,CALAMAR,MUNICIPIO,255.26445245,255.26445244471722,10.218843213102778,-75.00118095380728,8.0,5.0,8.0,7.0,4.0,4.0,Fecha corte REPS: Mar 12 2026  3:11PM,True,True
13,Bolívar,13160,Cantagallo,BOLÍVAR,CANTAGALLO,MUNICIPIO,880.4222795,880.4222794693377,7.239215821864852,-74.10017943295483,6.0,3.0,6.0,4.0,4.0,2.0,Fecha corte REPS: Mar 12 2026  3:11PM,True,True
13,Bolívar,13188,Cicuco,BOLÍVAR,CICUCO,MUNICIPIO,133.0619409,133.0619408998582,9.235267348419029,-74.68841104576269,6.0,5.0,6.0,4.0,2.0,4.0,Fecha corte REPS: Mar 12 2026  3:11PM,True,True
13,Bolívar,13212,Córdoba,BOLÍVAR,CÓRDOBA,MUNICIPIO,596.90712001,596.9071199967551,9.540035251487408,-74.89446555735215,10.0,3.0,10.0,8.0,8.0,2.0,Fecha corte REPS: Mar 12 2026  3:11PM,True,True
13,Bolívar,13222,Clemencia,BOLÍVAR,CLEMENCIA,MUNICIPIO,85.30840076,85.30840075705808,10.556638687275068,-75.31449138458012,1.0,1.0,1.0,1.0,1.0,0.0,Fecha corte REPS: Mar 12 2026  3:11PM,True,True
13,Bolívar,13244,El Carmen de Bolívar,BOLÍVAR,EL CARMEN DE BOLÍVAR,MUNICIPIO,945.7431882,945.7431881739885,9.699832714126288,-75.15793227794671,45.0,35.0,45.0,29.0,9.0,36.0,Fecha corte REPS: Mar 12 2026  3:11PM,True,True
13,Bolívar,13248,El Guamo,BOLÍVAR,EL GUAMO,MUNICIPIO,382.96771281,382.967712799151,10.034840685508163,-74.92809789118745,1.0,1.0,1.0,1.0,1.0,0.0,Fecha corte REPS: Mar 12 2026  3:11PM,True,True
13,Bolívar,13268,El Peñón,BOLÍVAR,EL PEÑÓN,MUNICIPIO,318.49957513,318.4995751180818,8.864808628668268,-73.91229694220995,2.0,2.0,2.0,1.0,1.0,1.0,Fecha corte REPS: Mar 12 2026  3:11PM,True,True
13,Bolívar,13300,Hatillo de Loba,BOLÍVAR,HATILLO DE LOBA,MUNICIPIO,194.04654491,194.0465449086411,8.983853288423358,-74.14706759183952,2.0,2.0,2.0,2.0,1.0,1.0,Fecha corte REPS: Mar 12 2026  3:11PM,True,True
13,Bolívar,13430,Magangué,BOLÍVAR,MAGANGUÉ,MUNICIPIO,1129.10422508,1129.1042250443475,9.169465085452428,-74.74720135239083,121.0,97.0,121.0,73.0,16.0,105.0,Fecha corte REPS: Mar 12 2026  3:11PM,True,True
13,Bolívar,13433,Mahates,BOLÍVAR,MAHATES,MUNICIPIO,432.09398187,432.0939818621478,10.177942471817484,-75.17986495023092,13.0,6.0,13.0,10.0,8.0,5.0,Fecha corte REPS: Mar 12 2026  3:11PM,True,True
13,Bolívar,13440,Margarita,BOLÍVAR,MARGARITA,MUNICIPIO,293.28344396,293.2834439467782,9.054587901894973,-74.22582524628332,1.0,1.0,1.0,1.0,0.0,1.0,Fecha corte REPS: Mar 12 2026  3:11PM,True,True
13,Bolívar,13442,María La Baja,BOLÍVAR,MARÍA LA BAJA,MUNICIPIO,561.06225383,561.0622538198126,9.976290575909164,-75.34367969642985,21.0,11.0,21.0,18.0,11.0,10.0,Fecha corte REPS: Mar 12 2026  3:11PM,True,True
13,Bolívar,13458,Montecristo,BOLÍVAR,MONTECRISTO,MUNICIPIO,2090.71878555,2090.7187854898466,8.016999190102563,-74.46343346733376,6.0,4.0,6.0,4.0,3.0,3.0,Fecha corte REPS: Mar 12 2026  3:11PM,True,True
13,Bolívar,13468,Mompós,BOLÍVAR,SANTA CRUZ DE MOMPOX,MUNICIPIO,651.52480768,651.5248076626322,9.14251145004999,-74.5452181234831,34.0,27.0,34.0,19.0,9.0,25.0,Fecha corte REPS: Mar 12 2026  3:11PM,True,True
13,Bolívar,13473,Morales,BOLÍVAR,MORALES,MUNICIPIO,1345.82929727,1345.8292972276479,8.253716831358352,-73.97136619953396,5.0,3.0,5.0,3.0,3.0,2.0,Fecha corte REPS: Mar 12 2026  3:11PM,True,True
13,Bolívar,13490,Norosí,BOLÍVAR,NOROSÍ,MUNICIPIO,415.87359028,415.87359026626797,8.506127665296281,-74.11590673916369,1.0,1.0,1.0,1.0,1.0,0.0,Fecha corte REPS: Mar 12 2026  3:11PM,True,True
13,Bolívar,13549,Pinillos,BOLÍVAR,PINILLOS,MUNICIPIO,774.70290179,774.7029017659188,8.871570253908928,-74.38584584086372,5.0,2.0,5.0,5.0,4.0,1.0,Fecha corte REPS: Mar 12 2026  3:11PM,True,True
13,Bolívar,13580,Regidor,BOLÍVAR,REGIDOR,MUNICIPIO,183.19623049,183.19623048227112,8.72201149863398,-73.8511848786618,3.0,3.0,3.0,3.0,1.0,2.0,Fecha corte REPS: Mar 12 2026  3:11PM,True,True
13,Bolívar,13600,Río Viejo,BOLÍVAR,RÍO VIEJO,MUNICIPIO,844.08113208,844.081132057539,8.493012960260627,-73.9971311033456,4.0,4.0,4.0,3.0,1.0,3.0,Fecha corte REPS: Mar 12 2026  3:11PM,True,True
13,Bolívar,13620,San Cristóbal,BOLÍVAR,SAN CRISTÓBAL,MUNICIPIO,42.2636635,42.26366349463949,10.369711592530475,-75.0733102386118,6.0,5.0,6.0,2.0,2.0,4.0,Fecha corte REPS: Mar 12 2026  3:11PM,True,True
13,Bolívar,13647,San Estanislao,BOLÍVAR,SAN ESTANISLAO,MUNICIPIO,211.57542165,211.5754216493216,10.36466699839712,-75.20519896274737,6.0,5.0,6.0,4.0,2.0,4.0,Fecha corte REPS: Mar 12 2026  3:11PM,True,True
13,Bolívar,13650,San Fernando,BOLÍVAR,SAN FERNANDO,MUNICIPIO,317.01040952,317.0104095097146,9.09124715045136,-74.35870532415827,2.0,1.0,2.0,2.0,2.0,0.0,Fecha corte REPS: Mar 12 2026  3:11PM,True,True
13,Bolívar,13654,San Jacinto,BOLÍVAR,SAN JACINTO,MUNICIPIO,442.65254304,442.6525430255683,9.83537274909991,-75.10609649086754,11.0,10.0,11.0,5.0,2.0,9.0,Fecha corte REPS: Mar 12 2026  3:11PM,True,True
13,Bolívar,13655,San Jacinto del Cauca,BOLÍVAR,SAN JACINTO DEL CAUCA,MUNICIPIO,569.45541598,569.4554159624166,8.237495337718038,-74.66842567766946,3.0,2.0,3.0,3.0,2.0,1.0,Fecha corte REPS: Mar 12 2026  3:11PM,True,True
13,Bolívar,13657,San Juan Nepomuceno,BOLÍVAR,SAN JUAN NEPOMUCENO,MUNICIPIO,630.81566767,630.8156676529289,9.967964312845172,-75.06572164213668,21.0,16.0,21.0,11.0,5.0,16.0,Fecha corte REPS: Mar 12 2026  3:11PM,True,True
13,Bolívar,13667,San Martín de Loba,BOLÍVAR,SAN MARTÍN DE LOBA,MUNICIPIO,449.65188897,449.6518889590735,8.78766656234984,-74.01033301281484,8.0,6.0,8.0,4.0,3.0,5.0,Fecha corte REPS: Mar 12 2026  3:11PM,True,True
13,Bolívar,13670,San Pablo,BOLÍVAR,SAN PABLO,MUNICIPIO,2018.5682155,2018.5682154359945,7.422312097678634,-74.1357773253522,15.0,12.0,15.0,5.0,4.0,11.0,Fecha corte REPS: Mar 12 2026  3:11PM,True,True
13,Bolívar,13673,Santa Catalina,BOLÍVAR,SANTA CATALINA,MUNICIPIO,164.58470149,164.58470148508977,10.640722857376963,-75.26639115012476,5.0,3.0,5.0,5.0,3.0,2.0,Fecha corte REPS: Mar 12 2026  3:11PM,True,True
13,Bolívar,13683,Santa Rosa,BOLÍVAR,SANTA ROSA,MUNICIPIO,154.60624893,154.60624892220957,10.46920533067636,-75.36116431470214,7.0,6.0,7.0,5.0,2.0,5.0,Fecha corte REPS: Mar 12 2026  3:11PM,True,True
13,Bolívar,13688,Santa Rosa del Sur,BOLÍVAR,SANTA ROSA DEL SUR,MUNICIPIO,2380.09408499,2380.0940849163685,7.772417305033565,-74.26283799701689,54.0,42.0,54.0,14.0,11.0,43.0,Fecha corte REPS: Mar 12 2026  3:11PM,True,True
13,Bolívar,13744,Simití,BOLÍVAR,SIMITÍ,MUNICIPIO,1352.85883613,1352.8588360848157,7.851269925666703,-73.98375196529379,7.0,7.0,7.0,2.0,1.0,6.0,Fecha corte REPS: Mar 12 2026  3:11PM,True,True
13,Bolívar,13760,Soplaviento,BOLÍVAR,SOPLAVIENTO,MUNICIPIO,92.53360995,92.53360994975216,10.332074610722245,-75.11699536915133,5.0,5.0,5.0,3.0,1.0,4.0,Fecha corte REPS: Mar 12 2026  3:11PM,True,True
13,Bolívar,13780,Talaigua Nuevo,BOLÍVAR,TALAIGUA NUEVO,MUNICIPIO,249.0816533,249.08165329181895,9.313443311713621,-74.64009107133636,5.0,5.0,5.0,3.0,1.0,4.0,Fecha corte REPS: Mar 12 2026  3:11PM,True,True
13,Bolívar,13810,Tiquisio,BOLÍVAR,TIQUISIO,MUNICIPIO,761.99577421,761.9957741845457,8.492324519112415,-74.29678894672693,7.0,5.0,7.0,4.0,3.0,4.0,Fecha corte REPS: Mar 12 2026  3:11PM,True,True
13,Bolívar,13836,Turbaco,BOLÍVAR,TURBACO,MUNICIPIO,202.49382518,202.49382517886562,10.352935802972178,-75.37971906670684,60.0,56.0,60.0,31.0,4.0,56.0,Fecha corte REPS: Mar 12 2026  3:11PM,True,True
13,Bolívar,13838,Turbaná,BOLÍVAR,TURBANA,MUNICIPIO,191.09522796,191.09522795352424,10.216039294256204,-75.47039126105709,5.0,5.0,5.0,2.0,1.0,4.0,Fecha corte REPS: Mar 12 2026  3:11PM,True,True
13,Bolívar,13873,Villanueva,BOLÍVAR,VILLANUEVA,MUNICIPIO,133.02522617,133.0252261655783,10.44450056957262,-75.2696567290467,10.0,8.0,10.0,5.0,3.0,7.0,Fecha corte REPS: Mar 12 2026  3:11PM,True,True
13,Bolívar,13894,Zambrano,BOLÍVAR,ZAMBRANO,MUNICIPIO,308.95215102,308.9521510115322,9.745141683054525,-74.88066314804507,8.0,6.0,8.0,5.0,2.0,6.0,Fecha corte REPS: Mar 12 2026  3:11PM,True,True
15,Boyacá,15001,Tunja,BOYACÁ,TUNJA,MUNICIPIO,119.48149214,119.48149213280027,5.518469722811605,-73.37802200187177,706.0,642.0,706.0,193.0,17.0,689.0,Fecha corte REPS: Mar 12 2026  3:11PM,True,True
15,Boyacá,15022,Almeida,BOYACÁ,ALMEIDA,MUNICIPIO,57.57419238,57.57419237897417,4.9548242149855035,-73.38813566553931,1.0,1.0,1.0,1.0,1.0,0.0,Fecha corte REPS: Mar 12 2026  3:11PM,True,True
15,Boyacá,15047,Aquitania,BOYACÁ,AQUITANIA,MUNICIPIO,940.35452314,940.3545231095309,5.437428768114341,-72.87151254695006,3.0,3.0,3.0,1.0,1.0,2.0,Fecha corte REPS: Mar 12 2026  3:11PM,True,True
15,Boyacá,15051,Arcabuco,BOYACÁ,ARCABUCO,MUNICIPIO,137.66904953,137.66904952872213,5.74956489229779,-73.43887601427116,3.0,3.0,3.0,1.0,1.0,2.0,Fecha corte REPS: Mar 12 2026  3:11PM,True,True
15,Boyacá,15087,Belén,BOYACÁ,BELÉN,MUNICIPIO,162.77417939,162.77417938438253,6.005053729148133,-72.89369160271858,7.0,7.0,7.0,1.0,1.0,6.0,Fecha corte REPS: Mar 12 2026  3:11PM,True,True
15,Boyacá,15090,Berbeo,BOYACÁ,BERBEO,MUNICIPIO,57.90362494,57.903624936398145,5.232056806909495,-73.10117400879423,1.0,1.0,1.0,1.0,1.0,0.0,Fecha corte REPS: Mar 12 2026  3:11PM,True,True
15,Boyacá,15092,Betéitiva,BOYACÁ,BETÉITIVA,MUNICIPIO,101.66571259,101.6657125854444,5.920853877862758,-72.84857449484207,1.0,1.0,1.0,1.0,1.0,0.0,Fecha corte REPS: Mar 12 2026  3:11PM,True,True
15,Boyacá,15097,Boavita,BOYACÁ,BOAVITA,MUNICIPIO,144.98592609,144.98592608437502,6.337510751282057,-72.6202112580034,2.0,2.0,2.0,1.0,1.0,1.0,Fecha corte REPS: Mar 12 2026  3:11PM,True,True
15,Boyacá,15104,Boyacá,BOYACÁ,BOYACÁ,MUNICIPIO,47.94112036,47.9411203622918,5.439856284562024,-73.38137079871645,1.0,1.0,1.0,1.0,1.0,0.0,Fecha corte REPS: Mar 12 2026  3:11PM,True,True
15,Boyacá,15106,Briceño,BOYACÁ,BRICEÑO,MUNICIPIO,64.51202733,64.51202733116513,5.675508830222232,-73.90932710566354,1.0,1.0,1.0,1.0,1.0,0.0,Fecha corte REPS: Mar 12 2026  3:11PM,True,True
15,Boyacá,15109,Buenavista,BOYACÁ,BUENAVISTA,MUNICIPIO,110.01024496,110.01024495656738,5.489398860778472,-73.95066299586206,1.0,1.0,1.0,1.0,1.0,0.0,Fecha corte REPS: Mar 12 2026  3:11PM,True,True
15,Boyacá,15114,Busbanzá,BOYACÁ,BUSBANZÁ,MUNICIPIO,25.30119285,25.301192852321353,5.843483470942624,-72.8757463743712,1.0,1.0,1.0,1.0,1.0,0.0,Fecha corte REPS: Mar 12 2026  3:11PM,True,True
15,Boyacá,15131,Caldas,BOYACÁ,CALDAS,MUNICIPIO,78.85692332,78.85692331343915,5.575989585095387,-73.8805754682012,1.0,1.0,1.0,1.0,1.0,0.0,Fecha corte REPS: Mar 12 2026  3:11PM,True,True
15,Boyacá,15135,Campohermoso,BOYACÁ,CAMPOHERMOSO,MUNICIPIO,298.17353055,298.17353054070117,5.0068607781180745,-73.14467207217068,1.0,1.0,1.0,1.0,1.0,0.0,Fecha corte REPS: Mar 12 2026  3:11PM,True,True
15,Boyacá,15162,Cerinza,BOYACÁ,CERINZA,MUNICIPIO,63.45306993,63.453069932658494,5.962013324161756,-72.96447242979065,1.0,1.0,1.0,1.0,1.0,0.0,Fecha corte REPS: Mar 12 2026  3:11PM,True,True
15,Boyacá,15172,Chinavita,BOYACÁ,CHINAVITA,MUNICIPIO,136.13765324,136.1376532377111,5.20297067588906,-73.34047977136953,2.0,2.0,2.0,1.0,1.0,1.0,Fecha corte REPS: Mar 12 2026  3:11PM,True,True
15,Boyacá,15176,Chiquinquirá,BOYACÁ,CHIQUINQUIRÁ,MUNICIPIO,164.77838452,164.7783845187702,5.622488655613674,-73.80424412346466,103.0,101.0,103.0,29.0,3.0,100.0,Fecha corte REPS: Mar 12 2026  3:11PM,True,True
15,Boyacá,15180,Chiscas,BOYACÁ,CHISCAS,MUNICIPIO,657.28076511,657.2807650874693,6.68910607947434,-72.41796389269675,1.0,1.0,1.0,1.0,1.0,0.0,Fecha corte REPS: Mar 12 2026  3:11PM,True,True
15,Boyacá,15183,Chita,BOYACÁ,CHITA,MUNICIPIO,675.8077813,675.8077812782822,6.091450440979408,-72.43902312394269,1.0,1.0,1.0,1.0,1.0,0.0,Fecha corte REPS: Mar 12 2026  3:11PM,True,True
15,Boyacá,15185,Chitaraque,BOYACÁ,CHITARAQUE,MUNICIPIO,158.26948365,158.2694836491556,5.984392019207215,-73.42582339369567,2.0,2.0,2.0,2.0,1.0,1.0,Fecha corte REPS: Mar 12 2026  3:11PM,True,True
15,Boyacá,15187,Chivatá,BOYACÁ,CHIVATÁ,MUNICIPIO,49.44420388,49.44420387743254,5.563880464585405,-73.26331705368703,2.0,2.0,2.0,1.0,1.0,1.0,Fecha corte REPS: Mar 12 2026  3:11PM,True,True
15,Boyacá,15189,Ciénega,BOYACÁ,CIÉNEGA,MUNICIPIO,53.89700594,53.89700594086851,5.393059611851384,-73.28205740849411,1.0,1.0,1.0,1.0,1.0,0.0,Fecha corte REPS: Mar 12 2026  3:11PM,True,True
15,Boyacá,15204,Cómbita,BOYACÁ,CÓMBITA,MUNICIPIO,138.0443172,138.04431719178217,5.682937995562132,-73.32803691763988,3.0,3.0,3.0,2.0,1.0,2.0,Fecha corte REPS: Mar 12 2026  3:11PM,True,True
15,Boyacá,15212,Coper,BOYACÁ,COPER,MUNICIPIO,149.67796662,149.67796661025776,5.442982714550048,-74.0278294454899,1.0,1.0,1.0,1.0,1.0,0.0,Fecha corte REPS: Mar 12 2026  3:11PM,True,True
15,Boyacá,15215,Corrales,BOYACÁ,CORRALES,MUNICIPIO,60.72656429,60.72656428620712,5.824544965440596,-72.84544963451555,1.0,1.0,1.0,1.0,1.0,0.0,Fecha corte REPS: Mar 12 2026  3:11PM,True,True
15,Boyacá,15218,Covarachía,BOYACÁ,COVARACHÍA,MUNICIPIO,102.21423575,102.21423574351981,6.519520247025859,-72.74020156849829,1.0,1.0,1.0,1.0,1.0,0.0,Fecha corte REPS: Mar 12 2026  3:11PM,True,True
15,Boyacá,15223,Cubará,BOYACÁ,CUBARÁ,MUNICIPIO,1153.68528779,1153.6852877486847,6.884437901652498,-72.18238385218923,5.0,5.0,5.0,1.0,1.0,4.0,Fecha corte REPS: Mar 12 2026  3:11PM,True,True
15,Boyacá,15224,Cucaita,BOYACÁ,CUCAITA,MUNICIPIO,42.05813397,42.05813397166575,5.527103909354114,-73.44598616500976,1.0,1.0,1.0,1.0,1.0,0.0,Fecha corte REPS: Mar 12 2026  3:11PM,True,True
15,Boyacá,15226,Cuítiva,BOYACÁ,CUÍTIVA,MUNICIPIO,44.03840245,44.03840244385491,5.587750309351394,-72.93954390435138,1.0,1.0,1.0,1.0,1.0,0.0,Fecha corte REPS: Mar 12 2026  3:11PM,True,True
15,Boyacá,15232,Chíquiza,BOYACÁ,CHÍQUIZA,MUNICIPIO,116.31838499,116.31838499015471,5.643074518779618,-73.44562672445724,1.0,1.0,1.0,1.0,1.0,0.0,Fecha corte REPS: Mar 12 2026  3:11PM,True,True
15,Boyacá,15236,Chivor,BOYACÁ,CHIVOR,MUNICIPIO,108.49319932,108.49319931545266,4.871181033531832,-73.36142340479027,1.0,1.0,1.0,1.0,1.0,0.0,Fecha corte REPS: Mar 12 2026  3:11PM,True,True
15,Boyacá,15238,Duitama,BOYACÁ,DUITAMA,MUNICIPIO,233.57798327,233.57798326384818,5.8905975087006395,-73.06709203779856,321.0,308.0,321.0,74.0,4.0,317.0,Fecha corte REPS: Mar 12 2026  3:11PM,True,True
15,Boyacá,15244,El Cocuy,BOYACÁ,EL COCUY,MUNICIPIO,237.78956668,237.78956667319744,6.353363072402565,-72.41923763388195,2.0,2.0,2.0,1.0,1.0,1.0,Fecha corte REPS: Mar 12 2026  3:11PM,True,True
15,Boyacá,15248,El Espino,BOYACÁ,EL ESPINO,MUNICIPIO,69.24184627,69.24184626769471,6.5082405609080505,-72.4804965602815,1.0,1.0,1.0,1.0,1.0,0.0,Fecha corte REPS: Mar 12 2026  3:11PM,True,True
15,Boyacá,15272,Firavitoba,BOYACÁ,FIRAVITOBA,MUNICIPIO,109.1316392,109.13163919839825,5.6736779344466655,-73.01983263224831,2.0,2.0,2.0,1.0,1.0,1.0,Fecha corte REPS: Mar 12 2026  3:11PM,True,True
15,Boyacá,15276,Floresta,BOYACÁ,FLORESTA,MUNICIPIO,87.95789522,87.95789522167613,5.858993319447993,-72.92499718899936,2.0,2.0,2.0,1.0,1.0,1.0,Fecha corte REPS: Mar 12 2026  3:11PM,True,True
15,Boyacá,15293,Gachantivá,BOYACÁ,GACHANTIVÁ,MUNICIPIO,88.02564212,88.02564212125112,5.744104659195967,-73.54265541784841,1.0,1.0,1.0,1.0,1.0,0.0,Fecha corte REPS: Mar 12 2026  3:11PM,True,True
15,Boyacá,15296,Gámeza,BOYACÁ,GÁMEZA,MUNICIPIO,123.41893934,123.41893934075514,5.803333406388657,-72.73550129133307,1.0,1.0,1.0,1.0,1.0,0.0,Fecha corte REPS: Mar 12 2026  3:11PM,True,True
15,Boyacá,15299,Garagoa,BOYACÁ,GARAGOA,MUNICIPIO,193.17456459,193.1745645819978,5.089465837763545,-73.31430471914247,25.0,24.0,25.0,5.0,2.0,23.0,Fecha corte REPS: Mar 12 2026  3:11PM,True,True
15,Boyacá,15317,Guacamayas,BOYACÁ,GUACAMAYAS,MUNICIPIO,57.52173164,57.521731637815726,6.445438094156652,-72.51635274547989,1.0,1.0,1.0,1.0,1.0,0.0,Fecha corte REPS: Mar 12 2026  3:11PM,True,True
15,Boyacá,15322,Guateque,BOYACÁ,GUATEQUE,MUNICIPIO,36.07196653,36.07196653253899,5.014508480214084,-73.48812887897365,19.0,19.0,19.0,3.0,1.0,18.0,Fecha corte REPS: Mar 12 2026  3:11PM,True,True
15,Boyacá,15325,Guayatá,BOYACÁ,GUAYATÁ,MUNICIPIO,99.80419798,99.80419797423298,4.931423709628788,-73.49663368509555,1.0,1.0,1.0,1.0,1.0,0.0,Fecha corte REPS: Mar 12 2026  3:11PM,True,True
15,Boyacá,15332,Güicán de La Sierra,BOYACÁ,GÜICÁN DE LA SIERRA,MUNICIPIO,949.89979069,949.8997906621056,6.5669853229218536,-72.25600725916325,1.0,1.0,1.0,1.0,1.0,0.0,Fecha corte REPS: Mar 12 2026  3:11PM,True,True
15,Boyacá,15362,Iza,BOYACÁ,IZA,MUNICIPIO,34.18027836,34.18027836113291,5.617366045022468,-72.96986520935553,1.0,1.0,1.0,1.0,1.0,0.0,Fecha corte REPS: Mar 12 2026  3:11PM,True,True
15,Boyacá,15367,Jenesano,BOYACÁ,JENESANO,MUNICIPIO,58.907671,58.90767099987193,5.3771510904478035,-73.37694861645758,11.0,11.0,11.0,1.0,1.0,10.0,Fecha corte REPS: Mar 12 2026  3:11PM,True,True
15,Boyacá,15368,Jericó,BOYACÁ,JERICÓ,MUNICIPIO,131.36451093,131.36451092464455,6.145439534388068,-72.5857756572013,1.0,1.0,1.0,1.0,1.0,0.0,Fecha corte REPS: Mar 12 2026  3:11PM,True,True
15,Boyacá,15377,Labranzagrande,BOYACÁ,LABRANZAGRANDE,MUNICIPIO,579.9868421,579.9868420839252,5.541373451306891,-72.59038005028455,1.0,1.0,1.0,1.0,1.0,0.0,Fecha corte REPS: Mar 12 2026  3:11PM,True,True
15,Boyacá,15380,La Capilla,BOYACÁ,LA CAPILLA,MUNICIPIO,56.83715262,56.8371526192401,5.113166580382347,-73.45923729508549,1.0,1.0,1.0,1.0,1.0,0.0,Fecha corte REPS: Mar 12 2026  3:11PM,True,True
15,Boyacá,15401,La Victoria,BOYACÁ,LA VICTORIA,MUNICIPIO,27.97306227,27.973062270409677,5.5167235802129015,-74.22873245312815,1.0,1.0,1.0,1.0,1.0,0.0,Fecha corte REPS: Mar 12 2026  3:11PM,True,True
15,Boyacá,15403,La Uvita,BOYACÁ,LA UVITA,MUNICIPIO,161.20124892,161.20124891429165,6.265123956203382,-72.55551273203912,4.0,4.0,4.0,1.0,1.0,3.0,Fecha corte REPS: Mar 12 2026  3:11PM,True,True
15,Boyacá,15407,Villa de Leyva,BOYACÁ,VILLA DE LEYVA,MUNICIPIO,126.38398371,126.38398370620584,5.665761643142976,-73.5149507590768,41.0,41.0,41.0,3.0,1.0,40.0,Fecha corte REPS: Mar 12 2026  3:11PM,True,True
15,Boyacá,15425,Macanal,BOYACÁ,MACANAL,MUNICIPIO,199.61415924,199.61415923460234,4.980175341411725,-73.2941389884516,3.0,3.0,3.0,1.0,1.0,2.0,Fecha corte REPS: Mar 12 2026  3:11PM,True,True
15,Boyacá,15442,Maripí,BOYACÁ,MARIPÍ,MUNICIPIO,160.47834989,160.47834988926274,5.5698108603959,-74.0200314194485,3.0,1.0,3.0,3.0,3.0,0.0,Fecha corte REPS: Mar 12 2026  3:11PM,True,True
15,Boyacá,15455,Miraflores,BOYACÁ,MIRAFLORES,MUNICIPIO,258.23948915,258.2394891464302,5.1509517839294725,-73.17896779602776,16.0,16.0,16.0,3.0,1.0,15.0,Fecha corte REPS: Mar 12 2026  3:11PM,True,True
15,Boyacá,15464,Mongua,BOYACÁ,MONGUA,MUNICIPIO,360.04046118,360.0404611648076,5.709642619068319,-72.69168858320337,1.0,1.0,1.0,1.0,1.0,0.0,Fecha corte REPS: Mar 12 2026  3:11PM,True,True
15,Boyacá,15466,Monguí,BOYACÁ,MONGUÍ,MUNICIPIO,68.67387963,68.67387963031949,5.697366093316991,-72.83300946051025,1.0,1.0,1.0,1.0,1.0,0.0,Fecha corte REPS: Mar 12 2026  3:11PM,True,True
15,Boyacá,15469,Moniquirá,BOYACÁ,MONIQUIRÁ,MUNICIPIO,217.88234947,217.88234946094818,5.86335347542948,-73.55851196728938,26.0,25.0,26.0,7.0,2.0,24.0,Fecha corte REPS: Mar 12 2026  3:11PM,True,True
15,Boyacá,15476,Motavita,BOYACÁ,MOTAVITA,MUNICIPIO,59.94246377,59.94246376882163,5.60619070291056,-73.37734247316568,1.0,1.0,1.0,1.0,1.0,0.0,Fecha corte REPS: Mar 12 2026  3:11PM,True,True
15,Boyacá,15480,Muzo,BOYACÁ,MUZO,MUNICIPIO,137.70570551,137.7057055065157,5.525343582880341,-74.11657729012832,3.0,3.0,3.0,1.0,1.0,2.0,Fecha corte REPS: Mar 12 2026  3:11PM,True,True
15,Boyacá,15491,Nobsa,BOYACÁ,NOBSA,MUNICIPIO,55.38787899,55.38787898354261,5.778724517543526,-72.93268611494923,7.0,6.0,7.0,2.0,2.0,5.0,Fecha corte REPS: Mar 12 2026  3:11PM,True,True
15,Boyacá,15494,Nuevo Colón,BOYACÁ,NUEVO COLÓN,MUNICIPIO,51.31156933,51.31156932527773,5.354700309527675,-73.44873511813947,2.0,2.0,2.0,1.0,1.0,1.0,Fecha corte REPS: Mar 12 2026  3:11PM,True,True
15,Boyacá,15500,Oicatá,BOYACÁ,OICATÁ,MUNICIPIO,60.19554259,60.19554259223769,5.610787455516528,-73.27991962271261,3.0,3.0,3.0,3.0,1.0,2.0,Fecha corte REPS: Mar 12 2026  3:11PM,True,True
15,Boyacá,15507,Otanche,BOYACÁ,OTANCHE,MUNICIPIO,474.48466422,474.4846642005136,5.753778539759145,-74.19720186995629,2.0,2.0,2.0,1.0,1.0,1.0,Fecha corte REPS: Mar 12 2026  3:11PM,True,True
15,Boyacá,15511,Pachavita,BOYACÁ,PACHAVITA,MUNICIPIO,66.57743036,66.57743035358945,5.1483228446047535,-73.39951186976558,1.0,1.0,1.0,1.0,1.0,0.0,Fecha corte REPS: Mar 12 2026  3:11PM,True,True
15,Boyacá,15514,Páez,BOYACÁ,PÁEZ,MUNICIPIO,338.40819488,338.4081948662799,5.095208071514299,-73.00435780406207,1.0,1.0,1.0,1.0,1.0,0.0,Fecha corte REPS: Mar 12 2026  3:11PM,True,True
15,Boyacá,15516,Paipa,BOYACÁ,PAIPA,MUNICIPIO,304.54117293,304.5411729205268,5.8267597985057495,-73.13794299137797,58.0,57.0,58.0,10.0,3.0,55.0,Fecha corte REPS: Mar 12 2026  3:11PM,True,True
15,Boyacá,15518,Pajarito,BOYACÁ,PAJARITO,MUNICIPIO,313.00817763,313.00817762251194,5.382328223186257,-72.6967248797521,1.0,1.0,1.0,1.0,1.0,0.0,Fecha corte REPS: Mar 12 2026  3:11PM,True,True
15,Boyacá,15522,Panqueba,BOYACÁ,PANQUEBA,MUNICIPIO,39.62387223,39.62387222976428,6.443298855183035,-72.4618250428663,1.0,1.0,1.0,1.0,1.0,0.0,Fecha corte REPS: Mar 12 2026  3:11PM,True,True
15,Boyacá,15531,Pauna,BOYACÁ,PAUNA,MUNICIPIO,252.30164914,252.30164912891186,5.68879838275103,-74.00503452360734,3.0,3.0,3.0,1.0,1.0,2.0,Fecha corte REPS: Mar 12 2026  3:11PM,True,True
15,Boyacá,15533,Paya,BOYACÁ,PAYA,MUNICIPIO,442.76156587,442.76156585346166,5.621242467370511,-72.36929072367882,2.0,1.0,2.0,2.0,2.0,0.0,Fecha corte REPS: Mar 12 2026  3:11PM,True,True
15,Boyacá,15537,Paz de Río,BOYACÁ,PAZ DE RÍO,MUNICIPIO,122.44290801,122.44290800807384,6.028696408167625,-72.76753254032727,2.0,2.0,2.0,1.0,1.0,1.0,Fecha corte REPS: Mar 12 2026  3:11PM,True,True
15,Boyacá,15542,Pesca,BOYACÁ,PESCA,MUNICIPIO,262.59263389,262.59263388470475,5.498473734130474,-73.07838487340521,1.0,1.0,1.0,1.0,1.0,0.0,Fecha corte REPS: Mar 12 2026  3:11PM,True,True
15,Boyacá,15550,Pisba,BOYACÁ,PISBA,MUNICIPIO,463.87526777,463.8752677580293,5.74349490012293,-72.44579153405347,1.0,1.0,1.0,1.0,1.0,0.0,Fecha corte REPS: Mar 12 2026  3:11PM,True,True
15,Boyacá,15572,Puerto Boyacá,BOYACÁ,PUERTO BOYACÁ,MUNICIPIO,1512.0836513,1512.0836512501837,5.953453611147037,-74.45286415644424,38.0,34.0,38.0,10.0,3.0,35.0,Fecha corte REPS: Mar 12 2026  3:11PM,True,True
15,Boyacá,15580,Quípama,BOYACÁ,QUÍPAMA,MUNICIPIO,167.13354121,167.133541209175,5.561541724491625,-74.21793088772425,2.0,1.0,2.0,2.0,2.0,0.0,Fecha corte REPS: Mar 12 2026  3:11PM,True,True
15,Boyacá,15599,Ramiriquí,BOYACÁ,RAMIRIQUÍ,MUNICIPIO,125.46404681,125.46404680473805,5.319928737950447,-73.31077562421957,13.0,13.0,13.0,3.0,1.0,12.0,Fecha corte REPS: Mar 12 2026  3:11PM,True,True
15,Boyacá,15600,Ráquira,BOYACÁ,RÁQUIRA,MUNICIPIO,220.32645649,220.32645648767044,5.496267091390729,-73.6289465777516,5.0,5.0,5.0,1.0,1.0,4.0,Fecha corte REPS: Mar 12 2026  3:11PM,True,True
15,Boyacá,15621,Rondón,BOYACÁ,RONDÓN,MUNICIPIO,205.98719584,205.98719583150202,5.379945413426296,-73.19651389372187,1.0,1.0,1.0,1.0,1.0,0.0,Fecha corte REPS: Mar 12 2026  3:11PM,True,True
15,Boyacá,15632,Saboyá,BOYACÁ,SABOYÁ,MUNICIPIO,248.28826877,248.28826876403554,5.699926247077069,-73.74799628024991,1.0,1.0,1.0,1.0,1.0,0.0,Fecha corte REPS: Mar 12 2026  3:11PM,True,True
15,Boyacá,15638,Sáchica,BOYACÁ,SÁCHICA,MUNICIPIO,63.82519724,63.82519723410862,5.573464380774971,-73.54310153020234,4.0,4.0,4.0,1.0,1.0,3.0,Fecha corte REPS: Mar 12 2026  3:11PM,True,True
15,Boyacá,15646,Samacá,BOYACÁ,SAMACÁ,MUNICIPIO,167.3162805,167.31628048978095,5.470539077512912,-73.52117837877937,22.0,20.0,22.0,6.0,2.0,20.0,Fecha corte REPS: Mar 12 2026  3:11PM,True,True
15,Boyacá,15660,San Eduardo,BOYACÁ,SAN EDUARDO,MUNICIPIO,109.25945512,109.25945511458035,5.234613390193154,-73.04914105426646,1.0,1.0,1.0,1.0,1.0,0.0,Fecha corte REPS: Mar 12 2026  3:11PM,True,True
15,Boyacá,15664,San José de Pare,BOYACÁ,SAN JOSÉ DE PARE,MUNICIPIO,74.28480047,74.28480046332523,5.99415378536586,-73.54386605298211,2.0,2.0,2.0,1.0,1.0,1.0,Fecha corte REPS: Mar 12 2026  3:11PM,True,True
15,Boyacá,15667,San Luis de Gaceno,BOYACÁ,SAN LUIS DE GACENO,MUNICIPIO,468.96632254,468.96632252974297,4.815263654458039,-73.12378615988216,5.0,5.0,5.0,1.0,1.0,4.0,Fecha corte REPS: Mar 12 2026  3:11PM,True,True
15,Boyacá,15673,San Mateo,BOYACÁ,SAN MATEO,MUNICIPIO,123.60232996,123.60232995441721,6.406887263408689,-72.55962550461358,1.0,1.0,1.0,1.0,1.0,0.0,Fecha corte REPS: Mar 12 2026  3:11PM,True,True
15,Boyacá,15676,San Miguel de Sema,BOYACÁ,SAN MIGUEL DE SEMA,MUNICIPIO,93.8605391,93.86053909690861,5.532326241203393,-73.74715864784991,3.0,3.0,3.0,1.0,1.0,2.0,Fecha corte REPS: Mar 12 2026  3:11PM,True,True
15,Boyacá,15681,San Pablo de Borbur,BOYACÁ,SAN PABLO DE BORBUR,MUNICIPIO,195.66468356,195.6646835571833,5.677343214437102,-74.11403868497841,1.0,1.0,1.0,1.0,1.0,0.0,Fecha corte REPS: Mar 12 2026  3:11PM,True,True
15,Boyacá,15686,Santana,BOYACÁ,SANTANA,MUNICIPIO,67.85295191,67.8529519031997,6.057614347976296,-73.48974836834668,3.0,3.0,3.0,1.0,1.0,2.0,Fecha corte REPS: Mar 12 2026  3:11PM,True,True
15,Boyacá,15690,Santa María,BOYACÁ,SANTA MARÍA,MUNICIPIO,309.1066065,309.10660648826337,4.822997507369751,-73.25377493700705,4.0,4.0,4.0,1.0,1.0,3.0,Fecha corte REPS: Mar 12 2026  3:11PM,True,True
15,Boyacá,15693,Santa Rosa de Viterbo,BOYACÁ,SANTA ROSA DE VITERBO,MUNICIPIO,116.47802818,116.47802817260617,5.8929460007494825,-72.99172527109376,11.0,11.0,11.0,1.0,1.0,10.0,Fecha corte REPS: Mar 12 2026  3:11PM,True,True
15,Boyacá,15696,Santa Sofía,BOYACÁ,SANTA SOFÍA,MUNICIPIO,77.44205425,77.44205424848064,5.731601518041769,-73.60366307299441,1.0,1.0,1.0,1.0,1.0,0.0,Fecha corte REPS: Mar 12 2026  3:11PM,True,True
15,Boyacá,15720,Sativanorte,BOYACÁ,SATIVANORTE,MUNICIPIO,161.07008221,161.07008220660734,6.132135485312227,-72.73026665014227,2.0,2.0,2.0,1.0,1.0,1.0,Fecha corte REPS: Mar 12 2026  3:11PM,True,True
15,Boyacá,15723,Sativasur,BOYACÁ,SATIVASUR,MUNICIPIO,54.6258375,54.62583750083684,6.070724953282788,-72.71548694235774,1.0,1.0,1.0,1.0,1.0,0.0,Fecha corte REPS: Mar 12 2026  3:11PM,True,True
15,Boyacá,15740,Siachoque,BOYACÁ,SIACHOQUE,MUNICIPIO,119.00719675,119.00719674156234,5.4987479172064155,-73.21681788867186,4.0,4.0,4.0,1.0,1.0,3.0,Fecha corte REPS: Mar 12 2026  3:11PM,True,True
15,Boyacá,15753,Soatá,BOYACÁ,SOATÁ,MUNICIPIO,122.83096514,122.83096513183854,6.323087101746782,-72.69604049043625,17.0,16.0,17.0,3.0,1.0,16.0,Fecha corte REPS: Mar 12 2026  3:11PM,True,True
15,Boyacá,15755,Socotá,BOYACÁ,SOCOTÁ,MUNICIPIO,602.30379457,602.3037945521345,5.934921756390064,-72.559134148267,2.0,2.0,2.0,1.0,1.0,1.0,Fecha corte REPS: Mar 12 2026  3:11PM,True,True
15,Boyacá,15757,Socha,BOYACÁ,SOCHA,MUNICIPIO,149.88023358,149.8802335756541,5.960520564973945,-72.68240987876942,6.0,6.0,6.0,1.0,1.0,5.0,Fecha corte REPS: Mar 12 2026  3:11PM,True,True
15,Boyacá,15759,Sogamoso,BOYACÁ,SOGAMOSO,MUNICIPIO,207.28392531,207.28392530175483,5.667996668218798,-72.88650694016457,309.0,295.0,309.0,71.0,6.0,303.0,Fecha corte REPS: Mar 12 2026  3:11PM,True,True
15,Boyacá,15761,Somondoco,BOYACÁ,SOMONDOCO,MUNICIPIO,58.69678192,58.696781915984005,4.970973492089775,-73.42878875288403,1.0,1.0,1.0,1.0,1.0,0.0,Fecha corte REPS: Mar 12 2026  3:11PM,True,True
15,Boyacá,15762,Sora,BOYACÁ,SORA,MUNICIPIO,47.76553111,47.76553110759639,5.580573209253989,-73.44371942905464,1.0,1.0,1.0,1.0,1.0,0.0,Fecha corte REPS: Mar 12 2026  3:11PM,True,True
15,Boyacá,15763,Sotaquirá,BOYACÁ,SOTAQUIRÁ,MUNICIPIO,291.56505079,291.5650507766791,5.785207733356882,-73.25545197782647,2.0,1.0,2.0,2.0,2.0,0.0,Fecha corte REPS: Mar 12 2026  3:11PM,True,True
15,Boyacá,15764,Soracá,BOYACÁ,SORACÁ,MUNICIPIO,55.66056649,55.66056648721688,5.494889858276384,-73.31900037455591,1.0,1.0,1.0,1.0,1.0,0.0,Fecha corte REPS: Mar 12 2026  3:11PM,True,True
15,Boyacá,15774,Susacón,BOYACÁ,SUSACÓN,MUNICIPIO,182.31290294,182.31290293518734,6.215200637219546,-72.71575774042623,1.0,1.0,1.0,1.0,1.0,0.0,Fecha corte REPS: Mar 12 2026  3:11PM,True,True
15,Boyacá,15776,Sutamarchán,BOYACÁ,SUTAMARCHÁN,MUNICIPIO,103.34569381,103.34569380921114,5.640029945896723,-73.62598723348056,5.0,5.0,5.0,1.0,1.0,4.0,Fecha corte REPS: Mar 12 2026  3:11PM,True,True
15,Boyacá,15778,Sutatenza,BOYACÁ,SUTATENZA,MUNICIPIO,41.0667208,41.06672079634634,5.026854517421795,-73.43351701925263,1.0,1.0,1.0,1.0,1.0,0.0,Fecha corte REPS: Mar 12 2026  3:11PM,True,True
15,Boyacá,15790,Tasco,BOYACÁ,TASCO,MUNICIPIO,209.25151716,209.25151715604096,5.882293865053955,-72.72626490965052,2.0,2.0,2.0,1.0,1.0,1.0,Fecha corte REPS: Mar 12 2026  3:11PM,True,True
15,Boyacá,15798,Tenza,BOYACÁ,TENZA,MUNICIPIO,45.78730793,45.78730793127018,5.071412998114246,-73.42479756621326,2.0,2.0,2.0,1.0,1.0,1.0,Fecha corte REPS: Mar 12 2026  3:11PM,True,True
15,Boyacá,15804,Tibaná,BOYACÁ,TIBANÁ,MUNICIPIO,121.6262047,121.62620469950035,5.301116294650012,-73.39325223180069,4.0,4.0,4.0,1.0,1.0,3.0,Fecha corte REPS: Mar 12 2026  3:11PM,True,True
15,Boyacá,15806,Tibasosa,BOYACÁ,TIBASOSA,MUNICIPIO,93.57969813,93.57969812887814,5.747327922546189,-73.0111439136011,3.0,3.0,3.0,1.0,1.0,2.0,Fecha corte REPS: Mar 12 2026  3:11PM,True,True
15,Boyacá,15808,Tinjacá,BOYACÁ,TINJACÁ,MUNICIPIO,79.63101216,79.63101215295563,5.577565992058032,-73.6761464727725,2.0,2.0,2.0,1.0,1.0,1.0,Fecha corte REPS: Mar 12 2026  3:11PM,True,True
15,Boyacá,15810,Tipacoque,BOYACÁ,TIPACOQUE,MUNICIPIO,71.79303975,71.79303975156331,6.420352716429461,-72.69463600049527,2.0,2.0,2.0,1.0,1.0,1.0,Fecha corte REPS: Mar 12 2026  3:11PM,True,True
15,Boyacá,15814,Toca,BOYACÁ,TOCA,MUNICIPIO,167.94119983,167.94119982930687,5.580253994545441,-73.16069689374321,3.0,3.0,3.0,1.0,1.0,2.0,Fecha corte REPS: Mar 12 2026  3:11PM,True,True
15,Boyacá,15816,Togüí,BOYACÁ,TOGÜÍ,MUNICIPIO,101.27760027,101.27760026214354,5.921828888936594,-73.48921734813698,2.0,2.0,2.0,1.0,1.0,1.0,Fecha corte REPS: Mar 12 2026  3:11PM,True,True
15,Boyacá,15820,Tópaga,BOYACÁ,TÓPAGA,MUNICIPIO,33.56032452,33.56032451787391,5.765350359067252,-72.83672985213371,1.0,1.0,1.0,1.0,1.0,0.0,Fecha corte REPS: Mar 12 2026  3:11PM,True,True
15,Boyacá,15822,Tota,BOYACÁ,TOTA,MUNICIPIO,195.66415882,195.66415881635737,5.489191234418834,-73.00534776470855,1.0,1.0,1.0,1.0,1.0,0.0,Fecha corte REPS: Mar 12 2026  3:11PM,True,True
15,Boyacá,15832,Tununguá,BOYACÁ,TUNUNGUÁ,MUNICIPIO,29.18229623,29.182296227068345,5.7203015468273435,-73.94330965318582,1.0,1.0,1.0,1.0,1.0,0.0,Fecha corte REPS: Mar 12 2026  3:11PM,True,True
15,Boyacá,15835,Turmequé,BOYACÁ,TURMEQUÉ,MUNICIPIO,79.57757792,79.57757792103806,5.305696337066221,-73.50908759998406,4.0,4.0,4.0,1.0,1.0,3.0,Fecha corte REPS: Mar 12 2026  3:11PM,True,True
15,Boyacá,15837,Tuta,BOYACÁ,TUTA,MUNICIPIO,165.2288456,165.22884559756122,5.6721901973755795,-73.18302952869884,4.0,4.0,4.0,1.0,1.0,3.0,Fecha corte REPS: Mar 12 2026  3:11PM,True,True
15,Boyacá,15839,Tutazá,BOYACÁ,TUTAZÁ,MUNICIPIO,121.76010562,121.76010561877132,6.078050602814183,-72.85707761125705,2.0,1.0,2.0,2.0,2.0,0.0,Fecha corte REPS: Mar 12 2026  3:11PM,True,True
15,Boyacá,15842,Úmbita,BOYACÁ,ÚMBITA,MUNICIPIO,145.84450242,145.8445024131407,5.217240112279446,-73.4633854210637,2.0,1.0,2.0,2.0,2.0,0.0,Fecha corte REPS: Mar 12 2026  3:11PM,True,True
15,Boyacá,15861,Ventaquemada,BOYACÁ,VENTAQUEMADA,MUNICIPIO,159.75372903,159.75372902870438,5.3833847007204145,-73.52098405339808,10.0,8.0,10.0,3.0,3.0,7.0,Fecha corte REPS: Mar 12 2026  3:11PM,True,True
15,Boyacá,15879,Viracachá,BOYACÁ,VIRACACHÁ,MUNICIPIO,62.46990588,62.46990588202332,5.44055830806211,-73.26627408308916,1.0,1.0,1.0,1.0,1.0,0.0,Fecha corte REPS: Mar 12 2026  3:11PM,True,True
15,Boyacá,15897,Zetaquira,BOYACÁ,ZETAQUIRA,MUNICIPIO,251.04176276,251.0417627496091,5.285636439150625,-73.16763781625998,2.0,2.0,2.0,1.0,1.0,1.0,Fecha corte REPS: Mar 12 2026  3:11PM,True,True
17,Caldas,17001,Manizales,CALDAS,MANIZALES,MUNICIPIO,440.85742016,440.85742015242516,5.083439299599098,-75.50729330714738,1168.0,1060.0,1168.0,221.0,25.0,1140.0,Fecha corte REPS: Mar 12 2026  3:11PM,True,True
17,Caldas,17013,Aguadas,CALDAS,AGUADAS,MUNICIPIO,475.56670665,475.5667066392512,5.596781312979126,-75.45035607969261,46.0,43.0,46.0,2.0,2.0,44.0,Fecha corte REPS: Mar 12 2026  3:11PM,True,True
17,Caldas,17042,Anserma,CALDAS,ANSERMA,MUNICIPIO,209.12217174,209.1221717391058,5.200293549268647,-75.7528913681718,43.0,42.0,43.0,6.0,1.0,42.0,Fecha corte REPS: Mar 12 2026  3:11PM,True,True
17,Caldas,17050,Aranzazu,CALDAS,ARANZAZU,MUNICIPIO,149.52709773,149.52709772495538,5.265540471467084,-75.47392860533117,8.0,8.0,8.0,1.0,1.0,7.0,Fecha corte REPS: Mar 12 2026  3:11PM,True,True
17,Caldas,17088,Belalcázar,CALDAS,BELALCÁZAR,MUNICIPIO,113.36904977,113.36904976828514,4.994656424674611,-75.8122792924548,8.0,8.0,8.0,1.0,1.0,7.0,Fecha corte REPS: Mar 12 2026  3:11PM,True,True
17,Caldas,17174,Chinchiná,CALDAS,CHINCHINÁ,MUNICIPIO,109.34740592,109.347405921142,4.987119629444062,-75.66712769188064,51.0,50.0,51.0,10.0,1.0,50.0,Fecha corte REPS: Mar 12 2026  3:11PM,True,True
17,Caldas,17272,Filadelfia,CALDAS,FILADELFIA,MUNICIPIO,192.55204294,192.55204294228136,5.285742089484322,-75.58978993394636,11.0,10.0,11.0,2.0,2.0,9.0,Fecha corte REPS: Mar 12 2026  3:11PM,True,True
17,Caldas,17380,La Dorada,CALDAS,LA DORADA,MUNICIPIO,548.77944852,548.779448501925,5.540495690542224,-74.71230031523578,126.0,117.0,126.0,42.0,8.0,118.0,Fecha corte REPS: Mar 12 2026  3:11PM,True,True
17,Caldas,17388,La Merced,CALDAS,LA MERCED,MUNICIPIO,88.58102532,88.58102532088864,5.393184141796672,-75.5579138420675,3.0,3.0,3.0,1.0,1.0,2.0,Fecha corte REPS: Mar 12 2026  3:11PM,True,True
17,Caldas,17433,Manzanares,CALDAS,MANZANARES,MUNICIPIO,197.80451298,197.80451297314275,5.232953219942018,-75.15263762832875,33.0,32.0,33.0,2.0,1.0,32.0,Fecha corte REPS: Mar 12 2026  3:11PM,True,True
17,Caldas,17442,Marmato,CALDAS,MARMATO,MUNICIPIO,36.85375223,36.853752225754555,5.492493200109422,-75.60223923603705,5.0,5.0,5.0,1.0,1.0,4.0,Fecha corte REPS: Mar 12 2026  3:11PM,True,True
17,Caldas,17444,Marquetalia,CALDAS,MARQUETALIA,MUNICIPIO,90.27740745,90.277407451742,5.309142979232124,-75.04118227897865,13.0,13.0,13.0,2.0,1.0,12.0,Fecha corte REPS: Mar 12 2026  3:11PM,True,True
17,Caldas,17446,Marulanda,CALDAS,MARULANDA,MUNICIPIO,376.09137899,376.09137898166176,5.23537538889432,-75.2831730808145,2.0,1.0,2.0,2.0,2.0,0.0,Fecha corte REPS: Mar 12 2026  3:11PM,True,True
17,Caldas,17486,Neira,CALDAS,NEIRA,MUNICIPIO,369.21758228,369.2175822716349,5.183366266339122,-75.50694245199395,23.0,22.0,23.0,3.0,1.0,22.0,Fecha corte REPS: Mar 12 2026  3:11PM,True,True
17,Caldas,17495,Norcasia,CALDAS,NORCASIA,MUNICIPIO,227.37857624,227.3785762363567,5.638057390393974,-74.8549348584313,3.0,3.0,3.0,2.0,1.0,2.0,Fecha corte REPS: Mar 12 2026  3:11PM,True,True
17,Caldas,17513,Pácora,CALDAS,PÁCORA,MUNICIPIO,257.192554,257.1925539934868,5.500027839185294,-75.48251315165747,17.0,16.0,17.0,3.0,2.0,15.0,Fecha corte REPS: Mar 12 2026  3:11PM,True,True
17,Caldas,17524,Palestina,CALDAS,PALESTINA,MUNICIPIO,112.22255293,112.22255292683442,5.050350228192276,-75.66176826259841,5.0,4.0,5.0,3.0,2.0,3.0,Fecha corte REPS: Mar 12 2026  3:11PM,True,True
17,Caldas,17541,Pensilvania,CALDAS,PENSILVANIA,MUNICIPIO,498.96002747,498.9600274568742,5.407100374403654,-75.16700059672549,18.0,14.0,18.0,5.0,5.0,13.0,Fecha corte REPS: Mar 12 2026  3:11PM,True,True
17,Caldas,17614,Riosucio,CALDAS,RIOSUCIO,MUNICIPIO,384.11145162,384.1114516177199,5.4422759694642595,-75.75220888617714,53.0,49.0,53.0,7.0,3.0,50.0,Fecha corte REPS: Mar 12 2026  3:11PM,True,True
17,Caldas,17616,Risaralda,CALDAS,RISARALDA,MUNICIPIO,89.87822097,89.87822096644774,5.112181243279141,-75.75884364017578,8.0,8.0,8.0,2.0,1.0,7.0,Fecha corte REPS: Mar 12 2026  3:11PM,True,True
17,Caldas,17653,Salamina,CALDAS,SALAMINA,MUNICIPIO,387.95879106,387.9587910493887,5.370331381688212,-75.40962186873985,16.0,15.0,16.0,4.0,2.0,14.0,Fecha corte REPS: Mar 12 2026  3:11PM,True,True
17,Caldas,17662,Samaná,CALDAS,SAMANÁ,MUNICIPIO,757.68422873,757.6842287098269,5.540268946614216,-74.99369072458938,14.0,12.0,14.0,4.0,3.0,11.0,Fecha corte REPS: Mar 12 2026  3:11PM,True,True
17,Caldas,17665,San José,CALDAS,SAN JOSÉ,MUNICIPIO,60.9360233,60.93602330131458,5.070702221025385,-75.8135176511712,1.0,1.0,1.0,1.0,1.0,0.0,Fecha corte REPS: Mar 12 2026  3:11PM,True,True
17,Caldas,17777,Supía,CALDAS,SUPÍA,MUNICIPIO,121.41987547,121.4198754724371,5.452953779178231,-75.64039644553678,30.0,28.0,30.0,4.0,2.0,28.0,Fecha corte REPS: Mar 12 2026  3:11PM,True,True
17,Caldas,17867,Victoria,CALDAS,VICTORIA,MUNICIPIO,558.46584794,558.4658479201836,5.447530993389679,-74.83623510611311,8.0,8.0,8.0,1.0,1.0,7.0,Fecha corte REPS: Mar 12 2026  3:11PM,True,True
17,Caldas,17873,Villamaría,CALDAS,VILLAMARÍA,MUNICIPIO,454.9145881,454.91458809750327,4.940215425411073,-75.43544432548906,42.0,42.0,42.0,6.0,1.0,41.0,Fecha corte REPS: Mar 12 2026  3:11PM,True,True
17,Caldas,17877,Viterbo,CALDAS,VITERBO,MUNICIPIO,112.86864805,112.8686480494191,5.047806795679717,-75.87930686971114,18.0,18.0,18.0,2.0,1.0,17.0,Fecha corte REPS: Mar 12 2026  3:11PM,True,True
18,Caquetá,18001,Florencia,CAQUETÁ,FLORENCIA,MUNICIPIO,2546.95197861,2546.9519785899292,1.7491034777516512,-75.5582519518278,221.0,201.0,221.0,72.0,6.0,215.0,Fecha corte REPS: Mar 12 2026  3:11PM,True,True
18,Caquetá,18029,Albania,CAQUETÁ,ALBANIA,MUNICIPIO,412.82768889,412.8276888968021,1.2275521341806046,-75.88212367210323,2.0,2.0,2.0,1.0,1.0,1.0,Fecha corte REPS: Mar 12 2026  3:11PM,True,True
18,Caquetá,18094,Belén de Los Andaquíes,CAQUETÁ,BELÉN DE LOS ANDAQUÍES,MUNICIPIO,1191.55218303,1191.552183056378,1.5009262500051894,-75.87565031628355,2.0,2.0,2.0,1.0,1.0,1.0,Fecha corte REPS: Mar 12 2026  3:11PM,True,True
18,Caquetá,18150,Cartagena del Chairá,CAQUETÁ,CARTAGENA DEL CHAIRÁ,MUNICIPIO,12771.36017224,12771.36017183183,0.6478280549157267,-74.27245153515763,15.0,13.0,15.0,5.0,3.0,12.0,Fecha corte REPS: Mar 12 2026  3:11PM,True,True
18,Caquetá,18205,Curillo,CAQUETÁ,CURILLO,MUNICIPIO,399.27948781,399.2794878227513,1.0583638634943633,-75.95237542602666,2.0,2.0,2.0,2.0,1.0,1.0,Fecha corte REPS: Mar 12 2026  3:11PM,True,True
18,Caquetá,18247,El Doncello,CAQUETÁ,EL DONCELLO,MUNICIPIO,1105.5148357,1105.5148356768957,1.791405484986144,-75.19392371909997,13.0,12.0,13.0,4.0,2.0,11.0,Fecha corte REPS: Mar 12 2026  3:11PM,True,True
18,Caquetá,18256,El Paujíl,CAQUETÁ,EL PAUJÍL,MUNICIPIO,1234.1406452,1234.1406451703526,1.6177609970101137,-75.23402025281845,6.0,6.0,6.0,2.0,1.0,5.0,Fecha corte REPS: Mar 12 2026  3:11PM,True,True
18,Caquetá,18410,La Montañita,CAQUETÁ,LA MONTAÑITA,MUNICIPIO,1700.25242613,1700.252426098579,1.302901635880513,-75.23573422789435,2.0,1.0,2.0,2.0,2.0,0.0,Fecha corte REPS: Mar 12 2026  3:11PM,True,True
18,Caquetá,18460,Milán,CAQUETÁ,MILÁN,MUNICIPIO,1220.11327787,1220.1132778502465,1.146703692348599,-75.38665591497517,2.0,1.0,2.0,2.0,2.0,0.0,Fecha corte REPS: Mar 12 2026  3:11PM,True,True
18,Caquetá,18479,Morelia,CAQUETÁ,MORELIA,MUNICIPIO,462.39187447,462.39187446586806,1.383002300150029,-75.67381221434943,1.0,1.0,1.0,1.0,1.0,0.0,Fecha corte REPS: Mar 12 2026  3:11PM,True,True
18,Caquetá,18592,Puerto Rico,CAQUETÁ,PUERTO RICO,MUNICIPIO,4143.96121053,4143.961210421829,2.0189310220023637,-75.07306052058733,11.0,8.0,11.0,7.0,3.0,8.0,Fecha corte REPS: Mar 12 2026  3:11PM,True,True
18,Caquetá,18610,San José del Fragua,CAQUETÁ,SAN JOSÉ DEL FRAGUA,MUNICIPIO,1310.24596747,1310.2459675316118,1.304352900204793,-76.10919232570586,4.0,3.0,4.0,3.0,2.0,2.0,Fecha corte REPS: Mar 12 2026  3:11PM,True,True
18,Caquetá,18753,San Vicente del Caguán,CAQUETÁ,SAN VICENTE DEL CAGUÁN,MUNICIPIO,20170.12860757,20170.128606925275,1.6065784024036456,-74.25335837557822,24.0,24.0,24.0,7.0,1.0,23.0,Fecha corte REPS: Mar 12 2026  3:11PM,True,True
18,Caquetá,18756,Solano,CAQUETÁ,SOLANO,MUNICIPIO,42233.52504309,42233.52504172977,0.21135773631679147,-73.12412069209073,2.0,2.0,2.0,2.0,1.0,1.0,Fecha corte REPS: Mar 12 2026  3:11PM,True,True
18,Caquetá,18785,Solita,CAQUETÁ,SOLITA,MUNICIPIO,476.83003907,476.8300390676239,0.9092687312694491,-75.63841377702909,2.0,2.0,2.0,1.0,1.0,1.0,Fecha corte REPS: Mar 12 2026  3:11PM,True,True
18,Caquetá,18860,Valparaíso,CAQUETÁ,VALPARAÍSO,MUNICIPIO,1329.91700229,1329.9170022911205,1.061306225323829,-75.62707621268055,2.0,2.0,2.0,1.0,1.0,1.0,Fecha corte REPS: Mar 12 2026  3:11PM,True,True
19,Cauca,19001,Popayán,CAUCA,POPAYÁN,MUNICIPIO,480.38140993,480.38141000886645,2.47171354830362,-76.59196295015252,658.0,595.0,658.0,237.0,25.0,633.0,Fecha corte REPS: Mar 12 2026  3:11PM,True,True
19,Cauca,19022,Almaguer,CAUCA,ALMAGUER,MUNICIPIO,236.85164778,236.85164784178343,1.9124405704386818,-76.83495037091971,4.0,1.0,4.0,4.0,4.0,0.0,Fecha corte REPS: Mar 12 2026  3:11PM,True,True
19,Cauca,19050,Argelia,CAUCA,ARGELIA,MUNICIPIO,776.45547675,776.4554771614526,2.329334296104961,-77.26315727065521,2.0,1.0,2.0,2.0,2.0,0.0,Fecha corte REPS: Mar 12 2026  3:11PM,True,True
19,Cauca,19075,Balboa,CAUCA,BALBOA,MUNICIPIO,413.55225644,413.5522566366274,2.0847312958532362,-77.20882263515789,4.0,4.0,4.0,4.0,1.0,3.0,Fecha corte REPS: Mar 12 2026  3:11PM,True,True
19,Cauca,19100,Bolívar,CAUCA,BOLÍVAR,MUNICIPIO,798.34942179,798.3494220474482,1.8539595658165886,-76.96337854918589,12.0,7.0,12.0,8.0,6.0,6.0,Fecha corte REPS: Mar 12 2026  3:11PM,True,True
19,Cauca,19110,Buenos Aires,CAUCA,BUENOS AIRES,MUNICIPIO,435.11899884,435.1189989241053,3.0459107308809363,-76.67901697089768,7.0,4.0,7.0,7.0,5.0,2.0,Fecha corte REPS: Mar 12 2026  3:11PM,True,True
19,Cauca,19130,Cajibío,CAUCA,CAJIBÍO,MUNICIPIO,552.55135728,552.5513573897383,2.6432196965674497,-76.70140736085781,7.0,4.0,7.0,5.0,4.0,3.0,Fecha corte REPS: Mar 12 2026  3:11PM,True,True
19,Cauca,19137,Caldono,CAUCA,CALDONO,MUNICIPIO,354.8557436,354.85574364433074,2.810328750886819,-76.46452545160376,5.0,3.0,5.0,5.0,4.0,1.0,Fecha corte REPS: Mar 12 2026  3:11PM,True,True
19,Cauca,19142,Caloto,CAUCA,CALOTO,MUNICIPIO,264.87140729,264.87140731267345,3.0451466680188193,-76.366448889736,7.0,7.0,7.0,3.0,2.0,5.0,Fecha corte REPS: Mar 12 2026  3:11PM,True,True
19,Cauca,19212,Corinto,CAUCA,CORINTO,MUNICIPIO,325.97543375,325.9754337690321,3.1367544281710993,-76.20965354848445,16.0,16.0,16.0,4.0,2.0,14.0,Fecha corte REPS: Mar 12 2026  3:11PM,True,True
19,Cauca,19256,El Tambo,CAUCA,EL TAMBO,MUNICIPIO,2741.48348416,2741.4834851220535,2.5345024203305777,-77.0051456426405,19.0,10.0,19.0,10.0,10.0,9.0,Fecha corte REPS: Mar 12 2026  3:11PM,True,True
19,Cauca,19290,Florencia,CAUCA,FLORENCIA,MUNICIPIO,56.69489339,56.69489341579742,1.6945333051351075,-77.08735971800145,1.0,1.0,1.0,1.0,1.0,0.0,Fecha corte REPS: Mar 12 2026  3:11PM,True,True
19,Cauca,19300,Guachené,CAUCA,GUACHENÉ,MUNICIPIO,100.68760159,100.68760160433551,3.1446725383639262,-76.39174144407087,6.0,6.0,6.0,2.0,1.0,5.0,Fecha corte REPS: Mar 12 2026  3:11PM,True,True
19,Cauca,19318,Guapi,CAUCA,GUAPI,MUNICIPIO,2570.88669406,2570.8866965677703,2.4132815255745554,-77.69051413690633,12.0,9.0,12.0,9.0,2.0,10.0,Fecha corte REPS: Mar 12 2026  3:11PM,True,True
19,Cauca,19355,Inzá,CAUCA,INZÁ,MUNICIPIO,866.41158692,866.4115869689394,2.499047454611789,-76.13764216860537,5.0,4.0,5.0,3.0,3.0,2.0,Fecha corte REPS: Mar 12 2026  3:11PM,True,True
19,Cauca,19364,Jambaló,CAUCA,JAMBALÓ,MUNICIPIO,234.48711138,234.48711140462507,2.849801857369914,-76.31124989905483,2.0,2.0,2.0,2.0,2.0,0.0,Fecha corte REPS: Mar 12 2026  3:11PM,True,True
19,Cauca,19392,La Sierra,CAUCA,LA SIERRA,MUNICIPIO,208.46741933,208.4674193800987,2.187478689156169,-76.78229559510324,1.0,1.0,1.0,1.0,1.0,0.0,Fecha corte REPS: Mar 12 2026  3:11PM,True,True
19,Cauca,19397,La Vega,CAUCA,LA VEGA,MUNICIPIO,516.346935,516.3469351220624,2.0539386205810213,-76.75881751441526,6.0,3.0,6.0,5.0,4.0,2.0,Fecha corte REPS: Mar 12 2026  3:11PM,True,True
19,Cauca,19418,López de Micay,CAUCA,LÓPEZ DE MICAY,MUNICIPIO,3370.43107408,3370.4310757754306,3.0015619773049966,-77.21856998040452,7.0,2.0,7.0,6.0,6.0,1.0,Fecha corte REPS: Mar 12 2026  3:11PM,True,True
19,Cauca,19450,Mercaderes,CAUCA,MERCADERES,MUNICIPIO,698.54501595,698.5450162789214,1.793820219071623,-77.18061737719056,9.0,8.0,9.0,5.0,2.0,7.0,Fecha corte REPS: Mar 12 2026  3:11PM,True,True
19,Cauca,19455,Miranda,CAUCA,MIRANDA,MUNICIPIO,189.71392179,189.71392180403154,3.228243319696143,-76.21672086697959,18.0,18.0,18.0,5.0,2.0,16.0,Fecha corte REPS: Mar 12 2026  3:11PM,True,True
19,Cauca,19473,Morales,CAUCA,MORALES,MUNICIPIO,511.74106646,511.7410665693135,2.8147758234859426,-76.75098129719665,6.0,6.0,6.0,3.0,2.0,4.0,Fecha corte REPS: Mar 12 2026  3:11PM,True,True
19,Cauca,19513,Padilla,CAUCA,PADILLA,MUNICIPIO,69.70042686,69.7004268679398,3.1947301590386266,-76.33624235569428,1.0,1.0,1.0,1.0,1.0,0.0,Fecha corte REPS: Mar 12 2026  3:11PM,True,True
19,Cauca,19517,Páez,CAUCA,PÁEZ,MUNICIPIO,1793.1781932,1793.1781932590081,2.7338977427665014,-75.99369905017531,4.0,3.0,4.0,3.0,3.0,1.0,Fecha corte REPS: Mar 12 2026  3:11PM,True,True
19,Cauca,19532,Patía,CAUCA,PATÍA,MUNICIPIO,755.84135545,755.8413557405761,2.148157100717413,-77.05793702803805,19.0,19.0,19.0,5.0,1.0,18.0,Fecha corte REPS: Mar 12 2026  3:11PM,True,True
19,Cauca,19533,Piamonte,CAUCA,PIAMONTE,MUNICIPIO,1105.00523529,1105.005235386987,1.152299570934375,-76.30549039797339,3.0,2.0,3.0,2.0,2.0,1.0,Fecha corte REPS: Mar 12 2026  3:11PM,True,True
19,Cauca,19548,Piendamó - Tunía,CAUCA,PIENDAMÓ - TUNÍA,MUNICIPIO,181.34033649,181.34033651315804,2.7144575485931237,-76.56471996255513,28.0,27.0,28.0,13.0,4.0,24.0,Fecha corte REPS: Mar 12 2026  3:11PM,True,True
19,Cauca,19573,Puerto Tejada,CAUCA,PUERTO TEJADA,MUNICIPIO,109.21638333,109.21638333715491,3.2667022022465204,-76.41846403559896,29.0,28.0,29.0,13.0,1.0,28.0,Fecha corte REPS: Mar 12 2026  3:11PM,True,True
19,Cauca,19585,Puracé,CAUCA,PURACÉ,MUNICIPIO,848.55229442,848.5522945102908,2.281772343207231,-76.37119376456397,3.0,1.0,3.0,3.0,3.0,0.0,Fecha corte REPS: Mar 12 2026  3:11PM,True,True
19,Cauca,19622,Rosas,CAUCA,ROSAS,MUNICIPIO,169.1801302,169.1801302378663,2.2508791618803765,-76.75293387507656,4.0,4.0,4.0,3.0,1.0,3.0,Fecha corte REPS: Mar 12 2026  3:11PM,True,True
19,Cauca,19693,San Sebastián,CAUCA,SAN SEBASTIÁN,MUNICIPIO,419.24427683,419.2442769166474,1.8562524033443242,-76.71653886915138,5.0,1.0,5.0,5.0,5.0,0.0,Fecha corte REPS: Mar 12 2026  3:11PM,True,True
19,Cauca,19698,Santander de Quilichao,CAUCA,SANTANDER DE QUILICHAO,MUNICIPIO,518.3268192,518.3268192684019,2.984461354813536,-76.4987440942705,131.0,117.0,131.0,46.0,11.0,120.0,Fecha corte REPS: Mar 12 2026  3:11PM,True,True
19,Cauca,19701,Santa Rosa,CAUCA,SANTA ROSA,MUNICIPIO,3620.7558342,3620.755834758448,1.52003226579313,-76.53882272769206,3.0,1.0,3.0,3.0,3.0,0.0,Fecha corte REPS: Mar 12 2026  3:11PM,True,True
19,Cauca,19743,Silvia,CAUCA,SILVIA,MUNICIPIO,681.16538102,681.1653810804136,2.65129020639199,-76.35058660731353,10.0,9.0,10.0,4.0,4.0,6.0,Fecha corte REPS: Mar 12 2026  3:11PM,True,True
19,Cauca,19760,Sotará Paispamba,CAUCA,SOTARÁ PAISPAMBA,MUNICIPIO,516.12706281,516.1270628995234,2.231808068818433,-76.61145793881737,2.0,2.0,2.0,2.0,2.0,0.0,Fecha corte REPS: Mar 12 2026  3:11PM,True,True
19,Cauca,19780,Suárez,CAUCA,SUÁREZ,MUNICIPIO,392.58805417,392.5880542538454,2.936863439598066,-76.7458269281042,2.0,2.0,2.0,1.0,1.0,1.0,Fecha corte REPS: Mar 12 2026  3:11PM,True,True
19,Cauca,19785,Sucre,CAUCA,SUCRE,MUNICIPIO,135.95852851,135.95852855063276,2.0577348201327315,-76.90994079909956,1.0,1.0,1.0,1.0,1.0,0.0,Fecha corte REPS: Mar 12 2026  3:11PM,True,True
19,Cauca,19807,Timbío,CAUCA,TIMBÍO,MUNICIPIO,201.41943598,201.4194360234754,2.3696001960843116,-76.71052405412031,13.0,11.0,13.0,7.0,3.0,10.0,Fecha corte REPS: Mar 12 2026  3:11PM,True,True
19,Cauca,19809,Timbiquí,CAUCA,TIMBIQUÍ,MUNICIPIO,2059.78549577,2059.7854972867563,2.699495371128861,-77.4913511199251,13.0,4.0,13.0,11.0,9.0,4.0,Fecha corte REPS: Mar 12 2026  3:11PM,True,True
19,Cauca,19821,Toribío,CAUCA,TORIBÍO,MUNICIPIO,492.22488979,492.2248898220177,2.9757654938051292,-76.20332801623078,5.0,3.0,5.0,4.0,4.0,1.0,Fecha corte REPS: Mar 12 2026  3:11PM,True,True
19,Cauca,19824,Totoró,CAUCA,TOTORÓ,MUNICIPIO,404.59363904,404.59363907801867,2.5045080768164327,-76.39049599421759,4.0,3.0,4.0,4.0,4.0,0.0,Fecha corte REPS: Mar 12 2026  3:11PM,True,True
19,Cauca,19845,Villa Rica,CAUCA,VILLA RICA,MUNICIPIO,81.60825159,81.6082515991853,3.1805950825744564,-76.46448450872754,5.0,5.0,5.0,1.0,1.0,4.0,Fecha corte REPS: Mar 12 2026  3:11PM,True,True
20,Cesar,20001,Valledupar,CESAR,VALLEDUPAR,MUNICIPIO,4181.85407914,4181.854079011679,10.382133590873448,-73.46333359929359,767.0,680.0,767.0,330.0,36.0,731.0,Fecha corte REPS: Mar 12 2026  3:11PM,True,True
20,Cesar,20011,Aguachica,CESAR,AGUACHICA,MUNICIPIO,876.32205496,876.3220549335434,8.248691147752556,-73.62277475360403,155.0,135.0,155.0,67.0,13.0,142.0,Fecha corte REPS: Mar 12 2026  3:11PM,True,True
20,Cesar,20013,Agustín Codazzi,CESAR,AGUSTÍN CODAZZI,MUNICIPIO,1749.93521488,1749.93521482461,9.949223264019594,-73.22366592779417,34.0,28.0,34.0,18.0,3.0,31.0,Fecha corte REPS: Mar 12 2026  3:11PM,True,True
20,Cesar,20032,Astrea,CESAR,ASTREA,MUNICIPIO,637.04769476,637.0476947367025,9.510728491316602,-73.94215907159213,8.0,6.0,8.0,3.0,3.0,5.0,Fecha corte REPS: Mar 12 2026  3:11PM,True,True
20,Cesar,20045,Becerril,CESAR,BECERRIL,MUNICIPIO,1223.21652305,1223.2165230148807,9.727763418412492,-73.25254070566788,8.0,6.0,8.0,5.0,3.0,5.0,Fecha corte REPS: Mar 12 2026  3:11PM,True,True
20,Cesar,20060,Bosconia,CESAR,BOSCONIA,MUNICIPIO,585.79761224,585.7976122189267,9.946276315591959,-73.86626115244805,23.0,21.0,23.0,12.0,1.0,22.0,Fecha corte REPS: Mar 12 2026  3:11PM,True,True
20,Cesar,20175,Chimichagua,CESAR,CHIMICHAGUA,MUNICIPIO,1374.41311077,1374.4131107322492,9.218773395045504,-73.75261380265341,16.0,9.0,16.0,10.0,8.0,8.0,Fecha corte REPS: Mar 12 2026  3:11PM,True,True
20,Cesar,20178,Chiriguaná,CESAR,CHIRIGUANÁ,MUNICIPIO,1112.70451259,1112.7045125520572,9.426660756235913,-73.5479820120622,19.0,15.0,19.0,11.0,5.0,14.0,Fecha corte REPS: Mar 12 2026  3:11PM,True,True
20,Cesar,20228,Curumaní,CESAR,CURUMANÍ,MUNICIPIO,913.6968796,913.6968795745682,9.238767757883368,-73.48813131910669,22.0,15.0,22.0,13.0,8.0,14.0,Fecha corte REPS: Mar 12 2026  3:11PM,True,True
20,Cesar,20238,El Copey,CESAR,EL COPEY,MUNICIPIO,955.14980433,955.1498043061358,10.199930965146532,-73.91284691385798,11.0,7.0,11.0,8.0,4.0,7.0,Fecha corte REPS: Mar 12 2026  3:11PM,True,True
20,Cesar,20250,El Paso,CESAR,EL PASO,MUNICIPIO,812.30843994,812.3084399158761,9.681718342103807,-73.69342422644863,20.0,14.0,20.0,12.0,6.0,14.0,Fecha corte REPS: Mar 12 2026  3:11PM,True,True
20,Cesar,20295,Gamarra,CESAR,GAMARRA,MUNICIPIO,326.39253817,326.39253816475207,8.337708899094432,-73.70650133448278,4.0,1.0,4.0,4.0,4.0,0.0,Fecha corte REPS: Mar 12 2026  3:11PM,True,True
20,Cesar,20310,González,CESAR,GONZÁLEZ,MUNICIPIO,72.5738924,72.573892402036,8.405945556997276,-73.37540342454294,2.0,1.0,2.0,2.0,2.0,0.0,Fecha corte REPS: Mar 12 2026  3:11PM,True,True
20,Cesar,20383,La Gloria,CESAR,LA GLORIA,MUNICIPIO,801.6368991,801.6368990757263,8.621321910489772,-73.63312027617587,8.0,5.0,8.0,4.0,4.0,4.0,Fecha corte REPS: Mar 12 2026  3:11PM,True,True
20,Cesar,20400,La Jagua de Ibirico,CESAR,LA JAGUA DE IBIRICO,MUNICIPIO,754.59204306,754.5920430344507,9.551353152825737,-73.32068746758927,31.0,27.0,31.0,16.0,4.0,27.0,Fecha corte REPS: Mar 12 2026  3:11PM,True,True
20,Cesar,20443,Manaure Balcón del Cesar,CESAR,MANAURE BALCÓN DEL CESAR,MUNICIPIO,136.51556953,136.51556952337575,10.390960469351523,-72.99168550815588,3.0,3.0,3.0,2.0,1.0,2.0,Fecha corte REPS: Mar 12 2026  3:11PM,True,True
20,Cesar,20517,Pailitas,CESAR,PAILITAS,MUNICIPIO,530.92854575,530.9285457369567,8.938914472179919,-73.57245392766896,20.0,17.0,20.0,6.0,4.0,16.0,Fecha corte REPS: Mar 12 2026  3:11PM,True,True
20,Cesar,20550,Pelaya,CESAR,PELAYA,MUNICIPIO,422.74639374,422.7463937307081,8.7641167174707,-73.63298005534352,9.0,7.0,9.0,4.0,3.0,6.0,Fecha corte REPS: Mar 12 2026  3:11PM,True,True
20,Cesar,20570,Pueblo Bello,CESAR,PUEBLO BELLO,MUNICIPIO,742.63590081,742.6359007927356,10.466934137310496,-73.5885688090886,7.0,5.0,7.0,5.0,2.0,5.0,Fecha corte REPS: Mar 12 2026  3:11PM,True,True
20,Cesar,20614,Río de Oro,CESAR,RÍO DE ORO,MUNICIPIO,517.8338352,517.8338351865355,8.200287260019294,-73.49137576833267,14.0,10.0,14.0,8.0,5.0,9.0,Fecha corte REPS: Mar 12 2026  3:11PM,True,True
20,Cesar,20621,La Paz,CESAR,LA PAZ,MUNICIPIO,1071.14632906,1071.1463290301658,10.164215477453157,-73.19094015901484,10.0,8.0,10.0,7.0,3.0,7.0,Fecha corte REPS: Mar 12 2026  3:11PM,True,True
20,Cesar,20710,San Alberto,CESAR,SAN ALBERTO,MUNICIPIO,549.30141984,549.301419819416,7.8143858889845195,-73.45374138639995,25.0,20.0,25.0,13.0,5.0,20.0,Fecha corte REPS: Mar 12 2026  3:11PM,True,True
20,Cesar,20750,San Diego,CESAR,SAN DIEGO,MUNICIPIO,644.86283576,644.8628357419664,10.169512856243964,-73.28805413569911,14.0,7.0,14.0,9.0,8.0,6.0,Fecha corte REPS: Mar 12 2026  3:11PM,True,True
20,Cesar,20770,San Martín,CESAR,SAN MARTÍN,MUNICIPIO,991.70625504,991.7062550123428,7.937781951799645,-73.54439141302542,17.0,11.0,17.0,11.0,7.0,10.0,Fecha corte REPS: Mar 12 2026  3:11PM,True,True
20,Cesar,20787,Tamalameque,CESAR,TAMALAMEQUE,MUNICIPIO,512.61672328,512.616723268057,8.902068993926967,-73.76338373407576,11.0,5.0,11.0,8.0,7.0,4.0,Fecha corte REPS: Mar 12 2026  3:11PM,True,True
23,Córdoba,23001,Montería,CÓRDOBA,MONTERÍA,MUNICIPIO,3136.76057804,3136.760578084362,8.584659059801696,-75.95052937718266,784.0,650.0,784.0,391.0,51.0,733.0,Fecha corte REPS: Mar 12 2026  3:11PM,True,True
23,Córdoba,23068,Ayapel,CÓRDOBA,AYAPEL,MUNICIPIO,1963.61461935,1963.6146192994506,8.26575374671851,-75.04871885072482,9.0,9.0,9.0,8.0,1.0,8.0,Fecha corte REPS: Mar 12 2026  3:11PM,True,True
23,Córdoba,23079,Buenavista,CÓRDOBA,BUENAVISTA,MUNICIPIO,834.61538337,834.6153833582712,8.191387044154814,-75.43384001142819,6.0,5.0,6.0,5.0,2.0,4.0,Fecha corte REPS: Mar 12 2026  3:11PM,True,True
23,Córdoba,23090,Canalete,CÓRDOBA,CANALETE,MUNICIPIO,420.10165072,420.10165074178894,8.724091843689473,-76.23780083339396,3.0,2.0,3.0,3.0,2.0,1.0,Fecha corte REPS: Mar 12 2026  3:11PM,True,True
23,Córdoba,23162,Cereté,CÓRDOBA,CERETÉ,MUNICIPIO,290.84733066,290.8473306565431,8.891022895300134,-75.83458718659408,59.0,48.0,59.0,40.0,11.0,48.0,Fecha corte REPS: Mar 12 2026  3:11PM,True,True
23,Córdoba,23168,Chimá,CÓRDOBA,CHIMÁ,MUNICIPIO,323.89201948,323.89201947988266,9.110246709033172,-75.65238783819642,3.0,3.0,3.0,2.0,2.0,1.0,Fecha corte REPS: Mar 12 2026  3:11PM,True,True
23,Córdoba,23182,Chinú,CÓRDOBA,CHINÚ,MUNICIPIO,625.96229503,625.962295018054,9.027507925161327,-75.3566925224993,31.0,24.0,31.0,16.0,7.0,24.0,Fecha corte REPS: Mar 12 2026  3:11PM,True,True
23,Córdoba,23189,Ciénaga de Oro,CÓRDOBA,CIÉNAGA DE ORO,MUNICIPIO,641.06955235,641.0695523437879,8.841788864350749,-75.60778072163966,26.0,18.0,26.0,16.0,9.0,17.0,Fecha corte REPS: Mar 12 2026  3:11PM,True,True
23,Córdoba,23300,Cotorra,CÓRDOBA,COTORRA,MUNICIPIO,88.09851983,88.0985198250924,9.056991499630108,-75.77888233546153,4.0,4.0,4.0,3.0,1.0,3.0,Fecha corte REPS: Mar 12 2026  3:11PM,True,True
23,Córdoba,23350,La Apartada,CÓRDOBA,LA APARTADA,MUNICIPIO,286.90971332,286.9097133110441,8.05221449591983,-75.28816892138543,2.0,2.0,2.0,1.0,1.0,1.0,Fecha corte REPS: Mar 12 2026  3:11PM,True,True
23,Córdoba,23417,Lorica,CÓRDOBA,LORICA,MUNICIPIO,950.98464286,950.9846428678026,9.165022052541875,-75.909808604333,79.0,66.0,79.0,47.0,13.0,66.0,Fecha corte REPS: Mar 12 2026  3:11PM,True,True
23,Córdoba,23419,Los Córdobas,CÓRDOBA,LOS CÓRDOBAS,MUNICIPIO,366.13028972,366.1302897390433,8.839036859606292,-76.29494613082007,2.0,2.0,2.0,1.0,1.0,1.0,Fecha corte REPS: Mar 12 2026  3:11PM,True,True
23,Córdoba,23464,Momil,CÓRDOBA,MOMIL,MUNICIPIO,158.7245875,158.72458749559075,9.265457284250182,-75.65091227659119,12.0,7.0,12.0,9.0,7.0,5.0,Fecha corte REPS: Mar 12 2026  3:11PM,True,True
23,Córdoba,23466,Montelíbano,CÓRDOBA,MONTELÍBANO,MUNICIPIO,1550.75658308,1550.7565830859921,7.886254575362122,-75.76084256443121,63.0,57.0,63.0,36.0,4.0,59.0,Fecha corte REPS: Mar 12 2026  3:11PM,True,True
23,Córdoba,23500,Moñitos,CÓRDOBA,MOÑITOS,MUNICIPIO,203.35671499,203.35671499250444,9.190526257392756,-76.11926965998664,6.0,4.0,6.0,4.0,3.0,3.0,Fecha corte REPS: Mar 12 2026  3:11PM,True,True
23,Córdoba,23555,Planeta Rica,CÓRDOBA,PLANETA RICA,MUNICIPIO,1140.11603382,1140.1160338112852,8.290253841536687,-75.61239927997694,62.0,50.0,62.0,27.0,9.0,53.0,Fecha corte REPS: Mar 12 2026  3:11PM,True,True
23,Córdoba,23570,Pueblo Nuevo,CÓRDOBA,PUEBLO NUEVO,MUNICIPIO,848.94547079,848.9454707766909,8.48135482218943,-75.40515361574471,22.0,11.0,22.0,17.0,10.0,12.0,Fecha corte REPS: Mar 12 2026  3:11PM,True,True
23,Córdoba,23574,Puerto Escondido,CÓRDOBA,PUERTO ESCONDIDO,MUNICIPIO,411.16858659,411.1685866038963,8.988663520726021,-76.19408555741319,7.0,6.0,7.0,5.0,2.0,5.0,Fecha corte REPS: Mar 12 2026  3:11PM,True,True
23,Córdoba,23580,Puerto Libertador,CÓRDOBA,PUERTO LIBERTADOR,MUNICIPIO,1647.26988385,1647.2698838518281,7.711444647197386,-75.77129681170196,15.0,13.0,15.0,10.0,2.0,13.0,Fecha corte REPS: Mar 12 2026  3:11PM,True,True
23,Córdoba,23586,Purísima de La Concepción,CÓRDOBA,PURÍSIMA DE LA CONCEPCIÓN,MUNICIPIO,117.71157813,117.71157813150549,9.282380347061064,-75.72130024360439,11.0,6.0,11.0,8.0,6.0,5.0,Fecha corte REPS: Mar 12 2026  3:11PM,True,True
23,Córdoba,23660,Sahagún,CÓRDOBA,SAHAGÚN,MUNICIPIO,964.45878899,964.4587889747334,8.798980543601914,-75.42925783829232,118.0,84.0,118.0,62.0,33.0,85.0,Fecha corte REPS: Mar 12 2026  3:11PM,True,True
23,Córdoba,23670,San Andrés Sotavento,CÓRDOBA,SAN ANDRÉS DE SOTAVENTO,MUNICIPIO,206.68851358,206.68851357676678,9.121289401322686,-75.52094388963789,16.0,13.0,16.0,13.0,4.0,12.0,Fecha corte REPS: Mar 12 2026  3:11PM,True,True
23,Córdoba,23672,San Antero,CÓRDOBA,SAN ANTERO,MUNICIPIO,207.42674387,207.42674387228374,9.359660670633444,-75.78701905444441,4.0,4.0,4.0,3.0,1.0,3.0,Fecha corte REPS: Mar 12 2026  3:11PM,True,True
23,Córdoba,23675,San Bernardo del Viento,CÓRDOBA,SAN BERNARDO DEL VIENTO,MUNICIPIO,315.47938585,315.4793858530645,9.32999370770032,-75.97625587312022,20.0,11.0,20.0,16.0,10.0,10.0,Fecha corte REPS: Mar 12 2026  3:11PM,True,True
23,Córdoba,23678,San Carlos,CÓRDOBA,SAN CARLOS,MUNICIPIO,446.5979458,446.5979457978865,8.706415213461351,-75.69250145637169,3.0,2.0,3.0,3.0,2.0,1.0,Fecha corte REPS: Mar 12 2026  3:11PM,True,True
23,Córdoba,23682,San José de Uré,CÓRDOBA,SAN JOSÉ DE URÉ,MUNICIPIO,525.50100271,525.5010027061255,7.753031371330151,-75.56726934479158,1.0,1.0,1.0,1.0,0.0,1.0,Fecha corte REPS: Mar 12 2026  3:11PM,True,True
23,Córdoba,23686,San Pelayo,CÓRDOBA,SAN PELAYO,MUNICIPIO,445.55599877,445.55599877360567,8.987794233565777,-75.90958071822303,21.0,10.0,21.0,18.0,12.0,9.0,Fecha corte REPS: Mar 12 2026  3:11PM,True,True
23,Córdoba,23807,Tierralta,CÓRDOBA,TIERRALTA,MUNICIPIO,4938.15616991,4938.156170121174,7.813718029760693,-76.16860433391024,28.0,21.0,28.0,23.0,7.0,21.0,Fecha corte REPS: Mar 12 2026  3:11PM,True,True
23,Córdoba,23815,Tuchín,CÓRDOBA,TUCHÍN,MUNICIPIO,106.35289287,106.3528928657053,9.22463748122958,-75.54410526342024,7.0,3.0,7.0,7.0,5.0,2.0,Fecha corte REPS: Mar 12 2026  3:11PM,True,True
23,Córdoba,23855,Valencia,CÓRDOBA,VALENCIA,MUNICIPIO,919.47665805,919.4766580869172,8.219871864246935,-76.2213629579212,16.0,8.0,16.0,14.0,9.0,7.0,Fecha corte REPS: Mar 12 2026  3:11PM,True,True
25,Cundinamarca,25001,Agua de Dios,CUNDINAMARCA,AGUA DE DIOS,MUNICIPIO,85.88512003,85.88512003104779,4.372751852887292,-74.67127125471801,3.0,3.0,3.0,2.0,2.0,1.0,Fecha corte REPS: Mar 12 2026  3:11PM,True,True
25,Cundinamarca,25019,Albán,CUNDINAMARCA,ALBÁN,MUNICIPIO,50.78390958,50.783909581881595,4.8911211359702325,-74.4427837804243,1.0,1.0,1.0,1.0,1.0,0.0,Fecha corte REPS: Mar 12 2026  3:11PM,True,True
25,Cundinamarca,25035,Anapoima,CUNDINAMARCA,ANAPOIMA,MUNICIPIO,123.83748385,123.83748384532801,4.55996218263858,-74.52569401553781,17.0,13.0,17.0,5.0,3.0,14.0,Fecha corte REPS: Mar 12 2026  3:11PM,True,True
25,Cundinamarca,25040,Anolaima,CUNDINAMARCA,ANOLAIMA,MUNICIPIO,120.83120865,120.83120864965156,4.789312776235577,-74.46194403603545,7.0,6.0,7.0,2.0,2.0,5.0,Fecha corte REPS: Mar 12 2026  3:11PM,True,True
25,Cundinamarca,25053,Arbeláez,CUNDINAMARCA,ARBELÁEZ,MUNICIPIO,142.30946707,142.30946706748693,4.232790038149861,-74.39576286706898,6.0,6.0,6.0,2.0,2.0,4.0,Fecha corte REPS: Mar 12 2026  3:11PM,True,True
25,Cundinamarca,25086,Beltrán,CUNDINAMARCA,BELTRÁN,MUNICIPIO,176.71154158,176.71154157815718,4.719677652025179,-74.7563225754167,2.0,1.0,2.0,2.0,2.0,0.0,Fecha corte REPS: Mar 12 2026  3:11PM,True,True
25,Cundinamarca,25095,Bituima,CUNDINAMARCA,BITUIMA,MUNICIPIO,60.98904347,60.98904347015489,4.847818295744413,-74.52862800008627,1.0,1.0,1.0,1.0,1.0,0.0,Fecha corte REPS: Mar 12 2026  3:11PM,True,True
25,Cundinamarca,25099,Bojacá,CUNDINAMARCA,BOJACÁ,MUNICIPIO,102.20924552,102.2092455157736,4.691667813777772,-74.32898700167827,4.0,4.0,4.0,1.0,1.0,3.0,Fecha corte REPS: Mar 12 2026  3:11PM,True,True
25,Cundinamarca,25120,Cabrera,CUNDINAMARCA,CABRERA,MUNICIPIO,421.41640126,421.41640124914636,3.918615052148726,-74.44615766687123,1.0,1.0,1.0,1.0,1.0,0.0,Fecha corte REPS: Mar 12 2026  3:11PM,True,True
25,Cundinamarca,25123,Cachipay,CUNDINAMARCA,CACHIPAY,MUNICIPIO,53.39938091,53.39938090608066,4.723062557589717,-74.4591975034061,6.0,5.0,6.0,2.0,2.0,4.0,Fecha corte REPS: Mar 12 2026  3:11PM,True,True
25,Cundinamarca,25126,Cajicá,CUNDINAMARCA,CAJICÁ,MUNICIPIO,50.80706606,50.80706605884791,4.930703577081034,-74.0297326234702,385.0,379.0,385.0,60.0,2.0,383.0,Fecha corte REPS: Mar 12 2026  3:11PM,True,True
25,Cundinamarca,25148,Caparrapí,CUNDINAMARCA,CAPARRAPÍ,MUNICIPIO,615.07868514,615.0786851252783,5.3814861020064555,-74.52124199730714,6.0,6.0,6.0,2.0,1.0,5.0,Fecha corte REPS: Mar 12 2026  3:11PM,True,True
25,Cundinamarca,25151,Cáqueza,CUNDINAMARCA,CÁQUEZA,MUNICIPIO,111.35818475,111.35818474492567,4.402259159821941,-73.94482460956328,22.0,22.0,22.0,3.0,1.0,21.0,Fecha corte REPS: Mar 12 2026  3:11PM,True,True
25,Cundinamarca,25154,Carmen de Carupa,CUNDINAMARCA,CARMEN DE CARUPA,MUNICIPIO,298.14723763,298.1472376157331,5.338851582848436,-73.92615059488317,3.0,3.0,3.0,1.0,1.0,2.0,Fecha corte REPS: Mar 12 2026  3:11PM,True,True
25,Cundinamarca,25168,Chaguaní,CUNDINAMARCA,CHAGUANÍ,MUNICIPIO,171.87468823,171.87468822637564,4.954252572288776,-74.63090216937005,2.0,2.0,2.0,1.0,1.0,1.0,Fecha corte REPS: Mar 12 2026  3:11PM,True,True
25,Cundinamarca,25175,Chía,CUNDINAMARCA,CHÍA,MUNICIPIO,80.39735567,80.39735567066514,4.865625154847146,-74.0369631878352,488.0,462.0,488.0,116.0,1.0,487.0,Fecha corte REPS: Mar 12 2026  3:11PM,True,True
25,Cundinamarca,25178,Chipaque,CUNDINAMARCA,CHIPAQUE,MUNICIPIO,150.360199,150.36019899808508,4.425775812165916,-74.05947273868904,5.0,5.0,5.0,1.0,2.0,3.0,Fecha corte REPS: Mar 12 2026  3:11PM,True,True
25,Cundinamarca,25181,Choachí,CUNDINAMARCA,CHOACHÍ,MUNICIPIO,212.13246907,212.1324690633475,4.582965080085946,-73.91288013547458,11.0,11.0,11.0,3.0,1.0,10.0,Fecha corte REPS: Mar 12 2026  3:11PM,True,True
25,Cundinamarca,25183,Chocontá,CUNDINAMARCA,CHOCONTÁ,MUNICIPIO,299.65663425,299.6566342419512,5.118446689428937,-73.68067750478144,15.0,15.0,15.0,5.0,1.0,14.0,Fecha corte REPS: Mar 12 2026  3:11PM,True,True
25,Cundinamarca,25200,Cogua,CUNDINAMARCA,COGUA,MUNICIPIO,132.68395837,132.68395836172087,5.103122567759994,-73.97537643483433,15.0,15.0,15.0,1.0,1.0,14.0,Fecha corte REPS: Mar 12 2026  3:11PM,True,True
25,Cundinamarca,25214,Cota,CUNDINAMARCA,COTA,MUNICIPIO,53.64528181,53.64528180710618,4.78830689670055,-74.12337611404735,58.0,58.0,58.0,9.0,1.0,57.0,Fecha corte REPS: Mar 12 2026  3:11PM,True,True
25,Cundinamarca,25224,Cucunubá,CUNDINAMARCA,CUCUNUBÁ,MUNICIPIO,109.6818412,109.6818411949639,5.230307293014185,-73.78002104573753,2.0,2.0,2.0,1.0,1.0,1.0,Fecha corte REPS: Mar 12 2026  3:11PM,True,True
25,Cundinamarca,25245,El Colegio,CUNDINAMARCA,EL COLEGIO,MUNICIPIO,118.15874527,118.1587452630305,4.556946295706132,-74.42658604854581,25.0,21.0,25.0,9.0,4.0,21.0,Fecha corte REPS: Mar 12 2026  3:11PM,True,True
25,Cundinamarca,25258,El Peñón,CUNDINAMARCA,EL PEÑÓN,MUNICIPIO,133.94407231,133.94407231034646,5.2617268749523225,-74.30830646736294,1.0,1.0,1.0,1.0,1.0,0.0,Fecha corte REPS: Mar 12 2026  3:11PM,True,True
25,Cundinamarca,25260,El Rosal,CUNDINAMARCA,EL ROSAL,MUNICIPIO,87.13953871,87.13953870480654,4.879713192055258,-74.23803295397464,22.0,22.0,22.0,3.0,1.0,21.0,Fecha corte REPS: Mar 12 2026  3:11PM,True,True
25,Cundinamarca,25269,Facatativá,CUNDINAMARCA,FACATATIVÁ,MUNICIPIO,157.82468933,157.82468932479654,4.834049854933638,-74.3380346394313,174.0,161.0,174.0,39.0,5.0,169.0,Fecha corte REPS: Mar 12 2026  3:11PM,True,True
25,Cundinamarca,25279,Fómeque,CUNDINAMARCA,FÓMEQUE,MUNICIPIO,459.5173141,459.51731408712806,4.528562659856824,-73.79705992993152,7.0,7.0,7.0,1.0,1.0,6.0,Fecha corte REPS: Mar 12 2026  3:11PM,True,True
25,Cundinamarca,25281,Fosca,CUNDINAMARCA,FOSCA,MUNICIPIO,111.0559085,111.05590849857883,4.316279867747012,-73.95286879650294,2.0,1.0,2.0,2.0,2.0,0.0,Fecha corte REPS: Mar 12 2026  3:11PM,True,True
25,Cundinamarca,25286,Funza,CUNDINAMARCA,FUNZA,MUNICIPIO,67.67371086,67.67371086134139,4.7439967443759805,-74.19865970656869,152.0,146.0,152.0,34.0,3.0,149.0,Fecha corte REPS: Mar 12 2026  3:11PM,True,True
25,Cundinamarca,25288,Fúquene,CUNDINAMARCA,FÚQUENE,MUNICIPIO,77.34908495,77.34908494826577,5.4162871635044345,-73.77060000383004,2.0,1.0,2.0,2.0,2.0,0.0,Fecha corte REPS: Mar 12 2026  3:11PM,True,True
25,Cundinamarca,25290,Fusagasugá,CUNDINAMARCA,FUSAGASUGÁ,MUNICIPIO,193.75196828,193.75196827099523,4.323530688455402,-74.38860067927715,246.0,217.0,246.0,68.0,11.0,235.0,Fecha corte REPS: Mar 12 2026  3:11PM,True,True
25,Cundinamarca,25293,Gachalá,CUNDINAMARCA,GACHALÁ,MUNICIPIO,384.37422594,384.37422592952186,4.654952281400996,-73.51056590006898,1.0,1.0,1.0,1.0,1.0,0.0,Fecha corte REPS: Mar 12 2026  3:11PM,True,True
25,Cundinamarca,25295,Gachancipá,CUNDINAMARCA,GACHANCIPÁ,MUNICIPIO,42.8652719,42.865271896228194,5.010036105741353,-73.87680729118802,12.0,12.0,12.0,2.0,1.0,11.0,Fecha corte REPS: Mar 12 2026  3:11PM,True,True
25,Cundinamarca,25297,Gachetá,CUNDINAMARCA,GACHETÁ,MUNICIPIO,258.46141101,258.4614109989436,4.86755079435587,-73.61773280122095,7.0,7.0,7.0,1.0,1.0,6.0,Fecha corte REPS: Mar 12 2026  3:11PM,True,True
25,Cundinamarca,25299,Gama,CUNDINAMARCA,GAMA,MUNICIPIO,107.51892909,107.51892908397052,4.723572610310191,-73.60054394965852,1.0,1.0,1.0,1.0,1.0,0.0,Fecha corte REPS: Mar 12 2026  3:11PM,True,True
25,Cundinamarca,25307,Girardot,CUNDINAMARCA,GIRARDOT,MUNICIPIO,130.05724956,130.05724955219512,4.338150983956932,-74.81144336830717,178.0,164.0,178.0,69.0,3.0,175.0,Fecha corte REPS: Mar 12 2026  3:11PM,True,True
25,Cundinamarca,25312,Granada,CUNDINAMARCA,GRANADA,MUNICIPIO,60.63968296,60.63968296304404,4.52348493022586,-74.33724712735436,1.0,1.0,1.0,1.0,1.0,0.0,Fecha corte REPS: Mar 12 2026  3:11PM,True,True
25,Cundinamarca,25317,Guachetá,CUNDINAMARCA,GUACHETÁ,MUNICIPIO,169.91833394,169.91833393350123,5.387291458879988,-73.69328369324151,3.0,3.0,3.0,2.0,1.0,2.0,Fecha corte REPS: Mar 12 2026  3:11PM,True,True
25,Cundinamarca,25320,Guaduas,CUNDINAMARCA,GUADUAS,MUNICIPIO,763.00518804,763.0051880202947,5.173538853527283,-74.6401423487089,20.0,19.0,20.0,5.0,2.0,18.0,Fecha corte REPS: Mar 12 2026  3:11PM,True,True
25,Cundinamarca,25322,Guasca,CUNDINAMARCA,GUASCA,MUNICIPIO,360.08450011,360.08450010093696,4.80127578193961,-73.84643315613899,33.0,32.0,33.0,2.0,1.0,32.0,Fecha corte REPS: Mar 12 2026  3:11PM,True,True
25,Cundinamarca,25324,Guataquí,CUNDINAMARCA,GUATAQUÍ,MUNICIPIO,90.88091765,90.88091765176154,4.512299703886927,-74.78184973643776,1.0,1.0,1.0,1.0,1.0,0.0,Fecha corte REPS: Mar 12 2026  3:11PM,True,True
25,Cundinamarca,25326,Guatavita,CUNDINAMARCA,GUATAVITA,MUNICIPIO,251.99785386,251.99785384787063,4.911585020802953,-73.78649319245518,11.0,11.0,11.0,2.0,1.0,10.0,Fecha corte REPS: Mar 12 2026  3:11PM,True,True
25,Cundinamarca,25328,Guayabal de Síquima,CUNDINAMARCA,GUAYABAL DE SÍQUIMA,MUNICIPIO,61.81279508,61.81279508181912,4.87939469635928,-74.48347630064872,1.0,1.0,1.0,1.0,1.0,0.0,Fecha corte REPS: Mar 12 2026  3:11PM,True,True
25,Cundinamarca,25335,Guayabetal,CUNDINAMARCA,GUAYABETAL,MUNICIPIO,222.51181158,222.51181157126464,4.231875793314343,-73.83544358646834,1.0,1.0,1.0,1.0,1.0,0.0,Fecha corte REPS: Mar 12 2026  3:11PM,True,True
25,Cundinamarca,25339,Gutiérrez,CUNDINAMARCA,GUTIÉRREZ,MUNICIPIO,452.64518873,452.64518871748794,4.166083688461251,-74.02466038088049,1.0,1.0,1.0,1.0,1.0,0.0,Fecha corte REPS: Mar 12 2026  3:11PM,True,True
25,Cundinamarca,25368,Jerusalén,CUNDINAMARCA,JERUSALÉN,MUNICIPIO,221.6727681,221.67276808892805,4.571347033077986,-74.68916308539315,1.0,1.0,1.0,1.0,1.0,0.0,Fecha corte REPS: Mar 12 2026  3:11PM,True,True
25,Cundinamarca,25372,Junín,CUNDINAMARCA,JUNÍN,MUNICIPIO,343.3102936,343.3102935846276,4.705165164066535,-73.69247725779478,3.0,3.0,3.0,1.0,1.0,2.0,Fecha corte REPS: Mar 12 2026  3:11PM,True,True
25,Cundinamarca,25377,La Calera,CUNDINAMARCA,LA CALERA,MUNICIPIO,326.51302964,326.5130296256622,4.700918353548828,-73.92949952295741,31.0,30.0,31.0,6.0,1.0,30.0,Fecha corte REPS: Mar 12 2026  3:11PM,True,True
25,Cundinamarca,25386,La Mesa,CUNDINAMARCA,LA MESA,MUNICIPIO,148.05259512,148.05259511228815,4.650772424462133,-74.47321996487662,58.0,54.0,58.0,16.0,4.0,54.0,Fecha corte REPS: Mar 12 2026  3:11PM,True,True
25,Cundinamarca,25394,La Palma,CUNDINAMARCA,LA PALMA,MUNICIPIO,190.59407851,190.5940785034533,5.333397717689489,-74.40807977179263,3.0,3.0,3.0,1.0,1.0,2.0,Fecha corte REPS: Mar 12 2026  3:11PM,True,True
25,Cundinamarca,25398,La Peña,CUNDINAMARCA,LA PEÑA,MUNICIPIO,128.32002785,128.3200278480461,5.204607722752404,-74.40786561042395,5.0,5.0,5.0,2.0,1.0,4.0,Fecha corte REPS: Mar 12 2026  3:11PM,True,True
25,Cundinamarca,25402,La Vega,CUNDINAMARCA,LA VEGA,MUNICIPIO,155.27049845,155.2704984444652,4.97861720447304,-74.33936077625623,25.0,24.0,25.0,4.0,1.0,24.0,Fecha corte REPS: Mar 12 2026  3:11PM,True,True
25,Cundinamarca,25407,Lenguazaque,CUNDINAMARCA,LENGUAZAQUE,MUNICIPIO,155.39600482,155.3960048174305,5.303636774669141,-73.68153467294366,3.0,3.0,3.0,1.0,1.0,2.0,Fecha corte REPS: Mar 12 2026  3:11PM,True,True
25,Cundinamarca,25426,Machetá,CUNDINAMARCA,MACHETÁ,MUNICIPIO,228.83674581,228.83674580505763,5.040353782591412,-73.61737935118516,7.0,7.0,7.0,1.0,1.0,6.0,Fecha corte REPS: Mar 12 2026  3:11PM,True,True
25,Cundinamarca,25430,Madrid,CUNDINAMARCA,MADRID,MUNICIPIO,119.44715693,119.44715692878533,4.772675086652784,-74.25977193144963,98.0,91.0,98.0,28.0,3.0,95.0,Fecha corte REPS: Mar 12 2026  3:11PM,True,True
25,Cundinamarca,25436,Manta,CUNDINAMARCA,MANTA,MUNICIPIO,107.73565397,107.73565396764067,4.9768796341782915,-73.56313888681858,2.0,2.0,2.0,1.0,1.0,1.0,Fecha corte REPS: Mar 12 2026  3:11PM,True,True
25,Cundinamarca,25438,Medina,CUNDINAMARCA,MEDINA,MUNICIPIO,1194.92911006,1194.929110022071,4.48441214514295,-73.40602074414869,2.0,2.0,2.0,1.0,1.0,1.0,Fecha corte REPS: Mar 12 2026  3:11PM,True,True
25,Cundinamarca,25473,Mosquera,CUNDINAMARCA,MOSQUERA,MUNICIPIO,105.81849543,105.81849542553148,4.672714209978489,-74.23573275759901,197.0,179.0,197.0,23.0,3.0,194.0,Fecha corte REPS: Mar 12 2026  3:11PM,True,True
25,Cundinamarca,25483,Nariño,CUNDINAMARCA,NARIÑO,MUNICIPIO,55.12026774,55.1202677353697,4.407949691123323,-74.80565669031012,1.0,1.0,1.0,1.0,1.0,0.0,Fecha corte REPS: Mar 12 2026  3:11PM,True,True
25,Cundinamarca,25486,Nemocón,CUNDINAMARCA,NEMOCÓN,MUNICIPIO,98.24622915,98.24622914206358,5.0937094665648655,-73.88380782924068,9.0,9.0,9.0,1.0,1.0,8.0,Fecha corte REPS: Mar 12 2026  3:11PM,True,True
25,Cundinamarca,25488,Nilo,CUNDINAMARCA,NILO,MUNICIPIO,224.44314924,224.44314923337737,4.294781604340601,-74.6146924242045,5.0,5.0,5.0,2.0,1.0,4.0,Fecha corte REPS: Mar 12 2026  3:11PM,True,True
25,Cundinamarca,25489,Nimaima,CUNDINAMARCA,NIMAIMA,MUNICIPIO,59.45638402,59.456384014927295,5.133742096301206,-74.39639251490321,1.0,1.0,1.0,1.0,1.0,0.0,Fecha corte REPS: Mar 12 2026  3:11PM,True,True
25,Cundinamarca,25491,Nocaima,CUNDINAMARCA,NOCAIMA,MUNICIPIO,68.86639627,68.86639626660934,5.066110461369579,-74.38975557046255,4.0,4.0,4.0,1.0,1.0,3.0,Fecha corte REPS: Mar 12 2026  3:11PM,True,True
25,Cundinamarca,25506,Venecia,CUNDINAMARCA,VENECIA,MUNICIPIO,122.08121329,122.08121328261367,4.063342246633676,-74.45259943500072,1.0,1.0,1.0,1.0,1.0,0.0,Fecha corte REPS: Mar 12 2026  3:11PM,True,True
25,Cundinamarca,25513,Pacho,CUNDINAMARCA,PACHO,MUNICIPIO,402.14745643,402.1474564124853,5.168367457911717,-74.16336523347525,25.0,24.0,25.0,6.0,2.0,23.0,Fecha corte REPS: Mar 12 2026  3:11PM,True,True
25,Cundinamarca,25518,Paime,CUNDINAMARCA,PAIME,MUNICIPIO,173.42901784,173.42901783361984,5.387645559837749,-74.16395897208174,2.0,1.0,2.0,2.0,2.0,0.0,Fecha corte REPS: Mar 12 2026  3:11PM,True,True
25,Cundinamarca,25524,Pandi,CUNDINAMARCA,PANDI,MUNICIPIO,71.62680362,71.626803620763,4.180496808511547,-74.47112030885215,1.0,1.0,1.0,1.0,1.0,0.0,Fecha corte REPS: Mar 12 2026  3:11PM,True,True
25,Cundinamarca,25530,Paratebueno,CUNDINAMARCA,PARATEBUENO,MUNICIPIO,883.91337237,883.913372344794,4.4523253780665,-73.18699785135425,4.0,3.0,4.0,2.0,2.0,2.0,Fecha corte REPS: Mar 12 2026  3:11PM,True,True
25,Cundinamarca,25535,Pasca,CUNDINAMARCA,PASCA,MUNICIPIO,271.41029434,271.4102943285099,4.293730953737653,-74.27397082080071,1.0,1.0,1.0,1.0,1.0,0.0,Fecha corte REPS: Mar 12 2026  3:11PM,True,True
25,Cundinamarca,25572,Puerto Salgar,CUNDINAMARCA,PUERTO SALGAR,MUNICIPIO,515.46756507,515.4675650504523,5.6197345407571095,-74.5802012510765,7.0,5.0,7.0,5.0,3.0,4.0,Fecha corte REPS: Mar 12 2026  3:11PM,True,True
25,Cundinamarca,25580,Pulí,CUNDINAMARCA,PULÍ,MUNICIPIO,197.51974711,197.5197471050727,4.691336256917379,-74.68074676881096,3.0,1.0,3.0,3.0,3.0,0.0,Fecha corte REPS: Mar 12 2026  3:11PM,True,True
25,Cundinamarca,25592,Quebradanegra,CUNDINAMARCA,QUEBRADANEGRA,MUNICIPIO,79.77869133,79.77869132963934,5.099980763651457,-74.49451142159532,3.0,1.0,3.0,3.0,3.0,0.0,Fecha corte REPS: Mar 12 2026  3:11PM,True,True
25,Cundinamarca,25594,Quetame,CUNDINAMARCA,QUETAME,MUNICIPIO,137.63648747,137.63648746696606,4.334590277986506,-73.85264816191683,2.0,1.0,2.0,2.0,2.0,0.0,Fecha corte REPS: Mar 12 2026  3:11PM,True,True
25,Cundinamarca,25596,Quipile,CUNDINAMARCA,QUIPILE,MUNICIPIO,127.59789212,127.59789211377036,4.7150703152574795,-74.55411396677046,6.0,2.0,6.0,5.0,5.0,1.0,Fecha corte REPS: Mar 12 2026  3:11PM,True,True
25,Cundinamarca,25599,Apulo,CUNDINAMARCA,APULO,MUNICIPIO,121.87158812,121.87158811518738,4.520363004562354,-74.57842034878374,3.0,3.0,3.0,2.0,1.0,2.0,Fecha corte REPS: Mar 12 2026  3:11PM,True,True
25,Cundinamarca,25612,Ricaurte,CUNDINAMARCA,RICAURTE,MUNICIPIO,128.09956435,128.09956434623888,4.30731874334437,-74.72942540133103,3.0,3.0,3.0,3.0,1.0,2.0,Fecha corte REPS: Mar 12 2026  3:11PM,True,True
25,Cundinamarca,25645,San Antonio del Tequendama,CUNDINAMARCA,SAN ANTONIO DEL TEQUENDAMA,MUNICIPIO,88.47142663,88.47142663054186,4.599741095553819,-74.34490383012033,5.0,4.0,5.0,4.0,2.0,3.0,Fecha corte REPS: Mar 12 2026  3:11PM,True,True
25,Cundinamarca,25649,San Bernardo,CUNDINAMARCA,SAN BERNARDO,MUNICIPIO,246.75257708,246.75257707110916,4.14096007999741,-74.35398007673304,1.0,1.0,1.0,1.0,1.0,0.0,Fecha corte REPS: Mar 12 2026  3:11PM,True,True
25,Cundinamarca,25653,San Cayetano,CUNDINAMARCA,SAN CAYETANO,MUNICIPIO,287.44811087,287.44811086447106,5.314598893707296,-74.07232274302723,1.0,1.0,1.0,1.0,1.0,0.0,Fecha corte REPS: Mar 12 2026  3:11PM,True,True
25,Cundinamarca,25658,San Francisco,CUNDINAMARCA,SAN FRANCISCO,MUNICIPIO,118.6131072,118.6131071920627,4.9640983816473625,-74.27217251664254,7.0,7.0,7.0,1.0,1.0,6.0,Fecha corte REPS: Mar 12 2026  3:11PM,True,True
25,Cundinamarca,25662,San Juan de Rioseco,CUNDINAMARCA,SAN JUAN DE RIOSECO,MUNICIPIO,313.81544765,313.8154476363117,4.841097313414704,-74.65849086076565,3.0,1.0,3.0,3.0,3.0,0.0,Fecha corte REPS: Mar 12 2026  3:11PM,True,True
25,Cundinamarca,25718,Sasaima,CUNDINAMARCA,SASAIMA,MUNICIPIO,111.50061822,111.50061821921422,4.946804343580459,-74.41230865026618,4.0,4.0,4.0,1.0,1.0,3.0,Fecha corte REPS: Mar 12 2026  3:11PM,True,True
25,Cundinamarca,25736,Sesquilé,CUNDINAMARCA,SESQUILÉ,MUNICIPIO,140.98733182,140.98733181984326,5.00868657960726,-73.7809159670797,6.0,6.0,6.0,2.0,1.0,5.0,Fecha corte REPS: Mar 12 2026  3:11PM,True,True
25,Cundinamarca,25740,Sibaté,CUNDINAMARCA,SIBATÉ,MUNICIPIO,121.99538808,121.99538807505402,4.46596793805057,-74.26329027396181,20.0,18.0,20.0,5.0,4.0,16.0,Fecha corte REPS: Mar 12 2026  3:11PM,True,True
25,Cundinamarca,25743,Silvania,CUNDINAMARCA,SILVANIA,MUNICIPIO,162.4032314,162.40323139197383,4.436965950272387,-74.37051191320816,7.0,5.0,7.0,3.0,3.0,4.0,Fecha corte REPS: Mar 12 2026  3:11PM,True,True
25,Cundinamarca,25745,Simijaca,CUNDINAMARCA,SIMIJACA,MUNICIPIO,96.58023927,96.5802392664894,5.5097728940625865,-73.84519351957084,11.0,11.0,11.0,1.0,1.0,10.0,Fecha corte REPS: Mar 12 2026  3:11PM,True,True
25,Cundinamarca,25754,Soacha,CUNDINAMARCA,SOACHA,MUNICIPIO,187.2311208,187.23112079838162,4.537596241833127,-74.22992806490774,426.0,359.0,426.0,78.0,13.0,412.0,Fecha corte REPS: Mar 12 2026  3:11PM,True,True
25,Cundinamarca,25758,Sopó,CUNDINAMARCA,SOPÓ,MUNICIPIO,110.95131906,110.95131905724965,4.8880504115219185,-73.96587815737085,49.0,45.0,49.0,8.0,1.0,48.0,Fecha corte REPS: Mar 12 2026  3:11PM,True,True
25,Cundinamarca,25769,Subachoque,CUNDINAMARCA,SUBACHOQUE,MUNICIPIO,208.96738227,208.96738226596997,4.9703545856688605,-74.15690231771939,18.0,17.0,18.0,4.0,2.0,16.0,Fecha corte REPS: Mar 12 2026  3:11PM,True,True
25,Cundinamarca,25772,Suesca,CUNDINAMARCA,SUESCA,MUNICIPIO,173.01819104,173.01819103840108,5.135989446067022,-73.7827072747577,9.0,9.0,9.0,3.0,1.0,8.0,Fecha corte REPS: Mar 12 2026  3:11PM,True,True
25,Cundinamarca,25777,Supatá,CUNDINAMARCA,SUPATÁ,MUNICIPIO,130.24027807,130.24027806411678,5.061692917295262,-74.23138350246627,5.0,5.0,5.0,1.0,1.0,4.0,Fecha corte REPS: Mar 12 2026  3:11PM,True,True
25,Cundinamarca,25779,Susa,CUNDINAMARCA,SUSA,MUNICIPIO,104.00741428,104.00741427307848,5.4400912297529525,-73.82392711669948,7.0,7.0,7.0,1.0,1.0,6.0,Fecha corte REPS: Mar 12 2026  3:11PM,True,True
25,Cundinamarca,25781,Sutatausa,CUNDINAMARCA,SUTATAUSA,MUNICIPIO,64.76025616,64.76025615527419,5.242908950994503,-73.85540377892292,3.0,3.0,3.0,1.0,1.0,2.0,Fecha corte REPS: Mar 12 2026  3:11PM,True,True
25,Cundinamarca,25785,Tabio,CUNDINAMARCA,TABIO,MUNICIPIO,75.10238052,75.10238051544746,4.951518769309443,-74.08449788643365,18.0,18.0,18.0,3.0,1.0,17.0,Fecha corte REPS: Mar 12 2026  3:11PM,True,True
25,Cundinamarca,25793,Tausa,CUNDINAMARCA,TAUSA,MUNICIPIO,201.60432195,201.60432194824304,5.19399812544744,-73.95631578102405,2.0,2.0,2.0,1.0,1.0,1.0,Fecha corte REPS: Mar 12 2026  3:11PM,True,True
25,Cundinamarca,25797,Tena,CUNDINAMARCA,TENA,MUNICIPIO,51.38377779,51.383777791454705,4.6515978140993495,-74.39182712295259,3.0,2.0,3.0,2.0,2.0,1.0,Fecha corte REPS: Mar 12 2026  3:11PM,True,True
25,Cundinamarca,25799,Tenjo,CUNDINAMARCA,TENJO,MUNICIPIO,114.07161847,114.07161846902156,4.838537600901071,-74.14682066387948,24.0,24.0,24.0,5.0,1.0,23.0,Fecha corte REPS: Mar 12 2026  3:11PM,True,True
25,Cundinamarca,25805,Tibacuy,CUNDINAMARCA,TIBACUY,MUNICIPIO,84.68041536,84.68041535613926,4.321349067607325,-74.48668358917631,2.0,1.0,2.0,2.0,2.0,0.0,Fecha corte REPS: Mar 12 2026  3:11PM,True,True
25,Cundinamarca,25807,Tibirita,CUNDINAMARCA,TIBIRITA,MUNICIPIO,56.4560247,56.45602469338332,5.0841019710923545,-73.51362529397623,1.0,1.0,1.0,1.0,1.0,0.0,Fecha corte REPS: Mar 12 2026  3:11PM,True,True
25,Cundinamarca,25815,Tocaima,CUNDINAMARCA,TOCAIMA,MUNICIPIO,245.55271969,245.5527196848192,4.452083742006455,-74.64860173946789,2.0,2.0,2.0,1.0,1.0,1.0,Fecha corte REPS: Mar 12 2026  3:11PM,True,True
25,Cundinamarca,25817,Tocancipá,CUNDINAMARCA,TOCANCIPÁ,MUNICIPIO,73.14173579,73.14173578339118,4.968852560827838,-73.92887057834328,58.0,57.0,58.0,9.0,0.0,58.0,Fecha corte REPS: Mar 12 2026  3:11PM,True,True
25,Cundinamarca,25823,Topaipí,CUNDINAMARCA,TOPAIPÍ,MUNICIPIO,143.55154759,143.55154758266576,5.355688932933274,-74.28963986915906,1.0,1.0,1.0,1.0,1.0,0.0,Fecha corte REPS: Mar 12 2026  3:11PM,True,True
25,Cundinamarca,25839,Ubalá,CUNDINAMARCA,UBALÁ,MUNICIPIO,521.57835241,521.5783523897142,4.75902442585611,-73.4082698822567,4.0,3.0,4.0,3.0,3.0,1.0,Fecha corte REPS: Mar 12 2026  3:11PM,True,True
25,Cundinamarca,25841,Ubaque,CUNDINAMARCA,UBAQUE,MUNICIPIO,106.9501975,106.95019749816167,4.500754724795545,-73.9756445424166,2.0,2.0,2.0,1.0,1.0,1.0,Fecha corte REPS: Mar 12 2026  3:11PM,True,True
25,Cundinamarca,25843,Villa de San Diego de Ubaté,CUNDINAMARCA,VILLA DE SAN DIEGO DE UBATÉ,MUNICIPIO,102.13212793,102.13212792435573,5.316080181031336,-73.82010624195937,103.0,98.0,103.0,26.0,1.0,102.0,Fecha corte REPS: Mar 12 2026  3:11PM,True,True
25,Cundinamarca,25845,Une,CUNDINAMARCA,UNE,MUNICIPIO,208.86644198,208.86644197144508,4.301726775477382,-74.06809318736978,3.0,3.0,3.0,1.0,1.0,2.0,Fecha corte REPS: Mar 12 2026  3:11PM,True,True
25,Cundinamarca,25851,Útica,CUNDINAMARCA,ÚTICA,MUNICIPIO,91.99365521,91.99365521160621,5.192794040981998,-74.47780082016337,2.0,2.0,2.0,2.0,1.0,1.0,Fecha corte REPS: Mar 12 2026  3:11PM,True,True
25,Cundinamarca,25862,Vergara,CUNDINAMARCA,VERGARA,MUNICIPIO,144.49244983,144.49244982112978,5.131266876668031,-74.30979347520419,2.0,2.0,2.0,2.0,1.0,1.0,Fecha corte REPS: Mar 12 2026  3:11PM,True,True
25,Cundinamarca,25867,Vianí,CUNDINAMARCA,VIANÍ,MUNICIPIO,67.05566023,67.05566022654202,4.889160094846304,-74.55345976139387,3.0,3.0,3.0,1.0,1.0,2.0,Fecha corte REPS: Mar 12 2026  3:11PM,True,True
25,Cundinamarca,25871,Villagómez,CUNDINAMARCA,VILLAGÓMEZ,MUNICIPIO,62.89508354,62.895083542686066,5.270693400119137,-74.19074258104328,1.0,1.0,1.0,1.0,1.0,0.0,Fecha corte REPS: Mar 12 2026  3:11PM,True,True
25,Cundinamarca,25873,Villapinzón,CUNDINAMARCA,VILLAPINZÓN,MUNICIPIO,225.80392575,225.80392574632936,5.227296989524942,-73.57725677794912,14.0,14.0,14.0,1.0,1.0,13.0,Fecha corte REPS: Mar 12 2026  3:11PM,True,True
25,Cundinamarca,25875,Villeta,CUNDINAMARCA,VILLETA,MUNICIPIO,140.74946661,140.74946660213516,5.01166934305102,-74.48764895856033,29.0,26.0,29.0,12.0,3.0,26.0,Fecha corte REPS: Mar 12 2026  3:11PM,True,True
25,Cundinamarca,25878,Viotá,CUNDINAMARCA,VIOTÁ,MUNICIPIO,201.13234245,201.13234244624735,4.436052267419556,-74.48543664329851,2.0,2.0,2.0,1.0,1.0,1.0,Fecha corte REPS: Mar 12 2026  3:11PM,True,True
25,Cundinamarca,25885,Yacopí,CUNDINAMARCA,YACOPÍ,MUNICIPIO,955.76972476,955.7697247250092,5.591898326897797,-74.36480158749026,2.0,2.0,2.0,2.0,1.0,1.0,Fecha corte REPS: Mar 12 2026  3:11PM,True,True
25,Cundinamarca,25898,Zipacón,CUNDINAMARCA,ZIPACÓN,MUNICIPIO,54.21375137,54.213751372491245,4.754320902289897,-74.38673535501843,2.0,1.0,2.0,2.0,2.0,0.0,Fecha corte REPS: Mar 12 2026  3:11PM,True,True
25,Cundinamarca,25899,Zipaquirá,CUNDINAMARCA,ZIPAQUIRÁ,MUNICIPIO,194.57058308,194.57058307607787,5.0461912748635145,-74.02307815132082,228.0,208.0,228.0,40.0,2.0,226.0,Fecha corte REPS: Mar 12 2026  3:11PM,True,True
27,Chocó,27001,Quibdó,CHOCÓ,QUIBDÓ,MUNICIPIO,3508.64456877,3508.644569393314,5.938995281412908,-76.66384147048,222.0,177.0,222.0,146.0,34.0,187.0,Fecha corte REPS: Mar 12 2026  3:11PM,True,True
27,Chocó,27006,Acandí,CHOCÓ,ACANDÍ,MUNICIPIO,798.05666922,798.0566695367341,8.434135262790505,-77.28965187094249,5.0,4.0,5.0,4.0,0.0,5.0,Fecha corte REPS: Mar 12 2026  3:11PM,True,True
27,Chocó,27025,Alto Baudó,CHOCÓ,ALTO BAUDÓ,MUNICIPIO,2051.88249158,2051.882492297719,5.636716457866957,-77.08418866886325,9.0,7.0,9.0,8.0,0.0,9.0,Fecha corte REPS: Mar 12 2026  3:11PM,True,True
27,Chocó,27050,Atrato,CHOCÓ,ATRATO,MUNICIPIO,421.77390931,421.77390937080304,5.560634357664739,-76.60613009863589,4.0,4.0,4.0,3.0,0.0,4.0,Fecha corte REPS: Mar 12 2026  3:11PM,True,True
27,Chocó,27073,Bagadó,CHOCÓ,BAGADÓ,MUNICIPIO,807.56873765,807.5687376909859,5.503098963840456,-76.19800794136297,4.0,4.0,4.0,4.0,0.0,4.0,Fecha corte REPS: Mar 12 2026  3:11PM,True,True
27,Chocó,27075,Bahía Solano,CHOCÓ,BAHÍA SOLANO,MUNICIPIO,896.04560938,896.0456098392577,6.290081394012561,-77.35379110463725,8.0,8.0,8.0,3.0,0.0,8.0,Fecha corte REPS: Mar 12 2026  3:11PM,True,True
27,Chocó,27077,Bajo Baudó,CHOCÓ,BAJO BAUDÓ,MUNICIPIO,3482.1193693,3482.1193708577157,5.011771054371727,-77.21762042875974,5.0,4.0,5.0,5.0,0.0,5.0,Fecha corte REPS: Mar 12 2026  3:11PM,True,True
27,Chocó,27099,Bojayá,CHOCÓ,BOJAYÁ,MUNICIPIO,3633.20607805,3633.2060792956713,6.474615361057579,-77.09936973793144,4.0,4.0,4.0,4.0,0.0,4.0,Fecha corte REPS: Mar 12 2026  3:11PM,True,True
27,Chocó,27135,El Cantón del San Pablo,CHOCÓ,EL CANTÓN DEL SAN PABLO,MUNICIPIO,380.69365543,380.6936555086454,5.359665781764308,-76.77255720617786,5.0,5.0,5.0,4.0,0.0,5.0,Fecha corte REPS: Mar 12 2026  3:11PM,True,True
27,Chocó,27150,Carmen del Darién,CHOCÓ,CARMEN DEL DARIÉN,MUNICIPIO,3369.51595401,3369.5159549218656,7.045431515168808,-76.9591385783083,4.0,4.0,4.0,4.0,0.0,4.0,Fecha corte REPS: Mar 12 2026  3:11PM,True,True
27,Chocó,27160,Cértegui,CHOCÓ,CÉRTEGUI,MUNICIPIO,423.51123741,423.5112374615572,5.389827527720895,-76.52265940331453,3.0,3.0,3.0,3.0,1.0,2.0,Fecha corte REPS: Mar 12 2026  3:11PM,True,True
27,Chocó,27205,Condoto,CHOCÓ,CONDOTO,MUNICIPIO,467.88622177,467.8862218288025,5.07371026627353,-76.52754547098613,8.0,8.0,8.0,3.0,1.0,7.0,Fecha corte REPS: Mar 12 2026  3:11PM,True,True
27,Chocó,27245,El Carmen de Atrato,CHOCÓ,EL CARMEN DE ATRATO,MUNICIPIO,830.29381258,830.293812625677,5.810924415196749,-76.19191540313784,3.0,3.0,3.0,2.0,1.0,2.0,Fecha corte REPS: Mar 12 2026  3:11PM,True,True
27,Chocó,27250,El Litoral del San Juan,CHOCÓ,EL LITORAL DEL SAN JUAN,MUNICIPIO,4137.6843464,4137.684347761786,4.247241045052268,-76.96280389840004,5.0,3.0,5.0,5.0,0.0,5.0,Fecha corte REPS: Mar 12 2026  3:11PM,True,True
27,Chocó,27361,Istmina,CHOCÓ,ISTMINA,MUNICIPIO,1881.07207561,1881.0720760928818,4.7396922167662385,-76.86920580775882,41.0,40.0,41.0,18.0,1.0,40.0,Fecha corte REPS: Mar 12 2026  3:11PM,True,True
27,Chocó,27372,Juradó,CHOCÓ,JURADÓ,MUNICIPIO,1253.51169939,1253.5117003548055,7.103343416473374,-77.67967454264704,2.0,2.0,2.0,2.0,0.0,2.0,Fecha corte REPS: Mar 12 2026  3:11PM,True,True
27,Chocó,27413,Lloró,CHOCÓ,LLORÓ,MUNICIPIO,843.12532178,843.1253218591371,5.585091996783833,-76.38547749175649,3.0,3.0,3.0,3.0,0.0,3.0,Fecha corte REPS: Mar 12 2026  3:11PM,True,True
27,Chocó,27425,Medio Atrato,CHOCÓ,MEDIO ATRATO,MUNICIPIO,1813.75186982,1813.7518701296017,6.03386621458468,-76.67357113280592,3.0,3.0,3.0,3.0,0.0,3.0,Fecha corte REPS: Mar 12 2026  3:11PM,True,True
27,Chocó,27430,Medio Baudó,CHOCÓ,MEDIO BAUDÓ,MUNICIPIO,1372.9456921,1372.94569253247,5.110373914103462,-76.99597213312997,4.0,4.0,4.0,4.0,0.0,4.0,Fecha corte REPS: Mar 12 2026  3:11PM,True,True
27,Chocó,27450,Medio San Juan,CHOCÓ,MEDIO SAN JUAN,MUNICIPIO,663.78566816,663.7856683057112,4.81417967294598,-76.80368055174851,3.0,3.0,3.0,3.0,0.0,3.0,Fecha corte REPS: Mar 12 2026  3:11PM,True,True
27,Chocó,27491,Nóvita,CHOCÓ,NÓVITA,MUNICIPIO,945.67386346,945.6738636065951,4.853159467297346,-76.61823214124368,3.0,3.0,3.0,2.0,0.0,3.0,Fecha corte REPS: Mar 12 2026  3:11PM,True,True
27,Chocó,27493,Nuevo Belén de Bajirá,CHOCÓ,NUEVO BELÉN DE BAJIRÁ,MUNICIPIO,1289.26001079,1289.2600110549197,7.45305131375211,-76.83620179016135,7.0,7.0,7.0,5.0,0.0,7.0,Fecha corte REPS: Mar 12 2026  3:11PM,True,True
27,Chocó,27495,Nuquí,CHOCÓ,NUQUÍ,MUNICIPIO,704.65160806,704.6516084026969,5.6900234326865835,-77.2930000645169,3.0,3.0,3.0,3.0,0.0,3.0,Fecha corte REPS: Mar 12 2026  3:11PM,True,True
27,Chocó,27580,Río Iró,CHOCÓ,RÍO IRÓ,MUNICIPIO,325.21652993,325.21652996986944,5.172670674170356,-76.48448569826738,4.0,4.0,4.0,3.0,0.0,4.0,Fecha corte REPS: Mar 12 2026  3:11PM,True,True
27,Chocó,27600,Río Quito,CHOCÓ,RÍO QUITO,MUNICIPIO,699.33724428,699.3372444318014,5.5675334384524175,-76.81158378731918,2.0,2.0,2.0,2.0,0.0,2.0,Fecha corte REPS: Mar 12 2026  3:11PM,True,True
27,Chocó,27615,Riosucio,CHOCÓ,RIOSUCIO,MUNICIPIO,6139.61557147,6139.615574402144,7.380885006752391,-77.34224912406297,10.0,7.0,10.0,7.0,0.0,10.0,Fecha corte REPS: Mar 12 2026  3:11PM,True,True
27,Chocó,27660,San José del Palmar,CHOCÓ,SAN JOSÉ DEL PALMAR,MUNICIPIO,1582.52436582,1582.5243659316354,4.95871546596818,-76.28006431161597,2.0,2.0,2.0,2.0,0.0,2.0,Fecha corte REPS: Mar 12 2026  3:11PM,True,True
27,Chocó,27745,Sipí,CHOCÓ,SIPÍ,MUNICIPIO,1577.45326155,1577.453261769055,4.594410290664188,-76.54165537220784,3.0,3.0,3.0,2.0,0.0,3.0,Fecha corte REPS: Mar 12 2026  3:11PM,True,True
27,Chocó,27787,Tadó,CHOCÓ,TADÓ,MUNICIPIO,714.99308702,714.9930870810845,5.266110377599745,-76.3311244176988,16.0,12.0,16.0,11.0,5.0,11.0,Fecha corte REPS: Mar 12 2026  3:11PM,True,True
27,Chocó,27800,Unguía,CHOCÓ,UNGUÍA,MUNICIPIO,1191.16013891,1191.1601392692885,8.117269031681621,-77.10372885271202,4.0,4.0,4.0,3.0,0.0,4.0,Fecha corte REPS: Mar 12 2026  3:11PM,True,True
27,Chocó,27810,Unión Panamericana,CHOCÓ,UNIÓN PANAMERICANA,MUNICIPIO,177.83753322,177.83753324731907,5.285275057773423,-76.64539780078188,6.0,6.0,6.0,5.0,0.0,6.0,Fecha corte REPS: Mar 12 2026  3:11PM,True,True
41,Huila,41001,Neiva,HUILA,NEIVA,MUNICIPIO,1269.2178537,1269.217853670079,2.9933997665577263,-75.27237868520083,821.0,741.0,821.0,208.0,19.0,802.0,Fecha corte REPS: Mar 12 2026  3:11PM,True,True
41,Huila,41006,Acevedo,HUILA,ACEVEDO,MUNICIPIO,521.80771888,521.8077188943436,1.7121166683559055,-75.991590624248,7.0,6.0,7.0,2.0,2.0,5.0,Fecha corte REPS: Mar 12 2026  3:11PM,True,True
41,Huila,41013,Agrado,HUILA,AGRADO,MUNICIPIO,273.68705437,273.6870543722528,2.269749878593037,-75.71632398595376,2.0,2.0,2.0,1.0,1.0,1.0,Fecha corte REPS: Mar 12 2026  3:11PM,True,True
41,Huila,41016,Aipe,HUILA,AIPE,MUNICIPIO,795.30817987,795.3081798576536,3.262371790334574,-75.35263713255297,6.0,6.0,6.0,1.0,1.0,5.0,Fecha corte REPS: Mar 12 2026  3:11PM,True,True
41,Huila,41020,Algeciras,HUILA,ALGECIRAS,MUNICIPIO,589.42711259,589.4271125785294,2.4978349751666227,-75.29136619734786,12.0,12.0,12.0,1.0,1.0,11.0,Fecha corte REPS: Mar 12 2026  3:11PM,True,True
41,Huila,41026,Altamira,HUILA,ALTAMIRA,MUNICIPIO,180.95237477,180.95237476963075,2.0792243668616965,-75.76858795241306,1.0,1.0,1.0,1.0,1.0,0.0,Fecha corte REPS: Mar 12 2026  3:11PM,True,True
41,Huila,41078,Baraya,HUILA,BARAYA,MUNICIPIO,785.47926634,785.4792663134265,3.1354254995451507,-74.95798440238603,2.0,2.0,2.0,1.0,1.0,1.0,Fecha corte REPS: Mar 12 2026  3:11PM,True,True
41,Huila,41132,Campoalegre,HUILA,CAMPOALEGRE,MUNICIPIO,462.60528608,462.60528607052356,2.6586644447343164,-75.32944438811991,20.0,20.0,20.0,4.0,1.0,19.0,Fecha corte REPS: Mar 12 2026  3:11PM,True,True
41,Huila,41206,Colombia,HUILA,COLOMBIA,MUNICIPIO,1583.62305398,1583.623053929374,3.451931873764482,-74.67833279739337,2.0,2.0,2.0,1.0,1.0,1.0,Fecha corte REPS: Mar 12 2026  3:11PM,True,True
41,Huila,41244,Elías,HUILA,ELÍAS,MUNICIPIO,80.44114384,80.44114384068044,2.006246631205794,-75.95092085968528,1.0,1.0,1.0,1.0,1.0,0.0,Fecha corte REPS: Mar 12 2026  3:11PM,True,True
41,Huila,41298,Garzón,HUILA,GARZÓN,MUNICIPIO,606.35457875,606.3545787436965,2.1724344922159973,-75.57132315671595,91.0,84.0,91.0,17.0,5.0,85.0,Fecha corte REPS: Mar 12 2026  3:11PM,True,True
41,Huila,41306,Gigante,HUILA,GIGANTE,MUNICIPIO,503.56427139,503.56427138428177,2.371778119485516,-75.51700243747766,12.0,12.0,12.0,2.0,1.0,11.0,Fecha corte REPS: Mar 12 2026  3:11PM,True,True
41,Huila,41319,Guadalupe,HUILA,GUADALUPE,MUNICIPIO,249.56357746,249.56357746014015,1.9843938875117035,-75.69693784506379,15.0,15.0,15.0,2.0,1.0,14.0,Fecha corte REPS: Mar 12 2026  3:11PM,True,True
41,Huila,41349,Hobo,HUILA,HOBO,MUNICIPIO,194.1671999,194.1671998943591,2.5416533100163967,-75.44781196114116,5.0,5.0,5.0,1.0,1.0,4.0,Fecha corte REPS: Mar 12 2026  3:11PM,True,True
41,Huila,41357,Íquira,HUILA,ÍQUIRA,MUNICIPIO,356.44701796,356.4470179635704,2.691520554411179,-75.67383149531487,5.0,4.0,5.0,3.0,3.0,2.0,Fecha corte REPS: Mar 12 2026  3:11PM,True,True
41,Huila,41359,Isnos,HUILA,ISNOS,MUNICIPIO,370.7286939,370.72869392569316,2.006800146706512,-76.25636626739818,16.0,16.0,16.0,2.0,1.0,15.0,Fecha corte REPS: Mar 12 2026  3:11PM,True,True
41,Huila,41378,La Argentina,HUILA,LA ARGENTINA,MUNICIPIO,356.45765858,356.45765860339094,2.1814633091650633,-76.1178521436805,13.0,12.0,13.0,3.0,3.0,10.0,Fecha corte REPS: Mar 12 2026  3:11PM,True,True
41,Huila,41396,La Plata,HUILA,LA PLATA,MUNICIPIO,814.67135451,814.6713545387132,2.328065435427419,-76.00119208694838,64.0,55.0,64.0,15.0,7.0,57.0,Fecha corte REPS: Mar 12 2026  3:11PM,True,True
41,Huila,41483,Nátaga,HUILA,NÁTAGA,MUNICIPIO,131.92458585,131.92458584956253,2.5760628609523972,-75.7869385703669,1.0,1.0,1.0,1.0,1.0,0.0,Fecha corte REPS: Mar 12 2026  3:11PM,True,True
41,Huila,41503,Oporapa,HUILA,OPORAPA,MUNICIPIO,155.82072211,155.82072211460454,2.061192175997779,-76.0411067111174,4.0,4.0,4.0,1.0,1.0,3.0,Fecha corte REPS: Mar 12 2026  3:11PM,True,True
41,Huila,41518,Paicol,HUILA,PAICOL,MUNICIPIO,278.26742359,278.2674235879547,2.406899396085616,-75.72803876286271,3.0,3.0,3.0,1.0,1.0,2.0,Fecha corte REPS: Mar 12 2026  3:11PM,True,True
41,Huila,41524,Palermo,HUILA,PALERMO,MUNICIPIO,883.95689021,883.9568901944857,2.914491501716843,-75.44066806657602,9.0,9.0,9.0,2.0,1.0,8.0,Fecha corte REPS: Mar 12 2026  3:11PM,True,True
41,Huila,41530,Palestina,HUILA,PALESTINA,MUNICIPIO,196.96122927,196.9612292811629,1.67891791591824,-76.14691203320189,3.0,1.0,3.0,3.0,3.0,0.0,Fecha corte REPS: Mar 12 2026  3:11PM,True,True
41,Huila,41548,Pital,HUILA,PITAL,MUNICIPIO,193.6432746,193.64327460532235,2.2596020509772687,-75.83195403877934,13.0,12.0,13.0,1.0,1.0,12.0,Fecha corte REPS: Mar 12 2026  3:11PM,True,True
41,Huila,41551,Pitalito,HUILA,PITALITO,MUNICIPIO,630.73166155,630.7316615818522,1.8278903963153597,-76.11921336352148,246.0,223.0,246.0,51.0,6.0,240.0,Fecha corte REPS: Mar 12 2026  3:11PM,True,True
41,Huila,41615,Rivera,HUILA,RIVERA,MUNICIPIO,251.10959736,251.1095973539355,2.7822254751467024,-75.23554688785923,17.0,17.0,17.0,4.0,1.0,16.0,Fecha corte REPS: Mar 12 2026  3:11PM,True,True
41,Huila,41660,Saladoblanco,HUILA,SALADOBLANCO,MUNICIPIO,466.72716475,466.7271647846895,2.1003981351916994,-76.22899157161154,2.0,2.0,2.0,1.0,1.0,1.0,Fecha corte REPS: Mar 12 2026  3:11PM,True,True
41,Huila,41668,San Agustín,HUILA,SAN AGUSTÍN,MUNICIPIO,1390.85045984,1390.8504599985054,1.9241763345359073,-76.41657809846829,20.0,19.0,20.0,4.0,1.0,19.0,Fecha corte REPS: Mar 12 2026  3:11PM,True,True
41,Huila,41676,Santa María,HUILA,SANTA MARÍA,MUNICIPIO,339.30521757,339.30521756948735,2.9262647129260806,-75.6336054531273,3.0,3.0,3.0,1.0,1.0,2.0,Fecha corte REPS: Mar 12 2026  3:11PM,True,True
41,Huila,41770,Suaza,HUILA,SUAZA,MUNICIPIO,429.62347226,429.623472263667,1.870991653281897,-75.8079892751946,7.0,7.0,7.0,1.0,1.0,6.0,Fecha corte REPS: Mar 12 2026  3:11PM,True,True
41,Huila,41791,Tarqui,HUILA,TARQUI,MUNICIPIO,362.79091684,362.7909168508158,2.1302783443498665,-75.87535696542095,4.0,4.0,4.0,1.0,1.0,3.0,Fecha corte REPS: Mar 12 2026  3:11PM,True,True
41,Huila,41797,Tesalia,HUILA,TESALIA,MUNICIPIO,366.95722576,366.9572257605389,2.526856035785023,-75.68259967494176,8.0,7.0,8.0,2.0,2.0,6.0,Fecha corte REPS: Mar 12 2026  3:11PM,True,True
41,Huila,41799,Tello,HUILA,TELLO,MUNICIPIO,530.12226769,530.122267677627,3.030615503825882,-75.0853673019141,3.0,1.0,3.0,3.0,3.0,0.0,Fecha corte REPS: Mar 12 2026  3:11PM,True,True
41,Huila,41801,Teruel,HUILA,TERUEL,MUNICIPIO,471.6562079,471.65620790610245,2.8241373373173957,-75.71438033702154,4.0,4.0,4.0,1.0,1.0,3.0,Fecha corte REPS: Mar 12 2026  3:11PM,True,True
41,Huila,41807,Timaná,HUILA,TIMANÁ,MUNICIPIO,185.72162668,185.72162668896442,1.9507112225272765,-75.91758149239439,14.0,14.0,14.0,1.0,1.0,13.0,Fecha corte REPS: Mar 12 2026  3:11PM,True,True
41,Huila,41872,Villavieja,HUILA,VILLAVIEJA,MUNICIPIO,543.62965786,543.629657844464,3.2870505739573113,-75.13838964432725,1.0,1.0,1.0,1.0,1.0,0.0,Fecha corte REPS: Mar 12 2026  3:11PM,True,True
41,Huila,41885,Yaguará,HUILA,YAGUARÁ,MUNICIPIO,332.81672578,332.8167257723606,2.6465570390247763,-75.51593062527547,5.0,5.0,5.0,1.0,1.0,4.0,Fecha corte REPS: Mar 12 2026  3:11PM,True,True
44,La Guajira,44001,Riohacha,LA GUAJIRA,RIOHACHA,MUNICIPIO,3082.55855711,3082.5585570220146,11.242948156384044,-72.95884811077175,243.0,213.0,243.0,141.0,37.0,206.0,Fecha corte REPS: Mar 12 2026  3:11PM,True,True
44,La Guajira,44035,Albania,LA GUAJIRA,ALBANIA,MUNICIPIO,544.80449064,544.8044906272601,11.228677794263643,-72.53209626097029,18.0,13.0,18.0,17.0,8.0,10.0,Fecha corte REPS: Mar 12 2026  3:11PM,True,True
44,La Guajira,44078,Barrancas,LA GUAJIRA,BARRANCAS,MUNICIPIO,799.22704816,799.2270481346274,10.98941390482803,-72.68675010615067,29.0,23.0,29.0,21.0,6.0,23.0,Fecha corte REPS: Mar 12 2026  3:11PM,True,True
44,La Guajira,44090,Dibulla,LA GUAJIRA,DIBULLA,MUNICIPIO,1746.82321919,1746.823219134494,11.09032237612529,-73.43572385345517,24.0,10.0,24.0,23.0,19.0,5.0,Fecha corte REPS: Mar 12 2026  3:11PM,True,True
44,La Guajira,44098,Distracción,LA GUAJIRA,DISTRACCIÓN,MUNICIPIO,231.4143632,231.41436319375208,10.92504197222971,-72.94443242359178,7.0,5.0,7.0,7.0,3.0,4.0,Fecha corte REPS: Mar 12 2026  3:11PM,True,True
44,La Guajira,44110,El Molino,LA GUAJIRA,EL MOLINO,MUNICIPIO,241.69672951,241.69672950414363,10.636696246269638,-72.88583503833608,2.0,2.0,2.0,2.0,1.0,1.0,Fecha corte REPS: Mar 12 2026  3:11PM,True,True
44,La Guajira,44279,Fonseca,LA GUAJIRA,FONSECA,MUNICIPIO,472.54303551,472.5430354996606,10.828356809413927,-72.80179802713668,43.0,37.0,43.0,26.0,7.0,36.0,Fecha corte REPS: Mar 12 2026  3:11PM,True,True
44,La Guajira,44378,Hatonuevo,LA GUAJIRA,HATONUEVO,MUNICIPIO,214.18672248,214.18672247067772,11.099523160743283,-72.73248948656901,5.0,5.0,5.0,5.0,2.0,3.0,Fecha corte REPS: Mar 12 2026  3:11PM,True,True
44,La Guajira,44420,La Jagua del Pilar,LA GUAJIRA,LA JAGUA DEL PILAR,MUNICIPIO,179.25010935,179.25010934017456,10.458096698317807,-73.07208937538931,2.0,1.0,2.0,2.0,2.0,0.0,Fecha corte REPS: Mar 12 2026  3:11PM,True,True
44,La Guajira,44430,Maicao,LA GUAJIRA,MAICAO,MUNICIPIO,1764.50970792,1764.5097078647982,11.381568429977793,-72.29505119728967,79.0,72.0,79.0,58.0,20.0,59.0,Fecha corte REPS: Mar 12 2026  3:11PM,True,True
44,La Guajira,44560,Manaure,LA GUAJIRA,MANAURE,MUNICIPIO,1615.54764155,1615.5476414990105,11.605526224637053,-72.57157276908673,16.0,11.0,16.0,14.0,12.0,4.0,Fecha corte REPS: Mar 12 2026  3:11PM,True,True
44,La Guajira,44650,San Juan del Cesar,LA GUAJIRA,SAN JUAN DEL CESAR,MUNICIPIO,1308.55679668,1308.556796642994,10.813187070639358,-73.08617539570946,72.0,46.0,72.0,52.0,25.0,47.0,Fecha corte REPS: Mar 12 2026  3:11PM,True,True
44,La Guajira,44847,Uribia,LA GUAJIRA,URIBIA,MUNICIPIO,7866.02090942,7866.02090920141,11.99977233525104,-71.74907032191496,43.0,32.0,43.0,36.0,19.0,24.0,Fecha corte REPS: Mar 12 2026  3:11PM,True,True
44,La Guajira,44855,Urumita,LA GUAJIRA,URUMITA,MUNICIPIO,245.79394937,245.7939493670644,10.494705950708388,-72.9862339335466,10.0,10.0,10.0,1.0,1.0,9.0,Fecha corte REPS: Mar 12 2026  3:11PM,True,True
44,La Guajira,44874,Villanueva,LA GUAJIRA,VILLANUEVA,MUNICIPIO,259.58652713,259.58652712201985,10.583649556181621,-72.97519308259601,17.0,17.0,17.0,8.0,2.0,15.0,Fecha corte REPS: Mar 12 2026  3:11PM,True,True
47,Magdalena,47001,Santa Marta,MAGDALENA,SANTA MARTA,MUNICIPIO,2343.90329238,2343.9032923145714,11.121900870179568,-73.88523395420174,751.0,643.0,751.0,367.0,41.0,710.0,Fecha corte REPS: Mar 12 2026  3:11PM,True,True
47,Magdalena,47030,Algarrobo,MAGDALENA,ALGARROBO,MUNICIPIO,405.8849845,405.88498448321644,10.25355474494195,-74.10323028339153,5.0,3.0,5.0,5.0,3.0,2.0,Fecha corte REPS: Mar 12 2026  3:11PM,True,True
47,Magdalena,47053,Aracataca,MAGDALENA,ARACATACA,MUNICIPIO,1738.42425619,1738.4242561356946,10.644914100384026,-73.8798009307541,16.0,9.0,16.0,15.0,9.0,7.0,Fecha corte REPS: Mar 12 2026  3:11PM,True,True
47,Magdalena,47058,Ariguaní,MAGDALENA,ARIGUANÍ,MUNICIPIO,1130.32990167,1130.329901633396,9.834265513697677,-74.08460248259377,13.0,10.0,13.0,7.0,3.0,10.0,Fecha corte REPS: Mar 12 2026  3:11PM,True,True
47,Magdalena,47161,Cerro de San Antonio,MAGDALENA,CERRO DE SAN ANTONIO,MUNICIPIO,177.06561263,177.06561262576756,10.29372963919368,-74.81981914875381,6.0,2.0,6.0,5.0,5.0,1.0,Fecha corte REPS: Mar 12 2026  3:11PM,True,True
47,Magdalena,47170,Chibolo,MAGDALENA,CHIVOLO,MUNICIPIO,536.03085684,536.0308568211125,10.099511901323208,-74.52607722419575,8.0,5.0,8.0,5.0,4.0,4.0,Fecha corte REPS: Mar 12 2026  3:11PM,True,True
47,Magdalena,47189,Ciénaga,MAGDALENA,CIÉNAGA,MUNICIPIO,1329.35596405,1329.3559640146236,10.888584507095025,-74.04240936484955,86.0,75.0,86.0,57.0,9.0,77.0,Fecha corte REPS: Mar 12 2026  3:11PM,True,True
47,Magdalena,47205,Concordia,MAGDALENA,CONCORDIA,MUNICIPIO,109.39533771,109.3953377050542,10.23285023090815,-74.77810144353843,5.0,2.0,5.0,5.0,4.0,1.0,Fecha corte REPS: Mar 12 2026  3:11PM,True,True
47,Magdalena,47245,El Banco,MAGDALENA,EL BANCO,MUNICIPIO,813.80183925,813.8018392256707,9.114923109981374,-73.98104881687333,43.0,37.0,43.0,28.0,5.0,38.0,Fecha corte REPS: Mar 12 2026  3:11PM,True,True
47,Magdalena,47258,El Piñón,MAGDALENA,EL PIÑÓN,MUNICIPIO,556.65678338,556.6567833651845,10.343113043710007,-74.67816286077282,6.0,3.0,6.0,5.0,4.0,2.0,Fecha corte REPS: Mar 12 2026  3:11PM,True,True
47,Magdalena,47268,El Retén,MAGDALENA,EL RETÉN,MUNICIPIO,261.89434053,261.89434051972086,10.659618447412743,-74.32514836437653,7.0,7.0,7.0,6.0,1.0,6.0,Fecha corte REPS: Mar 12 2026  3:11PM,True,True
47,Magdalena,47288,Fundación,MAGDALENA,FUNDACIÓN,MUNICIPIO,970.56939286,970.5693928274225,10.459407293415065,-73.88413799815365,61.0,50.0,61.0,49.0,13.0,48.0,Fecha corte REPS: Mar 12 2026  3:11PM,True,True
47,Magdalena,47318,Guamal,MAGDALENA,GUAMAL,MUNICIPIO,563.8436604,563.8436603804926,9.247988307448363,-74.1397124464815,12.0,9.0,12.0,9.0,3.0,9.0,Fecha corte REPS: Mar 12 2026  3:11PM,True,True
47,Magdalena,47460,Nueva Granada,MAGDALENA,NUEVA GRANADA,MUNICIPIO,841.14445088,841.1444508561347,9.735978209046541,-74.32839305238075,5.0,3.0,5.0,5.0,3.0,2.0,Fecha corte REPS: Mar 12 2026  3:11PM,True,True
47,Magdalena,47541,Pedraza,MAGDALENA,PEDRAZA,MUNICIPIO,305.54740803,305.5474080236779,10.155984813479602,-74.83757881133194,5.0,1.0,5.0,5.0,5.0,0.0,Fecha corte REPS: Mar 12 2026  3:11PM,True,True
47,Magdalena,47545,Pijiño del Carmen,MAGDALENA,PIJIÑO DEL CARMEN,MUNICIPIO,660.76343467,660.7634346478453,9.530743319764012,-74.14490508905473,6.0,4.0,6.0,6.0,3.0,3.0,Fecha corte REPS: Mar 12 2026  3:11PM,True,True
47,Magdalena,47551,Pivijay,MAGDALENA,PIVIJAY,MUNICIPIO,1638.73568716,1638.7356871133973,10.433025017779572,-74.41252278506913,13.0,11.0,13.0,12.0,3.0,10.0,Fecha corte REPS: Mar 12 2026  3:11PM,True,True
47,Magdalena,47555,Plato,MAGDALENA,PLATO,MUNICIPIO,1455.97522675,1455.9752267062433,9.76943160441282,-74.60185294129978,40.0,27.0,40.0,33.0,15.0,25.0,Fecha corte REPS: Mar 12 2026  3:11PM,True,True
47,Magdalena,47570,Puebloviejo,MAGDALENA,PUEBLOVIEJO,MUNICIPIO,679.03927966,679.0392796404577,10.848288082091207,-74.35996199814119,6.0,3.0,6.0,5.0,4.0,2.0,Fecha corte REPS: Mar 12 2026  3:11PM,True,True
47,Magdalena,47605,Remolino,MAGDALENA,REMOLINO,MUNICIPIO,594.37497069,594.3749706735204,10.648604252596995,-74.58107567643265,4.0,1.0,4.0,4.0,4.0,0.0,Fecha corte REPS: Mar 12 2026  3:11PM,True,True
47,Magdalena,47660,Sabanas de San Ángel,MAGDALENA,SABANAS DE SAN ÁNGEL,MUNICIPIO,1237.56066435,1237.5606643181063,10.105310618909652,-74.26444482458204,11.0,4.0,11.0,10.0,8.0,3.0,Fecha corte REPS: Mar 12 2026  3:11PM,True,True
47,Magdalena,47675,Salamina,MAGDALENA,SALAMINA,MUNICIPIO,170.33479571,170.33479570832458,10.515378401516942,-74.72297507618829,6.0,5.0,6.0,6.0,2.0,4.0,Fecha corte REPS: Mar 12 2026  3:11PM,True,True
47,Magdalena,47692,San Sebastián de Buenavista,MAGDALENA,SAN SEBASTIÁN DE BUENAVISTA,MUNICIPIO,437.13067927,437.13067926169066,9.35254936167917,-74.20125299966575,14.0,9.0,14.0,11.0,4.0,10.0,Fecha corte REPS: Mar 12 2026  3:11PM,True,True
47,Magdalena,47703,San Zenón,MAGDALENA,SAN ZENÓN,MUNICIPIO,268.59449703,268.5944970212893,9.327648426379502,-74.35675517499831,8.0,4.0,8.0,6.0,5.0,3.0,Fecha corte REPS: Mar 12 2026  3:11PM,True,True
47,Magdalena,47707,Santa Ana,MAGDALENA,SANTA ANA,MUNICIPIO,1119.20752259,1119.207522552906,9.519468598370684,-74.3395105965674,17.0,13.0,17.0,12.0,4.0,13.0,Fecha corte REPS: Mar 12 2026  3:11PM,True,True
47,Magdalena,47720,Santa Bárbara de Pinto,MAGDALENA,SANTA BÁRBARA DE PINTO,MUNICIPIO,494.2661997,494.2661996857709,9.522106045637992,-74.64791315701999,7.0,2.0,7.0,6.0,6.0,1.0,Fecha corte REPS: Mar 12 2026  3:11PM,True,True
47,Magdalena,47745,Sitionuevo,MAGDALENA,SITIONUEVO,MUNICIPIO,970.02269502,970.022694992048,10.890265408036795,-74.62964511899806,11.0,6.0,11.0,9.0,6.0,5.0,Fecha corte REPS: Mar 12 2026  3:11PM,True,True
47,Magdalena,47798,Tenerife,MAGDALENA,TENERIFE,MUNICIPIO,491.7800696,491.78006958125843,9.924702672061091,-74.73265036792385,6.0,3.0,6.0,5.0,4.0,2.0,Fecha corte REPS: Mar 12 2026  3:11PM,True,True
47,Magdalena,47960,Zapayán,MAGDALENA,ZAPAYÁN,MUNICIPIO,372.60592563,372.60592561945816,10.11833625613077,-74.69382786244788,5.0,1.0,5.0,5.0,5.0,0.0,Fecha corte REPS: Mar 12 2026  3:11PM,True,True
47,Magdalena,47980,Zona Bananera,MAGDALENA,ZONA BANANERA,MUNICIPIO,435.41743407,435.41743406096913,10.795332092787449,-74.18016334869708,24.0,11.0,24.0,24.0,12.0,12.0,Fecha corte REPS: Mar 12 2026  3:11PM,True,True
50,Meta,50001,Villavicencio,META,VILLAVICENCIO,MUNICIPIO,1283.70518072,1283.7051806748873,4.0916894260278,-73.49291141119657,791.0,705.0,791.0,313.0,22.0,769.0,Fecha corte REPS: Mar 12 2026  3:11PM,True,True
50,Meta,50006,Acacías,META,ACACÍAS,MUNICIPIO,1121.92013877,1121.9201387287837,4.009669230385211,-73.72394498462445,119.0,109.0,119.0,43.0,4.0,115.0,Fecha corte REPS: Mar 12 2026  3:11PM,True,True
50,Meta,50110,Barranca de Upía,META,BARRANCA DE UPÍA,MUNICIPIO,403.03293016,403.032930146167,4.519072126687721,-72.9954837567012,5.0,5.0,5.0,1.0,1.0,4.0,Fecha corte REPS: Mar 12 2026  3:11PM,True,True
50,Meta,50124,Cabuyaro,META,CABUYARO,MUNICIPIO,911.85058641,911.850586382314,4.315244352023883,-72.95268834781113,2.0,2.0,2.0,2.0,1.0,1.0,Fecha corte REPS: Mar 12 2026  3:11PM,True,True
50,Meta,50150,Castilla la Nueva,META,CASTILLA LA NUEVA,MUNICIPIO,513.8628757,513.8628756862012,3.805159632140535,-73.53886514171042,8.0,6.0,8.0,5.0,3.0,5.0,Fecha corte REPS: Mar 12 2026  3:11PM,True,True
50,Meta,50223,Cubarral,META,CUBARRAL,MUNICIPIO,1156.42157848,1156.4215784401144,3.8282553444507665,-74.07531581525201,2.0,2.0,2.0,2.0,1.0,1.0,Fecha corte REPS: Mar 12 2026  3:11PM,True,True
50,Meta,50226,Cumaral,META,CUMARAL,MUNICIPIO,623.78198283,623.7819828095363,4.2324928917283104,-73.31468974833213,11.0,11.0,11.0,6.0,1.0,10.0,Fecha corte REPS: Mar 12 2026  3:11PM,True,True
50,Meta,50245,El Calvario,META,EL CALVARIO,MUNICIPIO,269.9059076,269.90590759204446,4.352390549706732,-73.71438381657332,1.0,1.0,1.0,1.0,1.0,0.0,Fecha corte REPS: Mar 12 2026  3:11PM,True,True
50,Meta,50251,El Castillo,META,EL CASTILLO,MUNICIPIO,567.4397075,567.439707477123,3.6156257006059467,-73.88800572123242,1.0,1.0,1.0,1.0,1.0,0.0,Fecha corte REPS: Mar 12 2026  3:11PM,True,True
50,Meta,50270,El Dorado,META,EL DORADO,MUNICIPIO,117.17599535,117.17599535105971,3.706969825692077,-73.83161885221058,1.0,1.0,1.0,1.0,1.0,0.0,Fecha corte REPS: Mar 12 2026  3:11PM,True,True
50,Meta,50287,Fuente de Oro,META,FUENTE DE ORO,MUNICIPIO,570.09958333,570.0995833101695,3.3823699354622123,-73.59625374646112,5.0,5.0,5.0,3.0,1.0,4.0,Fecha corte REPS: Mar 12 2026  3:11PM,True,True
50,Meta,50313,Granada,META,GRANADA,MUNICIPIO,347.8023911,347.80239108857063,3.496558907938714,-73.74696387201907,74.0,64.0,74.0,31.0,10.0,64.0,Fecha corte REPS: Mar 12 2026  3:11PM,True,True
50,Meta,50318,Guamal,META,GUAMAL,MUNICIPIO,594.91591913,594.9159191115093,3.9477858543646303,-73.9598386437827,7.0,7.0,7.0,3.0,1.0,6.0,Fecha corte REPS: Mar 12 2026  3:11PM,True,True
50,Meta,50325,Mapiripán,META,MAPIRIPÁN,MUNICIPIO,11917.47878531,11917.47878493249,3.1176390235858746,-71.93788566251588,3.0,2.0,3.0,3.0,2.0,1.0,Fecha corte REPS: Mar 12 2026  3:11PM,True,True
50,Meta,50330,Mesetas,META,MESETAS,MUNICIPIO,2277.8614419,2277.86144182746,3.1547297931166907,-74.1245245604795,1.0,1.0,1.0,1.0,1.0,0.0,Fecha corte REPS: Mar 12 2026  3:11PM,True,True
50,Meta,50350,La Macarena,META,LA MACARENA,MUNICIPIO,8108.4629008,8108.462900538377,2.262353732996609,-74.05811158382949,4.0,3.0,4.0,3.0,2.0,2.0,Fecha corte REPS: Mar 12 2026  3:11PM,True,True
50,Meta,50370,Uribe,META,URIBE,MUNICIPIO,6454.42461982,6454.424619615684,3.047223139840292,-74.43245284832719,2.0,1.0,2.0,2.0,2.0,0.0,Fecha corte REPS: Mar 12 2026  3:11PM,True,True
50,Meta,50400,Lejanías,META,LEJANÍAS,MUNICIPIO,814.42101272,814.4210126940961,3.6147154345322403,-74.09627969549328,3.0,3.0,3.0,1.0,1.0,2.0,Fecha corte REPS: Mar 12 2026  3:11PM,True,True
50,Meta,50450,Puerto Concordia,META,PUERTO CONCORDIA,MUNICIPIO,1256.28337674,1256.283376699732,2.7517003473352877,-72.72289085486432,1.0,1.0,1.0,1.0,1.0,0.0,Fecha corte REPS: Mar 12 2026  3:11PM,True,True
50,Meta,50568,Puerto Gaitán,META,PUERTO GAITÁN,MUNICIPIO,17200.78401382,17200.784013281565,4.004998742869371,-71.63159652593238,31.0,24.0,31.0,22.0,3.0,27.0,Fecha corte REPS: Mar 12 2026  3:11PM,True,True
50,Meta,50573,Puerto López,META,PUERTO LÓPEZ,MUNICIPIO,6898.23614953,6898.236149301599,4.014315913082807,-72.64573024052068,18.0,16.0,18.0,11.0,2.0,16.0,Fecha corte REPS: Mar 12 2026  3:11PM,True,True
50,Meta,50577,Puerto Lleras,META,PUERTO LLERAS,MUNICIPIO,2531.21484335,2531.2148432641397,3.1930944229584926,-73.2367110274823,3.0,3.0,3.0,1.0,1.0,2.0,Fecha corte REPS: Mar 12 2026  3:11PM,True,True
50,Meta,50590,Puerto Rico,META,PUERTO RICO,MUNICIPIO,3405.71671918,3405.7167190644827,2.7583048052496744,-73.1390945683592,1.0,1.0,1.0,1.0,1.0,0.0,Fecha corte REPS: Mar 12 2026  3:11PM,True,True
50,Meta,50606,Restrepo,META,RESTREPO,MUNICIPIO,364.5380411,364.5380410837867,4.237477707271202,-73.47365276594653,15.0,15.0,15.0,3.0,1.0,14.0,Fecha corte REPS: Mar 12 2026  3:11PM,True,True
50,Meta,50680,San Carlos de Guaroa,META,SAN CARLOS DE GUAROA,MUNICIPIO,806.59933044,806.5993304136001,3.847641435536748,-73.27587885378543,1.0,1.0,1.0,1.0,1.0,0.0,Fecha corte REPS: Mar 12 2026  3:11PM,True,True
50,Meta,50683,San Juan de Arama,META,SAN JUAN DE ARAMA,MUNICIPIO,1165.3669269,1165.3669268599263,3.288866774132547,-73.81980997075179,2.0,2.0,2.0,2.0,1.0,1.0,Fecha corte REPS: Mar 12 2026  3:11PM,True,True
50,Meta,50686,San Juanito,META,SAN JUANITO,MUNICIPIO,244.52355646,244.52355645508246,4.469244868803838,-73.6621151999091,1.0,1.0,1.0,1.0,1.0,0.0,Fecha corte REPS: Mar 12 2026  3:11PM,True,True
50,Meta,50689,San Martín,META,SAN MARTÍN,MUNICIPIO,5922.00388525,5922.003885056324,3.5359767479638022,-72.98535002358061,23.0,23.0,23.0,8.0,1.0,22.0,Fecha corte REPS: Mar 12 2026  3:11PM,True,True
50,Meta,50711,Vistahermosa,META,VISTAHERMOSA,MUNICIPIO,4813.99193781,4813.991937657118,2.812056181711354,-73.66572587338722,3.0,3.0,3.0,2.0,1.0,2.0,Fecha corte REPS: Mar 12 2026  3:11PM,True,True
52,Nariño,52001,Pasto,NARIÑO,PASTO,MUNICIPIO,1100.30727247,1100.3072730121619,1.083618799795828,-77.20610569945619,1060.0,952.0,1060.0,258.0,29.0,1031.0,Fecha corte REPS: Mar 12 2026  3:11PM,True,True
52,Nariño,52019,Albán,NARIÑO,ALBÁN,MUNICIPIO,38.63843129,38.63843130550612,1.4698531860806283,-77.06881056365569,18.0,15.0,18.0,9.0,4.0,14.0,Fecha corte REPS: Mar 12 2026  3:11PM,True,True
52,Nariño,52022,Aldana,NARIÑO,ALDANA,MUNICIPIO,47.69421424,47.6942142837734,0.9134337014992606,-77.69538742166141,3.0,3.0,3.0,2.0,1.0,2.0,Fecha corte REPS: Mar 12 2026  3:11PM,True,True
52,Nariño,52036,Ancuya,NARIÑO,ANCUYA,MUNICIPIO,68.97813357,68.97813362400211,1.2452530793097525,-77.53115781016642,7.0,5.0,7.0,6.0,3.0,4.0,Fecha corte REPS: Mar 12 2026  3:11PM,True,True
52,Nariño,52051,Arboleda,NARIÑO,ARBOLEDA,MUNICIPIO,60.23238374,60.23238376245101,1.4800510333288421,-77.12985104514503,7.0,4.0,7.0,6.0,4.0,3.0,Fecha corte REPS: Mar 12 2026  3:11PM,True,True
52,Nariño,52079,Barbacoas,NARIÑO,BARBACOAS,MUNICIPIO,2736.91500346,2736.91500840748,1.4455536168958998,-78.15630335403242,30.0,17.0,30.0,17.0,15.0,15.0,Fecha corte REPS: Mar 12 2026  3:11PM,True,True
52,Nariño,52083,Belén,NARIÑO,BELÉN,MUNICIPIO,41.87539393,41.87539394637481,1.5907640612432823,-77.04289647743087,3.0,3.0,3.0,1.0,1.0,2.0,Fecha corte REPS: Mar 12 2026  3:11PM,True,True
52,Nariño,52110,Buesaco,NARIÑO,BUESACO,MUNICIPIO,636.44796616,636.4479664274891,1.3152219869826594,-77.11637781588169,24.0,17.0,24.0,13.0,8.0,16.0,Fecha corte REPS: Mar 12 2026  3:11PM,True,True
52,Nariño,52203,Colón,NARIÑO,COLÓN,MUNICIPIO,61.79495724,61.794957259857625,1.6363339424425507,-77.0473178626807,8.0,5.0,8.0,6.0,4.0,4.0,Fecha corte REPS: Mar 12 2026  3:11PM,True,True
52,Nariño,52207,Consacá,NARIÑO,CONSACÁ,MUNICIPIO,119.47078255,119.4707826341223,1.2090676365614976,-77.44064292491753,8.0,7.0,8.0,3.0,2.0,6.0,Fecha corte REPS: Mar 12 2026  3:11PM,True,True
52,Nariño,52210,Contadero,NARIÑO,CONTADERO,MUNICIPIO,43.25398754,43.253987573821306,0.9326673748262072,-77.52808951483908,10.0,10.0,10.0,1.0,1.0,9.0,Fecha corte REPS: Mar 12 2026  3:11PM,True,True
52,Nariño,52215,Córdoba,NARIÑO,CÓRDOBA,MUNICIPIO,304.91742359,304.91742378129743,0.7708233848573111,-77.36035794970304,16.0,12.0,16.0,9.0,6.0,10.0,Fecha corte REPS: Mar 12 2026  3:11PM,True,True
52,Nariño,52224,Cuaspud Carlosama,NARIÑO,CUASPUD CARLOSAMA,MUNICIPIO,57.18590282,57.18590287892218,0.8754279312834757,-77.73591727986448,4.0,4.0,4.0,2.0,2.0,2.0,Fecha corte REPS: Mar 12 2026  3:11PM,True,True
52,Nariño,52227,Cumbal,NARIÑO,CUMBAL,MUNICIPIO,916.54238194,916.5423832284401,0.9442351351842729,-77.95962229586942,45.0,33.0,45.0,19.0,14.0,31.0,Fecha corte REPS: Mar 12 2026  3:11PM,True,True
52,Nariño,52233,Cumbitara,NARIÑO,CUMBITARA,MUNICIPIO,355.55104645,355.5510467566458,1.725601801311541,-77.59281793058364,8.0,1.0,8.0,8.0,8.0,0.0,Fecha corte REPS: Mar 12 2026  3:11PM,True,True
52,Nariño,52240,Chachagüí,NARIÑO,CHACHAGÜÍ,MUNICIPIO,146.39866754,146.39866762306727,1.386498067763978,-77.26968941578332,20.0,14.0,20.0,11.0,6.0,14.0,Fecha corte REPS: Mar 12 2026  3:11PM,True,True
52,Nariño,52250,El Charco,NARIÑO,EL CHARCO,MUNICIPIO,2493.62247761,2493.6224805541374,2.1832905088694496,-77.79597829963662,20.0,12.0,20.0,13.0,9.0,11.0,Fecha corte REPS: Mar 12 2026  3:11PM,True,True
52,Nariño,52254,El Peñol,NARIÑO,EL PEÑOL,MUNICIPIO,121.23729532,121.23729540382743,1.5119025528234706,-77.43045501638139,3.0,3.0,3.0,1.0,1.0,2.0,Fecha corte REPS: Mar 12 2026  3:11PM,True,True
52,Nariño,52256,El Rosario,NARIÑO,EL ROSARIO,MUNICIPIO,520.80059702,520.800597378714,1.8451097744269866,-77.43827536047111,7.0,3.0,7.0,7.0,5.0,2.0,Fecha corte REPS: Mar 12 2026  3:11PM,True,True
52,Nariño,52258,El Tablón de Gómez,NARIÑO,EL TABLÓN DE GÓMEZ,MUNICIPIO,307.1109372,307.1109373095952,1.4094306482459706,-76.98527222345125,20.0,18.0,20.0,8.0,4.0,16.0,Fecha corte REPS: Mar 12 2026  3:11PM,True,True
52,Nariño,52260,El Tambo,NARIÑO,EL TAMBO,MUNICIPIO,246.54730468,246.54730484141524,1.4301539319535,-77.38295082358009,12.0,10.0,12.0,7.0,3.0,9.0,Fecha corte REPS: Mar 12 2026  3:11PM,True,True
52,Nariño,52287,Funes,NARIÑO,FUNES,MUNICIPIO,395.12059934,395.12059957900817,0.9142402627716579,-77.32845767911486,6.0,6.0,6.0,1.0,1.0,5.0,Fecha corte REPS: Mar 12 2026  3:11PM,True,True
52,Nariño,52317,Guachucal,NARIÑO,GUACHUCAL,MUNICIPIO,155.8504795,155.85047966011538,0.9750366569596014,-77.73759778483965,22.0,19.0,22.0,9.0,6.0,16.0,Fecha corte REPS: Mar 12 2026  3:11PM,True,True
52,Nariño,52320,Guaitarilla,NARIÑO,GUAITARILLA,MUNICIPIO,116.861317,116.86131709086885,1.1513658428307363,-77.53011631530342,14.0,14.0,14.0,5.0,1.0,13.0,Fecha corte REPS: Mar 12 2026  3:11PM,True,True
52,Nariño,52323,Gualmatán,NARIÑO,GUALMATÁN,MUNICIPIO,29.99411519,29.99411521388952,0.9286429672974169,-77.58261909672682,12.0,11.0,12.0,2.0,2.0,10.0,Fecha corte REPS: Mar 12 2026  3:11PM,True,True
52,Nariño,52352,Iles,NARIÑO,ILES,MUNICIPIO,80.61478839,80.61478845275461,0.9805338405711497,-77.51866081944313,10.0,8.0,10.0,1.0,1.0,9.0,Fecha corte REPS: Mar 12 2026  3:11PM,True,True
52,Nariño,52354,Imués,NARIÑO,IMUÉS,MUNICIPIO,81.8134095,81.81340956026398,1.0728780170903067,-77.5015108755295,8.0,4.0,8.0,5.0,4.0,4.0,Fecha corte REPS: Mar 12 2026  3:11PM,True,True
52,Nariño,52356,Ipiales,NARIÑO,IPIALES,MUNICIPIO,1573.22370721,1573.2237082180136,0.5586637788594996,-77.37041860841984,334.0,302.0,334.0,79.0,22.0,311.0,Fecha corte REPS: Mar 12 2026  3:11PM,True,True
52,Nariño,52378,La Cruz,NARIÑO,LA CRUZ,MUNICIPIO,238.99855383,238.9985538984107,1.5841759816057686,-76.9233575432603,30.0,23.0,30.0,14.0,7.0,23.0,Fecha corte REPS: Mar 12 2026  3:11PM,True,True
52,Nariño,52381,La Florida,NARIÑO,LA FLORIDA,MUNICIPIO,136.4419327,136.44193279148658,1.3339240187367518,-77.38823461908193,16.0,10.0,16.0,9.0,7.0,9.0,Fecha corte REPS: Mar 12 2026  3:11PM,True,True
52,Nariño,52385,La Llanada,NARIÑO,LA LLANADA,MUNICIPIO,245.26696136,245.26696160277132,1.5540299778091067,-77.70320176616548,5.0,5.0,5.0,1.0,1.0,4.0,Fecha corte REPS: Mar 12 2026  3:11PM,True,True
52,Nariño,52390,La Tola,NARIÑO,LA TOLA,MUNICIPIO,416.52843024,416.5284310187126,2.4193005405864763,-78.20988585569431,8.0,4.0,8.0,7.0,5.0,3.0,Fecha corte REPS: Mar 12 2026  3:11PM,True,True
52,Nariño,52399,La Unión,NARIÑO,LA UNIÓN,MUNICIPIO,142.26366766,142.26366772020774,1.6196989388348115,-77.14284908154123,60.0,57.0,60.0,20.0,2.0,58.0,Fecha corte REPS: Mar 12 2026  3:11PM,True,True
52,Nariño,52405,Leiva,NARIÑO,LEIVA,MUNICIPIO,310.69804098,310.69804116125005,1.9389751211042021,-77.31195090553582,4.0,4.0,4.0,1.0,1.0,3.0,Fecha corte REPS: Mar 12 2026  3:11PM,True,True
52,Nariño,52411,Linares,NARIÑO,LINARES,MUNICIPIO,135.77191367,135.7719137789084,1.3951552160414906,-77.52094698405598,12.0,11.0,12.0,6.0,2.0,10.0,Fecha corte REPS: Mar 12 2026  3:11PM,True,True
52,Nariño,52418,Los Andes,NARIÑO,LOS ANDES,MUNICIPIO,957.98128085,957.9812818165868,1.672631211616508,-77.7105855816952,8.0,8.0,8.0,2.0,1.0,7.0,Fecha corte REPS: Mar 12 2026  3:11PM,True,True
52,Nariño,52427,Magüí,NARIÑO,MAGÜÍ,MUNICIPIO,1810.60431157,1810.604314395197,1.9068556603900195,-78.04480381015227,13.0,2.0,13.0,12.0,12.0,1.0,Fecha corte REPS: Mar 12 2026  3:11PM,True,True
52,Nariño,52435,Mallama,NARIÑO,MALLAMA,MUNICIPIO,569.75763636,569.7576370519582,1.1559520304874584,-77.84665400333836,11.0,3.0,11.0,10.0,9.0,2.0,Fecha corte REPS: Mar 12 2026  3:11PM,True,True
52,Nariño,52473,Mosquera,NARIÑO,MOSQUERA,MUNICIPIO,769.31284228,769.3128441623949,2.4424743281930232,-78.43883876925722,4.0,4.0,4.0,3.0,1.0,3.0,Fecha corte REPS: Mar 12 2026  3:11PM,True,True
52,Nariño,52480,Nariño,NARIÑO,NARIÑO,MUNICIPIO,25.33619716,25.33619717867618,1.280859140257061,-77.353888491993,2.0,2.0,2.0,1.0,1.0,1.0,Fecha corte REPS: Mar 12 2026  3:11PM,True,True
52,Nariño,52490,Olaya Herrera,NARIÑO,OLAYA HERRERA,MUNICIPIO,1004.66826904,1004.6682711288262,2.2898809586389266,-78.29470880754147,18.0,12.0,18.0,11.0,7.0,11.0,Fecha corte REPS: Mar 12 2026  3:11PM,True,True
52,Nariño,52506,Ospina,NARIÑO,OSPINA,MUNICIPIO,64.91169049,64.91169054734321,1.0298153079564178,-77.55235121829078,3.0,3.0,3.0,1.0,1.0,2.0,Fecha corte REPS: Mar 12 2026  3:11PM,True,True
52,Nariño,52520,Francisco Pizarro,NARIÑO,FRANCISCO PIZARRO,MUNICIPIO,526.10039535,526.1003968956732,2.0885268381273137,-78.59193817342445,7.0,3.0,7.0,6.0,5.0,2.0,Fecha corte REPS: Mar 12 2026  3:11PM,True,True
52,Nariño,52540,Policarpa,NARIÑO,POLICARPA,MUNICIPIO,434.66530157,434.66530188318404,1.7354033445659975,-77.48136366002706,13.0,5.0,13.0,11.0,9.0,4.0,Fecha corte REPS: Mar 12 2026  3:11PM,True,True
52,Nariño,52560,Potosí,NARIÑO,POTOSÍ,MUNICIPIO,388.67689179,388.6768920520949,0.7226997363307517,-77.42484548103592,17.0,8.0,17.0,11.0,10.0,7.0,Fecha corte REPS: Mar 12 2026  3:11PM,True,True
52,Nariño,52565,Providencia,NARIÑO,PROVIDENCIA,MUNICIPIO,40.02681012,40.02681015832626,1.2329192630886323,-77.59845650734671,3.0,3.0,3.0,1.0,1.0,2.0,Fecha corte REPS: Mar 12 2026  3:11PM,True,True
52,Nariño,52573,Puerres,NARIÑO,PUERRES,MUNICIPIO,350.4603319,350.46033210232525,0.8265374405994561,-77.32227804680826,10.0,5.0,10.0,6.0,6.0,4.0,Fecha corte REPS: Mar 12 2026  3:11PM,True,True
52,Nariño,52585,Pupiales,NARIÑO,PUPIALES,MUNICIPIO,129.8037353,129.8037354194332,0.9167694905326232,-77.63337102934764,31.0,28.0,31.0,5.0,3.0,28.0,Fecha corte REPS: Mar 12 2026  3:11PM,True,True
52,Nariño,52612,Ricaurte,NARIÑO,RICAURTE,MUNICIPIO,1057.19519655,1057.1951982123926,1.2027081133247999,-78.04769125980988,23.0,13.0,23.0,12.0,11.0,12.0,Fecha corte REPS: Mar 12 2026  3:11PM,True,True
52,Nariño,52621,Roberto Payán,NARIÑO,ROBERTO PAYÁN,MUNICIPIO,1460.0405887,1460.0405920814453,1.8975990280863015,-78.38110204016976,9.0,1.0,9.0,9.0,9.0,0.0,Fecha corte REPS: Mar 12 2026  3:11PM,True,True
52,Nariño,52678,Samaniego,NARIÑO,SAMANIEGO,MUNICIPIO,605.73850579,605.7385063881027,1.4305765083663577,-77.69181490119657,24.0,23.0,24.0,8.0,1.0,23.0,Fecha corte REPS: Mar 12 2026  3:11PM,True,True
52,Nariño,52683,Sandoná,NARIÑO,SANDONÁ,MUNICIPIO,101.71331605,101.71331611915087,1.2881079421114174,-77.45670329867401,26.0,25.0,26.0,10.0,2.0,24.0,Fecha corte REPS: Mar 12 2026  3:11PM,True,True
52,Nariño,52685,San Bernardo,NARIÑO,SAN BERNARDO,MUNICIPIO,65.21026402,65.21026404192423,1.5297824894801049,-77.02070896590874,7.0,7.0,7.0,2.0,1.0,6.0,Fecha corte REPS: Mar 12 2026  3:11PM,True,True
52,Nariño,52687,San Lorenzo,NARIÑO,SAN LORENZO,MUNICIPIO,249.35495437,249.3549544906831,1.5421406535078392,-77.21872900269636,14.0,10.0,14.0,9.0,5.0,9.0,Fecha corte REPS: Mar 12 2026  3:11PM,True,True
52,Nariño,52693,San Pablo,NARIÑO,SAN PABLO,MUNICIPIO,111.93476788,111.93476792096037,1.6815773254563624,-76.97528454241898,13.0,12.0,13.0,6.0,2.0,11.0,Fecha corte REPS: Mar 12 2026  3:11PM,True,True
52,Nariño,52694,San Pedro de Cartago,NARIÑO,SAN PEDRO DE CARTAGO,MUNICIPIO,55.68932278,55.68932279974753,1.5368236948738152,-77.10140415574068,2.0,2.0,2.0,1.0,1.0,1.0,Fecha corte REPS: Mar 12 2026  3:11PM,True,True
52,Nariño,52696,Santa Bárbara,NARIÑO,SANTA BÁRBARA,MUNICIPIO,1226.12646798,1226.1264695016787,2.302240338688741,-77.87437733923066,9.0,4.0,9.0,9.0,6.0,3.0,Fecha corte REPS: Mar 12 2026  3:11PM,True,True
52,Nariño,52699,Santacruz,NARIÑO,SANTACRUZ,MUNICIPIO,541.17976584,541.1797664124496,1.2851859120298448,-77.74460241466822,10.0,5.0,10.0,7.0,7.0,3.0,Fecha corte REPS: Mar 12 2026  3:11PM,True,True
52,Nariño,52720,Sapuyes,NARIÑO,SAPUYES,MUNICIPIO,115.6803778,115.68037790778452,1.0361907445847343,-77.68045730284979,4.0,2.0,4.0,4.0,3.0,1.0,Fecha corte REPS: Mar 12 2026  3:11PM,True,True
52,Nariño,52786,Taminango,NARIÑO,TAMINANGO,MUNICIPIO,234.79956527,234.7995654095446,1.5916601921226692,-77.32523753872931,21.0,15.0,21.0,11.0,6.0,15.0,Fecha corte REPS: Mar 12 2026  3:11PM,True,True
52,Nariño,52788,Tangua,NARIÑO,TANGUA,MUNICIPIO,218.17328065,218.17328077875314,1.0640860655720226,-77.35063628697432,7.0,5.0,7.0,6.0,3.0,4.0,Fecha corte REPS: Mar 12 2026  3:11PM,True,True
52,Nariño,52835,San Andrés de Tumaco,NARIÑO,SAN ANDRÉS DE TUMACO,MUNICIPIO,3617.4580482,3617.45805758903,1.636095448514824,-78.6139276418393,158.0,115.0,158.0,74.0,39.0,118.0,Fecha corte REPS: Mar 12 2026  3:11PM,True,True
52,Nariño,52838,Túquerres,NARIÑO,TÚQUERRES,MUNICIPIO,216.56880007,216.5688002650153,1.1344792054077808,-77.63072948513349,41.0,38.0,41.0,17.0,4.0,37.0,Fecha corte REPS: Mar 12 2026  3:11PM,True,True
52,Nariño,52885,Yacuanquer,NARIÑO,YACUANQUER,MUNICIPIO,102.8345792,102.83457926563061,1.1255462435219992,-77.42467824764277,10.0,7.0,10.0,6.0,4.0,6.0,Fecha corte REPS: Mar 12 2026  3:11PM,True,True
54,Norte de Santander,54001,San José de Cúcuta,NORTE DE SANTANDER,SAN JOSÉ DE CÚCUTA,MUNICIPIO,1131.21953613,1131.2195360945223,8.111931294825936,-72.48864723159413,1417.0,1212.0,1417.0,315.0,43.0,1374.0,Fecha corte REPS: Mar 12 2026  3:11PM,True,True
54,Norte de Santander,54003,Ábrego,NORTE DE SANTANDER,ÁBREGO,MUNICIPIO,1379.89871628,1379.8987162410433,8.019804640809523,-73.15852344134795,17.0,13.0,17.0,8.0,4.0,13.0,Fecha corte REPS: Mar 12 2026  3:11PM,True,True
54,Norte de Santander,54051,Arboledas,NORTE DE SANTANDER,ARBOLEDAS,MUNICIPIO,455.21919894,455.2191989210946,7.613230186254959,-72.86137508614824,9.0,7.0,9.0,3.0,3.0,6.0,Fecha corte REPS: Mar 12 2026  3:11PM,True,True
54,Norte de Santander,54099,Bochalema,NORTE DE SANTANDER,BOCHALEMA,MUNICIPIO,169.90880706,169.9088070520566,7.633460794275745,-72.6578207324039,3.0,2.0,3.0,2.0,2.0,1.0,Fecha corte REPS: Mar 12 2026  3:11PM,True,True
54,Norte de Santander,54109,Bucarasica,NORTE DE SANTANDER,BUCARASICA,MUNICIPIO,270.2510342,270.25103419327377,8.07979812335285,-72.92919565293947,3.0,1.0,3.0,3.0,3.0,0.0,Fecha corte REPS: Mar 12 2026  3:11PM,True,True
54,Norte de Santander,54125,Cácota,NORTE DE SANTANDER,CÁCOTA,MUNICIPIO,138.62005604,138.62005603695457,7.270559428771918,-72.65212125474305,1.0,1.0,1.0,1.0,1.0,0.0,Fecha corte REPS: Mar 12 2026  3:11PM,True,True
54,Norte de Santander,54128,Cáchira,NORTE DE SANTANDER,CÁCHIRA,MUNICIPIO,614.67166701,614.6716669933232,7.6841893199043,-73.12941026705433,5.0,4.0,5.0,2.0,2.0,3.0,Fecha corte REPS: Mar 12 2026  3:11PM,True,True
54,Norte de Santander,54172,Chinácota,NORTE DE SANTANDER,CHINÁCOTA,MUNICIPIO,165.8850049,165.8850048957297,7.583346166418303,-72.5839080087401,18.0,18.0,18.0,2.0,1.0,17.0,Fecha corte REPS: Mar 12 2026  3:11PM,True,True
54,Norte de Santander,54174,Chitagá,NORTE DE SANTANDER,CHITAGÁ,MUNICIPIO,1182.50538923,1182.5053891932173,7.051615202014034,-72.52542237938883,7.0,7.0,7.0,2.0,1.0,6.0,Fecha corte REPS: Mar 12 2026  3:11PM,True,True
54,Norte de Santander,54206,Convención,NORTE DE SANTANDER,CONVENCIÓN,MUNICIPIO,930.09000459,930.0900045589314,8.873092616984911,-73.20018863786012,5.0,3.0,5.0,4.0,3.0,2.0,Fecha corte REPS: Mar 12 2026  3:11PM,True,True
54,Norte de Santander,54223,Cucutilla,NORTE DE SANTANDER,CUCUTILLA,MUNICIPIO,374.1306249,374.1306248852075,7.502175757808126,-72.79704012521643,2.0,2.0,2.0,2.0,1.0,1.0,Fecha corte REPS: Mar 12 2026  3:11PM,True,True
54,Norte de Santander,54239,Durania,NORTE DE SANTANDER,DURANIA,MUNICIPIO,174.62230746,174.62230745354705,7.746993268587457,-72.67208419471514,1.0,1.0,1.0,1.0,1.0,0.0,Fecha corte REPS: Mar 12 2026  3:11PM,True,True
54,Norte de Santander,54245,El Carmen,NORTE DE SANTANDER,EL CARMEN,MUNICIPIO,1724.75946712,1724.759467070288,8.867860490025466,-73.34596128045878,3.0,2.0,3.0,3.0,2.0,1.0,Fecha corte REPS: Mar 12 2026  3:11PM,True,True
54,Norte de Santander,54250,El Tarra,NORTE DE SANTANDER,EL TARRA,MUNICIPIO,702.7440662,702.7440661765081,8.678247261595411,-73.03176935072055,9.0,6.0,9.0,4.0,4.0,5.0,Fecha corte REPS: Mar 12 2026  3:11PM,True,True
54,Norte de Santander,54261,El Zulia,NORTE DE SANTANDER,EL ZULIA,MUNICIPIO,504.22173436,504.221734340668,8.08117404423429,-72.631534702497,14.0,13.0,14.0,4.0,2.0,12.0,Fecha corte REPS: Mar 12 2026  3:11PM,True,True
54,Norte de Santander,54313,Gramalote,NORTE DE SANTANDER,GRAMALOTE,MUNICIPIO,148.71499924,148.7149992379694,7.906519993933194,-72.80705825439516,4.0,4.0,4.0,1.0,1.0,3.0,Fecha corte REPS: Mar 12 2026  3:11PM,True,True
54,Norte de Santander,54344,Hacarí,NORTE DE SANTANDER,HACARÍ,MUNICIPIO,418.21020655,418.21020653464444,8.361828244407652,-73.07826625143463,1.0,1.0,1.0,1.0,1.0,0.0,Fecha corte REPS: Mar 12 2026  3:11PM,True,True
54,Norte de Santander,54347,Herrán,NORTE DE SANTANDER,HERRÁN,MUNICIPIO,106.71441529,106.71441528403938,7.493952644195916,-72.49269632359209,1.0,1.0,1.0,1.0,1.0,0.0,Fecha corte REPS: Mar 12 2026  3:11PM,True,True
54,Norte de Santander,54377,Labateca,NORTE DE SANTANDER,LABATECA,MUNICIPIO,255.46142365,255.4614236452513,7.265506117103726,-72.52266036314012,2.0,2.0,2.0,1.0,1.0,1.0,Fecha corte REPS: Mar 12 2026  3:11PM,True,True
54,Norte de Santander,54385,La Esperanza,NORTE DE SANTANDER,LA ESPERANZA,MUNICIPIO,668.75090393,668.7509039099632,7.695232762883435,-73.36141423238243,2.0,1.0,2.0,2.0,2.0,0.0,Fecha corte REPS: Mar 12 2026  3:11PM,True,True
54,Norte de Santander,54398,La Playa,NORTE DE SANTANDER,LA PLAYA,MUNICIPIO,241.77237225,241.77237224426017,8.256757795039052,-73.18789244330763,5.0,3.0,5.0,4.0,3.0,2.0,Fecha corte REPS: Mar 12 2026  3:11PM,True,True
54,Norte de Santander,54405,Los Patios,NORTE DE SANTANDER,LOS PATIOS,MUNICIPIO,126.0892249,126.08922489434157,7.7414259686648474,-72.52725134769561,61.0,57.0,61.0,10.0,3.0,58.0,Fecha corte REPS: Mar 12 2026  3:11PM,True,True
54,Norte de Santander,54418,Lourdes,NORTE DE SANTANDER,LOURDES,MUNICIPIO,86.41008339,86.41008338782322,7.963711836432436,-72.84670351749409,3.0,3.0,3.0,1.0,1.0,2.0,Fecha corte REPS: Mar 12 2026  3:11PM,True,True
54,Norte de Santander,54480,Mutiscua,NORTE DE SANTANDER,MUTISCUA,MUNICIPIO,158.49037009,158.49037008584133,7.3169432761421564,-72.76834707299943,1.0,1.0,1.0,1.0,1.0,0.0,Fecha corte REPS: Mar 12 2026  3:11PM,True,True
54,Norte de Santander,54498,Ocaña,NORTE DE SANTANDER,OCAÑA,MUNICIPIO,552.82986781,552.8298677913281,8.23026625945791,-73.35634787638979,221.0,203.0,221.0,62.0,10.0,211.0,Fecha corte REPS: Mar 12 2026  3:11PM,True,True
54,Norte de Santander,54518,Pamplona,NORTE DE SANTANDER,PAMPLONA,MUNICIPIO,297.65003041,297.6500304007385,7.37905793855614,-72.67589475265943,103.0,98.0,103.0,24.0,2.0,101.0,Fecha corte REPS: Mar 12 2026  3:11PM,True,True
54,Norte de Santander,54520,Pamplonita,NORTE DE SANTANDER,PAMPLONITA,MUNICIPIO,170.55879822,170.55879821454363,7.482876830041227,-72.63515177353337,1.0,1.0,1.0,1.0,1.0,0.0,Fecha corte REPS: Mar 12 2026  3:11PM,True,True
54,Norte de Santander,54553,Puerto Santander,NORTE DE SANTANDER,PUERTO SANTANDER,MUNICIPIO,44.84603519,44.84603518587107,8.329141452363332,-72.41118960057605,4.0,4.0,4.0,1.0,1.0,3.0,Fecha corte REPS: Mar 12 2026  3:11PM,True,True
54,Norte de Santander,54599,Ragonvalia,NORTE DE SANTANDER,RAGONVALIA,MUNICIPIO,97.50416884,97.50416884058662,7.59535525194923,-72.50756605740135,3.0,3.0,3.0,1.0,1.0,2.0,Fecha corte REPS: Mar 12 2026  3:11PM,True,True
54,Norte de Santander,54660,Salazar,NORTE DE SANTANDER,SALAZAR,MUNICIPIO,492.90551498,492.9055149602086,7.772748087355226,-72.86770098597812,10.0,8.0,10.0,3.0,3.0,7.0,Fecha corte REPS: Mar 12 2026  3:11PM,True,True
54,Norte de Santander,54670,San Calixto,NORTE DE SANTANDER,SAN CALIXTO,MUNICIPIO,397.28756024,397.2875602268384,8.453838081428453,-73.1579949663181,1.0,1.0,1.0,1.0,1.0,0.0,Fecha corte REPS: Mar 12 2026  3:11PM,True,True
54,Norte de Santander,54673,San Cayetano,NORTE DE SANTANDER,SAN CAYETANO,MUNICIPIO,138.74468604,138.74468603890222,7.8478075971970345,-72.60980384557942,3.0,2.0,3.0,2.0,2.0,1.0,Fecha corte REPS: Mar 12 2026  3:11PM,True,True
54,Norte de Santander,54680,Santiago,NORTE DE SANTANDER,SANTIAGO,MUNICIPIO,172.17061513,172.17061512791184,7.889230152213998,-72.71825326157425,2.0,2.0,2.0,1.0,1.0,1.0,Fecha corte REPS: Mar 12 2026  3:11PM,True,True
54,Norte de Santander,54720,Sardinata,NORTE DE SANTANDER,SARDINATA,MUNICIPIO,1464.66496859,1464.664968548747,8.264106563732385,-72.80630460200346,12.0,7.0,12.0,7.0,5.0,7.0,Fecha corte REPS: Mar 12 2026  3:11PM,True,True
54,Norte de Santander,54743,Silos,NORTE DE SANTANDER,SILOS,MUNICIPIO,391.50790087,391.50790085380555,7.158396223096641,-72.79262809625578,1.0,1.0,1.0,1.0,1.0,0.0,Fecha corte REPS: Mar 12 2026  3:11PM,True,True
54,Norte de Santander,54800,Teorama,NORTE DE SANTANDER,TEORAMA,MUNICIPIO,925.34338126,925.3433812317143,8.759927253508474,-73.15722448571167,5.0,4.0,5.0,4.0,3.0,2.0,Fecha corte REPS: Mar 12 2026  3:11PM,True,True
54,Norte de Santander,54810,Tibú,NORTE DE SANTANDER,TIBÚ,MUNICIPIO,2674.50893519,2674.5089351047004,8.713402395812228,-72.79917960798535,20.0,14.0,20.0,11.0,6.0,14.0,Fecha corte REPS: Mar 12 2026  3:11PM,True,True
54,Norte de Santander,54820,Toledo,NORTE DE SANTANDER,TOLEDO,MUNICIPIO,1498.11877107,1498.1187710276615,7.2230344591227515,-72.30352265919808,12.0,9.0,12.0,6.0,4.0,8.0,Fecha corte REPS: Mar 12 2026  3:11PM,True,True
54,Norte de Santander,54871,Villa Caro,NORTE DE SANTANDER,VILLA CARO,MUNICIPIO,400.2739777,400.27397768587934,7.936283964268733,-72.9875915895116,2.0,2.0,2.0,1.0,1.0,1.0,Fecha corte REPS: Mar 12 2026  3:11PM,True,True
54,Norte de Santander,54874,Villa del Rosario,NORTE DE SANTANDER,VILLA DEL ROSARIO,MUNICIPIO,91.55974104,91.5597410396605,7.757172856811475,-72.48203255276567,43.0,37.0,43.0,15.0,8.0,35.0,Fecha corte REPS: Mar 12 2026  3:11PM,True,True
63,Quindío,63001,Armenia,QUINDÍO,ARMENIA,MUNICIPIO,121.24894658,121.24894658305871,4.499325616988456,-75.72483489420196,1062.0,946.0,1062.0,200.0,13.0,1048.0,Fecha corte REPS: Mar 12 2026  3:11PM,True,True
63,Quindío,63111,Buenavista,QUINDÍO,BUENAVISTA,MUNICIPIO,38.26465713,38.2646571299822,4.366839262029372,-75.7439903735488,1.0,1.0,1.0,1.0,1.0,0.0,Fecha corte REPS: Mar 12 2026  3:11PM,True,True
63,Quindío,63130,Calarcá,QUINDÍO,CALARCÁ,MUNICIPIO,220.04465041,220.04465040593112,4.46812305805092,-75.65639347323082,53.0,46.0,53.0,11.0,6.0,47.0,Fecha corte REPS: Mar 12 2026  3:11PM,True,True
63,Quindío,63190,Circasia,QUINDÍO,CIRCASIA,MUNICIPIO,90.68949358,90.68949357939393,4.6048921228726645,-75.66692139551287,28.0,28.0,28.0,3.0,1.0,27.0,Fecha corte REPS: Mar 12 2026  3:11PM,True,True
63,Quindío,63212,Córdoba,QUINDÍO,CÓRDOBA,MUNICIPIO,93.8003141,93.80031410119268,4.396120419807749,-75.65202200382885,1.0,1.0,1.0,1.0,1.0,0.0,Fecha corte REPS: Mar 12 2026  3:11PM,True,True
63,Quindío,63272,Filandia,QUINDÍO,FILANDIA,MUNICIPIO,106.55858967,106.55858966955365,4.669366794605248,-75.67145139113015,15.0,14.0,15.0,3.0,3.0,12.0,Fecha corte REPS: Mar 12 2026  3:11PM,True,True
63,Quindío,63302,Génova,QUINDÍO,GÉNOVA,MUNICIPIO,295.69497441,295.69497440829724,4.180249505211957,-75.76039770599283,3.0,3.0,3.0,1.0,1.0,2.0,Fecha corte REPS: Mar 12 2026  3:11PM,True,True
63,Quindío,63401,La Tebaida,QUINDÍO,LA TEBAIDA,MUNICIPIO,89.38531537,89.385315367842,4.435762310784441,-75.81736040486167,22.0,22.0,22.0,4.0,2.0,20.0,Fecha corte REPS: Mar 12 2026  3:11PM,True,True
63,Quindío,63470,Montenegro,QUINDÍO,MONTENEGRO,MUNICIPIO,149.26024283,149.26024283224535,4.521963562562452,-75.81799729674702,16.0,15.0,16.0,4.0,2.0,14.0,Fecha corte REPS: Mar 12 2026  3:11PM,True,True
63,Quindío,63548,Pijao,QUINDÍO,PIJAO,MUNICIPIO,247.92998586,247.92998586453126,4.304229570030365,-75.68342204532402,1.0,1.0,1.0,1.0,1.0,0.0,Fecha corte REPS: Mar 12 2026  3:11PM,True,True
63,Quindío,63594,Quimbaya,QUINDÍO,QUIMBAYA,MUNICIPIO,133.28299445,133.2829944502493,4.610287258168856,-75.79212054407114,36.0,36.0,36.0,2.0,1.0,35.0,Fecha corte REPS: Mar 12 2026  3:11PM,True,True
63,Quindío,63690,Salento,QUINDÍO,SALENTO,MUNICIPIO,346.99889646,346.9988964526573,4.611293494372227,-75.53089331160064,3.0,3.0,3.0,2.0,2.0,1.0,Fecha corte REPS: Mar 12 2026  3:11PM,True,True
66,Risaralda,66001,Pereira,RISARALDA,PEREIRA,MUNICIPIO,607.90289836,607.9028983655616,4.781290521038076,-75.71235597784526,1540.0,1407.0,1540.0,310.0,27.0,1513.0,Fecha corte REPS: Mar 12 2026  3:11PM,True,True
66,Risaralda,66045,Apía,RISARALDA,APÍA,MUNICIPIO,149.97852767,149.97852767210392,5.139633933205584,-75.95353945695315,4.0,3.0,4.0,2.0,2.0,2.0,Fecha corte REPS: Mar 12 2026  3:11PM,True,True
66,Risaralda,66075,Balboa,RISARALDA,BALBOA,MUNICIPIO,119.48327607,119.48327607430035,4.918348888106027,-75.94275490139691,1.0,1.0,1.0,1.0,1.0,0.0,Fecha corte REPS: Mar 12 2026  3:11PM,True,True
66,Risaralda,66088,Belén de Umbría,RISARALDA,BELÉN DE UMBRÍA,MUNICIPIO,180.58722332,180.58722332539946,5.200397197995058,-75.8679403474436,12.0,12.0,12.0,1.0,1.0,11.0,Fecha corte REPS: Mar 12 2026  3:11PM,True,True
66,Risaralda,66170,Dosquebradas,RISARALDA,DOSQUEBRADAS,MUNICIPIO,70.11514942,70.1151494154687,4.84202110571029,-75.66993731748242,110.0,101.0,110.0,36.0,6.0,104.0,Fecha corte REPS: Mar 12 2026  3:11PM,True,True
66,Risaralda,66318,Guática,RISARALDA,GUÁTICA,MUNICIPIO,100.80899614,100.80899614362137,5.320294938274797,-75.80436830422877,5.0,5.0,5.0,1.0,1.0,4.0,Fecha corte REPS: Mar 12 2026  3:11PM,True,True
66,Risaralda,66383,La Celia,RISARALDA,LA CELIA,MUNICIPIO,92.47551204,92.47551203927078,4.98812744527958,-76.00822736504347,2.0,2.0,2.0,1.0,1.0,1.0,Fecha corte REPS: Mar 12 2026  3:11PM,True,True
66,Risaralda,66400,La Virginia,RISARALDA,LA VIRGINIA,MUNICIPIO,32.93886241,32.93886240984434,4.904543528466355,-75.85205576775269,25.0,25.0,25.0,6.0,1.0,24.0,Fecha corte REPS: Mar 12 2026  3:11PM,True,True
66,Risaralda,66440,Marsella,RISARALDA,MARSELLA,MUNICIPIO,149.29714096,149.29714096490022,4.942934269853802,-75.75321458215272,8.0,8.0,8.0,1.0,1.0,7.0,Fecha corte REPS: Mar 12 2026  3:11PM,True,True
66,Risaralda,66456,Mistrató,RISARALDA,MISTRATÓ,MUNICIPIO,564.73616071,564.7361607217991,5.414079945949844,-75.96135259860274,8.0,3.0,8.0,6.0,6.0,2.0,Fecha corte REPS: Mar 12 2026  3:11PM,True,True
66,Risaralda,66572,Pueblo Rico,RISARALDA,PUEBLO RICO,MUNICIPIO,613.80549631,613.805496329047,5.2862954739748655,-76.07359619274715,4.0,2.0,4.0,3.0,3.0,1.0,Fecha corte REPS: Mar 12 2026  3:11PM,True,True
66,Risaralda,66594,Quinchía,RISARALDA,QUINCHÍA,MUNICIPIO,140.11841615,140.118416153288,5.323901236703972,-75.71339286600102,13.0,12.0,13.0,2.0,2.0,11.0,Fecha corte REPS: Mar 12 2026  3:11PM,True,True
66,Risaralda,66682,Santa Rosa de Cabal,RISARALDA,SANTA ROSA DE CABAL,MUNICIPIO,543.34323359,543.3432335811581,4.833792017575288,-75.54950380743797,66.0,65.0,66.0,3.0,1.0,65.0,Fecha corte REPS: Mar 12 2026  3:11PM,True,True
66,Risaralda,66687,Santuario,RISARALDA,SANTUARIO,MUNICIPIO,190.84271702,190.84271702628388,5.0459939606179525,-75.98199477092884,4.0,4.0,4.0,1.0,1.0,3.0,Fecha corte REPS: Mar 12 2026  3:11PM,True,True
68,Santander,68001,Bucaramanga,SANTANDER,BUCARAMANGA,MUNICIPIO,153.49940597,153.49940596093577,7.1553832993514925,-73.11178595900552,1535.0,1382.0,1535.0,472.0,33.0,1502.0,Fecha corte REPS: Mar 12 2026  3:11PM,True,True
68,Santander,68013,Aguada,SANTANDER,AGUADA,MUNICIPIO,75.11051561,75.11051560955354,6.182207149935707,-73.53038502399376,1.0,1.0,1.0,1.0,1.0,0.0,Fecha corte REPS: Mar 12 2026  3:11PM,True,True
68,Santander,68020,Albania,SANTANDER,ALBANIA,MUNICIPIO,165.98257919,165.9825791826472,5.778072862607453,-73.82846566104429,1.0,1.0,1.0,1.0,1.0,0.0,Fecha corte REPS: Mar 12 2026  3:11PM,True,True
68,Santander,68051,Aratoca,SANTANDER,ARATOCA,MUNICIPIO,169.46175879,169.46175878631038,6.7167642608163165,-73.0116273078437,2.0,2.0,2.0,1.0,1.0,1.0,Fecha corte REPS: Mar 12 2026  3:11PM,True,True
68,Santander,68077,Barbosa,SANTANDER,BARBOSA,MUNICIPIO,46.64324957,46.64324957135711,5.9555867578659045,-73.62344235076762,64.0,62.0,64.0,20.0,1.0,63.0,Fecha corte REPS: Mar 12 2026  3:11PM,True,True
68,Santander,68079,Barichara,SANTANDER,BARICHARA,MUNICIPIO,137.02734716,137.0273471544739,6.6470596477216235,-73.21518364138264,5.0,5.0,5.0,3.0,1.0,4.0,Fecha corte REPS: Mar 12 2026  3:11PM,True,True
68,Santander,68081,Barrancabermeja,SANTANDER,BARRANCABERMEJA,MUNICIPIO,1324.92914934,1324.9291492965822,7.054058664995702,-73.78214339781215,320.0,295.0,320.0,120.0,12.0,308.0,Fecha corte REPS: Mar 12 2026  3:11PM,True,True
68,Santander,68092,Betulia,SANTANDER,BETULIA,MUNICIPIO,430.51656747,430.5165674580396,7.01320326453483,-73.38741695806948,3.0,2.0,3.0,3.0,2.0,1.0,Fecha corte REPS: Mar 12 2026  3:11PM,True,True
68,Santander,68101,Bolívar,SANTANDER,BOLÍVAR,MUNICIPIO,1008.88889386,1008.8888938253227,6.09372400712964,-74.11343853152702,6.0,6.0,6.0,1.0,1.0,5.0,Fecha corte REPS: Mar 12 2026  3:11PM,True,True
68,Santander,68121,Cabrera,SANTANDER,CABRERA,MUNICIPIO,65.45711863,65.45711862397866,6.562542362539537,-73.25034862440613,1.0,1.0,1.0,1.0,1.0,0.0,Fecha corte REPS: Mar 12 2026  3:11PM,True,True
68,Santander,68132,California,SANTANDER,CALIFORNIA,MUNICIPIO,44.92358028,44.92358027530612,7.3532874268814785,-72.9263462165617,2.0,2.0,2.0,1.0,1.0,1.0,Fecha corte REPS: Mar 12 2026  3:11PM,True,True
68,Santander,68147,Capitanejo,SANTANDER,CAPITANEJO,MUNICIPIO,85.09966185,85.09966184700176,6.520197648984513,-72.67434899134433,4.0,4.0,4.0,1.0,1.0,3.0,Fecha corte REPS: Mar 12 2026  3:11PM,True,True
68,Santander,68152,Carcasí,SANTANDER,CARCASÍ,MUNICIPIO,258.36870334,258.3687033305913,6.659673617713771,-72.56968569516445,1.0,1.0,1.0,1.0,1.0,0.0,Fecha corte REPS: Mar 12 2026  3:11PM,True,True
68,Santander,68160,Cepitá,SANTANDER,CEPITÁ,MUNICIPIO,107.75161974,107.75161973259729,6.752464156610983,-72.92924593693265,1.0,1.0,1.0,1.0,1.0,0.0,Fecha corte REPS: Mar 12 2026  3:11PM,True,True
68,Santander,68162,Cerrito,SANTANDER,CERRITO,MUNICIPIO,420.06462882,420.06462880942246,6.9039015630703515,-72.64534082132428,2.0,2.0,2.0,2.0,1.0,1.0,Fecha corte REPS: Mar 12 2026  3:11PM,True,True
68,Santander,68167,Charalá,SANTANDER,CHARALÁ,MUNICIPIO,418.44254874,418.44254872589374,6.1955269639043316,-73.15402305241824,7.0,6.0,7.0,2.0,2.0,5.0,Fecha corte REPS: Mar 12 2026  3:11PM,True,True
68,Santander,68169,Charta,SANTANDER,CHARTA,MUNICIPIO,126.45829224,126.45829223809498,7.258965124808214,-72.98788173782768,1.0,1.0,1.0,1.0,1.0,0.0,Fecha corte REPS: Mar 12 2026  3:11PM,True,True
68,Santander,68176,Chimá,SANTANDER,CHIMA,MUNICIPIO,172.92798651,172.92798650569438,6.372676545786931,-73.41476063541225,1.0,1.0,1.0,1.0,1.0,0.0,Fecha corte REPS: Mar 12 2026  3:11PM,True,True
68,Santander,68179,Chipatá,SANTANDER,CHIPATÁ,MUNICIPIO,94.79078096,94.79078095884282,6.067944018747246,-73.63239201665016,1.0,1.0,1.0,1.0,1.0,0.0,Fecha corte REPS: Mar 12 2026  3:11PM,True,True
68,Santander,68190,Cimitarra,SANTANDER,CIMITARRA,MUNICIPIO,3170.5183518,3170.518351695334,6.409707764397043,-74.17033644042723,22.0,20.0,22.0,8.0,3.0,19.0,Fecha corte REPS: Mar 12 2026  3:11PM,True,True
68,Santander,68207,Concepción,SANTANDER,CONCEPCIÓN,MUNICIPIO,336.37615265,336.3761526414567,6.78453412699763,-72.60571953652007,1.0,1.0,1.0,1.0,1.0,0.0,Fecha corte REPS: Mar 12 2026  3:11PM,True,True
68,Santander,68209,Confines,SANTANDER,CONFINES,MUNICIPIO,71.29356016,71.29356016136637,6.355620334569488,-73.23985351898911,1.0,1.0,1.0,1.0,1.0,0.0,Fecha corte REPS: Mar 12 2026  3:11PM,True,True
68,Santander,68211,Contratación,SANTANDER,CONTRATACIÓN,MUNICIPIO,136.94941288,136.94941287964855,6.303116628450023,-73.50211547391964,5.0,3.0,5.0,3.0,3.0,2.0,Fecha corte REPS: Mar 12 2026  3:11PM,True,True
68,Santander,68217,Coromoro,SANTANDER,COROMORO,MUNICIPIO,576.37556462,576.375564603853,6.234732186382466,-72.98177014474396,2.0,1.0,2.0,2.0,2.0,0.0,Fecha corte REPS: Mar 12 2026  3:11PM,True,True
68,Santander,68229,Curití,SANTANDER,CURITÍ,MUNICIPIO,243.76459652,243.7645965157526,6.6183422341868425,-73.01873204809708,1.0,1.0,1.0,1.0,1.0,0.0,Fecha corte REPS: Mar 12 2026  3:11PM,True,True
68,Santander,68235,El Carmen de Chucurí,SANTANDER,EL CARMEN DE CHUCURÍ,MUNICIPIO,922.57037698,922.5703769536563,6.664258113903868,-73.56475209127814,14.0,6.0,14.0,10.0,9.0,5.0,Fecha corte REPS: Mar 12 2026  3:11PM,True,True
68,Santander,68245,El Guacamayo,SANTANDER,EL GUACAMAYO,MUNICIPIO,92.81876871,92.81876871167808,6.253549502109436,-73.53590768923954,1.0,1.0,1.0,1.0,1.0,0.0,Fecha corte REPS: Mar 12 2026  3:11PM,True,True
68,Santander,68250,El Peñón,SANTANDER,EL PEÑÓN,MUNICIPIO,397.68177026,397.681770248435,6.096730719180001,-73.92718052097776,1.0,1.0,1.0,1.0,1.0,0.0,Fecha corte REPS: Mar 12 2026  3:11PM,True,True
68,Santander,68255,El Playón,SANTANDER,EL PLAYÓN,MUNICIPIO,454.14887507,454.14887505240904,7.524283365460863,-73.18158579500387,8.0,3.0,8.0,8.0,6.0,2.0,Fecha corte REPS: Mar 12 2026  3:11PM,True,True
68,Santander,68264,Encino,SANTANDER,ENCINO,MUNICIPIO,399.66774119,399.667741181958,6.079060122755501,-73.06206431245973,1.0,1.0,1.0,1.0,1.0,0.0,Fecha corte REPS: Mar 12 2026  3:11PM,True,True
68,Santander,68266,Enciso,SANTANDER,ENCISO,MUNICIPIO,74.65457664,74.65457663745379,6.65823975864646,-72.68028023019686,1.0,1.0,1.0,1.0,1.0,0.0,Fecha corte REPS: Mar 12 2026  3:11PM,True,True
68,Santander,68271,Florián,SANTANDER,FLORIÁN,MUNICIPIO,176.36525046,176.36525045215106,5.801107582409643,-73.95525147523273,1.0,1.0,1.0,1.0,1.0,0.0,Fecha corte REPS: Mar 12 2026  3:11PM,True,True
68,Santander,68276,Floridablanca,SANTANDER,FLORIDABLANCA,MUNICIPIO,99.98664481,99.98664480657837,7.079768947944672,-73.06796207931079,532.0,485.0,532.0,142.0,8.0,524.0,Fecha corte REPS: Mar 12 2026  3:11PM,True,True
68,Santander,68296,Galán,SANTANDER,GALÁN,MUNICIPIO,201.380826,201.38082599327046,6.671807923439869,-73.32466946302583,1.0,1.0,1.0,1.0,1.0,0.0,Fecha corte REPS: Mar 12 2026  3:11PM,True,True
68,Santander,68298,Gámbita,SANTANDER,GÁMBITA,MUNICIPIO,607.17320133,607.1732013143669,5.9243763108982685,-73.31940725127063,1.0,1.0,1.0,1.0,1.0,0.0,Fecha corte REPS: Mar 12 2026  3:11PM,True,True
68,Santander,68307,Girón,SANTANDER,GIRÓN,MUNICIPIO,491.26461772,491.2646177026739,7.036606191920712,-73.24888108923906,80.0,71.0,80.0,35.0,4.0,76.0,Fecha corte REPS: Mar 12 2026  3:11PM,True,True
68,Santander,68318,Guaca,SANTANDER,GUACA,MUNICIPIO,268.98355066,268.9835506482387,6.93165864976394,-72.8289137281692,3.0,3.0,3.0,1.0,1.0,2.0,Fecha corte REPS: Mar 12 2026  3:11PM,True,True
68,Santander,68320,Guadalupe,SANTANDER,GUADALUPE,MUNICIPIO,146.08436852,146.08436851377212,6.233276461144328,-73.40977626692482,1.0,1.0,1.0,1.0,1.0,0.0,Fecha corte REPS: Mar 12 2026  3:11PM,True,True
68,Santander,68322,Guapotá,SANTANDER,GUAPOTÁ,MUNICIPIO,67.18362036,67.1836203597322,6.319299425417125,-73.33115344925099,1.0,1.0,1.0,1.0,1.0,0.0,Fecha corte REPS: Mar 12 2026  3:11PM,True,True
68,Santander,68324,Guavatá,SANTANDER,GUAVATÁ,MUNICIPIO,83.67144477,83.6714447687923,5.944894403723225,-73.7217366930694,2.0,2.0,2.0,1.0,1.0,1.0,Fecha corte REPS: Mar 12 2026  3:11PM,True,True
68,Santander,68327,Güepsa,SANTANDER,GÜEPSA,MUNICIPIO,30.10930901,30.10930900659812,6.0333733071315345,-73.5789957974411,3.0,3.0,3.0,2.0,1.0,2.0,Fecha corte REPS: Mar 12 2026  3:11PM,True,True
68,Santander,68344,Hato,SANTANDER,HATO,MUNICIPIO,168.72777638,168.72777637061523,6.559877749253635,-73.3617874512446,1.0,1.0,1.0,1.0,1.0,0.0,Fecha corte REPS: Mar 12 2026  3:11PM,True,True
68,Santander,68368,Jesús María,SANTANDER,JESÚS MARÍA,MUNICIPIO,89.46644801,89.4664480033313,5.854288630724337,-73.82342535151247,3.0,3.0,3.0,1.0,1.0,2.0,Fecha corte REPS: Mar 12 2026  3:11PM,True,True
68,Santander,68370,Jordán,SANTANDER,JORDÁN,MUNICIPIO,39.82396351,39.82396350974952,6.713780357082571,-73.09961355645274,1.0,1.0,1.0,1.0,1.0,0.0,Fecha corte REPS: Mar 12 2026  3:11PM,True,True
68,Santander,68377,La Belleza,SANTANDER,LA BELLEZA,MUNICIPIO,334.7775231,334.77752309038016,5.910235326165741,-74.05072364223568,2.0,2.0,2.0,1.0,1.0,1.0,Fecha corte REPS: Mar 12 2026  3:11PM,True,True
68,Santander,68385,Landázuri,SANTANDER,LANDÁZURI,MUNICIPIO,589.3412256,589.3412255848336,6.331481241917404,-73.81870463766313,4.0,4.0,4.0,2.0,1.0,3.0,Fecha corte REPS: Mar 12 2026  3:11PM,True,True
68,Santander,68397,La Paz,SANTANDER,LA PAZ,MUNICIPIO,283.90907269,283.9090726845128,6.217369037711559,-73.62976531407371,1.0,1.0,1.0,1.0,1.0,0.0,Fecha corte REPS: Mar 12 2026  3:11PM,True,True
68,Santander,68406,Lebrija,SANTANDER,LEBRIJA,MUNICIPIO,549.489591,549.4895909852013,7.204048052271426,-73.29136664514225,22.0,22.0,22.0,7.0,1.0,21.0,Fecha corte REPS: Mar 12 2026  3:11PM,True,True
68,Santander,68418,Los Santos,SANTANDER,LOS SANTOS,MUNICIPIO,289.57636349,289.57636348463996,6.812160347231073,-73.10785222192672,8.0,7.0,8.0,3.0,2.0,6.0,Fecha corte REPS: Mar 12 2026  3:11PM,True,True
68,Santander,68425,Macaravita,SANTANDER,MACARAVITA,MUNICIPIO,102.68901504,102.68901503391682,6.513743720217524,-72.5853671075286,1.0,1.0,1.0,1.0,1.0,0.0,Fecha corte REPS: Mar 12 2026  3:11PM,True,True
68,Santander,68432,Málaga,SANTANDER,MÁLAGA,MUNICIPIO,57.04645437,57.04645436700747,6.720229258123814,-72.738412506748,34.0,32.0,34.0,9.0,1.0,33.0,Fecha corte REPS: Mar 12 2026  3:11PM,True,True
68,Santander,68444,Matanza,SANTANDER,MATANZA,MUNICIPIO,235.29742599,235.29742597997895,7.348771864848816,-73.0543907913255,2.0,2.0,2.0,1.0,1.0,1.0,Fecha corte REPS: Mar 12 2026  3:11PM,True,True
68,Santander,68464,Mogotes,SANTANDER,MOGOTES,MUNICIPIO,483.01315312,483.0131531051987,6.492526524655689,-72.95835497505094,3.0,3.0,3.0,1.0,1.0,2.0,Fecha corte REPS: Mar 12 2026  3:11PM,True,True
68,Santander,68468,Molagavita,SANTANDER,MOLAGAVITA,MUNICIPIO,180.09854161,180.09854160604155,6.643288116073358,-72.81916228338227,1.0,1.0,1.0,1.0,1.0,0.0,Fecha corte REPS: Mar 12 2026  3:11PM,True,True
68,Santander,68498,Ocamonte,SANTANDER,OCAMONTE,MUNICIPIO,75.08055133,75.08055132487549,6.355367955911346,-73.1221184507592,1.0,1.0,1.0,1.0,1.0,0.0,Fecha corte REPS: Mar 12 2026  3:11PM,True,True
68,Santander,68500,Oiba,SANTANDER,OIBA,MUNICIPIO,287.3383136,287.33831358745647,6.225105438923616,-73.28006853560366,13.0,13.0,13.0,2.0,1.0,12.0,Fecha corte REPS: Mar 12 2026  3:11PM,True,True
68,Santander,68502,Onzaga,SANTANDER,ONZAGA,MUNICIPIO,488.21431846,488.2143184455753,6.335181125166437,-72.81206406539619,1.0,1.0,1.0,1.0,1.0,0.0,Fecha corte REPS: Mar 12 2026  3:11PM,True,True
68,Santander,68522,Palmar,SANTANDER,PALMAR,MUNICIPIO,19.65974005,19.659740051558042,6.52475303254126,-73.28900682937244,1.0,1.0,1.0,1.0,1.0,0.0,Fecha corte REPS: Mar 12 2026  3:11PM,True,True
68,Santander,68524,Palmas del Socorro,SANTANDER,PALMAS DEL SOCORRO,MUNICIPIO,58.43772592,58.437725921628946,6.3917502499239225,-73.28273221761945,1.0,1.0,1.0,1.0,1.0,0.0,Fecha corte REPS: Mar 12 2026  3:11PM,True,True
68,Santander,68533,Páramo,SANTANDER,PÁRAMO,MUNICIPIO,72.84693385,72.84693384774614,6.416627881244784,-73.17148478306495,2.0,2.0,2.0,1.0,1.0,1.0,Fecha corte REPS: Mar 12 2026  3:11PM,True,True
68,Santander,68547,Piedecuesta,SANTANDER,PIEDECUESTA,MUNICIPIO,483.77067006,483.77067004134886,6.962465565188019,-73.00519588678529,382.0,356.0,382.0,79.0,2.0,380.0,Fecha corte REPS: Mar 12 2026  3:11PM,True,True
68,Santander,68549,Pinchote,SANTANDER,PINCHOTE,MUNICIPIO,55.43309703,55.43309702422969,6.513891865438371,-73.17570993456559,1.0,1.0,1.0,1.0,1.0,0.0,Fecha corte REPS: Mar 12 2026  3:11PM,True,True
68,Santander,68572,Puente Nacional,SANTANDER,PUENTE NACIONAL,MUNICIPIO,251.29897756,251.2989775562974,5.8311271465005285,-73.67841854356142,18.0,18.0,18.0,3.0,1.0,17.0,Fecha corte REPS: Mar 12 2026  3:11PM,True,True
68,Santander,68573,Puerto Parra,SANTANDER,PUERTO PARRA,MUNICIPIO,761.33317378,761.3331737606991,6.68527446607798,-73.95760195007924,3.0,3.0,3.0,1.0,1.0,2.0,Fecha corte REPS: Mar 12 2026  3:11PM,True,True
68,Santander,68575,Puerto Wilches,SANTANDER,PUERTO WILCHES,MUNICIPIO,1479.73954119,1479.7395411403766,7.5833593296012625,-73.78731919373952,17.0,16.0,17.0,7.0,1.0,16.0,Fecha corte REPS: Mar 12 2026  3:11PM,True,True
68,Santander,68615,Rionegro,SANTANDER,RIONEGRO,MUNICIPIO,1166.43733134,1166.437331302476,7.474229184277721,-73.37236098637413,9.0,8.0,9.0,3.0,2.0,7.0,Fecha corte REPS: Mar 12 2026  3:11PM,True,True
68,Santander,68655,Sabana de Torres,SANTANDER,SABANA DE TORRES,MUNICIPIO,1426.74765879,1426.747658748529,7.403029796373721,-73.57154735738946,19.0,19.0,19.0,6.0,1.0,18.0,Fecha corte REPS: Mar 12 2026  3:11PM,True,True
68,Santander,68669,San Andrés,SANTANDER,SAN ANDRÉS,MUNICIPIO,280.97620796,280.97620795524836,6.796478302753771,-72.81613766127461,6.0,6.0,6.0,1.0,1.0,5.0,Fecha corte REPS: Mar 12 2026  3:11PM,True,True
68,Santander,68673,San Benito,SANTANDER,SAN BENITO,MUNICIPIO,59.01804493,59.01804492954856,6.101679796123842,-73.52749288066255,1.0,1.0,1.0,1.0,1.0,0.0,Fecha corte REPS: Mar 12 2026  3:11PM,True,True
68,Santander,68679,San Gil,SANTANDER,SAN GIL,MUNICIPIO,146.58745158,146.5874515759392,6.55077629866576,-73.1188783168627,139.0,134.0,139.0,40.0,2.0,137.0,Fecha corte REPS: Mar 12 2026  3:11PM,True,True
68,Santander,68682,San Joaquín,SANTANDER,SAN JOAQUÍN,MUNICIPIO,142.84073592,142.84073591506987,6.459875708570904,-72.85472072692754,1.0,1.0,1.0,1.0,1.0,0.0,Fecha corte REPS: Mar 12 2026  3:11PM,True,True
68,Santander,68684,San José de Miranda,SANTANDER,SAN JOSÉ DE MIRANDA,MUNICIPIO,75.15815669,75.15815668910311,6.629409563543006,-72.73976263300709,1.0,1.0,1.0,1.0,1.0,0.0,Fecha corte REPS: Mar 12 2026  3:11PM,True,True
68,Santander,68686,San Miguel,SANTANDER,SAN MIGUEL,MUNICIPIO,71.05593887,71.05593886803503,6.5681206555680385,-72.64322378026147,1.0,1.0,1.0,1.0,1.0,0.0,Fecha corte REPS: Mar 12 2026  3:11PM,True,True
68,Santander,68689,San Vicente de Chucurí,SANTANDER,SAN VICENTE DE CHUCURÍ,MUNICIPIO,1114.57228254,1114.572282506371,6.894287273012565,-73.53900178361913,11.0,9.0,11.0,6.0,2.0,9.0,Fecha corte REPS: Mar 12 2026  3:11PM,True,True
68,Santander,68705,Santa Bárbara,SANTANDER,SANTA BÁRBARA,MUNICIPIO,178.27660563,178.27660562883491,6.965671265683264,-72.90712964445434,1.0,1.0,1.0,1.0,1.0,0.0,Fecha corte REPS: Mar 12 2026  3:11PM,True,True
68,Santander,68720,Santa Helena del Opón,SANTANDER,SANTA HELENA DEL OPÓN,MUNICIPIO,373.26689307,373.2668930546902,6.408903048793697,-73.58206738377801,1.0,1.0,1.0,1.0,1.0,0.0,Fecha corte REPS: Mar 12 2026  3:11PM,True,True
68,Santander,68745,Simacota,SANTANDER,SIMACOTA,MUNICIPIO,903.35804213,903.3580420964356,6.64810691808353,-73.69003528982597,4.0,2.0,4.0,3.0,3.0,1.0,Fecha corte REPS: Mar 12 2026  3:11PM,True,True
68,Santander,68755,Socorro,SANTANDER,SOCORRO,MUNICIPIO,127.59688358,127.59688357986536,6.462087825812824,-73.24436061063008,51.0,50.0,51.0,12.0,1.0,50.0,Fecha corte REPS: Mar 12 2026  3:11PM,True,True
68,Santander,68770,Suaita,SANTANDER,SUAITA,MUNICIPIO,282.92988474,282.9298847319132,6.1145650935762275,-73.3662957944279,4.0,4.0,4.0,2.0,1.0,3.0,Fecha corte REPS: Mar 12 2026  3:11PM,True,True
68,Santander,68773,Sucre,SANTANDER,SUCRE,MUNICIPIO,521.84692467,521.8469246502463,5.983208304041857,-73.95935301376409,5.0,2.0,5.0,4.0,4.0,1.0,Fecha corte REPS: Mar 12 2026  3:11PM,True,True
68,Santander,68780,Suratá,SANTANDER,SURATÁ,MUNICIPIO,362.29848832,362.2984883083202,7.475392986625763,-72.98779116467023,1.0,1.0,1.0,1.0,1.0,0.0,Fecha corte REPS: Mar 12 2026  3:11PM,True,True
68,Santander,68820,Tona,SANTANDER,TONA,MUNICIPIO,330.12094158,330.12094157403766,7.170883858954992,-72.93969010021036,2.0,1.0,2.0,2.0,2.0,0.0,Fecha corte REPS: Mar 12 2026  3:11PM,True,True
68,Santander,68855,Valle de San José,SANTANDER,VALLE DE SAN JOSÉ,MUNICIPIO,80.96255015,80.9625501429491,6.434578317751797,-73.10997222718271,3.0,3.0,3.0,1.0,1.0,2.0,Fecha corte REPS: Mar 12 2026  3:11PM,True,True
68,Santander,68861,Vélez,SANTANDER,VÉLEZ,MUNICIPIO,447.04753453,447.0475345155896,6.220525814973591,-73.70243682486176,19.0,19.0,19.0,9.0,1.0,18.0,Fecha corte REPS: Mar 12 2026  3:11PM,True,True
68,Santander,68867,Vetas,SANTANDER,VETAS,MUNICIPIO,92.23515396,92.2351539608422,7.322218507680164,-72.8815693525103,1.0,1.0,1.0,1.0,1.0,0.0,Fecha corte REPS: Mar 12 2026  3:11PM,True,True
68,Santander,68872,Villanueva,SANTANDER,VILLANUEVA,MUNICIPIO,97.42699835,97.42699834682533,6.685864824305316,-73.1639665970276,5.0,5.0,5.0,1.0,1.0,4.0,Fecha corte REPS: Mar 12 2026  3:11PM,True,True
68,Santander,68895,Zapatoca,SANTANDER,ZAPATOCA,MUNICIPIO,363.77432692,363.77432690974797,6.834620801353627,-73.27975276358274,6.0,6.0,6.0,3.0,1.0,5.0,Fecha corte REPS: Mar 12 2026  3:11PM,True,True
70,Sucre,70001,Sincelejo,SUCRE,SINCELEJO,MUNICIPIO,279.63454276,279.6345427566952,9.316699207066423,-75.43174322832762,513.0,460.0,513.0,260.0,24.0,489.0,Fecha corte REPS: Mar 12 2026  3:11PM,True,True
70,Sucre,70110,Buenavista,SUCRE,BUENAVISTA,MUNICIPIO,146.37447154,146.37447153433402,9.320015752872996,-74.9520454883992,9.0,9.0,9.0,6.0,1.0,8.0,Fecha corte REPS: Mar 12 2026  3:11PM,True,True
70,Sucre,70124,Caimito,SUCRE,CAIMITO,MUNICIPIO,412.23384284,412.23384283239665,8.792311034142234,-75.13190908981801,4.0,4.0,4.0,3.0,1.0,3.0,Fecha corte REPS: Mar 12 2026  3:11PM,True,True
70,Sucre,70204,Coloso,SUCRE,COLOSÓ,MUNICIPIO,131.10670619,131.1067061876946,9.527944574689979,-75.3644685862809,3.0,3.0,3.0,2.0,1.0,2.0,Fecha corte REPS: Mar 12 2026  3:11PM,True,True
70,Sucre,70215,Corozal,SUCRE,COROZAL,MUNICIPIO,285.98127501,285.98127500735694,9.204054012830186,-75.25055654275042,68.0,62.0,68.0,33.0,4.0,63.0,Fecha corte REPS: Mar 12 2026  3:11PM,True,True
70,Sucre,70221,Coveñas,SUCRE,COVEÑAS,MUNICIPIO,56.60860048,56.608600483892594,9.394453925878306,-75.65754033918022,16.0,15.0,16.0,8.0,0.0,15.0,Fecha corte REPS: Mar 12 2026  3:11PM,True,True
70,Sucre,70230,Chalán,SUCRE,CHALÁN,MUNICIPIO,83.67209312,83.67209311581347,9.569582540084728,-75.32420678061564,4.0,4.0,4.0,3.0,0.0,4.0,Fecha corte REPS: Mar 12 2026  3:11PM,True,True
70,Sucre,70233,El Roble,SUCRE,EL ROBLE,MUNICIPIO,198.3213716,198.32137159897667,9.071011936277142,-75.13818894454361,4.0,4.0,4.0,4.0,1.0,3.0,Fecha corte REPS: Mar 12 2026  3:11PM,True,True
70,Sucre,70235,Galeras,SUCRE,GALERAS,MUNICIPIO,321.64045731,321.640457300932,9.135169229655066,-74.9813516572374,8.0,8.0,8.0,6.0,1.0,7.0,Fecha corte REPS: Mar 12 2026  3:11PM,True,True
70,Sucre,70265,Guaranda,SUCRE,GUARANDA,MUNICIPIO,361.55479632,361.55479630731173,8.383916981163493,-74.67620664039973,7.0,7.0,7.0,5.0,1.0,6.0,Fecha corte REPS: Mar 12 2026  3:11PM,True,True
70,Sucre,70400,La Unión,SUCRE,LA UNIÓN,MUNICIPIO,232.24014193,232.2401419212305,8.811992691302232,-75.28322635932307,5.0,5.0,5.0,3.0,1.0,4.0,Fecha corte REPS: Mar 12 2026  3:11PM,True,True
70,Sucre,70418,Los Palmitos,SUCRE,LOS PALMITOS,MUNICIPIO,198.78070291,198.78070290071489,9.422379767955142,-75.21302530765621,8.0,8.0,8.0,5.0,1.0,7.0,Fecha corte REPS: Mar 12 2026  3:11PM,True,True
70,Sucre,70429,Majagual,SUCRE,MAJAGUAL,MUNICIPIO,844.35944822,844.3594481998084,8.5461088718691,-74.71039689546332,13.0,13.0,13.0,10.0,1.0,12.0,Fecha corte REPS: Mar 12 2026  3:11PM,True,True
70,Sucre,70473,Morroa,SUCRE,MORROA,MUNICIPIO,169.92627485,169.92627484896758,9.392497906646133,-75.32719123606009,10.0,7.0,10.0,8.0,4.0,6.0,Fecha corte REPS: Mar 12 2026  3:11PM,True,True
70,Sucre,70508,Ovejas,SUCRE,OVEJAS,MUNICIPIO,459.79989739,459.7998973829167,9.549658632121064,-75.18855323807574,16.0,11.0,16.0,13.0,6.0,10.0,Fecha corte REPS: Mar 12 2026  3:11PM,True,True
70,Sucre,70523,Palmito,SUCRE,PALMITO,MUNICIPIO,174.66677218,174.6667721776288,9.334899154016464,-75.56193483414502,5.0,5.0,5.0,5.0,1.0,4.0,Fecha corte REPS: Mar 12 2026  3:11PM,True,True
70,Sucre,70670,Sampués,SUCRE,SAMPUÉS,MUNICIPIO,213.7659507,213.7659506955062,9.165171045312475,-75.36026245212045,19.0,17.0,19.0,13.0,2.0,17.0,Fecha corte REPS: Mar 12 2026  3:11PM,True,True
70,Sucre,70678,San Benito Abad,SUCRE,SAN BENITO ABAD,MUNICIPIO,1493.14658854,1493.146588502186,8.835576319707911,-74.9646811727182,16.0,13.0,16.0,11.0,4.0,12.0,Fecha corte REPS: Mar 12 2026  3:11PM,True,True
70,Sucre,70702,San Juan de Betulia,SUCRE,SAN JUAN DE BETULIA,MUNICIPIO,168.02413407,168.02413406458217,9.292044928044575,-75.2136409955553,4.0,4.0,4.0,2.0,1.0,3.0,Fecha corte REPS: Mar 12 2026  3:11PM,True,True
70,Sucre,70708,San Marcos,SUCRE,SAN MARCOS,MUNICIPIO,969.82623765,969.8262376233317,8.58921897369285,-75.172502678062,33.0,31.0,33.0,22.0,3.0,30.0,Fecha corte REPS: Mar 12 2026  3:11PM,True,True
70,Sucre,70713,San Onofre,SUCRE,SAN ONOFRE,MUNICIPIO,1034.97720975,1034.9772097290743,9.814563693250875,-75.50526115749499,25.0,17.0,25.0,19.0,7.0,18.0,Fecha corte REPS: Mar 12 2026  3:11PM,True,True
70,Sucre,70717,San Pedro,SUCRE,SAN PEDRO,MUNICIPIO,212.85722598,212.85722597405038,9.396833785708539,-75.0374206680612,14.0,14.0,14.0,7.0,1.0,13.0,Fecha corte REPS: Mar 12 2026  3:11PM,True,True
70,Sucre,70742,San Luis de Sincé,SUCRE,SAN LUIS DE SINCÉ,MUNICIPIO,418.72873552,418.72873550755776,9.256294322991627,-75.09397372012353,21.0,17.0,21.0,13.0,5.0,16.0,Fecha corte REPS: Mar 12 2026  3:11PM,True,True
70,Sucre,70771,Sucre,SUCRE,SUCRE,MUNICIPIO,1130.33845556,1130.3384555237346,8.814296121849706,-74.7475522929947,9.0,8.0,9.0,6.0,1.0,8.0,Fecha corte REPS: Mar 12 2026  3:11PM,True,True
70,Sucre,70820,Santiago de Tolú,SUCRE,SANTIAGO DE TOLÚ,MUNICIPIO,302.43956789,302.4395678813792,9.533792875118648,-75.53544822055535,20.0,19.0,20.0,10.0,1.0,19.0,Fecha corte REPS: Mar 12 2026  3:11PM,True,True
70,Sucre,70823,Tolú Viejo,SUCRE,SAN JOSÉ DE TOLUVIEJO,MUNICIPIO,284.90738239,284.90738238120224,9.490285794547992,-75.44451408070586,9.0,9.0,9.0,7.0,1.0,8.0,Fecha corte REPS: Mar 12 2026  3:11PM,True,True
73,Tolima,73001,Ibagué,TOLIMA,IBAGUÉ,MUNICIPIO,1376.59802896,1376.5980289302104,4.451927492965772,-75.25260572150619,1145.0,1037.0,1145.0,358.0,41.0,1104.0,Fecha corte REPS: Mar 12 2026  3:11PM,True,True
73,Tolima,73024,Alpujarra,TOLIMA,ALPUJARRA,MUNICIPIO,501.17185591,501.1718558970655,3.390011442073231,-74.9407891835524,1.0,1.0,1.0,1.0,1.0,0.0,Fecha corte REPS: Mar 12 2026  3:11PM,True,True
73,Tolima,73026,Alvarado,TOLIMA,ALVARADO,MUNICIPIO,344.11188286,344.11188284584654,4.5826211623233615,-74.98631092344591,2.0,2.0,2.0,1.0,1.0,1.0,Fecha corte REPS: Mar 12 2026  3:11PM,True,True
73,Tolima,73030,Ambalema,TOLIMA,AMBALEMA,MUNICIPIO,237.85440982,237.85440981242675,4.824906942858393,-74.80442392245384,2.0,2.0,2.0,1.0,1.0,1.0,Fecha corte REPS: Mar 12 2026  3:11PM,True,True
73,Tolima,73043,Anzoátegui,TOLIMA,ANZOÁTEGUI,MUNICIPIO,469.4692893,469.4692892914645,4.631788091056332,-75.19118504530951,1.0,1.0,1.0,1.0,1.0,0.0,Fecha corte REPS: Mar 12 2026  3:11PM,True,True
73,Tolima,73055,Armero,TOLIMA,ARMERO,MUNICIPIO,440.30394149,440.30394147686076,5.006757303175918,-74.84750584897006,7.0,7.0,7.0,1.0,1.0,6.0,Fecha corte REPS: Mar 12 2026  3:11PM,True,True
73,Tolima,73067,Ataco,TOLIMA,ATACO,MUNICIPIO,1017.33394614,1017.3339461266427,3.428411700531682,-75.48232471603373,6.0,1.0,6.0,6.0,6.0,0.0,Fecha corte REPS: Mar 12 2026  3:11PM,True,True
73,Tolima,73124,Cajamarca,TOLIMA,CAJAMARCA,MUNICIPIO,508.37871734,508.3787173376575,4.406957542083707,-75.49747676666442,6.0,5.0,6.0,2.0,2.0,4.0,Fecha corte REPS: Mar 12 2026  3:11PM,True,True
73,Tolima,73148,Carmen de Apicalá,TOLIMA,CARMEN DE APICALÁ,MUNICIPIO,190.67219653,190.6721965228541,4.12341125397677,-74.74700666956687,5.0,5.0,5.0,1.0,1.0,4.0,Fecha corte REPS: Mar 12 2026  3:11PM,True,True
73,Tolima,73152,Casabianca,TOLIMA,CASABIANCA,MUNICIPIO,174.83997333,174.83997332529327,5.016680139700189,-75.18906974079994,2.0,1.0,2.0,2.0,2.0,0.0,Fecha corte REPS: Mar 12 2026  3:11PM,True,True
73,Tolima,73168,Chaparral,TOLIMA,CHAPARRAL,MUNICIPIO,2101.5371663,2101.5371662881084,3.7437088590889442,-75.58988629847406,36.0,35.0,36.0,11.0,4.0,32.0,Fecha corte REPS: Mar 12 2026  3:11PM,True,True
73,Tolima,73200,Coello,TOLIMA,COELLO,MUNICIPIO,343.35819083,343.3581908206027,4.354150548524121,-74.91148512546462,1.0,1.0,1.0,1.0,1.0,0.0,Fecha corte REPS: Mar 12 2026  3:11PM,True,True
73,Tolima,73217,Coyaima,TOLIMA,COYAIMA,MUNICIPIO,668.69382817,668.6938281561719,3.7386195259153787,-75.14855314061786,5.0,4.0,5.0,3.0,3.0,2.0,Fecha corte REPS: Mar 12 2026  3:11PM,True,True
73,Tolima,73226,Cunday,TOLIMA,CUNDAY,MUNICIPIO,507.08843192,507.0884319012446,3.9825173358282835,-74.68937901337392,3.0,1.0,3.0,3.0,3.0,0.0,Fecha corte REPS: Mar 12 2026  3:11PM,True,True
73,Tolima,73236,Dolores,TOLIMA,DOLORES,MUNICIPIO,651.4495391,651.449539081716,3.5978515616199394,-74.80259097873957,11.0,7.0,11.0,5.0,5.0,6.0,Fecha corte REPS: Mar 12 2026  3:11PM,True,True
73,Tolima,73268,Espinal,TOLIMA,ESPINAL,MUNICIPIO,216.34531614,216.34531612954444,4.166478063909184,-74.89353010205545,107.0,99.0,107.0,35.0,4.0,103.0,Fecha corte REPS: Mar 12 2026  3:11PM,True,True
73,Tolima,73270,Falan,TOLIMA,FALAN,MUNICIPIO,181.20067651,181.2006765008174,5.079254056317002,-74.95703720680052,1.0,1.0,1.0,1.0,1.0,0.0,Fecha corte REPS: Mar 12 2026  3:11PM,True,True
73,Tolima,73275,Flandes,TOLIMA,FLANDES,MUNICIPIO,96.72487926,96.72487925439441,4.242813031742323,-74.83708756213886,3.0,3.0,3.0,1.0,1.0,2.0,Fecha corte REPS: Mar 12 2026  3:11PM,True,True
73,Tolima,73283,Fresno,TOLIMA,FRESNO,MUNICIPIO,219.52789042,219.52789041871227,5.186691909480367,-75.0522944868659,26.0,25.0,26.0,3.0,1.0,25.0,Fecha corte REPS: Mar 12 2026  3:11PM,True,True
73,Tolima,73319,Guamo,TOLIMA,GUAMO,MUNICIPIO,505.4126621,505.4126620902924,4.076500728925451,-74.9765736192326,22.0,22.0,22.0,5.0,1.0,21.0,Fecha corte REPS: Mar 12 2026  3:11PM,True,True
73,Tolima,73347,Herveo,TOLIMA,HERVEO,MUNICIPIO,322.58769224,322.5876922325666,5.068549749235911,-75.24323854126816,8.0,4.0,8.0,5.0,5.0,3.0,Fecha corte REPS: Mar 12 2026  3:11PM,True,True
73,Tolima,73349,Honda,TOLIMA,HONDA,MUNICIPIO,304.64071156,304.64071155184473,5.179410393898807,-74.78303096157623,17.0,17.0,17.0,9.0,1.0,16.0,Fecha corte REPS: Mar 12 2026  3:11PM,True,True
73,Tolima,73352,Icononzo,TOLIMA,ICONONZO,MUNICIPIO,214.9649171,214.96491709201837,4.133264166966929,-74.53964260335195,11.0,6.0,11.0,6.0,6.0,5.0,Fecha corte REPS: Mar 12 2026  3:11PM,True,True
73,Tolima,73408,Lérida,TOLIMA,LÉRIDA,MUNICIPIO,271.76635082,271.7663508109853,4.8660331202019735,-74.92337324584828,14.0,14.0,14.0,3.0,2.0,12.0,Fecha corte REPS: Mar 12 2026  3:11PM,True,True
73,Tolima,73411,Líbano,TOLIMA,LÍBANO,MUNICIPIO,282.20028932,282.2002893104512,4.87793110436899,-75.04763386764829,28.0,25.0,28.0,9.0,4.0,23.0,Fecha corte REPS: Mar 12 2026  3:11PM,True,True
73,Tolima,73443,Mariquita,TOLIMA,SAN SEBASTIÁN DE MARIQUITA,MUNICIPIO,293.14370103,293.1437010215585,5.235322010579395,-74.90668112952235,52.0,50.0,52.0,8.0,1.0,51.0,Fecha corte REPS: Mar 12 2026  3:11PM,True,True
73,Tolima,73449,Melgar,TOLIMA,MELGAR,MUNICIPIO,202.03149702,202.03149701593463,4.186053950606215,-74.63783968963651,34.0,34.0,34.0,9.0,1.0,33.0,Fecha corte REPS: Mar 12 2026  3:11PM,True,True
73,Tolima,73461,Murillo,TOLIMA,MURILLO,MUNICIPIO,423.7214733,423.72147328735423,4.82673541783958,-75.219948083559,1.0,1.0,1.0,1.0,1.0,0.0,Fecha corte REPS: Mar 12 2026  3:11PM,True,True
73,Tolima,73483,Natagaima,TOLIMA,NATAGAIMA,MUNICIPIO,859.35036778,859.3503677596348,3.5405116151728198,-75.12202615734104,5.0,5.0,5.0,2.0,2.0,3.0,Fecha corte REPS: Mar 12 2026  3:11PM,True,True
73,Tolima,73504,Ortega,TOLIMA,ORTEGA,MUNICIPIO,953.36938096,953.3693809418417,3.937790802610898,-75.27825181048524,5.0,4.0,5.0,5.0,3.0,2.0,Fecha corte REPS: Mar 12 2026  3:11PM,True,True
73,Tolima,73520,Palocabildo,TOLIMA,PALOCABILDO,MUNICIPIO,64.97016899,64.97016898741599,5.094034964275217,-75.01845120212487,3.0,3.0,3.0,1.0,1.0,2.0,Fecha corte REPS: Mar 12 2026  3:11PM,True,True
73,Tolima,73547,Piedras,TOLIMA,PIEDRAS,MUNICIPIO,354.17992345,354.1799234441525,4.484995382092836,-74.92091022271548,2.0,1.0,2.0,2.0,2.0,0.0,Fecha corte REPS: Mar 12 2026  3:11PM,True,True
73,Tolima,73555,Planadas,TOLIMA,PLANADAS,MUNICIPIO,1753.92819324,1753.928193258215,3.0989624064841625,-75.81688025096578,11.0,9.0,11.0,3.0,3.0,8.0,Fecha corte REPS: Mar 12 2026  3:11PM,True,True
73,Tolima,73563,Prado,TOLIMA,PRADO,MUNICIPIO,422.70737063,422.7073706162206,3.7291661794475806,-74.87248415970318,3.0,3.0,3.0,1.0,1.0,2.0,Fecha corte REPS: Mar 12 2026  3:11PM,True,True
73,Tolima,73585,Purificación,TOLIMA,PURIFICACIÓN,MUNICIPIO,401.91344257,401.9134425606432,3.854283482783603,-74.87451916359099,11.0,11.0,11.0,5.0,1.0,10.0,Fecha corte REPS: Mar 12 2026  3:11PM,True,True
73,Tolima,73616,Rioblanco,TOLIMA,RIOBLANCO,MUNICIPIO,2046.0660902,2046.066090230091,3.468050369856845,-75.85484246178845,15.0,4.0,15.0,14.0,12.0,3.0,Fecha corte REPS: Mar 12 2026  3:11PM,True,True
73,Tolima,73622,Roncesvalles,TOLIMA,RONCESVALLES,MUNICIPIO,775.65672465,775.656724642562,4.0978559172239875,-75.59429264746741,1.0,1.0,1.0,1.0,1.0,0.0,Fecha corte REPS: Mar 12 2026  3:11PM,True,True
73,Tolima,73624,Rovira,TOLIMA,ROVIRA,MUNICIPIO,739.17212027,739.1721202518427,4.216728685409575,-75.34759717844,13.0,12.0,13.0,3.0,2.0,11.0,Fecha corte REPS: Mar 12 2026  3:11PM,True,True
73,Tolima,73671,Saldaña,TOLIMA,SALDAÑA,MUNICIPIO,193.10566978,193.10566977780536,3.9125412263547643,-75.01860071984093,10.0,10.0,10.0,2.0,1.0,9.0,Fecha corte REPS: Mar 12 2026  3:11PM,True,True
73,Tolima,73675,San Antonio,TOLIMA,SAN ANTONIO,MUNICIPIO,383.28784337,383.28784336300174,3.9551360476476796,-75.49909117674535,4.0,3.0,4.0,3.0,3.0,1.0,Fecha corte REPS: Mar 12 2026  3:11PM,True,True
73,Tolima,73678,San Luis,TOLIMA,SAN LUIS,MUNICIPIO,411.9930748,411.993074792506,4.128603946739489,-75.11244996912792,3.0,2.0,3.0,3.0,2.0,1.0,Fecha corte REPS: Mar 12 2026  3:11PM,True,True
73,Tolima,73686,Santa Isabel,TOLIMA,SANTA ISABEL,MUNICIPIO,270.05014817,270.05014816178914,4.729116274431133,-75.207144445449,1.0,1.0,1.0,1.0,1.0,0.0,Fecha corte REPS: Mar 12 2026  3:11PM,True,True
73,Tolima,73770,Suárez,TOLIMA,SUÁREZ,MUNICIPIO,189.93398926,189.9339892542082,4.0489244271887275,-74.81858255027984,1.0,1.0,1.0,1.0,1.0,0.0,Fecha corte REPS: Mar 12 2026  3:11PM,True,True
73,Tolima,73854,Valle de San Juan,TOLIMA,VALLE DE SAN JUAN,MUNICIPIO,197.74215951,197.74215950601655,4.182123250488125,-75.17148579523446,1.0,1.0,1.0,1.0,1.0,0.0,Fecha corte REPS: Mar 12 2026  3:11PM,True,True
73,Tolima,73861,Venadillo,TOLIMA,VENADILLO,MUNICIPIO,334.40088529,334.4008852778064,4.709885499722946,-74.9208996891545,6.0,6.0,6.0,1.0,1.0,5.0,Fecha corte REPS: Mar 12 2026  3:11PM,True,True
73,Tolima,73870,Villahermosa,TOLIMA,VILLAHERMOSA,MUNICIPIO,279.06489948,279.06489947665773,4.965855853079152,-75.15583533144012,1.0,1.0,1.0,1.0,1.0,0.0,Fecha corte REPS: Mar 12 2026  3:11PM,True,True
73,Tolima,73873,Villarrica,TOLIMA,VILLARRICA,MUNICIPIO,430.08011918,430.0801191633438,3.854376469015247,-74.61897218396234,2.0,2.0,2.0,1.0,1.0,1.0,Fecha corte REPS: Mar 12 2026  3:11PM,True,True
76,Valle del Cauca,76001,Cali,VALLE DEL CAUCA,SANTIAGO DE CALI,MUNICIPIO,563.26630566,563.2663057447226,3.399042872576921,-76.57650124089723,5033.0,4236.0,5033.0,1056.0,112.0,4920.0,Fecha corte REPS: Mar 12 2026  3:11PM,True,True
76,Valle del Cauca,76020,Alcalá,VALLE DEL CAUCA,ALCALÁ,MUNICIPIO,62.34625058,62.346250583786755,4.678897647357514,-75.78298018275852,5.0,5.0,5.0,1.0,1.0,4.0,Fecha corte REPS: Mar 12 2026  3:11PM,True,True
76,Valle del Cauca,76036,Andalucía,VALLE DEL CAUCA,ANDALUCÍA,MUNICIPIO,110.47444024,110.47444025021356,4.144857321206661,-76.16470570738365,15.0,10.0,15.0,10.0,5.0,10.0,Fecha corte REPS: Mar 12 2026  3:11PM,True,True
76,Valle del Cauca,76041,Ansermanuevo,VALLE DEL CAUCA,ANSERMANUEVO,MUNICIPIO,305.46237345,305.4623734635361,4.795924781040195,-76.02963924150829,3.0,3.0,3.0,2.0,1.0,2.0,Fecha corte REPS: Mar 12 2026  3:11PM,True,True
76,Valle del Cauca,76054,Argelia,VALLE DEL CAUCA,ARGELIA,MUNICIPIO,90.80595366,90.8059536685556,4.704286680403709,-76.1416515252055,1.0,1.0,1.0,1.0,1.0,0.0,Fecha corte REPS: Mar 12 2026  3:11PM,True,True
76,Valle del Cauca,76100,Bolívar,VALLE DEL CAUCA,BOLÍVAR,MUNICIPIO,743.7632345,743.7632345712452,4.363682463043834,-76.36488493644545,13.0,4.0,13.0,10.0,10.0,3.0,Fecha corte REPS: Mar 12 2026  3:11PM,True,True
76,Valle del Cauca,76109,Buenaventura,VALLE DEL CAUCA,BUENAVENTURA,MUNICIPIO,6300.9861909,6300.986193374694,3.6117231488769352,-77.08603006577886,183.0,152.0,183.0,96.0,21.0,162.0,Fecha corte REPS: Mar 12 2026  3:11PM,True,True
76,Valle del Cauca,76111,Guadalajara de Buga,VALLE DEL CAUCA,GUADALAJARA DE BUGA,MUNICIPIO,825.95104432,825.9510443630443,3.8552654248977998,-76.10519124097779,220.0,208.0,220.0,61.0,9.0,211.0,Fecha corte REPS: Mar 12 2026  3:11PM,True,True
76,Valle del Cauca,76113,Bugalagrande,VALLE DEL CAUCA,BUGALAGRANDE,MUNICIPIO,396.811973,396.8119730154565,4.196858155890082,-76.08961535622983,16.0,14.0,16.0,8.0,2.0,14.0,Fecha corte REPS: Mar 12 2026  3:11PM,True,True
76,Valle del Cauca,76122,Caicedonia,VALLE DEL CAUCA,CAICEDONIA,MUNICIPIO,166.97168873,166.9716887287715,4.308994364233913,-75.83672538579769,32.0,21.0,32.0,14.0,11.0,21.0,Fecha corte REPS: Mar 12 2026  3:11PM,True,True
76,Valle del Cauca,76126,Calima,VALLE DEL CAUCA,CALIMA,MUNICIPIO,793.84176127,793.841761401456,3.944390124721119,-76.62783089178693,7.0,7.0,7.0,3.0,1.0,6.0,Fecha corte REPS: Mar 12 2026  3:11PM,True,True
76,Valle del Cauca,76130,Candelaria,VALLE DEL CAUCA,CANDELARIA,MUNICIPIO,296.5582478,296.55824782508023,3.3820930020568873,-76.38317969916324,62.0,54.0,62.0,17.0,7.0,55.0,Fecha corte REPS: Mar 12 2026  3:11PM,True,True
76,Valle del Cauca,76147,Cartago,VALLE DEL CAUCA,CARTAGO,MUNICIPIO,248.21459818,248.21459818874524,4.70684742230863,-75.91791091239541,275.0,255.0,275.0,63.0,12.0,263.0,Fecha corte REPS: Mar 12 2026  3:11PM,True,True
76,Valle del Cauca,76233,Dagua,VALLE DEL CAUCA,DAGUA,MUNICIPIO,917.03825286,917.0382530491092,3.649859660059694,-76.72041835518161,23.0,18.0,23.0,13.0,5.0,18.0,Fecha corte REPS: Mar 12 2026  3:11PM,True,True
76,Valle del Cauca,76243,El Águila,VALLE DEL CAUCA,EL ÁGUILA,MUNICIPIO,187.82409344,187.82409344850373,4.917559559770855,-76.06601145954899,1.0,1.0,1.0,1.0,1.0,0.0,Fecha corte REPS: Mar 12 2026  3:11PM,True,True
76,Valle del Cauca,76246,El Cairo,VALLE DEL CAUCA,EL CAIRO,MUNICIPIO,214.23701935,214.2370193587351,4.756060349548642,-76.2150338821761,2.0,2.0,2.0,1.0,1.0,1.0,Fecha corte REPS: Mar 12 2026  3:11PM,True,True
76,Valle del Cauca,76248,El Cerrito,VALLE DEL CAUCA,EL CERRITO,MUNICIPIO,441.95851057,441.9585106028432,3.6759924497237493,-76.20919776581032,56.0,42.0,56.0,25.0,12.0,44.0,Fecha corte REPS: Mar 12 2026  3:11PM,True,True
76,Valle del Cauca,76250,El Dovio,VALLE DEL CAUCA,EL DOVIO,MUNICIPIO,236.23675598,236.2367559986393,4.539801861272937,-76.28739409140003,1.0,1.0,1.0,1.0,1.0,0.0,Fecha corte REPS: Mar 12 2026  3:11PM,True,True
76,Valle del Cauca,76275,Florida,VALLE DEL CAUCA,FLORIDA,MUNICIPIO,401.60796655,401.60796657056824,3.3041076262078044,-76.16478583367176,50.0,46.0,50.0,11.0,4.0,46.0,Fecha corte REPS: Mar 12 2026  3:11PM,True,True
76,Valle del Cauca,76306,Ginebra,VALLE DEL CAUCA,GINEBRA,MUNICIPIO,268.78350514,268.7835051525539,3.7441031759488936,-76.19083210854635,10.0,10.0,10.0,2.0,1.0,9.0,Fecha corte REPS: Mar 12 2026  3:11PM,True,True
76,Valle del Cauca,76318,Guacarí,VALLE DEL CAUCA,GUACARÍ,MUNICIPIO,162.52193118,162.5219311962069,3.7837790396646738,-76.29450277955601,26.0,21.0,26.0,13.0,5.0,21.0,Fecha corte REPS: Mar 12 2026  3:11PM,True,True
76,Valle del Cauca,76364,Jamundí,VALLE DEL CAUCA,JAMUNDÍ,MUNICIPIO,629.35683806,629.3568381711917,3.21387365956064,-76.62762526940891,163.0,143.0,163.0,31.0,1.0,162.0,Fecha corte REPS: Mar 12 2026  3:11PM,True,True
76,Valle del Cauca,76377,La Cumbre,VALLE DEL CAUCA,LA CUMBRE,MUNICIPIO,255.51104607,255.5110461099077,3.694289548194343,-76.58991158184236,4.0,4.0,4.0,2.0,1.0,3.0,Fecha corte REPS: Mar 12 2026  3:11PM,True,True
76,Valle del Cauca,76400,La Unión,VALLE DEL CAUCA,LA UNIÓN,MUNICIPIO,120.88518843,120.88518843211945,4.537936554475934,-76.10329383736182,41.0,41.0,41.0,5.0,1.0,40.0,Fecha corte REPS: Mar 12 2026  3:11PM,True,True
76,Valle del Cauca,76403,La Victoria,VALLE DEL CAUCA,LA VICTORIA,MUNICIPIO,264.69651508,264.69651508211376,4.483512280176382,-75.9667773120438,6.0,6.0,6.0,1.0,1.0,5.0,Fecha corte REPS: Mar 12 2026  3:11PM,True,True
76,Valle del Cauca,76497,Obando,VALLE DEL CAUCA,OBANDO,MUNICIPIO,214.67338111,214.67338111292352,4.59758954578377,-75.94920239970622,2.0,2.0,2.0,2.0,1.0,1.0,Fecha corte REPS: Mar 12 2026  3:11PM,True,True
76,Valle del Cauca,76520,Palmira,VALLE DEL CAUCA,PALMIRA,MUNICIPIO,1005.31673518,1005.3167352532508,3.558395439582507,-76.22786086789984,537.0,452.0,537.0,157.0,39.0,498.0,Fecha corte REPS: Mar 12 2026  3:11PM,True,True
76,Valle del Cauca,76563,Pradera,VALLE DEL CAUCA,PRADERA,MUNICIPIO,356.78156959,356.78156961119043,3.4206378216892173,-76.17843338925337,28.0,26.0,28.0,8.0,2.0,26.0,Fecha corte REPS: Mar 12 2026  3:11PM,True,True
76,Valle del Cauca,76606,Restrepo,VALLE DEL CAUCA,RESTREPO,MUNICIPIO,137.26966359,137.26966360796328,3.8062706008648965,-76.53464071955912,9.0,8.0,9.0,3.0,2.0,7.0,Fecha corte REPS: Mar 12 2026  3:11PM,True,True
76,Valle del Cauca,76616,Riofrío,VALLE DEL CAUCA,RIOFRÍO,MUNICIPIO,308.16605893,308.1660589632065,4.109496082512248,-76.37106671407757,4.0,3.0,4.0,2.0,2.0,2.0,Fecha corte REPS: Mar 12 2026  3:11PM,True,True
76,Valle del Cauca,76622,Roldanillo,VALLE DEL CAUCA,ROLDANILLO,MUNICIPIO,234.97866975,234.97866976461663,4.443431619356755,-76.16809289974832,70.0,61.0,70.0,19.0,9.0,61.0,Fecha corte REPS: Mar 12 2026  3:11PM,True,True
76,Valle del Cauca,76670,San Pedro,VALLE DEL CAUCA,SAN PEDRO,MUNICIPIO,202.16022377,202.16022378511354,3.9814356939744466,-76.20836542925603,4.0,4.0,4.0,2.0,1.0,3.0,Fecha corte REPS: Mar 12 2026  3:11PM,True,True
76,Valle del Cauca,76736,Sevilla,VALLE DEL CAUCA,SEVILLA,MUNICIPIO,537.14458836,537.144587052179,4.193406629473164,-75.88817021922776,31.0,30.0,31.0,6.0,2.0,29.0,Fecha corte REPS: Mar 12 2026  3:11PM,True,True
76,Valle del Cauca,76823,Toro,VALLE DEL CAUCA,TORO,MUNICIPIO,175.77588792,175.77588792755844,4.638418387587828,-76.08106536996462,5.0,5.0,5.0,1.0,1.0,4.0,Fecha corte REPS: Mar 12 2026  3:11PM,True,True
76,Valle del Cauca,76828,Trujillo,VALLE DEL CAUCA,TRUJILLO,MUNICIPIO,307.72048822,307.72048825100336,4.233267083836224,-76.34293632206673,4.0,4.0,4.0,1.0,1.0,3.0,Fecha corte REPS: Mar 12 2026  3:11PM,True,True
76,Valle del Cauca,76834,Tuluá,VALLE DEL CAUCA,TULUÁ,MUNICIPIO,909.3956597,909.3956597365354,4.02842026106508,-76.03252941477852,383.0,344.0,383.0,111.0,20.0,363.0,Fecha corte REPS: Mar 12 2026  3:11PM,True,True
76,Valle del Cauca,76845,Ulloa,VALLE DEL CAUCA,ULLOA,MUNICIPIO,41.8585262,41.85852619586847,4.707720805108744,-75.77836223592027,1.0,1.0,1.0,1.0,1.0,0.0,Fecha corte REPS: Mar 12 2026  3:11PM,True,True
76,Valle del Cauca,76863,Versalles,VALLE DEL CAUCA,VERSALLES,MUNICIPIO,200.62929946,200.6292994760505,4.622591318323962,-76.21789853368129,1.0,1.0,1.0,1.0,1.0,0.0,Fecha corte REPS: Mar 12 2026  3:11PM,True,True
76,Valle del Cauca,76869,Vijes,VALLE DEL CAUCA,VIJES,MUNICIPIO,112.97110681,112.97110682665546,3.743367125690784,-76.47036022792534,4.0,3.0,4.0,2.0,2.0,2.0,Fecha corte REPS: Mar 12 2026  3:11PM,True,True
76,Valle del Cauca,76890,Yotoco,VALLE DEL CAUCA,YOTOCO,MUNICIPIO,327.77719146,327.77719149484676,3.904175404686488,-76.39080363006701,9.0,4.0,9.0,7.0,6.0,3.0,Fecha corte REPS: Mar 12 2026  3:11PM,True,True
76,Valle del Cauca,76892,Yumbo,VALLE DEL CAUCA,YUMBO,MUNICIPIO,230.67219602,230.67219605527876,3.595908339383021,-76.51099150919852,102.0,92.0,102.0,34.0,9.0,92.0,Fecha corte REPS: Mar 12 2026  3:11PM,True,True
76,Valle del Cauca,76895,Zarzal,VALLE DEL CAUCA,ZARZAL,MUNICIPIO,367.96563913,367.96564045858844,4.353596536387411,-76.05065812942796,58.0,53.0,58.0,19.0,6.0,52.0,Fecha corte REPS: Mar 12 2026  3:11PM,True,True
81,Arauca,81001,Arauca,ARAUCA,ARAUCA,MUNICIPIO,5767.22611123,5767.226111177237,6.796317563450953,-70.50893340872061,123.0,109.0,123.0,47.0,11.0,112.0,Fecha corte REPS: Mar 12 2026  3:11PM,True,True
81,Arauca,81065,Arauquita,ARAUCA,ARAUQUITA,MUNICIPIO,3037.58298726,3037.582987168132,6.799314940929472,-71.29816285531975,32.0,23.0,32.0,19.0,9.0,23.0,Fecha corte REPS: Mar 12 2026  3:11PM,True,True
81,Arauca,81220,Cravo Norte,ARAUCA,CRAVO NORTE,MUNICIPIO,5192.41327615,5192.413276283014,6.346718128602409,-70.06951179272218,1.0,1.0,1.0,1.0,1.0,0.0,Fecha corte REPS: Mar 12 2026  3:11PM,True,True
81,Arauca,81300,Fortul,ARAUCA,FORTUL,MUNICIPIO,1155.45461563,1155.4546155986664,6.705347046397955,-71.82945173381562,22.0,17.0,22.0,13.0,6.0,16.0,Fecha corte REPS: Mar 12 2026  3:11PM,True,True
81,Arauca,81591,Puerto Rondón,ARAUCA,PUERTO RONDÓN,MUNICIPIO,2273.98869923,2273.988699170444,6.411773845045891,-70.96674362887784,3.0,3.0,3.0,3.0,1.0,2.0,Fecha corte REPS: Mar 12 2026  3:11PM,True,True
81,Arauca,81736,Saravena,ARAUCA,SARAVENA,MUNICIPIO,942.58736174,942.5873617059898,6.90694325497105,-71.85071352364052,76.0,65.0,76.0,31.0,10.0,65.0,Fecha corte REPS: Mar 12 2026  3:11PM,True,True
81,Arauca,81794,Tame,ARAUCA,TAME,MUNICIPIO,5403.8756577,5403.875657525914,6.3907045111209095,-71.7917701273892,85.0,72.0,85.0,35.0,12.0,73.0,Fecha corte REPS: Mar 12 2026  3:11PM,True,True
85,Casanare,85001,Yopal,CASANARE,YOPAL,MUNICIPIO,2476.88779273,2476.887792649931,5.242711687176837,-72.25798324143659,338.0,305.0,338.0,131.0,11.0,327.0,Fecha corte REPS: Mar 12 2026  3:11PM,True,True
85,Casanare,85010,Aguazul,CASANARE,AGUAZUL,MUNICIPIO,1439.26466927,1439.2646692284322,5.126110392129574,-72.54819734583249,44.0,42.0,44.0,16.0,3.0,41.0,Fecha corte REPS: Mar 12 2026  3:11PM,True,True
85,Casanare,85015,Chámeza,CASANARE,CHÁMEZA,MUNICIPIO,309.16338114,309.16338112656985,5.229233049743889,-72.86609177413565,2.0,2.0,2.0,1.0,1.0,1.0,Fecha corte REPS: Mar 12 2026  3:11PM,True,True
85,Casanare,85125,Hato Corozal,CASANARE,HATO COROZAL,MUNICIPIO,5492.26610939,5492.266109271642,6.109360712091067,-71.13607810732603,5.0,5.0,5.0,4.0,2.0,3.0,Fecha corte REPS: Mar 12 2026  3:11PM,True,True
85,Casanare,85136,La Salina,CASANARE,LA SALINA,MUNICIPIO,199.41924572,199.41924571792902,6.178277031169593,-72.34693119120845,1.0,1.0,1.0,1.0,1.0,0.0,Fecha corte REPS: Mar 12 2026  3:11PM,True,True
85,Casanare,85139,Maní,CASANARE,MANÍ,MUNICIPIO,3745.28135972,3745.281359603681,4.675756848066584,-72.2127585326997,10.0,10.0,10.0,4.0,1.0,9.0,Fecha corte REPS: Mar 12 2026  3:11PM,True,True
85,Casanare,85162,Monterrey,CASANARE,MONTERREY,MUNICIPIO,777.57342521,777.5734251894825,4.841300234727731,-72.8473339499916,14.0,14.0,14.0,7.0,1.0,13.0,Fecha corte REPS: Mar 12 2026  3:11PM,True,True
85,Casanare,85225,Nunchía,CASANARE,NUNCHÍA,MUNICIPIO,1099.25602326,1099.2560232277083,5.529145282517365,-72.09244566703767,2.0,2.0,2.0,1.0,1.0,1.0,Fecha corte REPS: Mar 12 2026  3:11PM,True,True
85,Casanare,85230,Orocué,CASANARE,OROCUÉ,MUNICIPIO,4739.84291333,4739.842913186559,4.9151689813303765,-71.59869312869107,4.0,4.0,4.0,1.0,1.0,3.0,Fecha corte REPS: Mar 12 2026  3:11PM,True,True
85,Casanare,85250,Paz de Ariporo,CASANARE,PAZ DE ARIPORO,MUNICIPIO,12074.52977282,12074.529772607224,5.7801497696765365,-70.86912360486103,37.0,35.0,37.0,15.0,1.0,35.0,Fecha corte REPS: Mar 12 2026  3:11PM,True,True
85,Casanare,85263,Pore,CASANARE,PORE,MUNICIPIO,779.3901543,779.3901542707226,5.6630421824707655,-71.92570917932835,5.0,5.0,5.0,2.0,1.0,4.0,Fecha corte REPS: Mar 12 2026  3:11PM,True,True
85,Casanare,85279,Recetor,CASANARE,RECETOR,MUNICIPIO,180.845873,180.84587299402725,5.26306577320612,-72.77081875964744,1.0,1.0,1.0,1.0,1.0,0.0,Fecha corte REPS: Mar 12 2026  3:11PM,True,True
85,Casanare,85300,Sabanalarga,CASANARE,SABANALARGA,MUNICIPIO,400.1582052,400.1582051861579,4.81117938948374,-72.99580412132981,3.0,3.0,3.0,1.0,1.0,2.0,Fecha corte REPS: Mar 12 2026  3:11PM,True,True
85,Casanare,85315,Sácama,CASANARE,SÁCAMA,MUNICIPIO,311.46707275,311.46707273689253,6.049909944327493,-72.21075720775613,1.0,1.0,1.0,1.0,1.0,0.0,Fecha corte REPS: Mar 12 2026  3:11PM,True,True
85,Casanare,85325,San Luis de Palenque,CASANARE,SAN LUIS DE PALENQUE,MUNICIPIO,2980.88994487,2980.889944775493,5.231864750390165,-71.59334517406248,1.0,1.0,1.0,1.0,1.0,0.0,Fecha corte REPS: Mar 12 2026  3:11PM,True,True
85,Casanare,85400,Támara,CASANARE,TÁMARA,MUNICIPIO,1088.53012252,1088.5301224804984,5.878926756072227,-72.2006785211125,3.0,3.0,3.0,2.0,1.0,2.0,Fecha corte REPS: Mar 12 2026  3:11PM,True,True
85,Casanare,85410,Tauramena,CASANARE,TAURAMENA,MUNICIPIO,2380.17421288,2380.174212801088,4.698114904152994,-72.62938891019488,24.0,24.0,24.0,5.0,1.0,22.0,Fecha corte REPS: Mar 12 2026  3:11PM,True,True
85,Casanare,85430,Trinidad,CASANARE,TRINIDAD,MUNICIPIO,2959.90883543,2959.9088353426023,5.36740539036373,-71.19374385186384,9.0,8.0,9.0,4.0,2.0,7.0,Fecha corte REPS: Mar 12 2026  3:11PM,True,True
85,Casanare,85440,Villanueva,CASANARE,VILLANUEVA,MUNICIPIO,832.16059717,832.1605971467122,4.52829550629305,-72.82312355383598,41.0,40.0,41.0,14.0,1.0,40.0,Fecha corte REPS: Mar 12 2026  3:11PM,True,True
86,Putumayo,86001,Mocoa,PUTUMAYO,MOCOA,MUNICIPIO,1305.26361705,1305.263617312396,1.2285904884406995,-76.68437383072087,93.0,84.0,93.0,39.0,2.0,91.0,Fecha corte REPS: Mar 12 2026  3:11PM,True,True
86,Putumayo,86219,Colón,PUTUMAYO,COLÓN,MUNICIPIO,64.31747923,64.31747925564913,1.22321667546096,-76.96673006518654,5.0,4.0,5.0,3.0,2.0,3.0,Fecha corte REPS: Mar 12 2026  3:11PM,True,True
86,Putumayo,86320,Orito,PUTUMAYO,ORITO,MUNICIPIO,1940.59417359,1940.5941742228279,0.6737627012769284,-76.94319049541882,27.0,23.0,27.0,15.0,4.0,23.0,Fecha corte REPS: Mar 12 2026  3:11PM,True,True
86,Putumayo,86568,Puerto Asís,PUTUMAYO,PUERTO ASÍS,MUNICIPIO,2819.84374964,2819.8437499243837,0.47860066451734185,-76.32834174429169,50.0,44.0,50.0,21.0,5.0,45.0,Fecha corte REPS: Mar 12 2026  3:11PM,True,True
86,Putumayo,86569,Puerto Caicedo,PUTUMAYO,PUERTO CAICEDO,MUNICIPIO,926.84282756,926.8428276882933,0.7250732137350402,-76.48104220542352,8.0,7.0,8.0,4.0,2.0,6.0,Fecha corte REPS: Mar 12 2026  3:11PM,True,True
86,Putumayo,86571,Puerto Guzmán,PUTUMAYO,PUERTO GUZMÁN,MUNICIPIO,4576.35166237,4576.351662492195,0.746498503197555,-75.88038560530663,4.0,4.0,4.0,2.0,1.0,3.0,Fecha corte REPS: Mar 12 2026  3:11PM,True,True
86,Putumayo,86573,Puerto Leguízamo,PUTUMAYO,PUERTO LEGUÍZAMO,MUNICIPIO,10900.42598581,10900.425985603111,0.05967718915960192,-75.06518046770672,9.0,7.0,9.0,4.0,3.0,6.0,Fecha corte REPS: Mar 12 2026  3:11PM,True,True
86,Putumayo,86749,Sibundoy,PUTUMAYO,SIBUNDOY,MUNICIPIO,97.79631883,97.7963188636205,1.2287456895730677,-76.91307609853158,24.0,24.0,24.0,11.0,1.0,23.0,Fecha corte REPS: Mar 12 2026  3:11PM,True,True
86,Putumayo,86755,San Francisco,PUTUMAYO,SAN FRANCISCO,MUNICIPIO,407.59616234,407.59616244666114,1.1360709332785224,-76.8472732725851,3.0,3.0,3.0,2.0,1.0,2.0,Fecha corte REPS: Mar 12 2026  3:11PM,True,True
86,Putumayo,86757,San Miguel,PUTUMAYO,SAN MIGUEL,MUNICIPIO,379.96831073,379.96831083697947,0.30587716870434667,-76.8577903410497,8.0,7.0,8.0,3.0,2.0,6.0,Fecha corte REPS: Mar 12 2026  3:11PM,True,True
86,Putumayo,86760,Santiago,PUTUMAYO,SANTIAGO,MUNICIPIO,342.16073335,342.1607334696983,1.085817116836642,-77.00563417267179,3.0,2.0,3.0,3.0,1.0,2.0,Fecha corte REPS: Mar 12 2026  3:11PM,True,True
86,Putumayo,86865,Valle del Guamuez,PUTUMAYO,VALLE DEL GUAMUEZ,MUNICIPIO,815.66121418,815.6612144241639,0.41296359537378374,-76.88413919121406,42.0,39.0,42.0,15.0,4.0,38.0,Fecha corte REPS: Mar 12 2026  3:11PM,True,True
86,Putumayo,86885,Villagarzón,PUTUMAYO,VILLAGARZÓN,MUNICIPIO,1397.70273326,1397.7027335809244,0.9111548356199304,-76.74500971713029,19.0,17.0,19.0,6.0,3.0,16.0,Fecha corte REPS: Mar 12 2026  3:11PM,True,True
88,"Archipiélago de San Andrés, Providencia y Santa Catalina",88001,San Andrés,"ARCHIPIÉLAGO DE SAN ANDRÉS, PROVIDENCIA Y SANTA CATALINA",SAN ANDRÉS,ISLA,27.26527266,27.265273194169833,12.543181671080536,-81.7175937055128,88.0,86.0,88.0,25.0,4.0,84.0,Fecha corte REPS: Mar 12 2026  3:11PM,True,True
88,"Archipiélago de San Andrés, Providencia y Santa Catalina",88564,Providencia,"ARCHIPIÉLAGO DE SAN ANDRÉS, PROVIDENCIA Y SANTA CATALINA",PROVIDENCIA,MUNICIPIO,22.32331173,22.323312011500928,13.353271032812021,-81.37390739960614,5.0,5.0,5.0,1.0,1.0,4.0,Fecha corte REPS: Mar 12 2026  3:11PM,True,True
91,Amazonas,91001,Leticia,AMAZONAS,LETICIA,MUNICIPIO,6158.33098233,6158.330982501229,-3.5299613604521807,-70.04510837472819,57.0,55.0,57.0,13.0,3.0,54.0,Fecha corte REPS: Mar 12 2026  3:11PM,True,True
91,Amazonas,91263,El Encanto (ANM),AMAZONAS,EL ENCANTO,ÁREA NO MUNICIPALIZADA,10874.26468095,10874.264680589189,-1.9972500132442634,-72.723655808336,1.0,1.0,1.0,1.0,1.0,0.0,Fecha corte REPS: Mar 12 2026  3:11PM,True,True
91,Amazonas,91405,La Chorrera (ANM),AMAZONAS,LA CHORRERA,ÁREA NO MUNICIPALIZADA,12641.44908998,12641.449089565493,-1.2380945912539867,-72.76411768099753,1.0,1.0,1.0,1.0,1.0,0.0,Fecha corte REPS: Mar 12 2026  3:11PM,True,True
91,Amazonas,91407,La Pedrera (ANM),AMAZONAS,LA PEDRERA,ÁREA NO MUNICIPALIZADA,13614.79648727,13614.796487796302,-1.4271992124406105,-70.03817306315788,1.0,1.0,1.0,1.0,1.0,0.0,Fecha corte REPS: Mar 12 2026  3:11PM,True,True
91,Amazonas,91430,La Victoria (ANM),AMAZONAS,LA VICTORIA,ÁREA NO MUNICIPALIZADA,1428.20281483,1428.2028147862727,-0.12503004898756281,-71.10485810078595,1.0,1.0,1.0,1.0,1.0,0.0,Fecha corte REPS: Mar 12 2026  3:11PM,True,True
91,Amazonas,91460,Miriti - Paraná (ANM),AMAZONAS,MIRITÍ - PARANÁ,ÁREA NO MUNICIPALIZADA,16814.37349933,16814.373498879027,-0.6871332512608299,-71.18531991410387,1.0,1.0,1.0,1.0,1.0,0.0,Fecha corte REPS: Mar 12 2026  3:11PM,True,True
91,Amazonas,91530,Puerto Alegría (ANM),AMAZONAS,PUERTO ALEGRÍA,ÁREA NO MUNICIPALIZADA,8481.82446212,8481.82446183811,-0.9520949312408775,-73.75731495362062,1.0,1.0,1.0,1.0,1.0,0.0,Fecha corte REPS: Mar 12 2026  3:11PM,True,True
91,Amazonas,91536,Puerto Arica (ANM),AMAZONAS,PUERTO ARICA,ÁREA NO MUNICIPALIZADA,13806.07573053,13806.075730164102,-1.9102339919807945,-71.15177125189588,1.0,1.0,1.0,1.0,1.0,0.0,Fecha corte REPS: Mar 12 2026  3:11PM,True,True
91,Amazonas,91540,Puerto Nariño,AMAZONAS,PUERTO NARIÑO,MUNICIPIO,1503.74996488,1503.749964861742,-3.6312904541233464,-70.47197240509385,1.0,1.0,1.0,1.0,1.0,0.0,Fecha corte REPS: Mar 12 2026  3:11PM,True,True
91,Amazonas,91669,Puerto Santander (ANM),AMAZONAS,PUERTO SANTANDER,ÁREA NO MUNICIPALIZADA,14691.98551601,14691.985515532795,-1.1011346198401442,-71.93881388993908,1.0,1.0,1.0,1.0,1.0,0.0,Fecha corte REPS: Mar 12 2026  3:11PM,True,True
91,Amazonas,91798,Tarapacá (ANM),AMAZONAS,TARAPACÁ,ÁREA NO MUNICIPALIZADA,9159.77532069,9159.77532103238,-2.451760067839584,-70.00643775827213,1.0,1.0,1.0,1.0,1.0,0.0,Fecha corte REPS: Mar 12 2026  3:11PM,True,True
94,Guainía,94001,Inírida,GUAINÍA,INÍRIDA,MUNICIPIO,15891.23252904,15891.232543271268,3.3198908046521014,-68.45682727884223,35.0,25.0,35.0,22.0,11.0,23.0,Fecha corte REPS: Mar 12 2026  3:11PM,True,True
94,Guainía,94343,Barrancominas,GUAINÍA,BARRANCOMINAS,MUNICIPIO,14342.99540854,14342.995410394347,3.1407014287972,-69.697162580788,7.0,2.0,7.0,7.0,6.0,1.0,Fecha corte REPS: Mar 12 2026  3:11PM,True,True
94,Guainía,94663,Mapiripana (ANM),,,,,,,,0.0,0.0,,0.0,0.0,0.0,,False,False
94,Guainía,94883,San Felipe (ANM),GUAINÍA,SAN FELIPE,ÁREA NO MUNICIPALIZADA,2909.7089526,2909.708961944314,2.1557500958490072,-67.33975252919046,1.0,1.0,1.0,1.0,1.0,0.0,Fecha corte REPS: Mar 12 2026  3:11PM,True,True
94,Guainía,94884,Puerto Colombia (ANM),GUAINÍA,PUERTO COLOMBIA,ÁREA NO MUNICIPALIZADA,15620.4227989,15620.422817932083,2.5076049926398483,-68.20849757286896,2.0,1.0,2.0,2.0,2.0,0.0,Fecha corte REPS: Mar 12 2026  3:11PM,True,True
94,Guainía,94885,La Guadalupe (ANM),GUAINÍA,LA GUADALUPE,ÁREA NO MUNICIPALIZADA,1171.89173176,1171.89173715959,1.4045263487295758,-67.00151330500921,1.0,1.0,1.0,1.0,1.0,0.0,Fecha corte REPS: Mar 12 2026  3:11PM,True,True
94,Guainía,94886,Cacahual (ANM),GUAINÍA,CACAHUAL,ÁREA NO MUNICIPALIZADA,2322.43228063,2322.432286064606,3.3861786969629732,-67.58504240287289,1.0,1.0,1.0,1.0,1.0,0.0,Fecha corte REPS: Mar 12 2026  3:11PM,True,True
94,Guainía,94887,Pana Pana (ANM),GUAINÍA,PANA PANA,ÁREA NO MUNICIPALIZADA,10180.94665364,10180.94665728839,1.9811150097077739,-69.11376905561443,1.0,1.0,1.0,1.0,1.0,0.0,Fecha corte REPS: Mar 12 2026  3:11PM,True,True
94,Guainía,94888,Morichal (ANM),GUAINÍA,MORICHAL,ÁREA NO MUNICIPALIZADA,8513.7919055,8513.791906111042,2.4214480074476215,-69.83919453067483,1.0,1.0,1.0,1.0,1.0,0.0,Fecha corte REPS: Mar 12 2026  3:11PM,True,True
95,Guaviare,95001,San José del Guaviare,GUAVIARE,SAN JOSÉ DEL GUAVIARE,MUNICIPIO,16712.39397507,16712.39397455104,2.484752083059728,-71.91762715057011,86.0,75.0,86.0,31.0,9.0,77.0,Fecha corte REPS: Mar 12 2026  3:11PM,True,True
95,Guaviare,95015,Calamar,GUAVIARE,CALAMAR,MUNICIPIO,13510.32024683,13510.32024638219,1.6132841647650917,-73.03334917217198,4.0,4.0,4.0,2.0,1.0,3.0,Fecha corte REPS: Mar 12 2026  3:11PM,True,True
95,Guaviare,95025,El Retorno,GUAVIARE,EL RETORNO,MUNICIPIO,12405.90549982,12405.905499488994,2.086258150077998,-71.53589877722455,5.0,5.0,5.0,2.0,1.0,4.0,Fecha corte REPS: Mar 12 2026  3:11PM,True,True
95,Guaviare,95200,Miraflores,GUAVIARE,MIRAFLORES,MUNICIPIO,12774.74386678,12774.743866362813,1.3639688877192027,-72.01807305444585,1.0,1.0,1.0,1.0,1.0,0.0,Fecha corte REPS: Mar 12 2026  3:11PM,True,True
97,Vaupés,97001,Mitú,VAUPÉS,MITÚ,MUNICIPIO,16156.41901943,16156.41901942596,1.015597236425282,-70.41744715921308,37.0,6.0,37.0,33.0,30.0,7.0,Fecha corte REPS: Mar 12 2026  3:11PM,True,True
97,Vaupés,97161,Carurú,VAUPÉS,CARURÚ,MUNICIPIO,6349.03726449,6349.037264299395,1.0527488352551115,-71.33091588351904,5.0,1.0,5.0,5.0,5.0,0.0,Fecha corte REPS: Mar 12 2026  3:11PM,True,True
97,Vaupés,97511,Pacoa (ANM),VAUPÉS,PACOA,ÁREA NO MUNICIPALIZADA,13946.84218491,13946.842184641442,0.19456909429317046,-70.93607379481038,10.0,1.0,10.0,10.0,10.0,0.0,Fecha corte REPS: Mar 12 2026  3:11PM,True,True
97,Vaupés,97666,Taraira,VAUPÉS,TARAIRA,MUNICIPIO,6484.23610285,6484.236103198605,-0.7198727801754222,-69.9076865739687,4.0,1.0,4.0,4.0,4.0,0.0,Fecha corte REPS: Mar 12 2026  3:11PM,True,True
97,Vaupés,97777,Papunahua (ANM),VAUPÉS,PAPUNAHUA,ÁREA NO MUNICIPALIZADA,5531.90876233,5531.908762242747,1.681701627394411,-70.70603170892129,1.0,1.0,1.0,1.0,1.0,0.0,Fecha corte REPS: Mar 12 2026  3:11PM,True,True
97,Vaupés,97889,Yavaraté (ANM),VAUPÉS,YAVARATÉ,ÁREA NO MUNICIPALIZADA,4640.89460877,4640.8946093132045,0.8333353963918798,-69.61851559052853,5.0,1.0,5.0,5.0,5.0,0.0,Fecha corte REPS: Mar 12 2026  3:11PM,True,True
99,Vichada,99001,Puerto Carreño,VICHADA,PUERTO CARREÑO,MUNICIPIO,12142.32335203,12142.323366018352,5.836608206498997,-68.14080860777062,24.0,24.0,24.0,4.0,1.0,23.0,Fecha corte REPS: Mar 12 2026  3:11PM,True,True
99,Vichada,99524,La Primavera,VICHADA,LA PRIMAVERA,MUNICIPIO,18492.10724139,18492.10724364091,5.517831082515305,-69.62020509007846,5.0,5.0,5.0,1.0,1.0,4.0,Fecha corte REPS: Mar 12 2026  3:11PM,True,True
99,Vichada,99624,Santa Rosalía,VICHADA,SANTA ROSALÍA,MUNICIPIO,3679.00502084,3679.0050207748905,4.968580890193841,-70.65989332610549,2.0,2.0,2.0,1.0,1.0,1.0,Fecha corte REPS: Mar 12 2026  3:11PM,True,True
99,Vichada,99773,Cumaribo,VICHADA,CUMARIBO,MUNICIPIO,65319.28513659,65319.28515794891,4.2636435606332235,-69.51992782167522,4.0,4.0,4.0,3.0,1.0,3.0,Fecha corte REPS: Mar 12 2026  3:11PM,True,True
