cod_dpto,cod_mpio,departamento_mgn,municipio_mgn,municipio_tipo_mgn,area_km2_mgn_attribute,area_km2_calc,centroid_lat,centroid_lon
05,05001,ANTIOQUIA,MEDELLÍN,MUNICIPIO,374.74148449,374.7414844857945,6.257590449164816,-75.61103932249718
05,05002,ANTIOQUIA,ABEJORRAL,MUNICIPIO,506.95978227,506.95978225803674,5.803723883325457,-75.43848561982225
05,05004,ANTIOQUIA,ABRIAQUÍ,MUNICIPIO,296.97418843,296.97418844393604,6.62756659324941,-76.08597800187653
05,05021,ANTIOQUIA,ALEJANDRÍA,MUNICIPIO,128.85643129,128.8564312828481,6.365533635272281,-75.09060211479547
05,05030,ANTIOQUIA,AMAGÁ,MUNICIPIO,84.1171447,84.1171446963717,6.0329210777343105,-75.70800415198428
05,05031,ANTIOQUIA,AMALFI,MUNICIPIO,1208.3461881,1208.3461880632449,6.977657060120218,-74.98129809484985
05,05034,ANTIOQUIA,ANDES,MUNICIPIO,402.4505988,402.4505988078562,5.623944826398129,-75.92460407614821
05,05036,ANTIOQUIA,ANGELÓPOLIS,MUNICIPIO,81.86176766,81.86176766066194,6.121429291256687,-75.71595116711116
05,05038,ANTIOQUIA,ANGOSTURA,MUNICIPIO,338.36184953,338.36184952657015,6.861454209724957,-75.35834186134296
05,05040,ANTIOQUIA,ANORÍ,MUNICIPIO,1412.95695698,1412.9569569443386,7.193075754328268,-75.10852543178588
05,05042,ANTIOQUIA,SANTA FÉ DE ANTIOQUIA,MUNICIPIO,525.55322523,525.5532252409316,6.535703780544026,-75.90427261184455
05,05044,ANTIOQUIA,ANZÁ,MUNICIPIO,255.91052741,255.91052741760544,6.308036388834979,-75.91259614219582
05,05045,ANTIOQUIA,APARTADÓ,MUNICIPIO,535.35135739,535.3513574481755,7.896129148454935,-76.5669816441487
05,05051,ANTIOQUIA,ARBOLETES,MUNICIPIO,754.27645511,754.2764551615558,8.611320966536674,-76.41477813388326
05,05055,ANTIOQUIA,ARGELIA,MUNICIPIO,245.19895072,245.19895071875476,5.7081173267908785,-75.09471015901241
05,05059,ANTIOQUIA,ARMENIA,MUNICIPIO,110.42213658,110.4221365844057,6.163682678243244,-75.80995593301984
05,05079,ANTIOQUIA,BARBOSA,MUNICIPIO,205.55297576,205.55297575243554,6.443421494589512,-75.32923805895442
05,05086,ANTIOQUIA,BELMIRA,MUNICIPIO,295.8587326,295.858732596684,6.653765343156343,-75.65388314869847
05,05088,ANTIOQUIA,BELLO,MUNICIPIO,147.70069491,147.70069490622717,6.358893201753729,-75.58980734272605
05,05091,ANTIOQUIA,BETANIA,MUNICIPIO,180.52530289,180.5253028909099,5.727080759217893,-75.98689804719247
05,05093,ANTIOQUIA,BETULIA,MUNICIPIO,262.36212141,262.3621214102692,6.185782771193611,-75.95649768102417
05,05101,ANTIOQUIA,CIUDAD BOLÍVAR,MUNICIPIO,263.7909105,263.79091050246,5.840843569863297,-76.00937808933121
05,05107,ANTIOQUIA,BRICEÑO,MUNICIPIO,376.24010705,376.2401070465092,7.11178243170278,-75.56224349923332
05,05113,ANTIOQUIA,BURITICÁ,MUNICIPIO,355.2788721,355.27887210061516,6.809021757024714,-75.91206027525706
05,05120,ANTIOQUIA,CÁCERES,MUNICIPIO,1872.78473236,1872.7847323164074,7.66514296058419,-75.22367750235321
05,05125,ANTIOQUIA,CAICEDO,MUNICIPIO,200.13032896,200.1303289622784,6.423464310697152,-75.99351440849279
05,05129,ANTIOQUIA,CALDAS,MUNICIPIO,132.76524588,132.76524587579328,6.054459575004191,-75.62641130411524
05,05134,ANTIOQUIA,CAMPAMENTO,MUNICIPIO,232.0852357,232.08523569623355,7.0354243365453515,-75.2922486237134
05,05138,ANTIOQUIA,CAÑASGORDAS,MUNICIPIO,364.84018792,364.8401879264918,6.814940709081627,-76.02689748821437
05,05142,ANTIOQUIA,CARACOLÍ,MUNICIPIO,262.58321252,262.5832125130855,6.3379735729975835,-74.73354418160804
05,05145,ANTIOQUIA,CARAMANTA,MUNICIPIO,92.06265409,92.06265409103125,5.555265744295169,-75.63081338398986
05,05147,ANTIOQUIA,CAREPA,MUNICIPIO,387.45091238,387.45091243636824,7.789178895770063,-76.6567117757335
05,05148,ANTIOQUIA,EL CARMEN DE VIBORAL,MUNICIPIO,409.12697103,409.1269710191902,5.980163349012686,-75.26801947780196
05,05150,ANTIOQUIA,CAROLINA,MUNICIPIO,149.51372546,149.5137254549381,6.754820622384784,-75.30590758482363
05,05154,ANTIOQUIA,CAUCASIA,MUNICIPIO,1428.18198662,1428.181986585692,7.867941979831564,-75.0350012949078
05,05172,ANTIOQUIA,CHIGORODÓ,MUNICIPIO,721.98166552,721.981665622252,7.631668159940854,-76.63965168448212
05,05190,ANTIOQUIA,CISNEROS,MUNICIPIO,46.85696234,46.856962338343486,6.550081158121316,-75.08253157937186
05,05197,ANTIOQUIA,COCORNÁ,MUNICIPIO,257.80939689,257.80939688519567,6.0017597757341345,-75.16033593152301
05,05206,ANTIOQUIA,CONCEPCIÓN,MUNICIPIO,201.95259696,201.95259695396078,6.3761055387452625,-75.21786021853883
05,05209,ANTIOQUIA,CONCORDIA,MUNICIPIO,247.86635325,247.86635325488314,6.057464554577664,-75.9001475938245
05,05212,ANTIOQUIA,COPACABANA,MUNICIPIO,67.83625809,67.83625808821104,6.351829600047937,-75.50077576565305
05,05234,ANTIOQUIA,DABEIBA,MUNICIPIO,1957.69910309,1957.6991032265234,6.992222908267447,-76.31436267009086
05,05237,ANTIOQUIA,DONMATÍAS,MUNICIPIO,198.04976219,198.04976218692974,6.507140844517788,-75.36378175779416
05,05240,ANTIOQUIA,EBÉJICO,MUNICIPIO,237.71145109,237.71145109334427,6.326452817516449,-75.78331305813337
05,05250,ANTIOQUIA,EL BAGRE,MUNICIPIO,1558.89049353,1558.8904934861334,7.704591520575299,-74.66427811854548
05,05264,ANTIOQUIA,ENTRERRÍOS,MUNICIPIO,214.22851874,214.22851873449105,6.594614154452669,-75.55913042924276
05,05266,ANTIOQUIA,ENVIGADO,MUNICIPIO,79.51026113,79.51026112515534,6.154003907079026,-75.5465030511229
05,05282,ANTIOQUIA,FREDONIA,MUNICIPIO,254.06982939,254.0698293916684,5.88698379844124,-75.6783105766636
05,05284,ANTIOQUIA,FRONTINO,MUNICIPIO,1384.43815979,1384.438159889583,6.691353525050938,-76.33204506925708
05,05306,ANTIOQUIA,GIRALDO,MUNICIPIO,93.42241949,93.4224194962282,6.663084607132526,-75.94807861484719
05,05308,ANTIOQUIA,GIRARDOTA,MUNICIPIO,82.82978908,82.82978907865134,6.379752999841814,-75.44794124374837
05,05310,ANTIOQUIA,GÓMEZ PLATA,MUNICIPIO,332.03117214,332.0311721315016,6.709556695537852,-75.19270566888501
05,05313,ANTIOQUIA,GRANADA,MUNICIPIO,190.11818463,190.118184623989,6.123379481937686,-75.12763628050936
05,05315,ANTIOQUIA,GUADALUPE,MUNICIPIO,118.14868986,118.14868985807509,6.861573026320336,-75.22591614856742
05,05318,ANTIOQUIA,GUARNE,MUNICIPIO,151.78828269,151.78828269222743,6.266617059220892,-75.43731832220195
05,05321,ANTIOQUIA,GUATAPÉ,MUNICIPIO,83.28168694,83.28168694244782,6.245772909603673,-75.15851960496387
05,05347,ANTIOQUIA,HELICONIA,MUNICIPIO,114.8668411,114.86684109524994,6.214525946860518,-75.74972264701165
05,05353,ANTIOQUIA,HISPANIA,MUNICIPIO,54.17935855,54.17935855357003,5.795062479429421,-75.90651125810739
05,05360,ANTIOQUIA,ITAGÜÍ,MUNICIPIO,19.64475366,19.64475366296853,6.179279232315031,-75.6142043121819
05,05361,ANTIOQUIA,ITUANGO,MUNICIPIO,2840.84087614,2840.840876174324,7.302956921507255,-75.85048418660388
05,05364,ANTIOQUIA,JARDÍN,MUNICIPIO,201.17752401,201.17752401269624,5.5744527192251825,-75.81843760119648
05,05368,ANTIOQUIA,JERICÓ,MUNICIPIO,204.97123284,204.97123283978257,5.769816302301131,-75.76488764371719
05,05376,ANTIOQUIA,LA CEJA,MUNICIPIO,132.66672321,132.6667232081344,5.992521286733039,-75.43087260819676
05,05380,ANTIOQUIA,LA ESTRELLA,MUNICIPIO,36.79265231,36.792652314563625,6.137606546465093,-75.64886805280655
05,05390,ANTIOQUIA,LA PINTADA,MUNICIPIO,54.28273395,54.2827339503641,5.74658185525879,-75.6022022595376
05,05400,ANTIOQUIA,LA UNIÓN,MUNICIPIO,167.67033763,167.67033763046143,5.940433950408531,-75.35429035049142
05,05411,ANTIOQUIA,LIBORINA,MUNICIPIO,216.38676218,216.38676218447338,6.7239899447790314,-75.78300239577506
05,05425,ANTIOQUIA,MACEO,MUNICIPIO,455.26906081,455.2690607994768,6.543297899899353,-74.72371621048576
05,05440,ANTIOQUIA,MARINILLA,MUNICIPIO,112.2360458,112.23604579681658,6.187059965791657,-75.30472421263812
05,05467,ANTIOQUIA,MONTEBELLO,MUNICIPIO,75.99829567,75.99829566473827,5.916858327908447,-75.51972774903555
05,05475,ANTIOQUIA,MURINDÓ,MUNICIPIO,1266.79247443,1266.792474636996,6.828753092948842,-76.70863756273177
05,05480,ANTIOQUIA,MUTATÁ,MUNICIPIO,1075.02109451,1075.0210946103682,7.329567953019042,-76.4630020594404
05,05483,ANTIOQUIA,NARIÑO,MUNICIPIO,316.60387267,316.603872664207,5.58126965668919,-75.19457777261925
05,05490,ANTIOQUIA,NECOCLÍ,MUNICIPIO,1255.8653231,1255.8653232674528,8.493749696740938,-76.67698740927827
05,05495,ANTIOQUIA,NECHÍ,MUNICIPIO,936.58448418,936.5844841481508,7.990454779820206,-74.79243515512931
05,05501,ANTIOQUIA,OLAYA,MUNICIPIO,86.97390452,86.97390452384622,6.611416202994664,-75.77567195312083
05,05541,ANTIOQUIA,PEÑOL,MUNICIPIO,118.25519721,118.25519721038872,6.232394353949341,-75.22350864016927
05,05543,ANTIOQUIA,PEQUE,MUNICIPIO,434.03883324,434.0388332472436,7.044173097109335,-75.8896859437468
05,05576,ANTIOQUIA,PUEBLORRICO,MUNICIPIO,75.42674736,75.42674735608357,5.80970154165932,-75.86076448018272
05,05579,ANTIOQUIA,PUERTO BERRÍO,MUNICIPIO,1218.94481448,1218.9448144426224,6.481898104113396,-74.52876272850756
05,05585,ANTIOQUIA,PUERTO NARE,MUNICIPIO,579.0660944,579.0660943849396,6.139168288756289,-74.68409214760328
05,05591,ANTIOQUIA,PUERTO TRIUNFO,MUNICIPIO,369.2714945,369.2714944872356,5.954838505016184,-74.68621275710336
05,05604,ANTIOQUIA,REMEDIOS,MUNICIPIO,1964.99830698,1964.9983069158359,6.998213618088911,-74.55692380045011
05,05607,ANTIOQUIA,RETIRO,MUNICIPIO,241.92375201,241.92375200661397,6.052907207552341,-75.51565103907905
05,05615,ANTIOQUIA,RIONEGRO,MUNICIPIO,195.86687913,195.86687912564997,6.150782716667241,-75.41076358047077
05,05628,ANTIOQUIA,SABANALARGA,MUNICIPIO,265.7270116,265.7270116026083,6.900988614387037,-75.79223136442069
05,05631,ANTIOQUIA,SABANETA,MUNICIPIO,15.66193686,15.661936856303766,6.138288594344135,-75.60857608787555
05,05642,ANTIOQUIA,SALGAR,MUNICIPIO,288.23409323,288.23409323726656,5.9705045896826805,-75.98137361168006
05,05647,ANTIOQUIA,SAN ANDRÉS DE CUERQUÍA,MUNICIPIO,206.82019005,206.8201900525718,6.914558963770122,-75.66518722949785
05,05649,ANTIOQUIA,SAN CARLOS,MUNICIPIO,716.41259938,716.4125993612433,6.193890354589229,-74.90721931220325
05,05652,ANTIOQUIA,SAN FRANCISCO,MUNICIPIO,354.20160127,354.2016012618179,5.87913333019258,-74.97661223473597
05,05656,ANTIOQUIA,SAN JERÓNIMO,MUNICIPIO,152.13958456,152.13958456439937,6.438693405198579,-75.70606303808597
05,05658,ANTIOQUIA,SAN JOSÉ DE LA MONTAÑA,MUNICIPIO,126.04755726,126.0475572558666,6.823257598958976,-75.67770924584218
05,05659,ANTIOQUIA,SAN JUAN DE URABÁ,MUNICIPIO,252.11856585,252.11856586996754,8.707143004257796,-76.53250096249067
05,05660,ANTIOQUIA,SAN LUIS,MUNICIPIO,518.34595615,518.3459561363213,6.019690381925625,-74.93848736604994
05,05664,ANTIOQUIA,SAN PEDRO DE LOS MILAGROS,MUNICIPIO,235.24908379,235.249083792429,6.457251456934408,-75.56428635004902
05,05665,ANTIOQUIA,SAN PEDRO DE URABÁ,MUNICIPIO,602.64453448,602.6445345173356,8.37911697778412,-76.31666364423003
05,05667,ANTIOQUIA,SAN RAFAEL,MUNICIPIO,363.69314216,363.69314214857894,6.310742927213333,-74.99860187858135
05,05670,ANTIOQUIA,SAN ROQUE,MUNICIPIO,424.5612338,424.5612337882452,6.448679365300128,-74.93185999862028
05,05674,ANTIOQUIA,SAN VICENTE FERRER,MUNICIPIO,230.39150207,230.39150206922653,6.310386222652549,-75.32740358907591
05,05679,ANTIOQUIA,SANTA BÁRBARA,MUNICIPIO,196.1181382,196.1181381951381,5.878979695547798,-75.58330113679293
05,05686,ANTIOQUIA,SANTA ROSA DE OSOS,MUNICIPIO,864.46428825,864.4642882359904,6.675837395467316,-75.43813845004917
05,05690,ANTIOQUIA,SANTO DOMINGO,MUNICIPIO,265.8513629,265.85136289135033,6.481054847545877,-75.14259391539697
05,05697,ANTIOQUIA,EL SANTUARIO,MUNICIPIO,83.52828945,83.52828944457757,6.12403080511536,-75.25232010975184
05,05736,ANTIOQUIA,SEGOVIA,MUNICIPIO,1132.78361066,1132.7836106247871,7.265263722366103,-74.62132596594249
05,05756,ANTIOQUIA,SONSÓN,MUNICIPIO,1345.61034113,1345.6103410964552,5.762518029423183,-75.0594694585432
05,05761,ANTIOQUIA,SOPETRÁN,MUNICIPIO,219.03681492,219.03681492249046,6.520158155993898,-75.7458170594131
05,05789,ANTIOQUIA,TÁMESIS,MUNICIPIO,252.1945367,252.19453669658748,5.67375220808548,-75.70980290328629
05,05790,ANTIOQUIA,TARAZÁ,MUNICIPIO,1148.60584382,1148.6058437996724,7.488882842837087,-75.40187384597505
05,05792,ANTIOQUIA,TARSO,MUNICIPIO,120.46673026,120.46673026564575,5.871064813990341,-75.82871200957403
05,05809,ANTIOQUIA,TITIRIBÍ,MUNICIPIO,140.3286097,140.32860969947913,6.058349002330308,-75.79966183556827
05,05819,ANTIOQUIA,TOLEDO,MUNICIPIO,134.41754988,134.41754988299581,7.013693271036756,-75.71033090608348
05,05837,ANTIOQUIA,TURBO,MUNICIPIO,2923.2420818,2923.242082141997,7.998184935060665,-76.7240269050736
05,05842,ANTIOQUIA,URAMITA,MUNICIPIO,265.95321636,265.95321637457,6.913915471506135,-76.13320133625213
05,05847,ANTIOQUIA,URRAO,MUNICIPIO,2563.84966767,2563.849667836231,6.335349033339132,-76.25908440232492
05,05854,ANTIOQUIA,VALDIVIA,MUNICIPIO,567.48166641,567.481666395106,7.265387190321692,-75.40095851172838
05,05856,ANTIOQUIA,VALPARAÍSO,MUNICIPIO,126.14562898,126.14562897586504,5.6519348171877715,-75.63083407987111
05,05858,ANTIOQUIA,VEGACHÍ,MUNICIPIO,540.30196423,540.3019642190735,6.838267466378159,-74.75459013525382
05,05861,ANTIOQUIA,VENECIA,MUNICIPIO,143.62631416,143.62631416184237,5.9559391982876,-75.77620470154191
05,05873,ANTIOQUIA,VIGÍA DEL FUERTE,MUNICIPIO,1662.7019219,1662.7019221743828,6.453358343477706,-76.69503257973585
05,05885,ANTIOQUIA,YALÍ,MUNICIPIO,440.55208503,440.55208501511174,6.716875916007287,-74.75568464103186
05,05887,ANTIOQUIA,YARUMAL,MUNICIPIO,712.32265692,712.3226569064944,6.986555105127187,-75.45895204120635
05,05890,ANTIOQUIA,YOLOMBÓ,MUNICIPIO,943.34432224,943.3443222121981,6.649176425229422,-74.9333089345208
05,05893,ANTIOQUIA,YONDÓ,MUNICIPIO,1892.71392793,1892.713927875394,6.925121523538637,-74.15832182627183
05,05895,ANTIOQUIA,ZARAGOZA,MUNICIPIO,1166.5314442,1166.5314441622547,7.473999674179994,-74.8584827406251
08,08001,ATLÁNTICO,BARRANQUILLA,MUNICIPIO,154.12755133,154.12755132648854,10.981533792181546,-74.82773068059863
08,08078,ATLÁNTICO,BARANOA,MUNICIPIO,121.26327267,121.26327266444515,10.793290323384513,-74.92219610105539
08,08137,ATLÁNTICO,CAMPO DE LA CRUZ,MUNICIPIO,99.92062157,99.920621567901,10.402617707120733,-74.8784163451703
08,08141,ATLÁNTICO,CANDELARIA,MUNICIPIO,135.66529893,135.6652989287184,10.489015641749425,-74.87756739711091
08,08296,ATLÁNTICO,GALAPA,MUNICIPIO,97.48123373,97.48123372656327,10.897740529856977,-74.88709793179432
08,08372,ATLÁNTICO,JUAN DE ACOSTA,MUNICIPIO,167.90924121,167.90924120684335,10.823094565211463,-75.07842661983656
08,08421,ATLÁNTICO,LURUACO,MUNICIPIO,223.59548638,223.59548637778647,10.634992567206744,-75.15383658289791
08,08433,ATLÁNTICO,MALAMBO,MUNICIPIO,97.86520456,97.86520455494393,10.848289605246341,-74.80617809058786
08,08436,ATLÁNTICO,MANATÍ,MUNICIPIO,214.11263974,214.11263973503358,10.454147609670624,-74.98477329389777
08,08520,ATLÁNTICO,PALMAR DE VARELA,MUNICIPIO,92.26015192,92.26015192204031,10.694809662851705,-74.77015330938745
08,08549,ATLÁNTICO,PIOJÓ,MUNICIPIO,262.67861838,262.6786183691956,10.742520548428242,-75.14743440165468
08,08558,ATLÁNTICO,POLONUEVO,MUNICIPIO,73.8085139,73.80851389404444,10.767399682821878,-74.85414968734324
08,08560,ATLÁNTICO,PONEDERA,MUNICIPIO,206.3698224,206.3698223973234,10.594646123879583,-74.79847112175668
08,08573,ATLÁNTICO,PUERTO COLOMBIA,MUNICIPIO,69.35860737,69.35860737145103,11.004686600944616,-74.90650332464304
08,08606,ATLÁNTICO,REPELÓN,MUNICIPIO,361.18207173,361.18207172358456,10.506951140659229,-75.12231451345394
08,08634,ATLÁNTICO,SABANAGRANDE,MUNICIPIO,43.07423786,43.07423785939563,10.79894118937168,-74.76879762278645
08,08638,ATLÁNTICO,SABANALARGA,MUNICIPIO,395.59944726,395.5994472543848,10.622505657217033,-74.95510955681523
08,08675,ATLÁNTICO,SANTA LUCÍA,MUNICIPIO,57.28780405,57.28780404563285,10.353622943600218,-74.96536238783355
08,08685,ATLÁNTICO,SANTO TOMÁS,MUNICIPIO,64.9556702,64.95567019703188,10.744048263075488,-74.79479696614963
08,08758,ATLÁNTICO,SOLEDAD,MUNICIPIO,59.31365698,59.31365697959506,10.906909912791786,-74.7784265969097
08,08770,ATLÁNTICO,SUAN,MUNICIPIO,42.45572483,42.45572482406329,10.31090856609815,-74.90710153564275
08,08832,ATLÁNTICO,TUBARÁ,MUNICIPIO,182.70161874,182.70161873727292,10.907056508183114,-74.98448595634717
08,08849,ATLÁNTICO,USIACURÍ,MUNICIPIO,101.30926586,101.30926585825884,10.740522017985233,-74.98267500057048
11,11001,"BOGOTÁ, D.C.","BOGOTÁ, D.C.",MUNICIPIO,1620.54083433,1620.5408342789208,4.3158532202126825,-74.1811777205877
13,13001,BOLÍVAR,CARTAGENA DE INDIAS,MUNICIPIO,597.12113136,597.1211313506949,10.44916179075642,-75.46985647614623
13,13006,BOLÍVAR,ACHÍ,MUNICIPIO,950.7872899,950.7872898753055,8.62292450520785,-74.47805829125059
13,13030,BOLÍVAR,ALTOS DEL ROSARIO,MUNICIPIO,303.33588526,303.33588524820584,8.757477487619914,-74.19516272739163
13,13042,BOLÍVAR,ARENAL,MUNICIPIO,461.41074019,461.41074017796103,8.340993297630435,-74.10704383326379
13,13052,BOLÍVAR,ARJONA,MUNICIPIO,587.17465022,587.1746502105834,10.164439440238896,-75.37142183571073
13,13062,BOLÍVAR,ARROYOHONDO,MUNICIPIO,163.70340201,163.70340200601026,10.241714751715037,-75.02691121230922
13,13074,BOLÍVAR,BARRANCO DE LOBA,MUNICIPIO,430.26692062,430.26692060629796,8.836182258820038,-74.1627156584859
13,13140,BOLÍVAR,CALAMAR,MUNICIPIO,255.26445245,255.26445244471722,10.218843213102778,-75.00118095380728
13,13160,BOLÍVAR,CANTAGALLO,MUNICIPIO,880.4222795,880.4222794693377,7.239215821864852,-74.10017943295483
13,13188,BOLÍVAR,CICUCO,MUNICIPIO,133.0619409,133.0619408998582,9.235267348419029,-74.68841104576269
13,13212,BOLÍVAR,CÓRDOBA,MUNICIPIO,596.90712001,596.9071199967551,9.540035251487408,-74.89446555735215
13,13222,BOLÍVAR,CLEMENCIA,MUNICIPIO,85.30840076,85.30840075705808,10.556638687275068,-75.31449138458012
13,13244,BOLÍVAR,EL CARMEN DE BOLÍVAR,MUNICIPIO,945.7431882,945.7431881739885,9.699832714126288,-75.15793227794671
13,13248,BOLÍVAR,EL GUAMO,MUNICIPIO,382.96771281,382.967712799151,10.034840685508163,-74.92809789118745
13,13268,BOLÍVAR,EL PEÑÓN,MUNICIPIO,318.49957513,318.4995751180818,8.864808628668268,-73.91229694220995
13,13300,BOLÍVAR,HATILLO DE LOBA,MUNICIPIO,194.04654491,194.0465449086411,8.983853288423358,-74.14706759183952
13,13430,BOLÍVAR,MAGANGUÉ,MUNICIPIO,1129.10422508,1129.1042250443475,9.169465085452428,-74.74720135239083
13,13433,BOLÍVAR,MAHATES,MUNICIPIO,432.09398187,432.0939818621478,10.177942471817484,-75.17986495023092
13,13440,BOLÍVAR,MARGARITA,MUNICIPIO,293.28344396,293.2834439467782,9.054587901894973,-74.22582524628332
13,13442,BOLÍVAR,MARÍA LA BAJA,MUNICIPIO,561.06225383,561.0622538198126,9.976290575909164,-75.34367969642985
13,13458,BOLÍVAR,MONTECRISTO,MUNICIPIO,2090.71878555,2090.7187854898466,8.016999190102563,-74.46343346733376
13,13468,BOLÍVAR,SANTA CRUZ DE MOMPOX,MUNICIPIO,651.52480768,651.5248076626322,9.14251145004999,-74.5452181234831
13,13473,BOLÍVAR,MORALES,MUNICIPIO,1345.82929727,1345.8292972276479,8.253716831358352,-73.97136619953396
13,13490,BOLÍVAR,NOROSÍ,MUNICIPIO,415.87359028,415.87359026626797,8.506127665296281,-74.11590673916369
13,13549,BOLÍVAR,PINILLOS,MUNICIPIO,774.70290179,774.7029017659188,8.871570253908928,-74.38584584086372
13,13580,BOLÍVAR,REGIDOR,MUNICIPIO,183.19623049,183.19623048227112,8.72201149863398,-73.8511848786618
13,13600,BOLÍVAR,RÍO VIEJO,MUNICIPIO,844.08113208,844.081132057539,8.493012960260627,-73.9971311033456
13,13620,BOLÍVAR,SAN CRISTÓBAL,MUNICIPIO,42.2636635,42.26366349463949,10.369711592530475,-75.0733102386118
13,13647,BOLÍVAR,SAN ESTANISLAO,MUNICIPIO,211.57542165,211.5754216493216,10.36466699839712,-75.20519896274737
13,13650,BOLÍVAR,SAN FERNANDO,MUNICIPIO,317.01040952,317.0104095097146,9.09124715045136,-74.35870532415827
13,13654,BOLÍVAR,SAN JACINTO,MUNICIPIO,442.65254304,442.6525430255683,9.83537274909991,-75.10609649086754
13,13655,BOLÍVAR,SAN JACINTO DEL CAUCA,MUNICIPIO,569.45541598,569.4554159624166,8.237495337718038,-74.66842567766946
13,13657,BOLÍVAR,SAN JUAN NEPOMUCENO,MUNICIPIO,630.81566767,630.8156676529289,9.967964312845172,-75.06572164213668
13,13667,BOLÍVAR,SAN MARTÍN DE LOBA,MUNICIPIO,449.65188897,449.6518889590735,8.78766656234984,-74.01033301281484
13,13670,BOLÍVAR,SAN PABLO,MUNICIPIO,2018.5682155,2018.5682154359945,7.422312097678634,-74.1357773253522
13,13673,BOLÍVAR,SANTA CATALINA,MUNICIPIO,164.58470149,164.58470148508977,10.640722857376963,-75.26639115012476
13,13683,BOLÍVAR,SANTA ROSA,MUNICIPIO,154.60624893,154.60624892220957,10.46920533067636,-75.36116431470214
13,13688,BOLÍVAR,SANTA ROSA DEL SUR,MUNICIPIO,2380.09408499,2380.0940849163685,7.772417305033565,-74.26283799701689
13,13744,BOLÍVAR,SIMITÍ,MUNICIPIO,1352.85883613,1352.8588360848157,7.851269925666703,-73.98375196529379
13,13760,BOLÍVAR,SOPLAVIENTO,MUNICIPIO,92.53360995,92.53360994975216,10.332074610722245,-75.11699536915133
13,13780,BOLÍVAR,TALAIGUA NUEVO,MUNICIPIO,249.0816533,249.08165329181895,9.313443311713621,-74.64009107133636
13,13810,BOLÍVAR,TIQUISIO,MUNICIPIO,761.99577421,761.9957741845457,8.492324519112415,-74.29678894672693
13,13836,BOLÍVAR,TURBACO,MUNICIPIO,202.49382518,202.49382517886562,10.352935802972178,-75.37971906670684
13,13838,BOLÍVAR,TURBANA,MUNICIPIO,191.09522796,191.09522795352424,10.216039294256204,-75.47039126105709
13,13873,BOLÍVAR,VILLANUEVA,MUNICIPIO,133.02522617,133.0252261655783,10.44450056957262,-75.2696567290467
13,13894,BOLÍVAR,ZAMBRANO,MUNICIPIO,308.95215102,308.9521510115322,9.745141683054525,-74.88066314804507
15,15001,BOYACÁ,TUNJA,MUNICIPIO,119.48149214,119.48149213280027,5.518469722811605,-73.37802200187177
15,15022,BOYACÁ,ALMEIDA,MUNICIPIO,57.57419238,57.57419237897417,4.9548242149855035,-73.38813566553931
15,15047,BOYACÁ,AQUITANIA,MUNICIPIO,940.35452314,940.3545231095309,5.437428768114341,-72.87151254695006
15,15051,BOYACÁ,ARCABUCO,MUNICIPIO,137.66904953,137.66904952872213,5.74956489229779,-73.43887601427116
15,15087,BOYACÁ,BELÉN,MUNICIPIO,162.77417939,162.77417938438253,6.005053729148133,-72.89369160271858
15,15090,BOYACÁ,BERBEO,MUNICIPIO,57.90362494,57.903624936398145,5.232056806909495,-73.10117400879423
15,15092,BOYACÁ,BETÉITIVA,MUNICIPIO,101.66571259,101.6657125854444,5.920853877862758,-72.84857449484207
15,15097,BOYACÁ,BOAVITA,MUNICIPIO,144.98592609,144.98592608437502,6.337510751282057,-72.6202112580034
15,15104,BOYACÁ,BOYACÁ,MUNICIPIO,47.94112036,47.9411203622918,5.439856284562024,-73.38137079871645
15,15106,BOYACÁ,BRICEÑO,MUNICIPIO,64.51202733,64.51202733116513,5.675508830222232,-73.90932710566354
15,15109,BOYACÁ,BUENAVISTA,MUNICIPIO,110.01024496,110.01024495656738,5.489398860778472,-73.95066299586206
15,15114,BOYACÁ,BUSBANZÁ,MUNICIPIO,25.30119285,25.301192852321353,5.843483470942624,-72.8757463743712
15,15131,BOYACÁ,CALDAS,MUNICIPIO,78.85692332,78.85692331343915,5.575989585095387,-73.8805754682012
15,15135,BOYACÁ,CAMPOHERMOSO,MUNICIPIO,298.17353055,298.17353054070117,5.0068607781180745,-73.14467207217068
15,15162,BOYACÁ,CERINZA,MUNICIPIO,63.45306993,63.453069932658494,5.962013324161756,-72.96447242979065
15,15172,BOYACÁ,CHINAVITA,MUNICIPIO,136.13765324,136.1376532377111,5.20297067588906,-73.34047977136953
15,15176,BOYACÁ,CHIQUINQUIRÁ,MUNICIPIO,164.77838452,164.7783845187702,5.622488655613674,-73.80424412346466
15,15180,BOYACÁ,CHISCAS,MUNICIPIO,657.28076511,657.2807650874693,6.68910607947434,-72.41796389269675
15,15183,BOYACÁ,CHITA,MUNICIPIO,675.8077813,675.8077812782822,6.091450440979408,-72.43902312394269
15,15185,BOYACÁ,CHITARAQUE,MUNICIPIO,158.26948365,158.2694836491556,5.984392019207215,-73.42582339369567
15,15187,BOYACÁ,CHIVATÁ,MUNICIPIO,49.44420388,49.44420387743254,5.563880464585405,-73.26331705368703
15,15189,BOYACÁ,CIÉNEGA,MUNICIPIO,53.89700594,53.89700594086851,5.393059611851384,-73.28205740849411
15,15204,BOYACÁ,CÓMBITA,MUNICIPIO,138.0443172,138.04431719178217,5.682937995562132,-73.32803691763988
15,15212,BOYACÁ,COPER,MUNICIPIO,149.67796662,149.67796661025776,5.442982714550048,-74.0278294454899
15,15215,BOYACÁ,CORRALES,MUNICIPIO,60.72656429,60.72656428620712,5.824544965440596,-72.84544963451555
15,15218,BOYACÁ,COVARACHÍA,MUNICIPIO,102.21423575,102.21423574351981,6.519520247025859,-72.74020156849829
15,15223,BOYACÁ,CUBARÁ,MUNICIPIO,1153.68528779,1153.6852877486847,6.884437901652498,-72.18238385218923
15,15224,BOYACÁ,CUCAITA,MUNICIPIO,42.05813397,42.05813397166575,5.527103909354114,-73.44598616500976
15,15226,BOYACÁ,CUÍTIVA,MUNICIPIO,44.03840245,44.03840244385491,5.587750309351394,-72.93954390435138
15,15232,BOYACÁ,CHÍQUIZA,MUNICIPIO,116.31838499,116.31838499015471,5.643074518779618,-73.44562672445724
15,15236,BOYACÁ,CHIVOR,MUNICIPIO,108.49319932,108.49319931545266,4.871181033531832,-73.36142340479027
15,15238,BOYACÁ,DUITAMA,MUNICIPIO,233.57798327,233.57798326384818,5.8905975087006395,-73.06709203779856
15,15244,BOYACÁ,EL COCUY,MUNICIPIO,237.78956668,237.78956667319744,6.353363072402565,-72.41923763388195
15,15248,BOYACÁ,EL ESPINO,MUNICIPIO,69.24184627,69.24184626769471,6.5082405609080505,-72.4804965602815
15,15272,BOYACÁ,FIRAVITOBA,MUNICIPIO,109.1316392,109.13163919839825,5.6736779344466655,-73.01983263224831
15,15276,BOYACÁ,FLORESTA,MUNICIPIO,87.95789522,87.95789522167613,5.858993319447993,-72.92499718899936
15,15293,BOYACÁ,GACHANTIVÁ,MUNICIPIO,88.02564212,88.02564212125112,5.744104659195967,-73.54265541784841
15,15296,BOYACÁ,GÁMEZA,MUNICIPIO,123.41893934,123.41893934075514,5.803333406388657,-72.73550129133307
15,15299,BOYACÁ,GARAGOA,MUNICIPIO,193.17456459,193.1745645819978,5.089465837763545,-73.31430471914247
15,15317,BOYACÁ,GUACAMAYAS,MUNICIPIO,57.52173164,57.521731637815726,6.445438094156652,-72.51635274547989
15,15322,BOYACÁ,GUATEQUE,MUNICIPIO,36.07196653,36.07196653253899,5.014508480214084,-73.48812887897365
15,15325,BOYACÁ,GUAYATÁ,MUNICIPIO,99.80419798,99.80419797423298,4.931423709628788,-73.49663368509555
15,15332,BOYACÁ,GÜICÁN DE LA SIERRA,MUNICIPIO,949.89979069,949.8997906621056,6.5669853229218536,-72.25600725916325
15,15362,BOYACÁ,IZA,MUNICIPIO,34.18027836,34.18027836113291,5.617366045022468,-72.96986520935553
15,15367,BOYACÁ,JENESANO,MUNICIPIO,58.907671,58.90767099987193,5.3771510904478035,-73.37694861645758
15,15368,BOYACÁ,JERICÓ,MUNICIPIO,131.36451093,131.36451092464455,6.145439534388068,-72.5857756572013
15,15377,BOYACÁ,LABRANZAGRANDE,MUNICIPIO,579.9868421,579.9868420839252,5.541373451306891,-72.59038005028455
15,15380,BOYACÁ,LA CAPILLA,MUNICIPIO,56.83715262,56.8371526192401,5.113166580382347,-73.45923729508549
15,15401,BOYACÁ,LA VICTORIA,MUNICIPIO,27.97306227,27.973062270409677,5.5167235802129015,-74.22873245312815
15,15403,BOYACÁ,LA UVITA,MUNICIPIO,161.20124892,161.20124891429165,6.265123956203382,-72.55551273203912
15,15407,BOYACÁ,VILLA DE LEYVA,MUNICIPIO,126.38398371,126.38398370620584,5.665761643142976,-73.5149507590768
15,15425,BOYACÁ,MACANAL,MUNICIPIO,199.61415924,199.61415923460234,4.980175341411725,-73.2941389884516
15,15442,BOYACÁ,MARIPÍ,MUNICIPIO,160.47834989,160.47834988926274,5.5698108603959,-74.0200314194485
15,15455,BOYACÁ,MIRAFLORES,MUNICIPIO,258.23948915,258.2394891464302,5.1509517839294725,-73.17896779602776
15,15464,BOYACÁ,MONGUA,MUNICIPIO,360.04046118,360.0404611648076,5.709642619068319,-72.69168858320337
15,15466,BOYACÁ,MONGUÍ,MUNICIPIO,68.67387963,68.67387963031949,5.697366093316991,-72.83300946051025
15,15469,BOYACÁ,MONIQUIRÁ,MUNICIPIO,217.88234947,217.88234946094818,5.86335347542948,-73.55851196728938
15,15476,BOYACÁ,MOTAVITA,MUNICIPIO,59.94246377,59.94246376882163,5.60619070291056,-73.37734247316568
15,15480,BOYACÁ,MUZO,MUNICIPIO,137.70570551,137.7057055065157,5.525343582880341,-74.11657729012832
15,15491,BOYACÁ,NOBSA,MUNICIPIO,55.38787899,55.38787898354261,5.778724517543526,-72.93268611494923
15,15494,BOYACÁ,NUEVO COLÓN,MUNICIPIO,51.31156933,51.31156932527773,5.354700309527675,-73.44873511813947
15,15500,BOYACÁ,OICATÁ,MUNICIPIO,60.19554259,60.19554259223769,5.610787455516528,-73.27991962271261
15,15507,BOYACÁ,OTANCHE,MUNICIPIO,474.48466422,474.4846642005136,5.753778539759145,-74.19720186995629
15,15511,BOYACÁ,PACHAVITA,MUNICIPIO,66.57743036,66.57743035358945,5.1483228446047535,-73.39951186976558
15,15514,BOYACÁ,PÁEZ,MUNICIPIO,338.40819488,338.4081948662799,5.095208071514299,-73.00435780406207
15,15516,BOYACÁ,PAIPA,MUNICIPIO,304.54117293,304.5411729205268,5.8267597985057495,-73.13794299137797
15,15518,BOYACÁ,PAJARITO,MUNICIPIO,313.00817763,313.00817762251194,5.382328223186257,-72.6967248797521
15,15522,BOYACÁ,PANQUEBA,MUNICIPIO,39.62387223,39.62387222976428,6.443298855183035,-72.4618250428663
15,15531,BOYACÁ,PAUNA,MUNICIPIO,252.30164914,252.30164912891186,5.68879838275103,-74.00503452360734
15,15533,BOYACÁ,PAYA,MUNICIPIO,442.76156587,442.76156585346166,5.621242467370511,-72.36929072367882
15,15537,BOYACÁ,PAZ DE RÍO,MUNICIPIO,122.44290801,122.44290800807384,6.028696408167625,-72.76753254032727
15,15542,BOYACÁ,PESCA,MUNICIPIO,262.59263389,262.59263388470475,5.498473734130474,-73.07838487340521
15,15550,BOYACÁ,PISBA,MUNICIPIO,463.87526777,463.8752677580293,5.74349490012293,-72.44579153405347
15,15572,BOYACÁ,PUERTO BOYACÁ,MUNICIPIO,1512.0836513,1512.0836512501837,5.953453611147037,-74.45286415644424
15,15580,BOYACÁ,QUÍPAMA,MUNICIPIO,167.13354121,167.133541209175,5.561541724491625,-74.21793088772425
15,15599,BOYACÁ,RAMIRIQUÍ,MUNICIPIO,125.46404681,125.46404680473805,5.319928737950447,-73.31077562421957
15,15600,BOYACÁ,RÁQUIRA,MUNICIPIO,220.32645649,220.32645648767044,5.496267091390729,-73.6289465777516
15,15621,BOYACÁ,RONDÓN,MUNICIPIO,205.98719584,205.98719583150202,5.379945413426296,-73.19651389372187
15,15632,BOYACÁ,SABOYÁ,MUNICIPIO,248.28826877,248.28826876403554,5.699926247077069,-73.74799628024991
15,15638,BOYACÁ,SÁCHICA,MUNICIPIO,63.82519724,63.82519723410862,5.573464380774971,-73.54310153020234
15,15646,BOYACÁ,SAMACÁ,MUNICIPIO,167.3162805,167.31628048978095,5.470539077512912,-73.52117837877937
15,15660,BOYACÁ,SAN EDUARDO,MUNICIPIO,109.25945512,109.25945511458035,5.234613390193154,-73.04914105426646
15,15664,BOYACÁ,SAN JOSÉ DE PARE,MUNICIPIO,74.28480047,74.28480046332523,5.99415378536586,-73.54386605298211
15,15667,BOYACÁ,SAN LUIS DE GACENO,MUNICIPIO,468.96632254,468.96632252974297,4.815263654458039,-73.12378615988216
15,15673,BOYACÁ,SAN MATEO,MUNICIPIO,123.60232996,123.60232995441721,6.406887263408689,-72.55962550461358
15,15676,BOYACÁ,SAN MIGUEL DE SEMA,MUNICIPIO,93.8605391,93.86053909690861,5.532326241203393,-73.74715864784991
15,15681,BOYACÁ,SAN PABLO DE BORBUR,MUNICIPIO,195.66468356,195.6646835571833,5.677343214437102,-74.11403868497841
15,15686,BOYACÁ,SANTANA,MUNICIPIO,67.85295191,67.8529519031997,6.057614347976296,-73.48974836834668
15,15690,BOYACÁ,SANTA MARÍA,MUNICIPIO,309.1066065,309.10660648826337,4.822997507369751,-73.25377493700705
15,15693,BOYACÁ,SANTA ROSA DE VITERBO,MUNICIPIO,116.47802818,116.47802817260617,5.8929460007494825,-72.99172527109376
15,15696,BOYACÁ,SANTA SOFÍA,MUNICIPIO,77.44205425,77.44205424848064,5.731601518041769,-73.60366307299441
15,15720,BOYACÁ,SATIVANORTE,MUNICIPIO,161.07008221,161.07008220660734,6.132135485312227,-72.73026665014227
15,15723,BOYACÁ,SATIVASUR,MUNICIPIO,54.6258375,54.62583750083684,6.070724953282788,-72.71548694235774
15,15740,BOYACÁ,SIACHOQUE,MUNICIPIO,119.00719675,119.00719674156234,5.4987479172064155,-73.21681788867186
15,15753,BOYACÁ,SOATÁ,MUNICIPIO,122.83096514,122.83096513183854,6.323087101746782,-72.69604049043625
15,15755,BOYACÁ,SOCOTÁ,MUNICIPIO,602.30379457,602.3037945521345,5.934921756390064,-72.559134148267
15,15757,BOYACÁ,SOCHA,MUNICIPIO,149.88023358,149.8802335756541,5.960520564973945,-72.68240987876942
15,15759,BOYACÁ,SOGAMOSO,MUNICIPIO,207.28392531,207.28392530175483,5.667996668218798,-72.88650694016457
15,15761,BOYACÁ,SOMONDOCO,MUNICIPIO,58.69678192,58.696781915984005,4.970973492089775,-73.42878875288403
15,15762,BOYACÁ,SORA,MUNICIPIO,47.76553111,47.76553110759639,5.580573209253989,-73.44371942905464
15,15763,BOYACÁ,SOTAQUIRÁ,MUNICIPIO,291.56505079,291.5650507766791,5.785207733356882,-73.25545197782647
15,15764,BOYACÁ,SORACÁ,MUNICIPIO,55.66056649,55.66056648721688,5.494889858276384,-73.31900037455591
15,15774,BOYACÁ,SUSACÓN,MUNICIPIO,182.31290294,182.31290293518734,6.215200637219546,-72.71575774042623
15,15776,BOYACÁ,SUTAMARCHÁN,MUNICIPIO,103.34569381,103.34569380921114,5.640029945896723,-73.62598723348056
15,15778,BOYACÁ,SUTATENZA,MUNICIPIO,41.0667208,41.06672079634634,5.026854517421795,-73.43351701925263
15,15790,BOYACÁ,TASCO,MUNICIPIO,209.25151716,209.25151715604096,5.882293865053955,-72.72626490965052
15,15798,BOYACÁ,TENZA,MUNICIPIO,45.78730793,45.78730793127018,5.071412998114246,-73.42479756621326
15,15804,BOYACÁ,TIBANÁ,MUNICIPIO,121.6262047,121.62620469950035,5.301116294650012,-73.39325223180069
15,15806,BOYACÁ,TIBASOSA,MUNICIPIO,93.57969813,93.57969812887814,5.747327922546189,-73.0111439136011
15,15808,BOYACÁ,TINJACÁ,MUNICIPIO,79.63101216,79.63101215295563,5.577565992058032,-73.6761464727725
15,15810,BOYACÁ,TIPACOQUE,MUNICIPIO,71.79303975,71.79303975156331,6.420352716429461,-72.69463600049527
15,15814,BOYACÁ,TOCA,MUNICIPIO,167.94119983,167.94119982930687,5.580253994545441,-73.16069689374321
15,15816,BOYACÁ,TOGÜÍ,MUNICIPIO,101.27760027,101.27760026214354,5.921828888936594,-73.48921734813698
15,15820,BOYACÁ,TÓPAGA,MUNICIPIO,33.56032452,33.56032451787391,5.765350359067252,-72.83672985213371
15,15822,BOYACÁ,TOTA,MUNICIPIO,195.66415882,195.66415881635737,5.489191234418834,-73.00534776470855
15,15832,BOYACÁ,TUNUNGUÁ,MUNICIPIO,29.18229623,29.182296227068345,5.7203015468273435,-73.94330965318582
15,15835,BOYACÁ,TURMEQUÉ,MUNICIPIO,79.57757792,79.57757792103806,5.305696337066221,-73.50908759998406
15,15837,BOYACÁ,TUTA,MUNICIPIO,165.2288456,165.22884559756122,5.6721901973755795,-73.18302952869884
15,15839,BOYACÁ,TUTAZÁ,MUNICIPIO,121.76010562,121.76010561877132,6.078050602814183,-72.85707761125705
15,15842,BOYACÁ,ÚMBITA,MUNICIPIO,145.84450242,145.8445024131407,5.217240112279446,-73.4633854210637
15,15861,BOYACÁ,VENTAQUEMADA,MUNICIPIO,159.75372903,159.75372902870438,5.3833847007204145,-73.52098405339808
15,15879,BOYACÁ,VIRACACHÁ,MUNICIPIO,62.46990588,62.46990588202332,5.44055830806211,-73.26627408308916
15,15897,BOYACÁ,ZETAQUIRA,MUNICIPIO,251.04176276,251.0417627496091,5.285636439150625,-73.16763781625998
17,17001,CALDAS,MANIZALES,MUNICIPIO,440.85742016,440.85742015242516,5.083439299599098,-75.50729330714738
17,17013,CALDAS,AGUADAS,MUNICIPIO,475.56670665,475.5667066392512,5.596781312979126,-75.45035607969261
17,17042,CALDAS,ANSERMA,MUNICIPIO,209.12217174,209.1221717391058,5.200293549268647,-75.7528913681718
17,17050,CALDAS,ARANZAZU,MUNICIPIO,149.52709773,149.52709772495538,5.265540471467084,-75.47392860533117
17,17088,CALDAS,BELALCÁZAR,MUNICIPIO,113.36904977,113.36904976828514,4.994656424674611,-75.8122792924548
17,17174,CALDAS,CHINCHINÁ,MUNICIPIO,109.34740592,109.347405921142,4.987119629444062,-75.66712769188064
17,17272,CALDAS,FILADELFIA,MUNICIPIO,192.55204294,192.55204294228136,5.285742089484322,-75.58978993394636
17,17380,CALDAS,LA DORADA,MUNICIPIO,548.77944852,548.779448501925,5.540495690542224,-74.71230031523578
17,17388,CALDAS,LA MERCED,MUNICIPIO,88.58102532,88.58102532088864,5.393184141796672,-75.5579138420675
17,17433,CALDAS,MANZANARES,MUNICIPIO,197.80451298,197.80451297314275,5.232953219942018,-75.15263762832875
17,17442,CALDAS,MARMATO,MUNICIPIO,36.85375223,36.853752225754555,5.492493200109422,-75.60223923603705
17,17444,CALDAS,MARQUETALIA,MUNICIPIO,90.27740745,90.277407451742,5.309142979232124,-75.04118227897865
17,17446,CALDAS,MARULANDA,MUNICIPIO,376.09137899,376.09137898166176,5.23537538889432,-75.2831730808145
17,17486,CALDAS,NEIRA,MUNICIPIO,369.21758228,369.2175822716349,5.183366266339122,-75.50694245199395
17,17495,CALDAS,NORCASIA,MUNICIPIO,227.37857624,227.3785762363567,5.638057390393974,-74.8549348584313
17,17513,CALDAS,PÁCORA,MUNICIPIO,257.192554,257.1925539934868,5.500027839185294,-75.48251315165747
17,17524,CALDAS,PALESTINA,MUNICIPIO,112.22255293,112.22255292683442,5.050350228192276,-75.66176826259841
17,17541,CALDAS,PENSILVANIA,MUNICIPIO,498.96002747,498.9600274568742,5.407100374403654,-75.16700059672549
17,17614,CALDAS,RIOSUCIO,MUNICIPIO,384.11145162,384.1114516177199,5.4422759694642595,-75.75220888617714
17,17616,CALDAS,RISARALDA,MUNICIPIO,89.87822097,89.87822096644774,5.112181243279141,-75.75884364017578
17,17653,CALDAS,SALAMINA,MUNICIPIO,387.95879106,387.9587910493887,5.370331381688212,-75.40962186873985
17,17662,CALDAS,SAMANÁ,MUNICIPIO,757.68422873,757.6842287098269,5.540268946614216,-74.99369072458938
17,17665,CALDAS,SAN JOSÉ,MUNICIPIO,60.9360233,60.93602330131458,5.070702221025385,-75.8135176511712
17,17777,CALDAS,SUPÍA,MUNICIPIO,121.41987547,121.4198754724371,5.452953779178231,-75.64039644553678
17,17867,CALDAS,VICTORIA,MUNICIPIO,558.46584794,558.4658479201836,5.447530993389679,-74.83623510611311
17,17873,CALDAS,VILLAMARÍA,MUNICIPIO,454.9145881,454.91458809750327,4.940215425411073,-75.43544432548906
17,17877,CALDAS,VITERBO,MUNICIPIO,112.86864805,112.8686480494191,5.047806795679717,-75.87930686971114
18,18001,CAQUETÁ,FLORENCIA,MUNICIPIO,2546.95197861,2546.9519785899292,1.7491034777516512,-75.5582519518278
18,18029,CAQUETÁ,ALBANIA,MUNICIPIO,412.82768889,412.8276888968021,1.2275521341806046,-75.88212367210323
18,18094,CAQUETÁ,BELÉN DE LOS ANDAQUÍES,MUNICIPIO,1191.55218303,1191.552183056378,1.5009262500051894,-75.87565031628355
18,18150,CAQUETÁ,CARTAGENA DEL CHAIRÁ,MUNICIPIO,12771.36017224,12771.36017183183,0.6478280549157267,-74.27245153515763
18,18205,CAQUETÁ,CURILLO,MUNICIPIO,399.27948781,399.2794878227513,1.0583638634943633,-75.95237542602666
18,18247,CAQUETÁ,EL DONCELLO,MUNICIPIO,1105.5148357,1105.5148356768957,1.791405484986144,-75.19392371909997
18,18256,CAQUETÁ,EL PAUJÍL,MUNICIPIO,1234.1406452,1234.1406451703526,1.6177609970101137,-75.23402025281845
18,18410,CAQUETÁ,LA MONTAÑITA,MUNICIPIO,1700.25242613,1700.252426098579,1.302901635880513,-75.23573422789435
18,18460,CAQUETÁ,MILÁN,MUNICIPIO,1220.11327787,1220.1132778502465,1.146703692348599,-75.38665591497517
18,18479,CAQUETÁ,MORELIA,MUNICIPIO,462.39187447,462.39187446586806,1.383002300150029,-75.67381221434943
18,18592,CAQUETÁ,PUERTO RICO,MUNICIPIO,4143.96121053,4143.961210421829,2.0189310220023637,-75.07306052058733
18,18610,CAQUETÁ,SAN JOSÉ DEL FRAGUA,MUNICIPIO,1310.24596747,1310.2459675316118,1.304352900204793,-76.10919232570586
18,18753,CAQUETÁ,SAN VICENTE DEL CAGUÁN,MUNICIPIO,20170.12860757,20170.128606925275,1.6065784024036456,-74.25335837557822
18,18756,CAQUETÁ,SOLANO,MUNICIPIO,42233.52504309,42233.52504172977,0.21135773631679147,-73.12412069209073
18,18785,CAQUETÁ,SOLITA,MUNICIPIO,476.83003907,476.8300390676239,0.9092687312694491,-75.63841377702909
18,18860,CAQUETÁ,VALPARAÍSO,MUNICIPIO,1329.91700229,1329.9170022911205,1.061306225323829,-75.62707621268055
19,19001,CAUCA,POPAYÁN,MUNICIPIO,480.38140993,480.38141000886645,2.47171354830362,-76.59196295015252
19,19022,CAUCA,ALMAGUER,MUNICIPIO,236.85164778,236.85164784178343,1.9124405704386818,-76.83495037091971
19,19050,CAUCA,ARGELIA,MUNICIPIO,776.45547675,776.4554771614526,2.329334296104961,-77.26315727065521
19,19075,CAUCA,BALBOA,MUNICIPIO,413.55225644,413.5522566366274,2.0847312958532362,-77.20882263515789
19,19100,CAUCA,BOLÍVAR,MUNICIPIO,798.34942179,798.3494220474482,1.8539595658165886,-76.96337854918589
19,19110,CAUCA,BUENOS AIRES,MUNICIPIO,435.11899884,435.1189989241053,3.0459107308809363,-76.67901697089768
19,19130,CAUCA,CAJIBÍO,MUNICIPIO,552.55135728,552.5513573897383,2.6432196965674497,-76.70140736085781
19,19137,CAUCA,CALDONO,MUNICIPIO,354.8557436,354.85574364433074,2.810328750886819,-76.46452545160376
19,19142,CAUCA,CALOTO,MUNICIPIO,264.87140729,264.87140731267345,3.0451466680188193,-76.366448889736
19,19212,CAUCA,CORINTO,MUNICIPIO,325.97543375,325.9754337690321,3.1367544281710993,-76.20965354848445
19,19256,CAUCA,EL TAMBO,MUNICIPIO,2741.48348416,2741.4834851220535,2.5345024203305777,-77.0051456426405
19,19290,CAUCA,FLORENCIA,MUNICIPIO,56.69489339,56.69489341579742,1.6945333051351075,-77.08735971800145
19,19300,CAUCA,GUACHENÉ,MUNICIPIO,100.68760159,100.68760160433551,3.1446725383639262,-76.39174144407087
19,19318,CAUCA,GUAPI,MUNICIPIO,2570.88669406,2570.8866965677703,2.4132815255745554,-77.69051413690633
19,19355,CAUCA,INZÁ,MUNICIPIO,866.41158692,866.4115869689394,2.499047454611789,-76.13764216860537
19,19364,CAUCA,JAMBALÓ,MUNICIPIO,234.48711138,234.48711140462507,2.849801857369914,-76.31124989905483
19,19392,CAUCA,LA SIERRA,MUNICIPIO,208.46741933,208.4674193800987,2.187478689156169,-76.78229559510324
19,19397,CAUCA,LA VEGA,MUNICIPIO,516.346935,516.3469351220624,2.0539386205810213,-76.75881751441526
19,19418,CAUCA,LÓPEZ DE MICAY,MUNICIPIO,3370.43107408,3370.4310757754306,3.0015619773049966,-77.21856998040452
19,19450,CAUCA,MERCADERES,MUNICIPIO,698.54501595,698.5450162789214,1.793820219071623,-77.18061737719056
19,19455,CAUCA,MIRANDA,MUNICIPIO,189.71392179,189.71392180403154,3.228243319696143,-76.21672086697959
19,19473,CAUCA,MORALES,MUNICIPIO,511.74106646,511.7410665693135,2.8147758234859426,-76.75098129719665
19,19513,CAUCA,PADILLA,MUNICIPIO,69.70042686,69.7004268679398,3.1947301590386266,-76.33624235569428
19,19517,CAUCA,PÁEZ,MUNICIPIO,1793.1781932,1793.1781932590081,2.7338977427665014,-75.99369905017531
19,19532,CAUCA,PATÍA,MUNICIPIO,755.84135545,755.8413557405761,2.148157100717413,-77.05793702803805
19,19533,CAUCA,PIAMONTE,MUNICIPIO,1105.00523529,1105.005235386987,1.152299570934375,-76.30549039797339
19,19548,CAUCA,PIENDAMÓ - TUNÍA,MUNICIPIO,181.34033649,181.34033651315804,2.7144575485931237,-76.56471996255513
19,19573,CAUCA,PUERTO TEJADA,MUNICIPIO,109.21638333,109.21638333715491,3.2667022022465204,-76.41846403559896
19,19585,CAUCA,PURACÉ,MUNICIPIO,848.55229442,848.5522945102908,2.281772343207231,-76.37119376456397
19,19622,CAUCA,ROSAS,MUNICIPIO,169.1801302,169.1801302378663,2.2508791618803765,-76.75293387507656
19,19693,CAUCA,SAN SEBASTIÁN,MUNICIPIO,419.24427683,419.2442769166474,1.8562524033443242,-76.71653886915138
19,19698,CAUCA,SANTANDER DE QUILICHAO,MUNICIPIO,518.3268192,518.3268192684019,2.984461354813536,-76.4987440942705
19,19701,CAUCA,SANTA ROSA,MUNICIPIO,3620.7558342,3620.755834758448,1.52003226579313,-76.53882272769206
19,19743,CAUCA,SILVIA,MUNICIPIO,681.16538102,681.1653810804136,2.65129020639199,-76.35058660731353
19,19760,CAUCA,SOTARÁ PAISPAMBA,MUNICIPIO,516.12706281,516.1270628995234,2.231808068818433,-76.61145793881737
19,19780,CAUCA,SUÁREZ,MUNICIPIO,392.58805417,392.5880542538454,2.936863439598066,-76.7458269281042
19,19785,CAUCA,SUCRE,MUNICIPIO,135.95852851,135.95852855063276,2.0577348201327315,-76.90994079909956
19,19807,CAUCA,TIMBÍO,MUNICIPIO,201.41943598,201.4194360234754,2.3696001960843116,-76.71052405412031
19,19809,CAUCA,TIMBIQUÍ,MUNICIPIO,2059.78549577,2059.7854972867563,2.699495371128861,-77.4913511199251
19,19821,CAUCA,TORIBÍO,MUNICIPIO,492.22488979,492.2248898220177,2.9757654938051292,-76.20332801623078
19,19824,CAUCA,TOTORÓ,MUNICIPIO,404.59363904,404.59363907801867,2.5045080768164327,-76.39049599421759
19,19845,CAUCA,VILLA RICA,MUNICIPIO,81.60825159,81.6082515991853,3.1805950825744564,-76.46448450872754
20,20001,CESAR,VALLEDUPAR,MUNICIPIO,4181.85407914,4181.854079011679,10.382133590873448,-73.46333359929359
20,20011,CESAR,AGUACHICA,MUNICIPIO,876.32205496,876.3220549335434,8.248691147752556,-73.62277475360403
20,20013,CESAR,AGUSTÍN CODAZZI,MUNICIPIO,1749.93521488,1749.93521482461,9.949223264019594,-73.22366592779417
20,20032,CESAR,ASTREA,MUNICIPIO,637.04769476,637.0476947367025,9.510728491316602,-73.94215907159213
20,20045,CESAR,BECERRIL,MUNICIPIO,1223.21652305,1223.2165230148807,9.727763418412492,-73.25254070566788
20,20060,CESAR,BOSCONIA,MUNICIPIO,585.79761224,585.7976122189267,9.946276315591959,-73.86626115244805
20,20175,CESAR,CHIMICHAGUA,MUNICIPIO,1374.41311077,1374.4131107322492,9.218773395045504,-73.75261380265341
20,20178,CESAR,CHIRIGUANÁ,MUNICIPIO,1112.70451259,1112.7045125520572,9.426660756235913,-73.5479820120622
20,20228,CESAR,CURUMANÍ,MUNICIPIO,913.6968796,913.6968795745682,9.238767757883368,-73.48813131910669
20,20238,CESAR,EL COPEY,MUNICIPIO,955.14980433,955.1498043061358,10.199930965146532,-73.91284691385798
20,20250,CESAR,EL PASO,MUNICIPIO,812.30843994,812.3084399158761,9.681718342103807,-73.69342422644863
20,20295,CESAR,GAMARRA,MUNICIPIO,326.39253817,326.39253816475207,8.337708899094432,-73.70650133448278
20,20310,CESAR,GONZÁLEZ,MUNICIPIO,72.5738924,72.573892402036,8.405945556997276,-73.37540342454294
20,20383,CESAR,LA GLORIA,MUNICIPIO,801.6368991,801.6368990757263,8.621321910489772,-73.63312027617587
20,20400,CESAR,LA JAGUA DE IBIRICO,MUNICIPIO,754.59204306,754.5920430344507,9.551353152825737,-73.32068746758927
20,20443,CESAR,MANAURE BALCÓN DEL CESAR,MUNICIPIO,136.51556953,136.51556952337575,10.390960469351523,-72.99168550815588
20,20517,CESAR,PAILITAS,MUNICIPIO,530.92854575,530.9285457369567,8.938914472179919,-73.57245392766896
20,20550,CESAR,PELAYA,MUNICIPIO,422.74639374,422.7463937307081,8.7641167174707,-73.63298005534352
20,20570,CESAR,PUEBLO BELLO,MUNICIPIO,742.63590081,742.6359007927356,10.466934137310496,-73.5885688090886
20,20614,CESAR,RÍO DE ORO,MUNICIPIO,517.8338352,517.8338351865355,8.200287260019294,-73.49137576833267
20,20621,CESAR,LA PAZ,MUNICIPIO,1071.14632906,1071.1463290301658,10.164215477453157,-73.19094015901484
20,20710,CESAR,SAN ALBERTO,MUNICIPIO,549.30141984,549.301419819416,7.8143858889845195,-73.45374138639995
20,20750,CESAR,SAN DIEGO,MUNICIPIO,644.86283576,644.8628357419664,10.169512856243964,-73.28805413569911
20,20770,CESAR,SAN MARTÍN,MUNICIPIO,991.70625504,991.7062550123428,7.937781951799645,-73.54439141302542
20,20787,CESAR,TAMALAMEQUE,MUNICIPIO,512.61672328,512.616723268057,8.902068993926967,-73.76338373407576
23,23001,CÓRDOBA,MONTERÍA,MUNICIPIO,3136.76057804,3136.760578084362,8.584659059801696,-75.95052937718266
23,23068,CÓRDOBA,AYAPEL,MUNICIPIO,1963.61461935,1963.6146192994506,8.26575374671851,-75.04871885072482
23,23079,CÓRDOBA,BUENAVISTA,MUNICIPIO,834.61538337,834.6153833582712,8.191387044154814,-75.43384001142819
23,23090,CÓRDOBA,CANALETE,MUNICIPIO,420.10165072,420.10165074178894,8.724091843689473,-76.23780083339396
23,23162,CÓRDOBA,CERETÉ,MUNICIPIO,290.84733066,290.8473306565431,8.891022895300134,-75.83458718659408
23,23168,CÓRDOBA,CHIMÁ,MUNICIPIO,323.89201948,323.89201947988266,9.110246709033172,-75.65238783819642
23,23182,CÓRDOBA,CHINÚ,MUNICIPIO,625.96229503,625.962295018054,9.027507925161327,-75.3566925224993
23,23189,CÓRDOBA,CIÉNAGA DE ORO,MUNICIPIO,641.06955235,641.0695523437879,8.841788864350749,-75.60778072163966
23,23300,CÓRDOBA,COTORRA,MUNICIPIO,88.09851983,88.0985198250924,9.056991499630108,-75.77888233546153
23,23350,CÓRDOBA,LA APARTADA,MUNICIPIO,286.90971332,286.9097133110441,8.05221449591983,-75.28816892138543
23,23417,CÓRDOBA,LORICA,MUNICIPIO,950.98464286,950.9846428678026,9.165022052541875,-75.909808604333
23,23419,CÓRDOBA,LOS CÓRDOBAS,MUNICIPIO,366.13028972,366.1302897390433,8.839036859606292,-76.29494613082007
23,23464,CÓRDOBA,MOMIL,MUNICIPIO,158.7245875,158.72458749559075,9.265457284250182,-75.65091227659119
23,23466,CÓRDOBA,MONTELÍBANO,MUNICIPIO,1550.75658308,1550.7565830859921,7.886254575362122,-75.76084256443121
23,23500,CÓRDOBA,MOÑITOS,MUNICIPIO,203.35671499,203.35671499250444,9.190526257392756,-76.11926965998664
23,23555,CÓRDOBA,PLANETA RICA,MUNICIPIO,1140.11603382,1140.1160338112852,8.290253841536687,-75.61239927997694
23,23570,CÓRDOBA,PUEBLO NUEVO,MUNICIPIO,848.94547079,848.9454707766909,8.48135482218943,-75.40515361574471
23,23574,CÓRDOBA,PUERTO ESCONDIDO,MUNICIPIO,411.16858659,411.1685866038963,8.988663520726021,-76.19408555741319
23,23580,CÓRDOBA,PUERTO LIBERTADOR,MUNICIPIO,1647.26988385,1647.2698838518281,7.711444647197386,-75.77129681170196
23,23586,CÓRDOBA,PURÍSIMA DE LA CONCEPCIÓN,MUNICIPIO,117.71157813,117.71157813150549,9.282380347061064,-75.72130024360439
23,23660,CÓRDOBA,SAHAGÚN,MUNICIPIO,964.45878899,964.4587889747334,8.798980543601914,-75.42925783829232
23,23670,CÓRDOBA,SAN ANDRÉS DE SOTAVENTO,MUNICIPIO,206.68851358,206.68851357676678,9.121289401322686,-75.52094388963789
23,23672,CÓRDOBA,SAN ANTERO,MUNICIPIO,207.42674387,207.42674387228374,9.359660670633444,-75.78701905444441
23,23675,CÓRDOBA,SAN BERNARDO DEL VIENTO,MUNICIPIO,315.47938585,315.4793858530645,9.32999370770032,-75.97625587312022
23,23678,CÓRDOBA,SAN CARLOS,MUNICIPIO,446.5979458,446.5979457978865,8.706415213461351,-75.69250145637169
23,23682,CÓRDOBA,SAN JOSÉ DE URÉ,MUNICIPIO,525.50100271,525.5010027061255,7.753031371330151,-75.56726934479158
23,23686,CÓRDOBA,SAN PELAYO,MUNICIPIO,445.55599877,445.55599877360567,8.987794233565777,-75.90958071822303
23,23807,CÓRDOBA,TIERRALTA,MUNICIPIO,4938.15616991,4938.156170121174,7.813718029760693,-76.16860433391024
23,23815,CÓRDOBA,TUCHÍN,MUNICIPIO,106.35289287,106.3528928657053,9.22463748122958,-75.54410526342024
23,23855,CÓRDOBA,VALENCIA,MUNICIPIO,919.47665805,919.4766580869172,8.219871864246935,-76.2213629579212
25,25001,CUNDINAMARCA,AGUA DE DIOS,MUNICIPIO,85.88512003,85.88512003104779,4.372751852887292,-74.67127125471801
25,25019,CUNDINAMARCA,ALBÁN,MUNICIPIO,50.78390958,50.783909581881595,4.8911211359702325,-74.4427837804243
25,25035,CUNDINAMARCA,ANAPOIMA,MUNICIPIO,123.83748385,123.83748384532801,4.55996218263858,-74.52569401553781
25,25040,CUNDINAMARCA,ANOLAIMA,MUNICIPIO,120.83120865,120.83120864965156,4.789312776235577,-74.46194403603545
25,25053,CUNDINAMARCA,ARBELÁEZ,MUNICIPIO,142.30946707,142.30946706748693,4.232790038149861,-74.39576286706898
25,25086,CUNDINAMARCA,BELTRÁN,MUNICIPIO,176.71154158,176.71154157815718,4.719677652025179,-74.7563225754167
25,25095,CUNDINAMARCA,BITUIMA,MUNICIPIO,60.98904347,60.98904347015489,4.847818295744413,-74.52862800008627
25,25099,CUNDINAMARCA,BOJACÁ,MUNICIPIO,102.20924552,102.2092455157736,4.691667813777772,-74.32898700167827
25,25120,CUNDINAMARCA,CABRERA,MUNICIPIO,421.41640126,421.41640124914636,3.918615052148726,-74.44615766687123
25,25123,CUNDINAMARCA,CACHIPAY,MUNICIPIO,53.39938091,53.39938090608066,4.723062557589717,-74.4591975034061
25,25126,CUNDINAMARCA,CAJICÁ,MUNICIPIO,50.80706606,50.80706605884791,4.930703577081034,-74.0297326234702
25,25148,CUNDINAMARCA,CAPARRAPÍ,MUNICIPIO,615.07868514,615.0786851252783,5.3814861020064555,-74.52124199730714
25,25151,CUNDINAMARCA,CÁQUEZA,MUNICIPIO,111.35818475,111.35818474492567,4.402259159821941,-73.94482460956328
25,25154,CUNDINAMARCA,CARMEN DE CARUPA,MUNICIPIO,298.14723763,298.1472376157331,5.338851582848436,-73.92615059488317
25,25168,CUNDINAMARCA,CHAGUANÍ,MUNICIPIO,171.87468823,171.87468822637564,4.954252572288776,-74.63090216937005
25,25175,CUNDINAMARCA,CHÍA,MUNICIPIO,80.39735567,80.39735567066514,4.865625154847146,-74.0369631878352
25,25178,CUNDINAMARCA,CHIPAQUE,MUNICIPIO,150.360199,150.36019899808508,4.425775812165916,-74.05947273868904
25,25181,CUNDINAMARCA,CHOACHÍ,MUNICIPIO,212.13246907,212.1324690633475,4.582965080085946,-73.91288013547458
25,25183,CUNDINAMARCA,CHOCONTÁ,MUNICIPIO,299.65663425,299.6566342419512,5.118446689428937,-73.68067750478144
25,25200,CUNDINAMARCA,COGUA,MUNICIPIO,132.68395837,132.68395836172087,5.103122567759994,-73.97537643483433
25,25214,CUNDINAMARCA,COTA,MUNICIPIO,53.64528181,53.64528180710618,4.78830689670055,-74.12337611404735
25,25224,CUNDINAMARCA,CUCUNUBÁ,MUNICIPIO,109.6818412,109.6818411949639,5.230307293014185,-73.78002104573753
25,25245,CUNDINAMARCA,EL COLEGIO,MUNICIPIO,118.15874527,118.1587452630305,4.556946295706132,-74.42658604854581
25,25258,CUNDINAMARCA,EL PEÑÓN,MUNICIPIO,133.94407231,133.94407231034646,5.2617268749523225,-74.30830646736294
25,25260,CUNDINAMARCA,EL ROSAL,MUNICIPIO,87.13953871,87.13953870480654,4.879713192055258,-74.23803295397464
25,25269,CUNDINAMARCA,FACATATIVÁ,MUNICIPIO,157.82468933,157.82468932479654,4.834049854933638,-74.3380346394313
25,25279,CUNDINAMARCA,FÓMEQUE,MUNICIPIO,459.5173141,459.51731408712806,4.528562659856824,-73.79705992993152
25,25281,CUNDINAMARCA,FOSCA,MUNICIPIO,111.0559085,111.05590849857883,4.316279867747012,-73.95286879650294
25,25286,CUNDINAMARCA,FUNZA,MUNICIPIO,67.67371086,67.67371086134139,4.7439967443759805,-74.19865970656869
25,25288,CUNDINAMARCA,FÚQUENE,MUNICIPIO,77.34908495,77.34908494826577,5.4162871635044345,-73.77060000383004
25,25290,CUNDINAMARCA,FUSAGASUGÁ,MUNICIPIO,193.75196828,193.75196827099523,4.323530688455402,-74.38860067927715
25,25293,CUNDINAMARCA,GACHALÁ,MUNICIPIO,384.37422594,384.37422592952186,4.654952281400996,-73.51056590006898
25,25295,CUNDINAMARCA,GACHANCIPÁ,MUNICIPIO,42.8652719,42.865271896228194,5.010036105741353,-73.87680729118802
25,25297,CUNDINAMARCA,GACHETÁ,MUNICIPIO,258.46141101,258.4614109989436,4.86755079435587,-73.61773280122095
25,25299,CUNDINAMARCA,GAMA,MUNICIPIO,107.51892909,107.51892908397052,4.723572610310191,-73.60054394965852
25,25307,CUNDINAMARCA,GIRARDOT,MUNICIPIO,130.05724956,130.05724955219512,4.338150983956932,-74.81144336830717
25,25312,CUNDINAMARCA,GRANADA,MUNICIPIO,60.63968296,60.63968296304404,4.52348493022586,-74.33724712735436
25,25317,CUNDINAMARCA,GUACHETÁ,MUNICIPIO,169.91833394,169.91833393350123,5.387291458879988,-73.69328369324151
25,25320,CUNDINAMARCA,GUADUAS,MUNICIPIO,763.00518804,763.0051880202947,5.173538853527283,-74.6401423487089
25,25322,CUNDINAMARCA,GUASCA,MUNICIPIO,360.08450011,360.08450010093696,4.80127578193961,-73.84643315613899
25,25324,CUNDINAMARCA,GUATAQUÍ,MUNICIPIO,90.88091765,90.88091765176154,4.512299703886927,-74.78184973643776
25,25326,CUNDINAMARCA,GUATAVITA,MUNICIPIO,251.99785386,251.99785384787063,4.911585020802953,-73.78649319245518
25,25328,CUNDINAMARCA,GUAYABAL DE SÍQUIMA,MUNICIPIO,61.81279508,61.81279508181912,4.87939469635928,-74.48347630064872
25,25335,CUNDINAMARCA,GUAYABETAL,MUNICIPIO,222.51181158,222.51181157126464,4.231875793314343,-73.83544358646834
25,25339,CUNDINAMARCA,GUTIÉRREZ,MUNICIPIO,452.64518873,452.64518871748794,4.166083688461251,-74.02466038088049
25,25368,CUNDINAMARCA,JERUSALÉN,MUNICIPIO,221.6727681,221.67276808892805,4.571347033077986,-74.68916308539315
25,25372,CUNDINAMARCA,JUNÍN,MUNICIPIO,343.3102936,343.3102935846276,4.705165164066535,-73.69247725779478
25,25377,CUNDINAMARCA,LA CALERA,MUNICIPIO,326.51302964,326.5130296256622,4.700918353548828,-73.92949952295741
25,25386,CUNDINAMARCA,LA MESA,MUNICIPIO,148.05259512,148.05259511228815,4.650772424462133,-74.47321996487662
25,25394,CUNDINAMARCA,LA PALMA,MUNICIPIO,190.59407851,190.5940785034533,5.333397717689489,-74.40807977179263
25,25398,CUNDINAMARCA,LA PEÑA,MUNICIPIO,128.32002785,128.3200278480461,5.204607722752404,-74.40786561042395
25,25402,CUNDINAMARCA,LA VEGA,MUNICIPIO,155.27049845,155.2704984444652,4.97861720447304,-74.33936077625623
25,25407,CUNDINAMARCA,LENGUAZAQUE,MUNICIPIO,155.39600482,155.3960048174305,5.303636774669141,-73.68153467294366
25,25426,CUNDINAMARCA,MACHETÁ,MUNICIPIO,228.83674581,228.83674580505763,5.040353782591412,-73.61737935118516
25,25430,CUNDINAMARCA,MADRID,MUNICIPIO,119.44715693,119.44715692878533,4.772675086652784,-74.25977193144963
25,25436,CUNDINAMARCA,MANTA,MUNICIPIO,107.73565397,107.73565396764067,4.9768796341782915,-73.56313888681858
25,25438,CUNDINAMARCA,MEDINA,MUNICIPIO,1194.92911006,1194.929110022071,4.48441214514295,-73.40602074414869
25,25473,CUNDINAMARCA,MOSQUERA,MUNICIPIO,105.81849543,105.81849542553148,4.672714209978489,-74.23573275759901
25,25483,CUNDINAMARCA,NARIÑO,MUNICIPIO,55.12026774,55.1202677353697,4.407949691123323,-74.80565669031012
25,25486,CUNDINAMARCA,NEMOCÓN,MUNICIPIO,98.24622915,98.24622914206358,5.0937094665648655,-73.88380782924068
25,25488,CUNDINAMARCA,NILO,MUNICIPIO,224.44314924,224.44314923337737,4.294781604340601,-74.6146924242045
25,25489,CUNDINAMARCA,NIMAIMA,MUNICIPIO,59.45638402,59.456384014927295,5.133742096301206,-74.39639251490321
25,25491,CUNDINAMARCA,NOCAIMA,MUNICIPIO,68.86639627,68.86639626660934,5.066110461369579,-74.38975557046255
25,25506,CUNDINAMARCA,VENECIA,MUNICIPIO,122.08121329,122.08121328261367,4.063342246633676,-74.45259943500072
25,25513,CUNDINAMARCA,PACHO,MUNICIPIO,402.14745643,402.1474564124853,5.168367457911717,-74.16336523347525
25,25518,CUNDINAMARCA,PAIME,MUNICIPIO,173.42901784,173.42901783361984,5.387645559837749,-74.16395897208174
25,25524,CUNDINAMARCA,PANDI,MUNICIPIO,71.62680362,71.626803620763,4.180496808511547,-74.47112030885215
25,25530,CUNDINAMARCA,PARATEBUENO,MUNICIPIO,883.91337237,883.913372344794,4.4523253780665,-73.18699785135425
25,25535,CUNDINAMARCA,PASCA,MUNICIPIO,271.41029434,271.4102943285099,4.293730953737653,-74.27397082080071
25,25572,CUNDINAMARCA,PUERTO SALGAR,MUNICIPIO,515.46756507,515.4675650504523,5.6197345407571095,-74.5802012510765
25,25580,CUNDINAMARCA,PULÍ,MUNICIPIO,197.51974711,197.5197471050727,4.691336256917379,-74.68074676881096
25,25592,CUNDINAMARCA,QUEBRADANEGRA,MUNICIPIO,79.77869133,79.77869132963934,5.099980763651457,-74.49451142159532
25,25594,CUNDINAMARCA,QUETAME,MUNICIPIO,137.63648747,137.63648746696606,4.334590277986506,-73.85264816191683
25,25596,CUNDINAMARCA,QUIPILE,MUNICIPIO,127.59789212,127.59789211377036,4.7150703152574795,-74.55411396677046
25,25599,CUNDINAMARCA,APULO,MUNICIPIO,121.87158812,121.87158811518738,4.520363004562354,-74.57842034878374
25,25612,CUNDINAMARCA,RICAURTE,MUNICIPIO,128.09956435,128.09956434623888,4.30731874334437,-74.72942540133103
25,25645,CUNDINAMARCA,SAN ANTONIO DEL TEQUENDAMA,MUNICIPIO,88.47142663,88.47142663054186,4.599741095553819,-74.34490383012033
25,25649,CUNDINAMARCA,SAN BERNARDO,MUNICIPIO,246.75257708,246.75257707110916,4.14096007999741,-74.35398007673304
25,25653,CUNDINAMARCA,SAN CAYETANO,MUNICIPIO,287.44811087,287.44811086447106,5.314598893707296,-74.07232274302723
25,25658,CUNDINAMARCA,SAN FRANCISCO,MUNICIPIO,118.6131072,118.6131071920627,4.9640983816473625,-74.27217251664254
25,25662,CUNDINAMARCA,SAN JUAN DE RIOSECO,MUNICIPIO,313.81544765,313.8154476363117,4.841097313414704,-74.65849086076565
25,25718,CUNDINAMARCA,SASAIMA,MUNICIPIO,111.50061822,111.50061821921422,4.946804343580459,-74.41230865026618
25,25736,CUNDINAMARCA,SESQUILÉ,MUNICIPIO,140.98733182,140.98733181984326,5.00868657960726,-73.7809159670797
25,25740,CUNDINAMARCA,SIBATÉ,MUNICIPIO,121.99538808,121.99538807505402,4.46596793805057,-74.26329027396181
25,25743,CUNDINAMARCA,SILVANIA,MUNICIPIO,162.4032314,162.40323139197383,4.436965950272387,-74.37051191320816
25,25745,CUNDINAMARCA,SIMIJACA,MUNICIPIO,96.58023927,96.5802392664894,5.5097728940625865,-73.84519351957084
25,25754,CUNDINAMARCA,SOACHA,MUNICIPIO,187.2311208,187.23112079838162,4.537596241833127,-74.22992806490774
25,25758,CUNDINAMARCA,SOPÓ,MUNICIPIO,110.95131906,110.95131905724965,4.8880504115219185,-73.96587815737085
25,25769,CUNDINAMARCA,SUBACHOQUE,MUNICIPIO,208.96738227,208.96738226596997,4.9703545856688605,-74.15690231771939
25,25772,CUNDINAMARCA,SUESCA,MUNICIPIO,173.01819104,173.01819103840108,5.135989446067022,-73.7827072747577
25,25777,CUNDINAMARCA,SUPATÁ,MUNICIPIO,130.24027807,130.24027806411678,5.061692917295262,-74.23138350246627
25,25779,CUNDINAMARCA,SUSA,MUNICIPIO,104.00741428,104.00741427307848,5.4400912297529525,-73.82392711669948
25,25781,CUNDINAMARCA,SUTATAUSA,MUNICIPIO,64.76025616,64.76025615527419,5.242908950994503,-73.85540377892292
25,25785,CUNDINAMARCA,TABIO,MUNICIPIO,75.10238052,75.10238051544746,4.951518769309443,-74.08449788643365
25,25793,CUNDINAMARCA,TAUSA,MUNICIPIO,201.60432195,201.60432194824304,5.19399812544744,-73.95631578102405
25,25797,CUNDINAMARCA,TENA,MUNICIPIO,51.38377779,51.383777791454705,4.6515978140993495,-74.39182712295259
25,25799,CUNDINAMARCA,TENJO,MUNICIPIO,114.07161847,114.07161846902156,4.838537600901071,-74.14682066387948
25,25805,CUNDINAMARCA,TIBACUY,MUNICIPIO,84.68041536,84.68041535613926,4.321349067607325,-74.48668358917631
25,25807,CUNDINAMARCA,TIBIRITA,MUNICIPIO,56.4560247,56.45602469338332,5.0841019710923545,-73.51362529397623
25,25815,CUNDINAMARCA,TOCAIMA,MUNICIPIO,245.55271969,245.5527196848192,4.452083742006455,-74.64860173946789
25,25817,CUNDINAMARCA,TOCANCIPÁ,MUNICIPIO,73.14173579,73.14173578339118,4.968852560827838,-73.92887057834328
25,25823,CUNDINAMARCA,TOPAIPÍ,MUNICIPIO,143.55154759,143.55154758266576,5.355688932933274,-74.28963986915906
25,25839,CUNDINAMARCA,UBALÁ,MUNICIPIO,521.57835241,521.5783523897142,4.75902442585611,-73.4082698822567
25,25841,CUNDINAMARCA,UBAQUE,MUNICIPIO,106.9501975,106.95019749816167,4.500754724795545,-73.9756445424166
25,25843,CUNDINAMARCA,VILLA DE SAN DIEGO DE UBATÉ,MUNICIPIO,102.13212793,102.13212792435573,5.316080181031336,-73.82010624195937
25,25845,CUNDINAMARCA,UNE,MUNICIPIO,208.86644198,208.86644197144508,4.301726775477382,-74.06809318736978
25,25851,CUNDINAMARCA,ÚTICA,MUNICIPIO,91.99365521,91.99365521160621,5.192794040981998,-74.47780082016337
25,25862,CUNDINAMARCA,VERGARA,MUNICIPIO,144.49244983,144.49244982112978,5.131266876668031,-74.30979347520419
25,25867,CUNDINAMARCA,VIANÍ,MUNICIPIO,67.05566023,67.05566022654202,4.889160094846304,-74.55345976139387
25,25871,CUNDINAMARCA,VILLAGÓMEZ,MUNICIPIO,62.89508354,62.895083542686066,5.270693400119137,-74.19074258104328
25,25873,CUNDINAMARCA,VILLAPINZÓN,MUNICIPIO,225.80392575,225.80392574632936,5.227296989524942,-73.57725677794912
25,25875,CUNDINAMARCA,VILLETA,MUNICIPIO,140.74946661,140.74946660213516,5.01166934305102,-74.48764895856033
25,25878,CUNDINAMARCA,VIOTÁ,MUNICIPIO,201.13234245,201.13234244624735,4.436052267419556,-74.48543664329851
25,25885,CUNDINAMARCA,YACOPÍ,MUNICIPIO,955.76972476,955.7697247250092,5.591898326897797,-74.36480158749026
25,25898,CUNDINAMARCA,ZIPACÓN,MUNICIPIO,54.21375137,54.213751372491245,4.754320902289897,-74.38673535501843
25,25899,CUNDINAMARCA,ZIPAQUIRÁ,MUNICIPIO,194.57058308,194.57058307607787,5.0461912748635145,-74.02307815132082
27,27001,CHOCÓ,QUIBDÓ,MUNICIPIO,3508.64456877,3508.644569393314,5.938995281412908,-76.66384147048
27,27006,CHOCÓ,ACANDÍ,MUNICIPIO,798.05666922,798.0566695367341,8.434135262790505,-77.28965187094249
27,27025,CHOCÓ,ALTO BAUDÓ,MUNICIPIO,2051.88249158,2051.882492297719,5.636716457866957,-77.08418866886325
27,27050,CHOCÓ,ATRATO,MUNICIPIO,421.77390931,421.77390937080304,5.560634357664739,-76.60613009863589
27,27073,CHOCÓ,BAGADÓ,MUNICIPIO,807.56873765,807.5687376909859,5.503098963840456,-76.19800794136297
27,27075,CHOCÓ,BAHÍA SOLANO,MUNICIPIO,896.04560938,896.0456098392577,6.290081394012561,-77.35379110463725
27,27077,CHOCÓ,BAJO BAUDÓ,MUNICIPIO,3482.1193693,3482.1193708577157,5.011771054371727,-77.21762042875974
27,27099,CHOCÓ,BOJAYÁ,MUNICIPIO,3633.20607805,3633.2060792956713,6.474615361057579,-77.09936973793144
27,27135,CHOCÓ,EL CANTÓN DEL SAN PABLO,MUNICIPIO,380.69365543,380.6936555086454,5.359665781764308,-76.77255720617786
27,27150,CHOCÓ,CARMEN DEL DARIÉN,MUNICIPIO,3369.51595401,3369.5159549218656,7.045431515168808,-76.9591385783083
27,27160,CHOCÓ,CÉRTEGUI,MUNICIPIO,423.51123741,423.5112374615572,5.389827527720895,-76.52265940331453
27,27205,CHOCÓ,CONDOTO,MUNICIPIO,467.88622177,467.8862218288025,5.07371026627353,-76.52754547098613
27,27245,CHOCÓ,EL CARMEN DE ATRATO,MUNICIPIO,830.29381258,830.293812625677,5.810924415196749,-76.19191540313784
27,27250,CHOCÓ,EL LITORAL DEL SAN JUAN,MUNICIPIO,4137.6843464,4137.684347761786,4.247241045052268,-76.96280389840004
27,27361,CHOCÓ,ISTMINA,MUNICIPIO,1881.07207561,1881.0720760928818,4.7396922167662385,-76.86920580775882
27,27372,CHOCÓ,JURADÓ,MUNICIPIO,1253.51169939,1253.5117003548055,7.103343416473374,-77.67967454264704
27,27413,CHOCÓ,LLORÓ,MUNICIPIO,843.12532178,843.1253218591371,5.585091996783833,-76.38547749175649
27,27425,CHOCÓ,MEDIO ATRATO,MUNICIPIO,1813.75186982,1813.7518701296017,6.03386621458468,-76.67357113280592
27,27430,CHOCÓ,MEDIO BAUDÓ,MUNICIPIO,1372.9456921,1372.94569253247,5.110373914103462,-76.99597213312997
27,27450,CHOCÓ,MEDIO SAN JUAN,MUNICIPIO,663.78566816,663.7856683057112,4.81417967294598,-76.80368055174851
27,27491,CHOCÓ,NÓVITA,MUNICIPIO,945.67386346,945.6738636065951,4.853159467297346,-76.61823214124368
27,27493,CHOCÓ,NUEVO BELÉN DE BAJIRÁ,MUNICIPIO,1289.26001079,1289.2600110549197,7.45305131375211,-76.83620179016135
27,27495,CHOCÓ,NUQUÍ,MUNICIPIO,704.65160806,704.6516084026969,5.6900234326865835,-77.2930000645169
27,27580,CHOCÓ,RÍO IRÓ,MUNICIPIO,325.21652993,325.21652996986944,5.172670674170356,-76.48448569826738
27,27600,CHOCÓ,RÍO QUITO,MUNICIPIO,699.33724428,699.3372444318014,5.5675334384524175,-76.81158378731918
27,27615,CHOCÓ,RIOSUCIO,MUNICIPIO,6139.61557147,6139.615574402144,7.380885006752391,-77.34224912406297
27,27660,CHOCÓ,SAN JOSÉ DEL PALMAR,MUNICIPIO,1582.52436582,1582.5243659316354,4.95871546596818,-76.28006431161597
27,27745,CHOCÓ,SIPÍ,MUNICIPIO,1577.45326155,1577.453261769055,4.594410290664188,-76.54165537220784
27,27787,CHOCÓ,TADÓ,MUNICIPIO,714.99308702,714.9930870810845,5.266110377599745,-76.3311244176988
27,27800,CHOCÓ,UNGUÍA,MUNICIPIO,1191.16013891,1191.1601392692885,8.117269031681621,-77.10372885271202
27,27810,CHOCÓ,UNIÓN PANAMERICANA,MUNICIPIO,177.83753322,177.83753324731907,5.285275057773423,-76.64539780078188
41,41001,HUILA,NEIVA,MUNICIPIO,1269.2178537,1269.217853670079,2.9933997665577263,-75.27237868520083
41,41006,HUILA,ACEVEDO,MUNICIPIO,521.80771888,521.8077188943436,1.7121166683559055,-75.991590624248
41,41013,HUILA,AGRADO,MUNICIPIO,273.68705437,273.6870543722528,2.269749878593037,-75.71632398595376
41,41016,HUILA,AIPE,MUNICIPIO,795.30817987,795.3081798576536,3.262371790334574,-75.35263713255297
41,41020,HUILA,ALGECIRAS,MUNICIPIO,589.42711259,589.4271125785294,2.4978349751666227,-75.29136619734786
41,41026,HUILA,ALTAMIRA,MUNICIPIO,180.95237477,180.95237476963075,2.0792243668616965,-75.76858795241306
41,41078,HUILA,BARAYA,MUNICIPIO,785.47926634,785.4792663134265,3.1354254995451507,-74.95798440238603
41,41132,HUILA,CAMPOALEGRE,MUNICIPIO,462.60528608,462.60528607052356,2.6586644447343164,-75.32944438811991
41,41206,HUILA,COLOMBIA,MUNICIPIO,1583.62305398,1583.623053929374,3.451931873764482,-74.67833279739337
41,41244,HUILA,ELÍAS,MUNICIPIO,80.44114384,80.44114384068044,2.006246631205794,-75.95092085968528
41,41298,HUILA,GARZÓN,MUNICIPIO,606.35457875,606.3545787436965,2.1724344922159973,-75.57132315671595
41,41306,HUILA,GIGANTE,MUNICIPIO,503.56427139,503.56427138428177,2.371778119485516,-75.51700243747766
41,41319,HUILA,GUADALUPE,MUNICIPIO,249.56357746,249.56357746014015,1.9843938875117035,-75.69693784506379
41,41349,HUILA,HOBO,MUNICIPIO,194.1671999,194.1671998943591,2.5416533100163967,-75.44781196114116
41,41357,HUILA,ÍQUIRA,MUNICIPIO,356.44701796,356.4470179635704,2.691520554411179,-75.67383149531487
41,41359,HUILA,ISNOS,MUNICIPIO,370.7286939,370.72869392569316,2.006800146706512,-76.25636626739818
41,41378,HUILA,LA ARGENTINA,MUNICIPIO,356.45765858,356.45765860339094,2.1814633091650633,-76.1178521436805
41,41396,HUILA,LA PLATA,MUNICIPIO,814.67135451,814.6713545387132,2.328065435427419,-76.00119208694838
41,41483,HUILA,NÁTAGA,MUNICIPIO,131.92458585,131.92458584956253,2.5760628609523972,-75.7869385703669
41,41503,HUILA,OPORAPA,MUNICIPIO,155.82072211,155.82072211460454,2.061192175997779,-76.0411067111174
41,41518,HUILA,PAICOL,MUNICIPIO,278.26742359,278.2674235879547,2.406899396085616,-75.72803876286271
41,41524,HUILA,PALERMO,MUNICIPIO,883.95689021,883.9568901944857,2.914491501716843,-75.44066806657602
41,41530,HUILA,PALESTINA,MUNICIPIO,196.96122927,196.9612292811629,1.67891791591824,-76.14691203320189
41,41548,HUILA,PITAL,MUNICIPIO,193.6432746,193.64327460532235,2.2596020509772687,-75.83195403877934
41,41551,HUILA,PITALITO,MUNICIPIO,630.73166155,630.7316615818522,1.8278903963153597,-76.11921336352148
41,41615,HUILA,RIVERA,MUNICIPIO,251.10959736,251.1095973539355,2.7822254751467024,-75.23554688785923
41,41660,HUILA,SALADOBLANCO,MUNICIPIO,466.72716475,466.7271647846895,2.1003981351916994,-76.22899157161154
41,41668,HUILA,SAN AGUSTÍN,MUNICIPIO,1390.85045984,1390.8504599985054,1.9241763345359073,-76.41657809846829
41,41676,HUILA,SANTA MARÍA,MUNICIPIO,339.30521757,339.30521756948735,2.9262647129260806,-75.6336054531273
41,41770,HUILA,SUAZA,MUNICIPIO,429.62347226,429.623472263667,1.870991653281897,-75.8079892751946
41,41791,HUILA,TARQUI,MUNICIPIO,362.79091684,362.7909168508158,2.1302783443498665,-75.87535696542095
41,41797,HUILA,TESALIA,MUNICIPIO,366.95722576,366.9572257605389,2.526856035785023,-75.68259967494176
41,41799,HUILA,TELLO,MUNICIPIO,530.12226769,530.122267677627,3.030615503825882,-75.0853673019141
41,41801,HUILA,TERUEL,MUNICIPIO,471.6562079,471.65620790610245,2.8241373373173957,-75.71438033702154
41,41807,HUILA,TIMANÁ,MUNICIPIO,185.72162668,185.72162668896442,1.9507112225272765,-75.91758149239439
41,41872,HUILA,VILLAVIEJA,MUNICIPIO,543.62965786,543.629657844464,3.2870505739573113,-75.13838964432725
41,41885,HUILA,YAGUARÁ,MUNICIPIO,332.81672578,332.8167257723606,2.6465570390247763,-75.51593062527547
44,44001,LA GUAJIRA,RIOHACHA,MUNICIPIO,3082.55855711,3082.5585570220146,11.242948156384044,-72.95884811077175
44,44035,LA GUAJIRA,ALBANIA,MUNICIPIO,544.80449064,544.8044906272601,11.228677794263643,-72.53209626097029
44,44078,LA GUAJIRA,BARRANCAS,MUNICIPIO,799.22704816,799.2270481346274,10.98941390482803,-72.68675010615067
44,44090,LA GUAJIRA,DIBULLA,MUNICIPIO,1746.82321919,1746.823219134494,11.09032237612529,-73.43572385345517
44,44098,LA GUAJIRA,DISTRACCIÓN,MUNICIPIO,231.4143632,231.41436319375208,10.92504197222971,-72.94443242359178
44,44110,LA GUAJIRA,EL MOLINO,MUNICIPIO,241.69672951,241.69672950414363,10.636696246269638,-72.88583503833608
44,44279,LA GUAJIRA,FONSECA,MUNICIPIO,472.54303551,472.5430354996606,10.828356809413927,-72.80179802713668
44,44378,LA GUAJIRA,HATONUEVO,MUNICIPIO,214.18672248,214.18672247067772,11.099523160743283,-72.73248948656901
44,44420,LA GUAJIRA,LA JAGUA DEL PILAR,MUNICIPIO,179.25010935,179.25010934017456,10.458096698317807,-73.07208937538931
44,44430,LA GUAJIRA,MAICAO,MUNICIPIO,1764.50970792,1764.5097078647982,11.381568429977793,-72.29505119728967
44,44560,LA GUAJIRA,MANAURE,MUNICIPIO,1615.54764155,1615.5476414990105,11.605526224637053,-72.57157276908673
44,44650,LA GUAJIRA,SAN JUAN DEL CESAR,MUNICIPIO,1308.55679668,1308.556796642994,10.813187070639358,-73.08617539570946
44,44847,LA GUAJIRA,URIBIA,MUNICIPIO,7866.02090942,7866.02090920141,11.99977233525104,-71.74907032191496
44,44855,LA GUAJIRA,URUMITA,MUNICIPIO,245.79394937,245.7939493670644,10.494705950708388,-72.9862339335466
44,44874,LA GUAJIRA,VILLANUEVA,MUNICIPIO,259.58652713,259.58652712201985,10.583649556181621,-72.97519308259601
47,47001,MAGDALENA,SANTA MARTA,MUNICIPIO,2343.90329238,2343.9032923145714,11.121900870179568,-73.88523395420174
47,47030,MAGDALENA,ALGARROBO,MUNICIPIO,405.8849845,405.88498448321644,10.25355474494195,-74.10323028339153
47,47053,MAGDALENA,ARACATACA,MUNICIPIO,1738.42425619,1738.4242561356946,10.644914100384026,-73.8798009307541
47,47058,MAGDALENA,ARIGUANÍ,MUNICIPIO,1130.32990167,1130.329901633396,9.834265513697677,-74.08460248259377
47,47161,MAGDALENA,CERRO DE SAN ANTONIO,MUNICIPIO,177.06561263,177.06561262576756,10.29372963919368,-74.81981914875381
47,47170,MAGDALENA,CHIVOLO,MUNICIPIO,536.03085684,536.0308568211125,10.099511901323208,-74.52607722419575
47,47189,MAGDALENA,CIÉNAGA,MUNICIPIO,1329.35596405,1329.3559640146236,10.888584507095025,-74.04240936484955
47,47205,MAGDALENA,CONCORDIA,MUNICIPIO,109.39533771,109.3953377050542,10.23285023090815,-74.77810144353843
47,47245,MAGDALENA,EL BANCO,MUNICIPIO,813.80183925,813.8018392256707,9.114923109981374,-73.98104881687333
47,47258,MAGDALENA,EL PIÑÓN,MUNICIPIO,556.65678338,556.6567833651845,10.343113043710007,-74.67816286077282
47,47268,MAGDALENA,EL RETÉN,MUNICIPIO,261.89434053,261.89434051972086,10.659618447412743,-74.32514836437653
47,47288,MAGDALENA,FUNDACIÓN,MUNICIPIO,970.56939286,970.5693928274225,10.459407293415065,-73.88413799815365
47,47318,MAGDALENA,GUAMAL,MUNICIPIO,563.8436604,563.8436603804926,9.247988307448363,-74.1397124464815
47,47460,MAGDALENA,NUEVA GRANADA,MUNICIPIO,841.14445088,841.1444508561347,9.735978209046541,-74.32839305238075
47,47541,MAGDALENA,PEDRAZA,MUNICIPIO,305.54740803,305.5474080236779,10.155984813479602,-74.83757881133194
47,47545,MAGDALENA,PIJIÑO DEL CARMEN,MUNICIPIO,660.76343467,660.7634346478453,9.530743319764012,-74.14490508905473
47,47551,MAGDALENA,PIVIJAY,MUNICIPIO,1638.73568716,1638.7356871133973,10.433025017779572,-74.41252278506913
47,47555,MAGDALENA,PLATO,MUNICIPIO,1455.97522675,1455.9752267062433,9.76943160441282,-74.60185294129978
47,47570,MAGDALENA,PUEBLOVIEJO,MUNICIPIO,679.03927966,679.0392796404577,10.848288082091207,-74.35996199814119
47,47605,MAGDALENA,REMOLINO,MUNICIPIO,594.37497069,594.3749706735204,10.648604252596995,-74.58107567643265
47,47660,MAGDALENA,SABANAS DE SAN ÁNGEL,MUNICIPIO,1237.56066435,1237.5606643181063,10.105310618909652,-74.26444482458204
47,47675,MAGDALENA,SALAMINA,MUNICIPIO,170.33479571,170.33479570832458,10.515378401516942,-74.72297507618829
47,47692,MAGDALENA,SAN SEBASTIÁN DE BUENAVISTA,MUNICIPIO,437.13067927,437.13067926169066,9.35254936167917,-74.20125299966575
47,47703,MAGDALENA,SAN ZENÓN,MUNICIPIO,268.59449703,268.5944970212893,9.327648426379502,-74.35675517499831
47,47707,MAGDALENA,SANTA ANA,MUNICIPIO,1119.20752259,1119.207522552906,9.519468598370684,-74.3395105965674
47,47720,MAGDALENA,SANTA BÁRBARA DE PINTO,MUNICIPIO,494.2661997,494.2661996857709,9.522106045637992,-74.64791315701999
47,47745,MAGDALENA,SITIONUEVO,MUNICIPIO,970.02269502,970.022694992048,10.890265408036795,-74.62964511899806
47,47798,MAGDALENA,TENERIFE,MUNICIPIO,491.7800696,491.78006958125843,9.924702672061091,-74.73265036792385
47,47960,MAGDALENA,ZAPAYÁN,MUNICIPIO,372.60592563,372.60592561945816,10.11833625613077,-74.69382786244788
47,47980,MAGDALENA,ZONA BANANERA,MUNICIPIO,435.41743407,435.41743406096913,10.795332092787449,-74.18016334869708
50,50001,META,VILLAVICENCIO,MUNICIPIO,1283.70518072,1283.7051806748873,4.0916894260278,-73.49291141119657
50,50006,META,ACACÍAS,MUNICIPIO,1121.92013877,1121.9201387287837,4.009669230385211,-73.72394498462445
50,50110,META,BARRANCA DE UPÍA,MUNICIPIO,403.03293016,403.032930146167,4.519072126687721,-72.9954837567012
50,50124,META,CABUYARO,MUNICIPIO,911.85058641,911.850586382314,4.315244352023883,-72.95268834781113
50,50150,META,CASTILLA LA NUEVA,MUNICIPIO,513.8628757,513.8628756862012,3.805159632140535,-73.53886514171042
50,50223,META,CUBARRAL,MUNICIPIO,1156.42157848,1156.4215784401144,3.8282553444507665,-74.07531581525201
50,50226,META,CUMARAL,MUNICIPIO,623.78198283,623.7819828095363,4.2324928917283104,-73.31468974833213
50,50245,META,EL CALVARIO,MUNICIPIO,269.9059076,269.90590759204446,4.352390549706732,-73.71438381657332
50,50251,META,EL CASTILLO,MUNICIPIO,567.4397075,567.439707477123,3.6156257006059467,-73.88800572123242
50,50270,META,EL DORADO,MUNICIPIO,117.17599535,117.17599535105971,3.706969825692077,-73.83161885221058
50,50287,META,FUENTE DE ORO,MUNICIPIO,570.09958333,570.0995833101695,3.3823699354622123,-73.59625374646112
50,50313,META,GRANADA,MUNICIPIO,347.8023911,347.80239108857063,3.496558907938714,-73.74696387201907
50,50318,META,GUAMAL,MUNICIPIO,594.91591913,594.9159191115093,3.9477858543646303,-73.9598386437827
50,50325,META,MAPIRIPÁN,MUNICIPIO,11917.47878531,11917.47878493249,3.1176390235858746,-71.93788566251588
50,50330,META,MESETAS,MUNICIPIO,2277.8614419,2277.86144182746,3.1547297931166907,-74.1245245604795
50,50350,META,LA MACARENA,MUNICIPIO,8108.4629008,8108.462900538377,2.262353732996609,-74.05811158382949
50,50370,META,URIBE,MUNICIPIO,6454.42461982,6454.424619615684,3.047223139840292,-74.43245284832719
50,50400,META,LEJANÍAS,MUNICIPIO,814.42101272,814.4210126940961,3.6147154345322403,-74.09627969549328
50,50450,META,PUERTO CONCORDIA,MUNICIPIO,1256.28337674,1256.283376699732,2.7517003473352877,-72.72289085486432
50,50568,META,PUERTO GAITÁN,MUNICIPIO,17200.78401382,17200.784013281565,4.004998742869371,-71.63159652593238
50,50573,META,PUERTO LÓPEZ,MUNICIPIO,6898.23614953,6898.236149301599,4.014315913082807,-72.64573024052068
50,50577,META,PUERTO LLERAS,MUNICIPIO,2531.21484335,2531.2148432641397,3.1930944229584926,-73.2367110274823
50,50590,META,PUERTO RICO,MUNICIPIO,3405.71671918,3405.7167190644827,2.7583048052496744,-73.1390945683592
50,50606,META,RESTREPO,MUNICIPIO,364.5380411,364.5380410837867,4.237477707271202,-73.47365276594653
50,50680,META,SAN CARLOS DE GUAROA,MUNICIPIO,806.59933044,806.5993304136001,3.847641435536748,-73.27587885378543
50,50683,META,SAN JUAN DE ARAMA,MUNICIPIO,1165.3669269,1165.3669268599263,3.288866774132547,-73.81980997075179
50,50686,META,SAN JUANITO,MUNICIPIO,244.52355646,244.52355645508246,4.469244868803838,-73.6621151999091
50,50689,META,SAN MARTÍN,MUNICIPIO,5922.00388525,5922.003885056324,3.5359767479638022,-72.98535002358061
50,50711,META,VISTAHERMOSA,MUNICIPIO,4813.99193781,4813.991937657118,2.812056181711354,-73.66572587338722
52,52001,NARIÑO,PASTO,MUNICIPIO,1100.30727247,1100.3072730121619,1.083618799795828,-77.20610569945619
52,52019,NARIÑO,ALBÁN,MUNICIPIO,38.63843129,38.63843130550612,1.4698531860806283,-77.06881056365569
52,52022,NARIÑO,ALDANA,MUNICIPIO,47.69421424,47.6942142837734,0.9134337014992606,-77.69538742166141
52,52036,NARIÑO,ANCUYA,MUNICIPIO,68.97813357,68.97813362400211,1.2452530793097525,-77.53115781016642
52,52051,NARIÑO,ARBOLEDA,MUNICIPIO,60.23238374,60.23238376245101,1.4800510333288421,-77.12985104514503
52,52079,NARIÑO,BARBACOAS,MUNICIPIO,2736.91500346,2736.91500840748,1.4455536168958998,-78.15630335403242
52,52083,NARIÑO,BELÉN,MUNICIPIO,41.87539393,41.87539394637481,1.5907640612432823,-77.04289647743087
52,52110,NARIÑO,BUESACO,MUNICIPIO,636.44796616,636.4479664274891,1.3152219869826594,-77.11637781588169
52,52203,NARIÑO,COLÓN,MUNICIPIO,61.79495724,61.794957259857625,1.6363339424425507,-77.0473178626807
52,52207,NARIÑO,CONSACÁ,MUNICIPIO,119.47078255,119.4707826341223,1.2090676365614976,-77.44064292491753
52,52210,NARIÑO,CONTADERO,MUNICIPIO,43.25398754,43.253987573821306,0.9326673748262072,-77.52808951483908
52,52215,NARIÑO,CÓRDOBA,MUNICIPIO,304.91742359,304.91742378129743,0.7708233848573111,-77.36035794970304
52,52224,NARIÑO,CUASPUD CARLOSAMA,MUNICIPIO,57.18590282,57.18590287892218,0.8754279312834757,-77.73591727986448
52,52227,NARIÑO,CUMBAL,MUNICIPIO,916.54238194,916.5423832284401,0.9442351351842729,-77.95962229586942
52,52233,NARIÑO,CUMBITARA,MUNICIPIO,355.55104645,355.5510467566458,1.725601801311541,-77.59281793058364
52,52240,NARIÑO,CHACHAGÜÍ,MUNICIPIO,146.39866754,146.39866762306727,1.386498067763978,-77.26968941578332
52,52250,NARIÑO,EL CHARCO,MUNICIPIO,2493.62247761,2493.6224805541374,2.1832905088694496,-77.79597829963662
52,52254,NARIÑO,EL PEÑOL,MUNICIPIO,121.23729532,121.23729540382743,1.5119025528234706,-77.43045501638139
52,52256,NARIÑO,EL ROSARIO,MUNICIPIO,520.80059702,520.800597378714,1.8451097744269866,-77.43827536047111
52,52258,NARIÑO,EL TABLÓN DE GÓMEZ,MUNICIPIO,307.1109372,307.1109373095952,1.4094306482459706,-76.98527222345125
52,52260,NARIÑO,EL TAMBO,MUNICIPIO,246.54730468,246.54730484141524,1.4301539319535,-77.38295082358009
52,52287,NARIÑO,FUNES,MUNICIPIO,395.12059934,395.12059957900817,0.9142402627716579,-77.32845767911486
52,52317,NARIÑO,GUACHUCAL,MUNICIPIO,155.8504795,155.85047966011538,0.9750366569596014,-77.73759778483965
52,52320,NARIÑO,GUAITARILLA,MUNICIPIO,116.861317,116.86131709086885,1.1513658428307363,-77.53011631530342
52,52323,NARIÑO,GUALMATÁN,MUNICIPIO,29.99411519,29.99411521388952,0.9286429672974169,-77.58261909672682
52,52352,NARIÑO,ILES,MUNICIPIO,80.61478839,80.61478845275461,0.9805338405711497,-77.51866081944313
52,52354,NARIÑO,IMUÉS,MUNICIPIO,81.8134095,81.81340956026398,1.0728780170903067,-77.5015108755295
52,52356,NARIÑO,IPIALES,MUNICIPIO,1573.22370721,1573.2237082180136,0.5586637788594996,-77.37041860841984
52,52378,NARIÑO,LA CRUZ,MUNICIPIO,238.99855383,238.9985538984107,1.5841759816057686,-76.9233575432603
52,52381,NARIÑO,LA FLORIDA,MUNICIPIO,136.4419327,136.44193279148658,1.3339240187367518,-77.38823461908193
52,52385,NARIÑO,LA LLANADA,MUNICIPIO,245.26696136,245.26696160277132,1.5540299778091067,-77.70320176616548
52,52390,NARIÑO,LA TOLA,MUNICIPIO,416.52843024,416.5284310187126,2.4193005405864763,-78.20988585569431
52,52399,NARIÑO,LA UNIÓN,MUNICIPIO,142.26366766,142.26366772020774,1.6196989388348115,-77.14284908154123
52,52405,NARIÑO,LEIVA,MUNICIPIO,310.69804098,310.69804116125005,1.9389751211042021,-77.31195090553582
52,52411,NARIÑO,LINARES,MUNICIPIO,135.77191367,135.7719137789084,1.3951552160414906,-77.52094698405598
52,52418,NARIÑO,LOS ANDES,MUNICIPIO,957.98128085,957.9812818165868,1.672631211616508,-77.7105855816952
52,52427,NARIÑO,MAGÜÍ,MUNICIPIO,1810.60431157,1810.604314395197,1.9068556603900195,-78.04480381015227
52,52435,NARIÑO,MALLAMA,MUNICIPIO,569.75763636,569.7576370519582,1.1559520304874584,-77.84665400333836
52,52473,NARIÑO,MOSQUERA,MUNICIPIO,769.31284228,769.3128441623949,2.4424743281930232,-78.43883876925722
52,52480,NARIÑO,NARIÑO,MUNICIPIO,25.33619716,25.33619717867618,1.280859140257061,-77.353888491993
52,52490,NARIÑO,OLAYA HERRERA,MUNICIPIO,1004.66826904,1004.6682711288262,2.2898809586389266,-78.29470880754147
52,52506,NARIÑO,OSPINA,MUNICIPIO,64.91169049,64.91169054734321,1.0298153079564178,-77.55235121829078
52,52520,NARIÑO,FRANCISCO PIZARRO,MUNICIPIO,526.10039535,526.1003968956732,2.0885268381273137,-78.59193817342445
52,52540,NARIÑO,POLICARPA,MUNICIPIO,434.66530157,434.66530188318404,1.7354033445659975,-77.48136366002706
52,52560,NARIÑO,POTOSÍ,MUNICIPIO,388.67689179,388.6768920520949,0.7226997363307517,-77.42484548103592
52,52565,NARIÑO,PROVIDENCIA,MUNICIPIO,40.02681012,40.02681015832626,1.2329192630886323,-77.59845650734671
52,52573,NARIÑO,PUERRES,MUNICIPIO,350.4603319,350.46033210232525,0.8265374405994561,-77.32227804680826
52,52585,NARIÑO,PUPIALES,MUNICIPIO,129.8037353,129.8037354194332,0.9167694905326232,-77.63337102934764
52,52612,NARIÑO,RICAURTE,MUNICIPIO,1057.19519655,1057.1951982123926,1.2027081133247999,-78.04769125980988
52,52621,NARIÑO,ROBERTO PAYÁN,MUNICIPIO,1460.0405887,1460.0405920814453,1.8975990280863015,-78.38110204016976
52,52678,NARIÑO,SAMANIEGO,MUNICIPIO,605.73850579,605.7385063881027,1.4305765083663577,-77.69181490119657
52,52683,NARIÑO,SANDONÁ,MUNICIPIO,101.71331605,101.71331611915087,1.2881079421114174,-77.45670329867401
52,52685,NARIÑO,SAN BERNARDO,MUNICIPIO,65.21026402,65.21026404192423,1.5297824894801049,-77.02070896590874
52,52687,NARIÑO,SAN LORENZO,MUNICIPIO,249.35495437,249.3549544906831,1.5421406535078392,-77.21872900269636
52,52693,NARIÑO,SAN PABLO,MUNICIPIO,111.93476788,111.93476792096037,1.6815773254563624,-76.97528454241898
52,52694,NARIÑO,SAN PEDRO DE CARTAGO,MUNICIPIO,55.68932278,55.68932279974753,1.5368236948738152,-77.10140415574068
52,52696,NARIÑO,SANTA BÁRBARA,MUNICIPIO,1226.12646798,1226.1264695016787,2.302240338688741,-77.87437733923066
52,52699,NARIÑO,SANTACRUZ,MUNICIPIO,541.17976584,541.1797664124496,1.2851859120298448,-77.74460241466822
52,52720,NARIÑO,SAPUYES,MUNICIPIO,115.6803778,115.68037790778452,1.0361907445847343,-77.68045730284979
52,52786,NARIÑO,TAMINANGO,MUNICIPIO,234.79956527,234.7995654095446,1.5916601921226692,-77.32523753872931
52,52788,NARIÑO,TANGUA,MUNICIPIO,218.17328065,218.17328077875314,1.0640860655720226,-77.35063628697432
52,52835,NARIÑO,SAN ANDRÉS DE TUMACO,MUNICIPIO,3617.4580482,3617.45805758903,1.636095448514824,-78.6139276418393
52,52838,NARIÑO,TÚQUERRES,MUNICIPIO,216.56880007,216.5688002650153,1.1344792054077808,-77.63072948513349
52,52885,NARIÑO,YACUANQUER,MUNICIPIO,102.8345792,102.83457926563061,1.1255462435219992,-77.42467824764277
54,54001,NORTE DE SANTANDER,SAN JOSÉ DE CÚCUTA,MUNICIPIO,1131.21953613,1131.2195360945223,8.111931294825936,-72.48864723159413
54,54003,NORTE DE SANTANDER,ÁBREGO,MUNICIPIO,1379.89871628,1379.8987162410433,8.019804640809523,-73.15852344134795
54,54051,NORTE DE SANTANDER,ARBOLEDAS,MUNICIPIO,455.21919894,455.2191989210946,7.613230186254959,-72.86137508614824
54,54099,NORTE DE SANTANDER,BOCHALEMA,MUNICIPIO,169.90880706,169.9088070520566,7.633460794275745,-72.6578207324039
54,54109,NORTE DE SANTANDER,BUCARASICA,MUNICIPIO,270.2510342,270.25103419327377,8.07979812335285,-72.92919565293947
54,54125,NORTE DE SANTANDER,CÁCOTA,MUNICIPIO,138.62005604,138.62005603695457,7.270559428771918,-72.65212125474305
54,54128,NORTE DE SANTANDER,CÁCHIRA,MUNICIPIO,614.67166701,614.6716669933232,7.6841893199043,-73.12941026705433
54,54172,NORTE DE SANTANDER,CHINÁCOTA,MUNICIPIO,165.8850049,165.8850048957297,7.583346166418303,-72.5839080087401
54,54174,NORTE DE SANTANDER,CHITAGÁ,MUNICIPIO,1182.50538923,1182.5053891932173,7.051615202014034,-72.52542237938883
54,54206,NORTE DE SANTANDER,CONVENCIÓN,MUNICIPIO,930.09000459,930.0900045589314,8.873092616984911,-73.20018863786012
54,54223,NORTE DE SANTANDER,CUCUTILLA,MUNICIPIO,374.1306249,374.1306248852075,7.502175757808126,-72.79704012521643
54,54239,NORTE DE SANTANDER,DURANIA,MUNICIPIO,174.62230746,174.62230745354705,7.746993268587457,-72.67208419471514
54,54245,NORTE DE SANTANDER,EL CARMEN,MUNICIPIO,1724.75946712,1724.759467070288,8.867860490025466,-73.34596128045878
54,54250,NORTE DE SANTANDER,EL TARRA,MUNICIPIO,702.7440662,702.7440661765081,8.678247261595411,-73.03176935072055
54,54261,NORTE DE SANTANDER,EL ZULIA,MUNICIPIO,504.22173436,504.221734340668,8.08117404423429,-72.631534702497
54,54313,NORTE DE SANTANDER,GRAMALOTE,MUNICIPIO,148.71499924,148.7149992379694,7.906519993933194,-72.80705825439516
54,54344,NORTE DE SANTANDER,HACARÍ,MUNICIPIO,418.21020655,418.21020653464444,8.361828244407652,-73.07826625143463
54,54347,NORTE DE SANTANDER,HERRÁN,MUNICIPIO,106.71441529,106.71441528403938,7.493952644195916,-72.49269632359209
54,54377,NORTE DE SANTANDER,LABATECA,MUNICIPIO,255.46142365,255.4614236452513,7.265506117103726,-72.52266036314012
54,54385,NORTE DE SANTANDER,LA ESPERANZA,MUNICIPIO,668.75090393,668.7509039099632,7.695232762883435,-73.36141423238243
54,54398,NORTE DE SANTANDER,LA PLAYA,MUNICIPIO,241.77237225,241.77237224426017,8.256757795039052,-73.18789244330763
54,54405,NORTE DE SANTANDER,LOS PATIOS,MUNICIPIO,126.0892249,126.08922489434157,7.7414259686648474,-72.52725134769561
54,54418,NORTE DE SANTANDER,LOURDES,MUNICIPIO,86.41008339,86.41008338782322,7.963711836432436,-72.84670351749409
54,54480,NORTE DE SANTANDER,MUTISCUA,MUNICIPIO,158.49037009,158.49037008584133,7.3169432761421564,-72.76834707299943
54,54498,NORTE DE SANTANDER,OCAÑA,MUNICIPIO,552.82986781,552.8298677913281,8.23026625945791,-73.35634787638979
54,54518,NORTE DE SANTANDER,PAMPLONA,MUNICIPIO,297.65003041,297.6500304007385,7.37905793855614,-72.67589475265943
54,54520,NORTE DE SANTANDER,PAMPLONITA,MUNICIPIO,170.55879822,170.55879821454363,7.482876830041227,-72.63515177353337
54,54553,NORTE DE SANTANDER,PUERTO SANTANDER,MUNICIPIO,44.84603519,44.84603518587107,8.329141452363332,-72.41118960057605
54,54599,NORTE DE SANTANDER,RAGONVALIA,MUNICIPIO,97.50416884,97.50416884058662,7.59535525194923,-72.50756605740135
54,54660,NORTE DE SANTANDER,SALAZAR,MUNICIPIO,492.90551498,492.9055149602086,7.772748087355226,-72.86770098597812
54,54670,NORTE DE SANTANDER,SAN CALIXTO,MUNICIPIO,397.28756024,397.2875602268384,8.453838081428453,-73.1579949663181
54,54673,NORTE DE SANTANDER,SAN CAYETANO,MUNICIPIO,138.74468604,138.74468603890222,7.8478075971970345,-72.60980384557942
54,54680,NORTE DE SANTANDER,SANTIAGO,MUNICIPIO,172.17061513,172.17061512791184,7.889230152213998,-72.71825326157425
54,54720,NORTE DE SANTANDER,SARDINATA,MUNICIPIO,1464.66496859,1464.664968548747,8.264106563732385,-72.80630460200346
54,54743,NORTE DE SANTANDER,SILOS,MUNICIPIO,391.50790087,391.50790085380555,7.158396223096641,-72.79262809625578
54,54800,NORTE DE SANTANDER,TEORAMA,MUNICIPIO,925.34338126,925.3433812317143,8.759927253508474,-73.15722448571167
54,54810,NORTE DE SANTANDER,TIBÚ,MUNICIPIO,2674.50893519,2674.5089351047004,8.713402395812228,-72.79917960798535
54,54820,NORTE DE SANTANDER,TOLEDO,MUNICIPIO,1498.11877107,1498.1187710276615,7.2230344591227515,-72.30352265919808
54,54871,NORTE DE SANTANDER,VILLA CARO,MUNICIPIO,400.2739777,400.27397768587934,7.936283964268733,-72.9875915895116
54,54874,NORTE DE SANTANDER,VILLA DEL ROSARIO,MUNICIPIO,91.55974104,91.5597410396605,7.757172856811475,-72.48203255276567
63,63001,QUINDÍO,ARMENIA,MUNICIPIO,121.24894658,121.24894658305871,4.499325616988456,-75.72483489420196
63,63111,QUINDÍO,BUENAVISTA,MUNICIPIO,38.26465713,38.2646571299822,4.366839262029372,-75.7439903735488
63,63130,QUINDÍO,CALARCÁ,MUNICIPIO,220.04465041,220.04465040593112,4.46812305805092,-75.65639347323082
63,63190,QUINDÍO,CIRCASIA,MUNICIPIO,90.68949358,90.68949357939393,4.6048921228726645,-75.66692139551287
63,63212,QUINDÍO,CÓRDOBA,MUNICIPIO,93.8003141,93.80031410119268,4.396120419807749,-75.65202200382885
63,63272,QUINDÍO,FILANDIA,MUNICIPIO,106.55858967,106.55858966955365,4.669366794605248,-75.67145139113015
63,63302,QUINDÍO,GÉNOVA,MUNICIPIO,295.69497441,295.69497440829724,4.180249505211957,-75.76039770599283
63,63401,QUINDÍO,LA TEBAIDA,MUNICIPIO,89.38531537,89.385315367842,4.435762310784441,-75.81736040486167
63,63470,QUINDÍO,MONTENEGRO,MUNICIPIO,149.26024283,149.26024283224535,4.521963562562452,-75.81799729674702
63,63548,QUINDÍO,PIJAO,MUNICIPIO,247.92998586,247.92998586453126,4.304229570030365,-75.68342204532402
63,63594,QUINDÍO,QUIMBAYA,MUNICIPIO,133.28299445,133.2829944502493,4.610287258168856,-75.79212054407114
63,63690,QUINDÍO,SALENTO,MUNICIPIO,346.99889646,346.9988964526573,4.611293494372227,-75.53089331160064
66,66001,RISARALDA,PEREIRA,MUNICIPIO,607.90289836,607.9028983655616,4.781290521038076,-75.71235597784526
66,66045,RISARALDA,APÍA,MUNICIPIO,149.97852767,149.97852767210392,5.139633933205584,-75.95353945695315
66,66075,RISARALDA,BALBOA,MUNICIPIO,119.48327607,119.48327607430035,4.918348888106027,-75.94275490139691
66,66088,RISARALDA,BELÉN DE UMBRÍA,MUNICIPIO,180.58722332,180.58722332539946,5.200397197995058,-75.8679403474436
66,66170,RISARALDA,DOSQUEBRADAS,MUNICIPIO,70.11514942,70.1151494154687,4.84202110571029,-75.66993731748242
66,66318,RISARALDA,GUÁTICA,MUNICIPIO,100.80899614,100.80899614362137,5.320294938274797,-75.80436830422877
66,66383,RISARALDA,LA CELIA,MUNICIPIO,92.47551204,92.47551203927078,4.98812744527958,-76.00822736504347
66,66400,RISARALDA,LA VIRGINIA,MUNICIPIO,32.93886241,32.93886240984434,4.904543528466355,-75.85205576775269
66,66440,RISARALDA,MARSELLA,MUNICIPIO,149.29714096,149.29714096490022,4.942934269853802,-75.75321458215272
66,66456,RISARALDA,MISTRATÓ,MUNICIPIO,564.73616071,564.7361607217991,5.414079945949844,-75.96135259860274
66,66572,RISARALDA,PUEBLO RICO,MUNICIPIO,613.80549631,613.805496329047,5.2862954739748655,-76.07359619274715
66,66594,RISARALDA,QUINCHÍA,MUNICIPIO,140.11841615,140.118416153288,5.323901236703972,-75.71339286600102
66,66682,RISARALDA,SANTA ROSA DE CABAL,MUNICIPIO,543.34323359,543.3432335811581,4.833792017575288,-75.54950380743797
66,66687,RISARALDA,SANTUARIO,MUNICIPIO,190.84271702,190.84271702628388,5.0459939606179525,-75.98199477092884
68,68001,SANTANDER,BUCARAMANGA,MUNICIPIO,153.49940597,153.49940596093577,7.1553832993514925,-73.11178595900552
68,68013,SANTANDER,AGUADA,MUNICIPIO,75.11051561,75.11051560955354,6.182207149935707,-73.53038502399376
68,68020,SANTANDER,ALBANIA,MUNICIPIO,165.98257919,165.9825791826472,5.778072862607453,-73.82846566104429
68,68051,SANTANDER,ARATOCA,MUNICIPIO,169.46175879,169.46175878631038,6.7167642608163165,-73.0116273078437
68,68077,SANTANDER,BARBOSA,MUNICIPIO,46.64324957,46.64324957135711,5.9555867578659045,-73.62344235076762
68,68079,SANTANDER,BARICHARA,MUNICIPIO,137.02734716,137.0273471544739,6.6470596477216235,-73.21518364138264
68,68081,SANTANDER,BARRANCABERMEJA,MUNICIPIO,1324.92914934,1324.9291492965822,7.054058664995702,-73.78214339781215
68,68092,SANTANDER,BETULIA,MUNICIPIO,430.51656747,430.5165674580396,7.01320326453483,-73.38741695806948
68,68101,SANTANDER,BOLÍVAR,MUNICIPIO,1008.88889386,1008.8888938253227,6.09372400712964,-74.11343853152702
68,68121,SANTANDER,CABRERA,MUNICIPIO,65.45711863,65.45711862397866,6.562542362539537,-73.25034862440613
68,68132,SANTANDER,CALIFORNIA,MUNICIPIO,44.92358028,44.92358027530612,7.3532874268814785,-72.9263462165617
68,68147,SANTANDER,CAPITANEJO,MUNICIPIO,85.09966185,85.09966184700176,6.520197648984513,-72.67434899134433
68,68152,SANTANDER,CARCASÍ,MUNICIPIO,258.36870334,258.3687033305913,6.659673617713771,-72.56968569516445
68,68160,SANTANDER,CEPITÁ,MUNICIPIO,107.75161974,107.75161973259729,6.752464156610983,-72.92924593693265
68,68162,SANTANDER,CERRITO,MUNICIPIO,420.06462882,420.06462880942246,6.9039015630703515,-72.64534082132428
68,68167,SANTANDER,CHARALÁ,MUNICIPIO,418.44254874,418.44254872589374,6.1955269639043316,-73.15402305241824
68,68169,SANTANDER,CHARTA,MUNICIPIO,126.45829224,126.45829223809498,7.258965124808214,-72.98788173782768
68,68176,SANTANDER,CHIMA,MUNICIPIO,172.92798651,172.92798650569438,6.372676545786931,-73.41476063541225
68,68179,SANTANDER,CHIPATÁ,MUNICIPIO,94.79078096,94.79078095884282,6.067944018747246,-73.63239201665016
68,68190,SANTANDER,CIMITARRA,MUNICIPIO,3170.5183518,3170.518351695334,6.409707764397043,-74.17033644042723
68,68207,SANTANDER,CONCEPCIÓN,MUNICIPIO,336.37615265,336.3761526414567,6.78453412699763,-72.60571953652007
68,68209,SANTANDER,CONFINES,MUNICIPIO,71.29356016,71.29356016136637,6.355620334569488,-73.23985351898911
68,68211,SANTANDER,CONTRATACIÓN,MUNICIPIO,136.94941288,136.94941287964855,6.303116628450023,-73.50211547391964
68,68217,SANTANDER,COROMORO,MUNICIPIO,576.37556462,576.375564603853,6.234732186382466,-72.98177014474396
68,68229,SANTANDER,CURITÍ,MUNICIPIO,243.76459652,243.7645965157526,6.6183422341868425,-73.01873204809708
68,68235,SANTANDER,EL CARMEN DE CHUCURÍ,MUNICIPIO,922.57037698,922.5703769536563,6.664258113903868,-73.56475209127814
68,68245,SANTANDER,EL GUACAMAYO,MUNICIPIO,92.81876871,92.81876871167808,6.253549502109436,-73.53590768923954
68,68250,SANTANDER,EL PEÑÓN,MUNICIPIO,397.68177026,397.681770248435,6.096730719180001,-73.92718052097776
68,68255,SANTANDER,EL PLAYÓN,MUNICIPIO,454.14887507,454.14887505240904,7.524283365460863,-73.18158579500387
68,68264,SANTANDER,ENCINO,MUNICIPIO,399.66774119,399.667741181958,6.079060122755501,-73.06206431245973
68,68266,SANTANDER,ENCISO,MUNICIPIO,74.65457664,74.65457663745379,6.65823975864646,-72.68028023019686
68,68271,SANTANDER,FLORIÁN,MUNICIPIO,176.36525046,176.36525045215106,5.801107582409643,-73.95525147523273
68,68276,SANTANDER,FLORIDABLANCA,MUNICIPIO,99.98664481,99.98664480657837,7.079768947944672,-73.06796207931079
68,68296,SANTANDER,GALÁN,MUNICIPIO,201.380826,201.38082599327046,6.671807923439869,-73.32466946302583
68,68298,SANTANDER,GÁMBITA,MUNICIPIO,607.17320133,607.1732013143669,5.9243763108982685,-73.31940725127063
68,68307,SANTANDER,GIRÓN,MUNICIPIO,491.26461772,491.2646177026739,7.036606191920712,-73.24888108923906
68,68318,SANTANDER,GUACA,MUNICIPIO,268.98355066,268.9835506482387,6.93165864976394,-72.8289137281692
68,68320,SANTANDER,GUADALUPE,MUNICIPIO,146.08436852,146.08436851377212,6.233276461144328,-73.40977626692482
68,68322,SANTANDER,GUAPOTÁ,MUNICIPIO,67.18362036,67.1836203597322,6.319299425417125,-73.33115344925099
68,68324,SANTANDER,GUAVATÁ,MUNICIPIO,83.67144477,83.6714447687923,5.944894403723225,-73.7217366930694
68,68327,SANTANDER,GÜEPSA,MUNICIPIO,30.10930901,30.10930900659812,6.0333733071315345,-73.5789957974411
68,68344,SANTANDER,HATO,MUNICIPIO,168.72777638,168.72777637061523,6.559877749253635,-73.3617874512446
68,68368,SANTANDER,JESÚS MARÍA,MUNICIPIO,89.46644801,89.4664480033313,5.854288630724337,-73.82342535151247
68,68370,SANTANDER,JORDÁN,MUNICIPIO,39.82396351,39.82396350974952,6.713780357082571,-73.09961355645274
68,68377,SANTANDER,LA BELLEZA,MUNICIPIO,334.7775231,334.77752309038016,5.910235326165741,-74.05072364223568
68,68385,SANTANDER,LANDÁZURI,MUNICIPIO,589.3412256,589.3412255848336,6.331481241917404,-73.81870463766313
68,68397,SANTANDER,LA PAZ,MUNICIPIO,283.90907269,283.9090726845128,6.217369037711559,-73.62976531407371
68,68406,SANTANDER,LEBRIJA,MUNICIPIO,549.489591,549.4895909852013,7.204048052271426,-73.29136664514225
68,68418,SANTANDER,LOS SANTOS,MUNICIPIO,289.57636349,289.57636348463996,6.812160347231073,-73.10785222192672
68,68425,SANTANDER,MACARAVITA,MUNICIPIO,102.68901504,102.68901503391682,6.513743720217524,-72.5853671075286
68,68432,SANTANDER,MÁLAGA,MUNICIPIO,57.04645437,57.04645436700747,6.720229258123814,-72.738412506748
68,68444,SANTANDER,MATANZA,MUNICIPIO,235.29742599,235.29742597997895,7.348771864848816,-73.0543907913255
68,68464,SANTANDER,MOGOTES,MUNICIPIO,483.01315312,483.0131531051987,6.492526524655689,-72.95835497505094
68,68468,SANTANDER,MOLAGAVITA,MUNICIPIO,180.09854161,180.09854160604155,6.643288116073358,-72.81916228338227
68,68498,SANTANDER,OCAMONTE,MUNICIPIO,75.08055133,75.08055132487549,6.355367955911346,-73.1221184507592
68,68500,SANTANDER,OIBA,MUNICIPIO,287.3383136,287.33831358745647,6.225105438923616,-73.28006853560366
68,68502,SANTANDER,ONZAGA,MUNICIPIO,488.21431846,488.2143184455753,6.335181125166437,-72.81206406539619
68,68522,SANTANDER,PALMAR,MUNICIPIO,19.65974005,19.659740051558042,6.52475303254126,-73.28900682937244
68,68524,SANTANDER,PALMAS DEL SOCORRO,MUNICIPIO,58.43772592,58.437725921628946,6.3917502499239225,-73.28273221761945
68,68533,SANTANDER,PÁRAMO,MUNICIPIO,72.84693385,72.84693384774614,6.416627881244784,-73.17148478306495
68,68547,SANTANDER,PIEDECUESTA,MUNICIPIO,483.77067006,483.77067004134886,6.962465565188019,-73.00519588678529
68,68549,SANTANDER,PINCHOTE,MUNICIPIO,55.43309703,55.43309702422969,6.513891865438371,-73.17570993456559
68,68572,SANTANDER,PUENTE NACIONAL,MUNICIPIO,251.29897756,251.2989775562974,5.8311271465005285,-73.67841854356142
68,68573,SANTANDER,PUERTO PARRA,MUNICIPIO,761.33317378,761.3331737606991,6.68527446607798,-73.95760195007924
68,68575,SANTANDER,PUERTO WILCHES,MUNICIPIO,1479.73954119,1479.7395411403766,7.5833593296012625,-73.78731919373952
68,68615,SANTANDER,RIONEGRO,MUNICIPIO,1166.43733134,1166.437331302476,7.474229184277721,-73.37236098637413
68,68655,SANTANDER,SABANA DE TORRES,MUNICIPIO,1426.74765879,1426.747658748529,7.403029796373721,-73.57154735738946
68,68669,SANTANDER,SAN ANDRÉS,MUNICIPIO,280.97620796,280.97620795524836,6.796478302753771,-72.81613766127461
68,68673,SANTANDER,SAN BENITO,MUNICIPIO,59.01804493,59.01804492954856,6.101679796123842,-73.52749288066255
68,68679,SANTANDER,SAN GIL,MUNICIPIO,146.58745158,146.5874515759392,6.55077629866576,-73.1188783168627
68,68682,SANTANDER,SAN JOAQUÍN,MUNICIPIO,142.84073592,142.84073591506987,6.459875708570904,-72.85472072692754
68,68684,SANTANDER,SAN JOSÉ DE MIRANDA,MUNICIPIO,75.15815669,75.15815668910311,6.629409563543006,-72.73976263300709
68,68686,SANTANDER,SAN MIGUEL,MUNICIPIO,71.05593887,71.05593886803503,6.5681206555680385,-72.64322378026147
68,68689,SANTANDER,SAN VICENTE DE CHUCURÍ,MUNICIPIO,1114.57228254,1114.572282506371,6.894287273012565,-73.53900178361913
68,68705,SANTANDER,SANTA BÁRBARA,MUNICIPIO,178.27660563,178.27660562883491,6.965671265683264,-72.90712964445434
68,68720,SANTANDER,SANTA HELENA DEL OPÓN,MUNICIPIO,373.26689307,373.2668930546902,6.408903048793697,-73.58206738377801
68,68745,SANTANDER,SIMACOTA,MUNICIPIO,903.35804213,903.3580420964356,6.64810691808353,-73.69003528982597
68,68755,SANTANDER,SOCORRO,MUNICIPIO,127.59688358,127.59688357986536,6.462087825812824,-73.24436061063008
68,68770,SANTANDER,SUAITA,MUNICIPIO,282.92988474,282.9298847319132,6.1145650935762275,-73.3662957944279
68,68773,SANTANDER,SUCRE,MUNICIPIO,521.84692467,521.8469246502463,5.983208304041857,-73.95935301376409
68,68780,SANTANDER,SURATÁ,MUNICIPIO,362.29848832,362.2984883083202,7.475392986625763,-72.98779116467023
68,68820,SANTANDER,TONA,MUNICIPIO,330.12094158,330.12094157403766,7.170883858954992,-72.93969010021036
68,68855,SANTANDER,VALLE DE SAN JOSÉ,MUNICIPIO,80.96255015,80.9625501429491,6.434578317751797,-73.10997222718271
68,68861,SANTANDER,VÉLEZ,MUNICIPIO,447.04753453,447.0475345155896,6.220525814973591,-73.70243682486176
68,68867,SANTANDER,VETAS,MUNICIPIO,92.23515396,92.2351539608422,7.322218507680164,-72.8815693525103
68,68872,SANTANDER,VILLANUEVA,MUNICIPIO,97.42699835,97.42699834682533,6.685864824305316,-73.1639665970276
68,68895,SANTANDER,ZAPATOCA,MUNICIPIO,363.77432692,363.77432690974797,6.834620801353627,-73.27975276358274
70,70001,SUCRE,SINCELEJO,MUNICIPIO,279.63454276,279.6345427566952,9.316699207066423,-75.43174322832762
70,70110,SUCRE,BUENAVISTA,MUNICIPIO,146.37447154,146.37447153433402,9.320015752872996,-74.9520454883992
70,70124,SUCRE,CAIMITO,MUNICIPIO,412.23384284,412.23384283239665,8.792311034142234,-75.13190908981801
70,70204,SUCRE,COLOSÓ,MUNICIPIO,131.10670619,131.1067061876946,9.527944574689979,-75.3644685862809
70,70215,SUCRE,COROZAL,MUNICIPIO,285.98127501,285.98127500735694,9.204054012830186,-75.25055654275042
70,70221,SUCRE,COVEÑAS,MUNICIPIO,56.60860048,56.608600483892594,9.394453925878306,-75.65754033918022
70,70230,SUCRE,CHALÁN,MUNICIPIO,83.67209312,83.67209311581347,9.569582540084728,-75.32420678061564
70,70233,SUCRE,EL ROBLE,MUNICIPIO,198.3213716,198.32137159897667,9.071011936277142,-75.13818894454361
70,70235,SUCRE,GALERAS,MUNICIPIO,321.64045731,321.640457300932,9.135169229655066,-74.9813516572374
70,70265,SUCRE,GUARANDA,MUNICIPIO,361.55479632,361.55479630731173,8.383916981163493,-74.67620664039973
70,70400,SUCRE,LA UNIÓN,MUNICIPIO,232.24014193,232.2401419212305,8.811992691302232,-75.28322635932307
70,70418,SUCRE,LOS PALMITOS,MUNICIPIO,198.78070291,198.78070290071489,9.422379767955142,-75.21302530765621
70,70429,SUCRE,MAJAGUAL,MUNICIPIO,844.35944822,844.3594481998084,8.5461088718691,-74.71039689546332
70,70473,SUCRE,MORROA,MUNICIPIO,169.92627485,169.92627484896758,9.392497906646133,-75.32719123606009
70,70508,SUCRE,OVEJAS,MUNICIPIO,459.79989739,459.7998973829167,9.549658632121064,-75.18855323807574
70,70523,SUCRE,PALMITO,MUNICIPIO,174.66677218,174.6667721776288,9.334899154016464,-75.56193483414502
70,70670,SUCRE,SAMPUÉS,MUNICIPIO,213.7659507,213.7659506955062,9.165171045312475,-75.36026245212045
70,70678,SUCRE,SAN BENITO ABAD,MUNICIPIO,1493.14658854,1493.146588502186,8.835576319707911,-74.9646811727182
70,70702,SUCRE,SAN JUAN DE BETULIA,MUNICIPIO,168.02413407,168.02413406458217,9.292044928044575,-75.2136409955553
70,70708,SUCRE,SAN MARCOS,MUNICIPIO,969.82623765,969.8262376233317,8.58921897369285,-75.172502678062
70,70713,SUCRE,SAN ONOFRE,MUNICIPIO,1034.97720975,1034.9772097290743,9.814563693250875,-75.50526115749499
70,70717,SUCRE,SAN PEDRO,MUNICIPIO,212.85722598,212.85722597405038,9.396833785708539,-75.0374206680612
70,70742,SUCRE,SAN LUIS DE SINCÉ,MUNICIPIO,418.72873552,418.72873550755776,9.256294322991627,-75.09397372012353
70,70771,SUCRE,SUCRE,MUNICIPIO,1130.33845556,1130.3384555237346,8.814296121849706,-74.7475522929947
70,70820,SUCRE,SANTIAGO DE TOLÚ,MUNICIPIO,302.43956789,302.4395678813792,9.533792875118648,-75.53544822055535
70,70823,SUCRE,SAN JOSÉ DE TOLUVIEJO,MUNICIPIO,284.90738239,284.90738238120224,9.490285794547992,-75.44451408070586
73,73001,TOLIMA,IBAGUÉ,MUNICIPIO,1376.59802896,1376.5980289302104,4.451927492965772,-75.25260572150619
73,73024,TOLIMA,ALPUJARRA,MUNICIPIO,501.17185591,501.1718558970655,3.390011442073231,-74.9407891835524
73,73026,TOLIMA,ALVARADO,MUNICIPIO,344.11188286,344.11188284584654,4.5826211623233615,-74.98631092344591
73,73030,TOLIMA,AMBALEMA,MUNICIPIO,237.85440982,237.85440981242675,4.824906942858393,-74.80442392245384
73,73043,TOLIMA,ANZOÁTEGUI,MUNICIPIO,469.4692893,469.4692892914645,4.631788091056332,-75.19118504530951
73,73055,TOLIMA,ARMERO,MUNICIPIO,440.30394149,440.30394147686076,5.006757303175918,-74.84750584897006
73,73067,TOLIMA,ATACO,MUNICIPIO,1017.33394614,1017.3339461266427,3.428411700531682,-75.48232471603373
73,73124,TOLIMA,CAJAMARCA,MUNICIPIO,508.37871734,508.3787173376575,4.406957542083707,-75.49747676666442
73,73148,TOLIMA,CARMEN DE APICALÁ,MUNICIPIO,190.67219653,190.6721965228541,4.12341125397677,-74.74700666956687
73,73152,TOLIMA,CASABIANCA,MUNICIPIO,174.83997333,174.83997332529327,5.016680139700189,-75.18906974079994
73,73168,TOLIMA,CHAPARRAL,MUNICIPIO,2101.5371663,2101.5371662881084,3.7437088590889442,-75.58988629847406
73,73200,TOLIMA,COELLO,MUNICIPIO,343.35819083,343.3581908206027,4.354150548524121,-74.91148512546462
73,73217,TOLIMA,COYAIMA,MUNICIPIO,668.69382817,668.6938281561719,3.7386195259153787,-75.14855314061786
73,73226,TOLIMA,CUNDAY,MUNICIPIO,507.08843192,507.0884319012446,3.9825173358282835,-74.68937901337392
73,73236,TOLIMA,DOLORES,MUNICIPIO,651.4495391,651.449539081716,3.5978515616199394,-74.80259097873957
73,73268,TOLIMA,ESPINAL,MUNICIPIO,216.34531614,216.34531612954444,4.166478063909184,-74.89353010205545
73,73270,TOLIMA,FALAN,MUNICIPIO,181.20067651,181.2006765008174,5.079254056317002,-74.95703720680052
73,73275,TOLIMA,FLANDES,MUNICIPIO,96.72487926,96.72487925439441,4.242813031742323,-74.83708756213886
73,73283,TOLIMA,FRESNO,MUNICIPIO,219.52789042,219.52789041871227,5.186691909480367,-75.0522944868659
73,73319,TOLIMA,GUAMO,MUNICIPIO,505.4126621,505.4126620902924,4.076500728925451,-74.9765736192326
73,73347,TOLIMA,HERVEO,MUNICIPIO,322.58769224,322.5876922325666,5.068549749235911,-75.24323854126816
73,73349,TOLIMA,HONDA,MUNICIPIO,304.64071156,304.64071155184473,5.179410393898807,-74.78303096157623
73,73352,TOLIMA,ICONONZO,MUNICIPIO,214.9649171,214.96491709201837,4.133264166966929,-74.53964260335195
73,73408,TOLIMA,LÉRIDA,MUNICIPIO,271.76635082,271.7663508109853,4.8660331202019735,-74.92337324584828
73,73411,TOLIMA,LÍBANO,MUNICIPIO,282.20028932,282.2002893104512,4.87793110436899,-75.04763386764829
73,73443,TOLIMA,SAN SEBASTIÁN DE MARIQUITA,MUNICIPIO,293.14370103,293.1437010215585,5.235322010579395,-74.90668112952235
73,73449,TOLIMA,MELGAR,MUNICIPIO,202.03149702,202.03149701593463,4.186053950606215,-74.63783968963651
73,73461,TOLIMA,MURILLO,MUNICIPIO,423.7214733,423.72147328735423,4.82673541783958,-75.219948083559
73,73483,TOLIMA,NATAGAIMA,MUNICIPIO,859.35036778,859.3503677596348,3.5405116151728198,-75.12202615734104
73,73504,TOLIMA,ORTEGA,MUNICIPIO,953.36938096,953.3693809418417,3.937790802610898,-75.27825181048524
73,73520,TOLIMA,PALOCABILDO,MUNICIPIO,64.97016899,64.97016898741599,5.094034964275217,-75.01845120212487
73,73547,TOLIMA,PIEDRAS,MUNICIPIO,354.17992345,354.1799234441525,4.484995382092836,-74.92091022271548
73,73555,TOLIMA,PLANADAS,MUNICIPIO,1753.92819324,1753.928193258215,3.0989624064841625,-75.81688025096578
73,73563,TOLIMA,PRADO,MUNICIPIO,422.70737063,422.7073706162206,3.7291661794475806,-74.87248415970318
73,73585,TOLIMA,PURIFICACIÓN,MUNICIPIO,401.91344257,401.9134425606432,3.854283482783603,-74.87451916359099
73,73616,TOLIMA,RIOBLANCO,MUNICIPIO,2046.0660902,2046.066090230091,3.468050369856845,-75.85484246178845
73,73622,TOLIMA,RONCESVALLES,MUNICIPIO,775.65672465,775.656724642562,4.0978559172239875,-75.59429264746741
73,73624,TOLIMA,ROVIRA,MUNICIPIO,739.17212027,739.1721202518427,4.216728685409575,-75.34759717844
73,73671,TOLIMA,SALDAÑA,MUNICIPIO,193.10566978,193.10566977780536,3.9125412263547643,-75.01860071984093
73,73675,TOLIMA,SAN ANTONIO,MUNICIPIO,383.28784337,383.28784336300174,3.9551360476476796,-75.49909117674535
73,73678,TOLIMA,SAN LUIS,MUNICIPIO,411.9930748,411.993074792506,4.128603946739489,-75.11244996912792
73,73686,TOLIMA,SANTA ISABEL,MUNICIPIO,270.05014817,270.05014816178914,4.729116274431133,-75.207144445449
73,73770,TOLIMA,SUÁREZ,MUNICIPIO,189.93398926,189.9339892542082,4.0489244271887275,-74.81858255027984
73,73854,TOLIMA,VALLE DE SAN JUAN,MUNICIPIO,197.74215951,197.74215950601655,4.182123250488125,-75.17148579523446
73,73861,TOLIMA,VENADILLO,MUNICIPIO,334.40088529,334.4008852778064,4.709885499722946,-74.9208996891545
73,73870,TOLIMA,VILLAHERMOSA,MUNICIPIO,279.06489948,279.06489947665773,4.965855853079152,-75.15583533144012
73,73873,TOLIMA,VILLARRICA,MUNICIPIO,430.08011918,430.0801191633438,3.854376469015247,-74.61897218396234
76,76001,VALLE DEL CAUCA,SANTIAGO DE CALI,MUNICIPIO,563.26630566,563.2663057447226,3.399042872576921,-76.57650124089723
76,76020,VALLE DEL CAUCA,ALCALÁ,MUNICIPIO,62.34625058,62.346250583786755,4.678897647357514,-75.78298018275852
76,76036,VALLE DEL CAUCA,ANDALUCÍA,MUNICIPIO,110.47444024,110.47444025021356,4.144857321206661,-76.16470570738365
76,76041,VALLE DEL CAUCA,ANSERMANUEVO,MUNICIPIO,305.46237345,305.4623734635361,4.795924781040195,-76.02963924150829
76,76054,VALLE DEL CAUCA,ARGELIA,MUNICIPIO,90.80595366,90.8059536685556,4.704286680403709,-76.1416515252055
76,76100,VALLE DEL CAUCA,BOLÍVAR,MUNICIPIO,743.7632345,743.7632345712452,4.363682463043834,-76.36488493644545
76,76109,VALLE DEL CAUCA,BUENAVENTURA,MUNICIPIO,6300.9861909,6300.986193374694,3.6117231488769352,-77.08603006577886
76,76111,VALLE DEL CAUCA,GUADALAJARA DE BUGA,MUNICIPIO,825.95104432,825.9510443630443,3.8552654248977998,-76.10519124097779
76,76113,VALLE DEL CAUCA,BUGALAGRANDE,MUNICIPIO,396.811973,396.8119730154565,4.196858155890082,-76.08961535622983
76,76122,VALLE DEL CAUCA,CAICEDONIA,MUNICIPIO,166.97168873,166.9716887287715,4.308994364233913,-75.83672538579769
76,76126,VALLE DEL CAUCA,CALIMA,MUNICIPIO,793.84176127,793.841761401456,3.944390124721119,-76.62783089178693
76,76130,VALLE DEL CAUCA,CANDELARIA,MUNICIPIO,296.5582478,296.55824782508023,3.3820930020568873,-76.38317969916324
76,76147,VALLE DEL CAUCA,CARTAGO,MUNICIPIO,248.21459818,248.21459818874524,4.70684742230863,-75.91791091239541
76,76233,VALLE DEL CAUCA,DAGUA,MUNICIPIO,917.03825286,917.0382530491092,3.649859660059694,-76.72041835518161
76,76243,VALLE DEL CAUCA,EL ÁGUILA,MUNICIPIO,187.82409344,187.82409344850373,4.917559559770855,-76.06601145954899
76,76246,VALLE DEL CAUCA,EL CAIRO,MUNICIPIO,214.23701935,214.2370193587351,4.756060349548642,-76.2150338821761
76,76248,VALLE DEL CAUCA,EL CERRITO,MUNICIPIO,441.95851057,441.9585106028432,3.6759924497237493,-76.20919776581032
76,76250,VALLE DEL CAUCA,EL DOVIO,MUNICIPIO,236.23675598,236.2367559986393,4.539801861272937,-76.28739409140003
76,76275,VALLE DEL CAUCA,FLORIDA,MUNICIPIO,401.60796655,401.60796657056824,3.3041076262078044,-76.16478583367176
76,76306,VALLE DEL CAUCA,GINEBRA,MUNICIPIO,268.78350514,268.7835051525539,3.7441031759488936,-76.19083210854635
76,76318,VALLE DEL CAUCA,GUACARÍ,MUNICIPIO,162.52193118,162.5219311962069,3.7837790396646738,-76.29450277955601
76,76364,VALLE DEL CAUCA,JAMUNDÍ,MUNICIPIO,629.35683806,629.3568381711917,3.21387365956064,-76.62762526940891
76,76377,VALLE DEL CAUCA,LA CUMBRE,MUNICIPIO,255.51104607,255.5110461099077,3.694289548194343,-76.58991158184236
76,76400,VALLE DEL CAUCA,LA UNIÓN,MUNICIPIO,120.88518843,120.88518843211945,4.537936554475934,-76.10329383736182
76,76403,VALLE DEL CAUCA,LA VICTORIA,MUNICIPIO,264.69651508,264.69651508211376,4.483512280176382,-75.9667773120438
76,76497,VALLE DEL CAUCA,OBANDO,MUNICIPIO,214.67338111,214.67338111292352,4.59758954578377,-75.94920239970622
76,76520,VALLE DEL CAUCA,PALMIRA,MUNICIPIO,1005.31673518,1005.3167352532508,3.558395439582507,-76.22786086789984
76,76563,VALLE DEL CAUCA,PRADERA,MUNICIPIO,356.78156959,356.78156961119043,3.4206378216892173,-76.17843338925337
76,76606,VALLE DEL CAUCA,RESTREPO,MUNICIPIO,137.26966359,137.26966360796328,3.8062706008648965,-76.53464071955912
76,76616,VALLE DEL CAUCA,RIOFRÍO,MUNICIPIO,308.16605893,308.1660589632065,4.109496082512248,-76.37106671407757
76,76622,VALLE DEL CAUCA,ROLDANILLO,MUNICIPIO,234.97866975,234.97866976461663,4.443431619356755,-76.16809289974832
76,76670,VALLE DEL CAUCA,SAN PEDRO,MUNICIPIO,202.16022377,202.16022378511354,3.9814356939744466,-76.20836542925603
76,76736,VALLE DEL CAUCA,SEVILLA,MUNICIPIO,537.14458836,537.144587052179,4.193406629473164,-75.88817021922776
76,76823,VALLE DEL CAUCA,TORO,MUNICIPIO,175.77588792,175.77588792755844,4.638418387587828,-76.08106536996462
76,76828,VALLE DEL CAUCA,TRUJILLO,MUNICIPIO,307.72048822,307.72048825100336,4.233267083836224,-76.34293632206673
76,76834,VALLE DEL CAUCA,TULUÁ,MUNICIPIO,909.3956597,909.3956597365354,4.02842026106508,-76.03252941477852
76,76845,VALLE DEL CAUCA,ULLOA,MUNICIPIO,41.8585262,41.85852619586847,4.707720805108744,-75.77836223592027
76,76863,VALLE DEL CAUCA,VERSALLES,MUNICIPIO,200.62929946,200.6292994760505,4.622591318323962,-76.21789853368129
76,76869,VALLE DEL CAUCA,VIJES,MUNICIPIO,112.97110681,112.97110682665546,3.743367125690784,-76.47036022792534
76,76890,VALLE DEL CAUCA,YOTOCO,MUNICIPIO,327.77719146,327.77719149484676,3.904175404686488,-76.39080363006701
76,76892,VALLE DEL CAUCA,YUMBO,MUNICIPIO,230.67219602,230.67219605527876,3.595908339383021,-76.51099150919852
76,76895,VALLE DEL CAUCA,ZARZAL,MUNICIPIO,367.96563913,367.96564045858844,4.353596536387411,-76.05065812942796
81,81001,ARAUCA,ARAUCA,MUNICIPIO,5767.22611123,5767.226111177237,6.796317563450953,-70.50893340872061
81,81065,ARAUCA,ARAUQUITA,MUNICIPIO,3037.58298726,3037.582987168132,6.799314940929472,-71.29816285531975
81,81220,ARAUCA,CRAVO NORTE,MUNICIPIO,5192.41327615,5192.413276283014,6.346718128602409,-70.06951179272218
81,81300,ARAUCA,FORTUL,MUNICIPIO,1155.45461563,1155.4546155986664,6.705347046397955,-71.82945173381562
81,81591,ARAUCA,PUERTO RONDÓN,MUNICIPIO,2273.98869923,2273.988699170444,6.411773845045891,-70.96674362887784
81,81736,ARAUCA,SARAVENA,MUNICIPIO,942.58736174,942.5873617059898,6.90694325497105,-71.85071352364052
81,81794,ARAUCA,TAME,MUNICIPIO,5403.8756577,5403.875657525914,6.3907045111209095,-71.7917701273892
85,85001,CASANARE,YOPAL,MUNICIPIO,2476.88779273,2476.887792649931,5.242711687176837,-72.25798324143659
85,85010,CASANARE,AGUAZUL,MUNICIPIO,1439.26466927,1439.2646692284322,5.126110392129574,-72.54819734583249
85,85015,CASANARE,CHÁMEZA,MUNICIPIO,309.16338114,309.16338112656985,5.229233049743889,-72.86609177413565
85,85125,CASANARE,HATO COROZAL,MUNICIPIO,5492.26610939,5492.266109271642,6.109360712091067,-71.13607810732603
85,85136,CASANARE,LA SALINA,MUNICIPIO,199.41924572,199.41924571792902,6.178277031169593,-72.34693119120845
85,85139,CASANARE,MANÍ,MUNICIPIO,3745.28135972,3745.281359603681,4.675756848066584,-72.2127585326997
85,85162,CASANARE,MONTERREY,MUNICIPIO,777.57342521,777.5734251894825,4.841300234727731,-72.8473339499916
85,85225,CASANARE,NUNCHÍA,MUNICIPIO,1099.25602326,1099.2560232277083,5.529145282517365,-72.09244566703767
85,85230,CASANARE,OROCUÉ,MUNICIPIO,4739.84291333,4739.842913186559,4.9151689813303765,-71.59869312869107
85,85250,CASANARE,PAZ DE ARIPORO,MUNICIPIO,12074.52977282,12074.529772607224,5.7801497696765365,-70.86912360486103
85,85263,CASANARE,PORE,MUNICIPIO,779.3901543,779.3901542707226,5.6630421824707655,-71.92570917932835
85,85279,CASANARE,RECETOR,MUNICIPIO,180.845873,180.84587299402725,5.26306577320612,-72.77081875964744
85,85300,CASANARE,SABANALARGA,MUNICIPIO,400.1582052,400.1582051861579,4.81117938948374,-72.99580412132981
85,85315,CASANARE,SÁCAMA,MUNICIPIO,311.46707275,311.46707273689253,6.049909944327493,-72.21075720775613
85,85325,CASANARE,SAN LUIS DE PALENQUE,MUNICIPIO,2980.88994487,2980.889944775493,5.231864750390165,-71.59334517406248
85,85400,CASANARE,TÁMARA,MUNICIPIO,1088.53012252,1088.5301224804984,5.878926756072227,-72.2006785211125
85,85410,CASANARE,TAURAMENA,MUNICIPIO,2380.17421288,2380.174212801088,4.698114904152994,-72.62938891019488
85,85430,CASANARE,TRINIDAD,MUNICIPIO,2959.90883543,2959.9088353426023,5.36740539036373,-71.19374385186384
85,85440,CASANARE,VILLANUEVA,MUNICIPIO,832.16059717,832.1605971467122,4.52829550629305,-72.82312355383598
86,86001,PUTUMAYO,MOCOA,MUNICIPIO,1305.26361705,1305.263617312396,1.2285904884406995,-76.68437383072087
86,86219,PUTUMAYO,COLÓN,MUNICIPIO,64.31747923,64.31747925564913,1.22321667546096,-76.96673006518654
86,86320,PUTUMAYO,ORITO,MUNICIPIO,1940.59417359,1940.5941742228279,0.6737627012769284,-76.94319049541882
86,86568,PUTUMAYO,PUERTO ASÍS,MUNICIPIO,2819.84374964,2819.8437499243837,0.47860066451734185,-76.32834174429169
86,86569,PUTUMAYO,PUERTO CAICEDO,MUNICIPIO,926.84282756,926.8428276882933,0.7250732137350402,-76.48104220542352
86,86571,PUTUMAYO,PUERTO GUZMÁN,MUNICIPIO,4576.35166237,4576.351662492195,0.746498503197555,-75.88038560530663
86,86573,PUTUMAYO,PUERTO LEGUÍZAMO,MUNICIPIO,10900.42598581,10900.425985603111,0.05967718915960192,-75.06518046770672
86,86749,PUTUMAYO,SIBUNDOY,MUNICIPIO,97.79631883,97.7963188636205,1.2287456895730677,-76.91307609853158
86,86755,PUTUMAYO,SAN FRANCISCO,MUNICIPIO,407.59616234,407.59616244666114,1.1360709332785224,-76.8472732725851
86,86757,PUTUMAYO,SAN MIGUEL,MUNICIPIO,379.96831073,379.96831083697947,0.30587716870434667,-76.8577903410497
86,86760,PUTUMAYO,SANTIAGO,MUNICIPIO,342.16073335,342.1607334696983,1.085817116836642,-77.00563417267179
86,86865,PUTUMAYO,VALLE DEL GUAMUEZ,MUNICIPIO,815.66121418,815.6612144241639,0.41296359537378374,-76.88413919121406
86,86885,PUTUMAYO,VILLAGARZÓN,MUNICIPIO,1397.70273326,1397.7027335809244,0.9111548356199304,-76.74500971713029
88,88001,"ARCHIPIÉLAGO DE SAN ANDRÉS, PROVIDENCIA Y SANTA CATALINA",SAN ANDRÉS,ISLA,27.26527266,27.265273194169833,12.543181671080536,-81.7175937055128
88,88564,"ARCHIPIÉLAGO DE SAN ANDRÉS, PROVIDENCIA Y SANTA CATALINA",PROVIDENCIA,MUNICIPIO,22.32331173,22.323312011500928,13.353271032812021,-81.37390739960614
91,91001,AMAZONAS,LETICIA,MUNICIPIO,6158.33098233,6158.330982501229,-3.5299613604521807,-70.04510837472819
91,91263,AMAZONAS,EL ENCANTO,ÁREA NO MUNICIPALIZADA,10874.26468095,10874.264680589189,-1.9972500132442634,-72.723655808336
91,91405,AMAZONAS,LA CHORRERA,ÁREA NO MUNICIPALIZADA,12641.44908998,12641.449089565493,-1.2380945912539867,-72.76411768099753
91,91407,AMAZONAS,LA PEDRERA,ÁREA NO MUNICIPALIZADA,13614.79648727,13614.796487796302,-1.4271992124406105,-70.03817306315788
91,91430,AMAZONAS,LA VICTORIA,ÁREA NO MUNICIPALIZADA,1428.20281483,1428.2028147862727,-0.12503004898756281,-71.10485810078595
91,91460,AMAZONAS,MIRITÍ - PARANÁ,ÁREA NO MUNICIPALIZADA,16814.37349933,16814.373498879027,-0.6871332512608299,-71.18531991410387
91,91530,AMAZONAS,PUERTO ALEGRÍA,ÁREA NO MUNICIPALIZADA,8481.82446212,8481.82446183811,-0.9520949312408775,-73.75731495362062
91,91536,AMAZONAS,PUERTO ARICA,ÁREA NO MUNICIPALIZADA,13806.07573053,13806.075730164102,-1.9102339919807945,-71.15177125189588
91,91540,AMAZONAS,PUERTO NARIÑO,MUNICIPIO,1503.74996488,1503.749964861742,-3.6312904541233464,-70.47197240509385
91,91669,AMAZONAS,PUERTO SANTANDER,ÁREA NO MUNICIPALIZADA,14691.98551601,14691.985515532795,-1.1011346198401442,-71.93881388993908
91,91798,AMAZONAS,TARAPACÁ,ÁREA NO MUNICIPALIZADA,9159.77532069,9159.77532103238,-2.451760067839584,-70.00643775827213
94,94001,GUAINÍA,INÍRIDA,MUNICIPIO,15891.23252904,15891.232543271268,3.3198908046521014,-68.45682727884223
94,94343,GUAINÍA,BARRANCOMINAS,MUNICIPIO,14342.99540854,14342.995410394347,3.1407014287972,-69.697162580788
94,94883,GUAINÍA,SAN FELIPE,ÁREA NO MUNICIPALIZADA,2909.7089526,2909.708961944314,2.1557500958490072,-67.33975252919046
94,94884,GUAINÍA,PUERTO COLOMBIA,ÁREA NO MUNICIPALIZADA,15620.4227989,15620.422817932083,2.5076049926398483,-68.20849757286896
94,94885,GUAINÍA,LA GUADALUPE,ÁREA NO MUNICIPALIZADA,1171.89173176,1171.89173715959,1.4045263487295758,-67.00151330500921
94,94886,GUAINÍA,CACAHUAL,ÁREA NO MUNICIPALIZADA,2322.43228063,2322.432286064606,3.3861786969629732,-67.58504240287289
94,94887,GUAINÍA,PANA PANA,ÁREA NO MUNICIPALIZADA,10180.94665364,10180.94665728839,1.9811150097077739,-69.11376905561443
94,94888,GUAINÍA,MORICHAL,ÁREA NO MUNICIPALIZADA,8513.7919055,8513.791906111042,2.4214480074476215,-69.83919453067483
95,95001,GUAVIARE,SAN JOSÉ DEL GUAVIARE,MUNICIPIO,16712.39397507,16712.39397455104,2.484752083059728,-71.91762715057011
95,95015,GUAVIARE,CALAMAR,MUNICIPIO,13510.32024683,13510.32024638219,1.6132841647650917,-73.03334917217198
95,95025,GUAVIARE,EL RETORNO,MUNICIPIO,12405.90549982,12405.905499488994,2.086258150077998,-71.53589877722455
95,95200,GUAVIARE,MIRAFLORES,MUNICIPIO,12774.74386678,12774.743866362813,1.3639688877192027,-72.01807305444585
97,97001,VAUPÉS,MITÚ,MUNICIPIO,16156.41901943,16156.41901942596,1.015597236425282,-70.41744715921308
97,97161,VAUPÉS,CARURÚ,MUNICIPIO,6349.03726449,6349.037264299395,1.0527488352551115,-71.33091588351904
97,97511,VAUPÉS,PACOA,ÁREA NO MUNICIPALIZADA,13946.84218491,13946.842184641442,0.19456909429317046,-70.93607379481038
97,97666,VAUPÉS,TARAIRA,MUNICIPIO,6484.23610285,6484.236103198605,-0.7198727801754222,-69.9076865739687
97,97777,VAUPÉS,PAPUNAHUA,ÁREA NO MUNICIPALIZADA,5531.90876233,5531.908762242747,1.681701627394411,-70.70603170892129
97,97889,VAUPÉS,YAVARATÉ,ÁREA NO MUNICIPALIZADA,4640.89460877,4640.8946093132045,0.8333353963918798,-69.61851559052853
99,99001,VICHADA,PUERTO CARREÑO,MUNICIPIO,12142.32335203,12142.323366018352,5.836608206498997,-68.14080860777062
99,99524,VICHADA,LA PRIMAVERA,MUNICIPIO,18492.10724139,18492.10724364091,5.517831082515305,-69.62020509007846
99,99624,VICHADA,SANTA ROSALÍA,MUNICIPIO,3679.00502084,3679.0050207748905,4.968580890193841,-70.65989332610549
99,99773,VICHADA,CUMARIBO,MUNICIPIO,65319.28513659,65319.28515794891,4.2636435606332235,-69.51992782167522
